Started process (PID=79587) to work on /home/airflow/.local/lib/python3.12/site-packages/airflow/example_dags/example_sensors.py
Processing file /home/airflow/.local/lib/python3.12/site-packages/airflow/example_dags/example_sensors.py for tasks to queue
Filling up the DagBag from /home/airflow/.local/lib/python3.12/site-packages/airflow/example_dags/example_sensors.py
DAG(s) 'example_sensors' retrieved from /home/airflow/.local/lib/python3.12/site-packages/airflow/example_dags/example_sensors.py
Sync 1 DAGs
Setting next_dagrun for example_sensors to None, run_after=None
Processing /home/airflow/.local/lib/python3.12/site-packages/airflow/example_dags/example_sensors.py took 0.050 seconds
Started process (PID=79671) to work on /home/airflow/.local/lib/python3.12/site-packages/airflow/example_dags/example_sensors.py
Processing file /home/airflow/.local/lib/python3.12/site-packages/airflow/example_dags/example_sensors.py for tasks to queue
Filling up the DagBag from /home/airflow/.local/lib/python3.12/site-packages/airflow/example_dags/example_sensors.py
DAG(s) 'example_sensors' retrieved from /home/airflow/.local/lib/python3.12/site-packages/airflow/example_dags/example_sensors.py
Sync 1 DAGs
Setting next_dagrun for example_sensors to None, run_after=None
Processing /home/airflow/.local/lib/python3.12/site-packages/airflow/example_dags/example_sensors.py took 0.048 seconds
Started process (PID=79748) to work on /home/airflow/.local/lib/python3.12/site-packages/airflow/example_dags/example_sensors.py
Processing file /home/airflow/.local/lib/python3.12/site-packages/airflow/example_dags/example_sensors.py for tasks to queue
Filling up the DagBag from /home/airflow/.local/lib/python3.12/site-packages/airflow/example_dags/example_sensors.py
DAG(s) 'example_sensors' retrieved from /home/airflow/.local/lib/python3.12/site-packages/airflow/example_dags/example_sensors.py
Sync 1 DAGs
Setting next_dagrun for example_sensors to None, run_after=None
Processing /home/airflow/.local/lib/python3.12/site-packages/airflow/example_dags/example_sensors.py took 0.046 seconds
Started process (PID=79833) to work on /home/airflow/.local/lib/python3.12/site-packages/airflow/example_dags/example_sensors.py
Processing file /home/airflow/.local/lib/python3.12/site-packages/airflow/example_dags/example_sensors.py for tasks to queue
Filling up the DagBag from /home/airflow/.local/lib/python3.12/site-packages/airflow/example_dags/example_sensors.py
DAG(s) 'example_sensors' retrieved from /home/airflow/.local/lib/python3.12/site-packages/airflow/example_dags/example_sensors.py
Sync 1 DAGs
Setting next_dagrun for example_sensors to None, run_after=None
Processing /home/airflow/.local/lib/python3.12/site-packages/airflow/example_dags/example_sensors.py took 0.051 seconds
Started process (PID=79910) to work on /home/airflow/.local/lib/python3.12/site-packages/airflow/example_dags/example_sensors.py
Processing file /home/airflow/.local/lib/python3.12/site-packages/airflow/example_dags/example_sensors.py for tasks to queue
Filling up the DagBag from /home/airflow/.local/lib/python3.12/site-packages/airflow/example_dags/example_sensors.py
DAG(s) 'example_sensors' retrieved from /home/airflow/.local/lib/python3.12/site-packages/airflow/example_dags/example_sensors.py
Sync 1 DAGs
Setting next_dagrun for example_sensors to None, run_after=None
Processing /home/airflow/.local/lib/python3.12/site-packages/airflow/example_dags/example_sensors.py took 0.046 seconds
Started process (PID=79994) to work on /home/airflow/.local/lib/python3.12/site-packages/airflow/example_dags/example_sensors.py
Processing file /home/airflow/.local/lib/python3.12/site-packages/airflow/example_dags/example_sensors.py for tasks to queue
Filling up the DagBag from /home/airflow/.local/lib/python3.12/site-packages/airflow/example_dags/example_sensors.py
DAG(s) 'example_sensors' retrieved from /home/airflow/.local/lib/python3.12/site-packages/airflow/example_dags/example_sensors.py
Sync 1 DAGs
Setting next_dagrun for example_sensors to None, run_after=None
Processing /home/airflow/.local/lib/python3.12/site-packages/airflow/example_dags/example_sensors.py took 0.049 seconds
Started process (PID=80071) to work on /home/airflow/.local/lib/python3.12/site-packages/airflow/example_dags/example_sensors.py
Processing file /home/airflow/.local/lib/python3.12/site-packages/airflow/example_dags/example_sensors.py for tasks to queue
Filling up the DagBag from /home/airflow/.local/lib/python3.12/site-packages/airflow/example_dags/example_sensors.py
DAG(s) 'example_sensors' retrieved from /home/airflow/.local/lib/python3.12/site-packages/airflow/example_dags/example_sensors.py
Sync 1 DAGs
Setting next_dagrun for example_sensors to None, run_after=None
Processing /home/airflow/.local/lib/python3.12/site-packages/airflow/example_dags/example_sensors.py took 0.053 seconds
Started process (PID=80155) to work on /home/airflow/.local/lib/python3.12/site-packages/airflow/example_dags/example_sensors.py
Processing file /home/airflow/.local/lib/python3.12/site-packages/airflow/example_dags/example_sensors.py for tasks to queue
Filling up the DagBag from /home/airflow/.local/lib/python3.12/site-packages/airflow/example_dags/example_sensors.py
DAG(s) 'example_sensors' retrieved from /home/airflow/.local/lib/python3.12/site-packages/airflow/example_dags/example_sensors.py
Sync 1 DAGs
Setting next_dagrun for example_sensors to None, run_after=None
Processing /home/airflow/.local/lib/python3.12/site-packages/airflow/example_dags/example_sensors.py took 0.051 seconds
Started process (PID=80232) to work on /home/airflow/.local/lib/python3.12/site-packages/airflow/example_dags/example_sensors.py
Processing file /home/airflow/.local/lib/python3.12/site-packages/airflow/example_dags/example_sensors.py for tasks to queue
Filling up the DagBag from /home/airflow/.local/lib/python3.12/site-packages/airflow/example_dags/example_sensors.py
DAG(s) 'example_sensors' retrieved from /home/airflow/.local/lib/python3.12/site-packages/airflow/example_dags/example_sensors.py
Sync 1 DAGs
Setting next_dagrun for example_sensors to None, run_after=None
Processing /home/airflow/.local/lib/python3.12/site-packages/airflow/example_dags/example_sensors.py took 0.047 seconds
Started process (PID=80316) to work on /home/airflow/.local/lib/python3.12/site-packages/airflow/example_dags/example_sensors.py
Processing file /home/airflow/.local/lib/python3.12/site-packages/airflow/example_dags/example_sensors.py for tasks to queue
Filling up the DagBag from /home/airflow/.local/lib/python3.12/site-packages/airflow/example_dags/example_sensors.py
DAG(s) 'example_sensors' retrieved from /home/airflow/.local/lib/python3.12/site-packages/airflow/example_dags/example_sensors.py
Sync 1 DAGs
Setting next_dagrun for example_sensors to None, run_after=None
Processing /home/airflow/.local/lib/python3.12/site-packages/airflow/example_dags/example_sensors.py took 0.046 seconds
Started process (PID=80393) to work on /home/airflow/.local/lib/python3.12/site-packages/airflow/example_dags/example_sensors.py
Processing file /home/airflow/.local/lib/python3.12/site-packages/airflow/example_dags/example_sensors.py for tasks to queue
Filling up the DagBag from /home/airflow/.local/lib/python3.12/site-packages/airflow/example_dags/example_sensors.py
DAG(s) 'example_sensors' retrieved from /home/airflow/.local/lib/python3.12/site-packages/airflow/example_dags/example_sensors.py
Sync 1 DAGs
Setting next_dagrun for example_sensors to None, run_after=None
Processing /home/airflow/.local/lib/python3.12/site-packages/airflow/example_dags/example_sensors.py took 0.046 seconds
Started process (PID=80477) to work on /home/airflow/.local/lib/python3.12/site-packages/airflow/example_dags/example_sensors.py
Processing file /home/airflow/.local/lib/python3.12/site-packages/airflow/example_dags/example_sensors.py for tasks to queue
Filling up the DagBag from /home/airflow/.local/lib/python3.12/site-packages/airflow/example_dags/example_sensors.py
DAG(s) 'example_sensors' retrieved from /home/airflow/.local/lib/python3.12/site-packages/airflow/example_dags/example_sensors.py
Sync 1 DAGs
Setting next_dagrun for example_sensors to None, run_after=None
Processing /home/airflow/.local/lib/python3.12/site-packages/airflow/example_dags/example_sensors.py took 0.052 seconds
Started process (PID=80554) to work on /home/airflow/.local/lib/python3.12/site-packages/airflow/example_dags/example_sensors.py
Processing file /home/airflow/.local/lib/python3.12/site-packages/airflow/example_dags/example_sensors.py for tasks to queue
Filling up the DagBag from /home/airflow/.local/lib/python3.12/site-packages/airflow/example_dags/example_sensors.py
DAG(s) 'example_sensors' retrieved from /home/airflow/.local/lib/python3.12/site-packages/airflow/example_dags/example_sensors.py
Sync 1 DAGs
Setting next_dagrun for example_sensors to None, run_after=None
Processing /home/airflow/.local/lib/python3.12/site-packages/airflow/example_dags/example_sensors.py took 0.049 seconds
Started process (PID=80638) to work on /home/airflow/.local/lib/python3.12/site-packages/airflow/example_dags/example_sensors.py
Processing file /home/airflow/.local/lib/python3.12/site-packages/airflow/example_dags/example_sensors.py for tasks to queue
Filling up the DagBag from /home/airflow/.local/lib/python3.12/site-packages/airflow/example_dags/example_sensors.py
DAG(s) 'example_sensors' retrieved from /home/airflow/.local/lib/python3.12/site-packages/airflow/example_dags/example_sensors.py
Sync 1 DAGs
Setting next_dagrun for example_sensors to None, run_after=None
Processing /home/airflow/.local/lib/python3.12/site-packages/airflow/example_dags/example_sensors.py took 0.054 seconds
Started process (PID=80715) to work on /home/airflow/.local/lib/python3.12/site-packages/airflow/example_dags/example_sensors.py
Processing file /home/airflow/.local/lib/python3.12/site-packages/airflow/example_dags/example_sensors.py for tasks to queue
Filling up the DagBag from /home/airflow/.local/lib/python3.12/site-packages/airflow/example_dags/example_sensors.py
DAG(s) 'example_sensors' retrieved from /home/airflow/.local/lib/python3.12/site-packages/airflow/example_dags/example_sensors.py
Sync 1 DAGs
Setting next_dagrun for example_sensors to None, run_after=None
Processing /home/airflow/.local/lib/python3.12/site-packages/airflow/example_dags/example_sensors.py took 0.046 seconds
Started process (PID=80799) to work on /home/airflow/.local/lib/python3.12/site-packages/airflow/example_dags/example_sensors.py
Processing file /home/airflow/.local/lib/python3.12/site-packages/airflow/example_dags/example_sensors.py for tasks to queue
Filling up the DagBag from /home/airflow/.local/lib/python3.12/site-packages/airflow/example_dags/example_sensors.py
DAG(s) 'example_sensors' retrieved from /home/airflow/.local/lib/python3.12/site-packages/airflow/example_dags/example_sensors.py
Sync 1 DAGs
Setting next_dagrun for example_sensors to None, run_after=None
Processing /home/airflow/.local/lib/python3.12/site-packages/airflow/example_dags/example_sensors.py took 0.047 seconds
Started process (PID=80877) to work on /home/airflow/.local/lib/python3.12/site-packages/airflow/example_dags/example_sensors.py
Processing file /home/airflow/.local/lib/python3.12/site-packages/airflow/example_dags/example_sensors.py for tasks to queue
Filling up the DagBag from /home/airflow/.local/lib/python3.12/site-packages/airflow/example_dags/example_sensors.py
DAG(s) 'example_sensors' retrieved from /home/airflow/.local/lib/python3.12/site-packages/airflow/example_dags/example_sensors.py
Sync 1 DAGs
Setting next_dagrun for example_sensors to None, run_after=None
Processing /home/airflow/.local/lib/python3.12/site-packages/airflow/example_dags/example_sensors.py took 0.056 seconds
Started process (PID=80960) to work on /home/airflow/.local/lib/python3.12/site-packages/airflow/example_dags/example_sensors.py
Processing file /home/airflow/.local/lib/python3.12/site-packages/airflow/example_dags/example_sensors.py for tasks to queue
Filling up the DagBag from /home/airflow/.local/lib/python3.12/site-packages/airflow/example_dags/example_sensors.py
DAG(s) 'example_sensors' retrieved from /home/airflow/.local/lib/python3.12/site-packages/airflow/example_dags/example_sensors.py
Sync 1 DAGs
Setting next_dagrun for example_sensors to None, run_after=None
Processing /home/airflow/.local/lib/python3.12/site-packages/airflow/example_dags/example_sensors.py took 0.048 seconds
Started process (PID=81045) to work on /home/airflow/.local/lib/python3.12/site-packages/airflow/example_dags/example_sensors.py
Processing file /home/airflow/.local/lib/python3.12/site-packages/airflow/example_dags/example_sensors.py for tasks to queue
Filling up the DagBag from /home/airflow/.local/lib/python3.12/site-packages/airflow/example_dags/example_sensors.py
DAG(s) 'example_sensors' retrieved from /home/airflow/.local/lib/python3.12/site-packages/airflow/example_dags/example_sensors.py
Sync 1 DAGs
Setting next_dagrun for example_sensors to None, run_after=None
Processing /home/airflow/.local/lib/python3.12/site-packages/airflow/example_dags/example_sensors.py took 0.049 seconds
Started process (PID=81123) to work on /home/airflow/.local/lib/python3.12/site-packages/airflow/example_dags/example_sensors.py
Processing file /home/airflow/.local/lib/python3.12/site-packages/airflow/example_dags/example_sensors.py for tasks to queue
Filling up the DagBag from /home/airflow/.local/lib/python3.12/site-packages/airflow/example_dags/example_sensors.py
DAG(s) 'example_sensors' retrieved from /home/airflow/.local/lib/python3.12/site-packages/airflow/example_dags/example_sensors.py
Sync 1 DAGs
Setting next_dagrun for example_sensors to None, run_after=None
Processing /home/airflow/.local/lib/python3.12/site-packages/airflow/example_dags/example_sensors.py took 0.047 seconds
Started process (PID=81207) to work on /home/airflow/.local/lib/python3.12/site-packages/airflow/example_dags/example_sensors.py
Processing file /home/airflow/.local/lib/python3.12/site-packages/airflow/example_dags/example_sensors.py for tasks to queue
Filling up the DagBag from /home/airflow/.local/lib/python3.12/site-packages/airflow/example_dags/example_sensors.py
DAG(s) 'example_sensors' retrieved from /home/airflow/.local/lib/python3.12/site-packages/airflow/example_dags/example_sensors.py
Sync 1 DAGs
Setting next_dagrun for example_sensors to None, run_after=None
Processing /home/airflow/.local/lib/python3.12/site-packages/airflow/example_dags/example_sensors.py took 0.048 seconds
Started process (PID=81284) to work on /home/airflow/.local/lib/python3.12/site-packages/airflow/example_dags/example_sensors.py
Processing file /home/airflow/.local/lib/python3.12/site-packages/airflow/example_dags/example_sensors.py for tasks to queue
Filling up the DagBag from /home/airflow/.local/lib/python3.12/site-packages/airflow/example_dags/example_sensors.py
DAG(s) 'example_sensors' retrieved from /home/airflow/.local/lib/python3.12/site-packages/airflow/example_dags/example_sensors.py
Sync 1 DAGs
Setting next_dagrun for example_sensors to None, run_after=None
Processing /home/airflow/.local/lib/python3.12/site-packages/airflow/example_dags/example_sensors.py took 0.057 seconds
Started process (PID=81361) to work on /home/airflow/.local/lib/python3.12/site-packages/airflow/example_dags/example_sensors.py
Processing file /home/airflow/.local/lib/python3.12/site-packages/airflow/example_dags/example_sensors.py for tasks to queue
Filling up the DagBag from /home/airflow/.local/lib/python3.12/site-packages/airflow/example_dags/example_sensors.py
DAG(s) 'example_sensors' retrieved from /home/airflow/.local/lib/python3.12/site-packages/airflow/example_dags/example_sensors.py
Sync 1 DAGs
Setting next_dagrun for example_sensors to None, run_after=None
Processing /home/airflow/.local/lib/python3.12/site-packages/airflow/example_dags/example_sensors.py took 0.046 seconds
Started process (PID=81445) to work on /home/airflow/.local/lib/python3.12/site-packages/airflow/example_dags/example_sensors.py
Processing file /home/airflow/.local/lib/python3.12/site-packages/airflow/example_dags/example_sensors.py for tasks to queue
Filling up the DagBag from /home/airflow/.local/lib/python3.12/site-packages/airflow/example_dags/example_sensors.py
DAG(s) 'example_sensors' retrieved from /home/airflow/.local/lib/python3.12/site-packages/airflow/example_dags/example_sensors.py
Sync 1 DAGs
Setting next_dagrun for example_sensors to None, run_after=None
Processing /home/airflow/.local/lib/python3.12/site-packages/airflow/example_dags/example_sensors.py took 0.051 seconds
Started process (PID=81522) to work on /home/airflow/.local/lib/python3.12/site-packages/airflow/example_dags/example_sensors.py
Processing file /home/airflow/.local/lib/python3.12/site-packages/airflow/example_dags/example_sensors.py for tasks to queue
Filling up the DagBag from /home/airflow/.local/lib/python3.12/site-packages/airflow/example_dags/example_sensors.py
DAG(s) 'example_sensors' retrieved from /home/airflow/.local/lib/python3.12/site-packages/airflow/example_dags/example_sensors.py
Sync 1 DAGs
Setting next_dagrun for example_sensors to None, run_after=None
Processing /home/airflow/.local/lib/python3.12/site-packages/airflow/example_dags/example_sensors.py took 0.150 seconds
Started process (PID=81608) to work on /home/airflow/.local/lib/python3.12/site-packages/airflow/example_dags/example_sensors.py
Processing file /home/airflow/.local/lib/python3.12/site-packages/airflow/example_dags/example_sensors.py for tasks to queue
Filling up the DagBag from /home/airflow/.local/lib/python3.12/site-packages/airflow/example_dags/example_sensors.py
DAG(s) 'example_sensors' retrieved from /home/airflow/.local/lib/python3.12/site-packages/airflow/example_dags/example_sensors.py
Sync 1 DAGs
Setting next_dagrun for example_sensors to None, run_after=None
Processing /home/airflow/.local/lib/python3.12/site-packages/airflow/example_dags/example_sensors.py took 0.056 seconds
Started process (PID=81698) to work on /home/airflow/.local/lib/python3.12/site-packages/airflow/example_dags/example_sensors.py
Processing file /home/airflow/.local/lib/python3.12/site-packages/airflow/example_dags/example_sensors.py for tasks to queue
Filling up the DagBag from /home/airflow/.local/lib/python3.12/site-packages/airflow/example_dags/example_sensors.py
DAG(s) 'example_sensors' retrieved from /home/airflow/.local/lib/python3.12/site-packages/airflow/example_dags/example_sensors.py
Sync 1 DAGs
Setting next_dagrun for example_sensors to None, run_after=None
Processing /home/airflow/.local/lib/python3.12/site-packages/airflow/example_dags/example_sensors.py took 0.047 seconds
Started process (PID=81776) to work on /home/airflow/.local/lib/python3.12/site-packages/airflow/example_dags/example_sensors.py
Processing file /home/airflow/.local/lib/python3.12/site-packages/airflow/example_dags/example_sensors.py for tasks to queue
Filling up the DagBag from /home/airflow/.local/lib/python3.12/site-packages/airflow/example_dags/example_sensors.py
DAG(s) 'example_sensors' retrieved from /home/airflow/.local/lib/python3.12/site-packages/airflow/example_dags/example_sensors.py
Sync 1 DAGs
Setting next_dagrun for example_sensors to None, run_after=None
Processing /home/airflow/.local/lib/python3.12/site-packages/airflow/example_dags/example_sensors.py took 0.054 seconds
Started process (PID=81861) to work on /home/airflow/.local/lib/python3.12/site-packages/airflow/example_dags/example_sensors.py
Processing file /home/airflow/.local/lib/python3.12/site-packages/airflow/example_dags/example_sensors.py for tasks to queue
Filling up the DagBag from /home/airflow/.local/lib/python3.12/site-packages/airflow/example_dags/example_sensors.py
DAG(s) 'example_sensors' retrieved from /home/airflow/.local/lib/python3.12/site-packages/airflow/example_dags/example_sensors.py
Sync 1 DAGs
Setting next_dagrun for example_sensors to None, run_after=None
Processing /home/airflow/.local/lib/python3.12/site-packages/airflow/example_dags/example_sensors.py took 0.064 seconds
Started process (PID=81951) to work on /home/airflow/.local/lib/python3.12/site-packages/airflow/example_dags/example_sensors.py
Processing file /home/airflow/.local/lib/python3.12/site-packages/airflow/example_dags/example_sensors.py for tasks to queue
Filling up the DagBag from /home/airflow/.local/lib/python3.12/site-packages/airflow/example_dags/example_sensors.py
DAG(s) 'example_sensors' retrieved from /home/airflow/.local/lib/python3.12/site-packages/airflow/example_dags/example_sensors.py
Sync 1 DAGs
Setting next_dagrun for example_sensors to None, run_after=None
Processing /home/airflow/.local/lib/python3.12/site-packages/airflow/example_dags/example_sensors.py took 0.049 seconds
Started process (PID=82028) to work on /home/airflow/.local/lib/python3.12/site-packages/airflow/example_dags/example_sensors.py
Processing file /home/airflow/.local/lib/python3.12/site-packages/airflow/example_dags/example_sensors.py for tasks to queue
Filling up the DagBag from /home/airflow/.local/lib/python3.12/site-packages/airflow/example_dags/example_sensors.py
DAG(s) 'example_sensors' retrieved from /home/airflow/.local/lib/python3.12/site-packages/airflow/example_dags/example_sensors.py
Sync 1 DAGs
Setting next_dagrun for example_sensors to None, run_after=None
Processing /home/airflow/.local/lib/python3.12/site-packages/airflow/example_dags/example_sensors.py took 0.050 seconds
Started process (PID=82118) to work on /home/airflow/.local/lib/python3.12/site-packages/airflow/example_dags/example_sensors.py
Processing file /home/airflow/.local/lib/python3.12/site-packages/airflow/example_dags/example_sensors.py for tasks to queue
Filling up the DagBag from /home/airflow/.local/lib/python3.12/site-packages/airflow/example_dags/example_sensors.py
DAG(s) 'example_sensors' retrieved from /home/airflow/.local/lib/python3.12/site-packages/airflow/example_dags/example_sensors.py
Sync 1 DAGs
Setting next_dagrun for example_sensors to None, run_after=None
Processing /home/airflow/.local/lib/python3.12/site-packages/airflow/example_dags/example_sensors.py took 0.048 seconds
Started process (PID=82195) to work on /home/airflow/.local/lib/python3.12/site-packages/airflow/example_dags/example_sensors.py
Processing file /home/airflow/.local/lib/python3.12/site-packages/airflow/example_dags/example_sensors.py for tasks to queue
Filling up the DagBag from /home/airflow/.local/lib/python3.12/site-packages/airflow/example_dags/example_sensors.py
DAG(s) 'example_sensors' retrieved from /home/airflow/.local/lib/python3.12/site-packages/airflow/example_dags/example_sensors.py
Sync 1 DAGs
Setting next_dagrun for example_sensors to None, run_after=None
Processing /home/airflow/.local/lib/python3.12/site-packages/airflow/example_dags/example_sensors.py took 0.047 seconds
Started process (PID=82279) to work on /home/airflow/.local/lib/python3.12/site-packages/airflow/example_dags/example_sensors.py
Processing file /home/airflow/.local/lib/python3.12/site-packages/airflow/example_dags/example_sensors.py for tasks to queue
Filling up the DagBag from /home/airflow/.local/lib/python3.12/site-packages/airflow/example_dags/example_sensors.py
DAG(s) 'example_sensors' retrieved from /home/airflow/.local/lib/python3.12/site-packages/airflow/example_dags/example_sensors.py
Sync 1 DAGs
Setting next_dagrun for example_sensors to None, run_after=None
Processing /home/airflow/.local/lib/python3.12/site-packages/airflow/example_dags/example_sensors.py took 0.047 seconds
Started process (PID=82356) to work on /home/airflow/.local/lib/python3.12/site-packages/airflow/example_dags/example_sensors.py
Processing file /home/airflow/.local/lib/python3.12/site-packages/airflow/example_dags/example_sensors.py for tasks to queue
Filling up the DagBag from /home/airflow/.local/lib/python3.12/site-packages/airflow/example_dags/example_sensors.py
DAG(s) 'example_sensors' retrieved from /home/airflow/.local/lib/python3.12/site-packages/airflow/example_dags/example_sensors.py
Sync 1 DAGs
Setting next_dagrun for example_sensors to None, run_after=None
Processing /home/airflow/.local/lib/python3.12/site-packages/airflow/example_dags/example_sensors.py took 0.047 seconds
Started process (PID=82440) to work on /home/airflow/.local/lib/python3.12/site-packages/airflow/example_dags/example_sensors.py
Processing file /home/airflow/.local/lib/python3.12/site-packages/airflow/example_dags/example_sensors.py for tasks to queue
Filling up the DagBag from /home/airflow/.local/lib/python3.12/site-packages/airflow/example_dags/example_sensors.py
DAG(s) 'example_sensors' retrieved from /home/airflow/.local/lib/python3.12/site-packages/airflow/example_dags/example_sensors.py
Sync 1 DAGs
Setting next_dagrun for example_sensors to None, run_after=None
Processing /home/airflow/.local/lib/python3.12/site-packages/airflow/example_dags/example_sensors.py took 0.048 seconds
Started process (PID=82524) to work on /home/airflow/.local/lib/python3.12/site-packages/airflow/example_dags/example_sensors.py
Processing file /home/airflow/.local/lib/python3.12/site-packages/airflow/example_dags/example_sensors.py for tasks to queue
Filling up the DagBag from /home/airflow/.local/lib/python3.12/site-packages/airflow/example_dags/example_sensors.py
DAG(s) 'example_sensors' retrieved from /home/airflow/.local/lib/python3.12/site-packages/airflow/example_dags/example_sensors.py
Sync 1 DAGs
Setting next_dagrun for example_sensors to None, run_after=None
Processing /home/airflow/.local/lib/python3.12/site-packages/airflow/example_dags/example_sensors.py took 0.052 seconds
Started process (PID=82601) to work on /home/airflow/.local/lib/python3.12/site-packages/airflow/example_dags/example_sensors.py
Processing file /home/airflow/.local/lib/python3.12/site-packages/airflow/example_dags/example_sensors.py for tasks to queue
Filling up the DagBag from /home/airflow/.local/lib/python3.12/site-packages/airflow/example_dags/example_sensors.py
DAG(s) 'example_sensors' retrieved from /home/airflow/.local/lib/python3.12/site-packages/airflow/example_dags/example_sensors.py
Sync 1 DAGs
Setting next_dagrun for example_sensors to None, run_after=None
Processing /home/airflow/.local/lib/python3.12/site-packages/airflow/example_dags/example_sensors.py took 0.047 seconds
Started process (PID=82684) to work on /home/airflow/.local/lib/python3.12/site-packages/airflow/example_dags/example_sensors.py
Processing file /home/airflow/.local/lib/python3.12/site-packages/airflow/example_dags/example_sensors.py for tasks to queue
Filling up the DagBag from /home/airflow/.local/lib/python3.12/site-packages/airflow/example_dags/example_sensors.py
DAG(s) 'example_sensors' retrieved from /home/airflow/.local/lib/python3.12/site-packages/airflow/example_dags/example_sensors.py
Sync 1 DAGs
Setting next_dagrun for example_sensors to None, run_after=None
Processing /home/airflow/.local/lib/python3.12/site-packages/airflow/example_dags/example_sensors.py took 0.049 seconds
Started process (PID=82761) to work on /home/airflow/.local/lib/python3.12/site-packages/airflow/example_dags/example_sensors.py
Processing file /home/airflow/.local/lib/python3.12/site-packages/airflow/example_dags/example_sensors.py for tasks to queue
Filling up the DagBag from /home/airflow/.local/lib/python3.12/site-packages/airflow/example_dags/example_sensors.py
DAG(s) 'example_sensors' retrieved from /home/airflow/.local/lib/python3.12/site-packages/airflow/example_dags/example_sensors.py
Sync 1 DAGs
Setting next_dagrun for example_sensors to None, run_after=None
Processing /home/airflow/.local/lib/python3.12/site-packages/airflow/example_dags/example_sensors.py took 0.048 seconds
Started process (PID=82838) to work on /home/airflow/.local/lib/python3.12/site-packages/airflow/example_dags/example_sensors.py
Processing file /home/airflow/.local/lib/python3.12/site-packages/airflow/example_dags/example_sensors.py for tasks to queue
Filling up the DagBag from /home/airflow/.local/lib/python3.12/site-packages/airflow/example_dags/example_sensors.py
DAG(s) 'example_sensors' retrieved from /home/airflow/.local/lib/python3.12/site-packages/airflow/example_dags/example_sensors.py
Sync 1 DAGs
Setting next_dagrun for example_sensors to None, run_after=None
Processing /home/airflow/.local/lib/python3.12/site-packages/airflow/example_dags/example_sensors.py took 0.046 seconds
Started process (PID=82922) to work on /home/airflow/.local/lib/python3.12/site-packages/airflow/example_dags/example_sensors.py
Processing file /home/airflow/.local/lib/python3.12/site-packages/airflow/example_dags/example_sensors.py for tasks to queue
Filling up the DagBag from /home/airflow/.local/lib/python3.12/site-packages/airflow/example_dags/example_sensors.py
DAG(s) 'example_sensors' retrieved from /home/airflow/.local/lib/python3.12/site-packages/airflow/example_dags/example_sensors.py
Sync 1 DAGs
Setting next_dagrun for example_sensors to None, run_after=None
Processing /home/airflow/.local/lib/python3.12/site-packages/airflow/example_dags/example_sensors.py took 0.047 seconds
Started process (PID=83006) to work on /home/airflow/.local/lib/python3.12/site-packages/airflow/example_dags/example_sensors.py
Processing file /home/airflow/.local/lib/python3.12/site-packages/airflow/example_dags/example_sensors.py for tasks to queue
Filling up the DagBag from /home/airflow/.local/lib/python3.12/site-packages/airflow/example_dags/example_sensors.py
DAG(s) 'example_sensors' retrieved from /home/airflow/.local/lib/python3.12/site-packages/airflow/example_dags/example_sensors.py
Sync 1 DAGs
Setting next_dagrun for example_sensors to None, run_after=None
Processing /home/airflow/.local/lib/python3.12/site-packages/airflow/example_dags/example_sensors.py took 0.050 seconds
Started process (PID=83083) to work on /home/airflow/.local/lib/python3.12/site-packages/airflow/example_dags/example_sensors.py
Processing file /home/airflow/.local/lib/python3.12/site-packages/airflow/example_dags/example_sensors.py for tasks to queue
Filling up the DagBag from /home/airflow/.local/lib/python3.12/site-packages/airflow/example_dags/example_sensors.py
DAG(s) 'example_sensors' retrieved from /home/airflow/.local/lib/python3.12/site-packages/airflow/example_dags/example_sensors.py
Sync 1 DAGs
Setting next_dagrun for example_sensors to None, run_after=None
Processing /home/airflow/.local/lib/python3.12/site-packages/airflow/example_dags/example_sensors.py took 0.048 seconds
Started process (PID=83167) to work on /home/airflow/.local/lib/python3.12/site-packages/airflow/example_dags/example_sensors.py
Processing file /home/airflow/.local/lib/python3.12/site-packages/airflow/example_dags/example_sensors.py for tasks to queue
Filling up the DagBag from /home/airflow/.local/lib/python3.12/site-packages/airflow/example_dags/example_sensors.py
DAG(s) 'example_sensors' retrieved from /home/airflow/.local/lib/python3.12/site-packages/airflow/example_dags/example_sensors.py
Sync 1 DAGs
Setting next_dagrun for example_sensors to None, run_after=None
Processing /home/airflow/.local/lib/python3.12/site-packages/airflow/example_dags/example_sensors.py took 0.046 seconds
Started process (PID=83244) to work on /home/airflow/.local/lib/python3.12/site-packages/airflow/example_dags/example_sensors.py
Processing file /home/airflow/.local/lib/python3.12/site-packages/airflow/example_dags/example_sensors.py for tasks to queue
Filling up the DagBag from /home/airflow/.local/lib/python3.12/site-packages/airflow/example_dags/example_sensors.py
DAG(s) 'example_sensors' retrieved from /home/airflow/.local/lib/python3.12/site-packages/airflow/example_dags/example_sensors.py
Sync 1 DAGs
Setting next_dagrun for example_sensors to None, run_after=None
Processing /home/airflow/.local/lib/python3.12/site-packages/airflow/example_dags/example_sensors.py took 0.045 seconds
Started process (PID=83328) to work on /home/airflow/.local/lib/python3.12/site-packages/airflow/example_dags/example_sensors.py
Processing file /home/airflow/.local/lib/python3.12/site-packages/airflow/example_dags/example_sensors.py for tasks to queue
Filling up the DagBag from /home/airflow/.local/lib/python3.12/site-packages/airflow/example_dags/example_sensors.py
DAG(s) 'example_sensors' retrieved from /home/airflow/.local/lib/python3.12/site-packages/airflow/example_dags/example_sensors.py
Sync 1 DAGs
Setting next_dagrun for example_sensors to None, run_after=None
Processing /home/airflow/.local/lib/python3.12/site-packages/airflow/example_dags/example_sensors.py took 0.048 seconds
Started process (PID=83405) to work on /home/airflow/.local/lib/python3.12/site-packages/airflow/example_dags/example_sensors.py
Processing file /home/airflow/.local/lib/python3.12/site-packages/airflow/example_dags/example_sensors.py for tasks to queue
Filling up the DagBag from /home/airflow/.local/lib/python3.12/site-packages/airflow/example_dags/example_sensors.py
DAG(s) 'example_sensors' retrieved from /home/airflow/.local/lib/python3.12/site-packages/airflow/example_dags/example_sensors.py
Sync 1 DAGs
Setting next_dagrun for example_sensors to None, run_after=None
Processing /home/airflow/.local/lib/python3.12/site-packages/airflow/example_dags/example_sensors.py took 0.047 seconds
Started process (PID=83489) to work on /home/airflow/.local/lib/python3.12/site-packages/airflow/example_dags/example_sensors.py
Processing file /home/airflow/.local/lib/python3.12/site-packages/airflow/example_dags/example_sensors.py for tasks to queue
Filling up the DagBag from /home/airflow/.local/lib/python3.12/site-packages/airflow/example_dags/example_sensors.py
DAG(s) 'example_sensors' retrieved from /home/airflow/.local/lib/python3.12/site-packages/airflow/example_dags/example_sensors.py
Sync 1 DAGs
Setting next_dagrun for example_sensors to None, run_after=None
Processing /home/airflow/.local/lib/python3.12/site-packages/airflow/example_dags/example_sensors.py took 0.046 seconds
Started process (PID=83573) to work on /home/airflow/.local/lib/python3.12/site-packages/airflow/example_dags/example_sensors.py
Processing file /home/airflow/.local/lib/python3.12/site-packages/airflow/example_dags/example_sensors.py for tasks to queue
Filling up the DagBag from /home/airflow/.local/lib/python3.12/site-packages/airflow/example_dags/example_sensors.py
DAG(s) 'example_sensors' retrieved from /home/airflow/.local/lib/python3.12/site-packages/airflow/example_dags/example_sensors.py
Sync 1 DAGs
Setting next_dagrun for example_sensors to None, run_after=None
Processing /home/airflow/.local/lib/python3.12/site-packages/airflow/example_dags/example_sensors.py took 0.051 seconds
Started process (PID=83651) to work on /home/airflow/.local/lib/python3.12/site-packages/airflow/example_dags/example_sensors.py
Processing file /home/airflow/.local/lib/python3.12/site-packages/airflow/example_dags/example_sensors.py for tasks to queue
Filling up the DagBag from /home/airflow/.local/lib/python3.12/site-packages/airflow/example_dags/example_sensors.py
DAG(s) 'example_sensors' retrieved from /home/airflow/.local/lib/python3.12/site-packages/airflow/example_dags/example_sensors.py
Sync 1 DAGs
Setting next_dagrun for example_sensors to None, run_after=None
Processing /home/airflow/.local/lib/python3.12/site-packages/airflow/example_dags/example_sensors.py took 0.047 seconds
Started process (PID=83735) to work on /home/airflow/.local/lib/python3.12/site-packages/airflow/example_dags/example_sensors.py
Processing file /home/airflow/.local/lib/python3.12/site-packages/airflow/example_dags/example_sensors.py for tasks to queue
Filling up the DagBag from /home/airflow/.local/lib/python3.12/site-packages/airflow/example_dags/example_sensors.py
DAG(s) 'example_sensors' retrieved from /home/airflow/.local/lib/python3.12/site-packages/airflow/example_dags/example_sensors.py
Sync 1 DAGs
Setting next_dagrun for example_sensors to None, run_after=None
Processing /home/airflow/.local/lib/python3.12/site-packages/airflow/example_dags/example_sensors.py took 0.047 seconds
Started process (PID=83812) to work on /home/airflow/.local/lib/python3.12/site-packages/airflow/example_dags/example_sensors.py
Processing file /home/airflow/.local/lib/python3.12/site-packages/airflow/example_dags/example_sensors.py for tasks to queue
Filling up the DagBag from /home/airflow/.local/lib/python3.12/site-packages/airflow/example_dags/example_sensors.py
DAG(s) 'example_sensors' retrieved from /home/airflow/.local/lib/python3.12/site-packages/airflow/example_dags/example_sensors.py
Sync 1 DAGs
Setting next_dagrun for example_sensors to None, run_after=None
Processing /home/airflow/.local/lib/python3.12/site-packages/airflow/example_dags/example_sensors.py took 0.049 seconds
Started process (PID=83896) to work on /home/airflow/.local/lib/python3.12/site-packages/airflow/example_dags/example_sensors.py
Processing file /home/airflow/.local/lib/python3.12/site-packages/airflow/example_dags/example_sensors.py for tasks to queue
Filling up the DagBag from /home/airflow/.local/lib/python3.12/site-packages/airflow/example_dags/example_sensors.py
DAG(s) 'example_sensors' retrieved from /home/airflow/.local/lib/python3.12/site-packages/airflow/example_dags/example_sensors.py
Sync 1 DAGs
Setting next_dagrun for example_sensors to None, run_after=None
Processing /home/airflow/.local/lib/python3.12/site-packages/airflow/example_dags/example_sensors.py took 0.047 seconds
Started process (PID=83973) to work on /home/airflow/.local/lib/python3.12/site-packages/airflow/example_dags/example_sensors.py
Processing file /home/airflow/.local/lib/python3.12/site-packages/airflow/example_dags/example_sensors.py for tasks to queue
Filling up the DagBag from /home/airflow/.local/lib/python3.12/site-packages/airflow/example_dags/example_sensors.py
DAG(s) 'example_sensors' retrieved from /home/airflow/.local/lib/python3.12/site-packages/airflow/example_dags/example_sensors.py
Sync 1 DAGs
Setting next_dagrun for example_sensors to None, run_after=None
Processing /home/airflow/.local/lib/python3.12/site-packages/airflow/example_dags/example_sensors.py took 0.054 seconds
Started process (PID=84057) to work on /home/airflow/.local/lib/python3.12/site-packages/airflow/example_dags/example_sensors.py
Processing file /home/airflow/.local/lib/python3.12/site-packages/airflow/example_dags/example_sensors.py for tasks to queue
Filling up the DagBag from /home/airflow/.local/lib/python3.12/site-packages/airflow/example_dags/example_sensors.py
DAG(s) 'example_sensors' retrieved from /home/airflow/.local/lib/python3.12/site-packages/airflow/example_dags/example_sensors.py
Sync 1 DAGs
Setting next_dagrun for example_sensors to None, run_after=None
Processing /home/airflow/.local/lib/python3.12/site-packages/airflow/example_dags/example_sensors.py took 0.046 seconds
Started process (PID=84143) to work on /home/airflow/.local/lib/python3.12/site-packages/airflow/example_dags/example_sensors.py
Processing file /home/airflow/.local/lib/python3.12/site-packages/airflow/example_dags/example_sensors.py for tasks to queue
Filling up the DagBag from /home/airflow/.local/lib/python3.12/site-packages/airflow/example_dags/example_sensors.py
DAG(s) 'example_sensors' retrieved from /home/airflow/.local/lib/python3.12/site-packages/airflow/example_dags/example_sensors.py
Sync 1 DAGs
Setting next_dagrun for example_sensors to None, run_after=None
Processing /home/airflow/.local/lib/python3.12/site-packages/airflow/example_dags/example_sensors.py took 0.056 seconds
Started process (PID=84227) to work on /home/airflow/.local/lib/python3.12/site-packages/airflow/example_dags/example_sensors.py
Processing file /home/airflow/.local/lib/python3.12/site-packages/airflow/example_dags/example_sensors.py for tasks to queue
Filling up the DagBag from /home/airflow/.local/lib/python3.12/site-packages/airflow/example_dags/example_sensors.py
DAG(s) 'example_sensors' retrieved from /home/airflow/.local/lib/python3.12/site-packages/airflow/example_dags/example_sensors.py
Sync 1 DAGs
Setting next_dagrun for example_sensors to None, run_after=None
Processing /home/airflow/.local/lib/python3.12/site-packages/airflow/example_dags/example_sensors.py took 0.048 seconds
Started process (PID=84304) to work on /home/airflow/.local/lib/python3.12/site-packages/airflow/example_dags/example_sensors.py
Processing file /home/airflow/.local/lib/python3.12/site-packages/airflow/example_dags/example_sensors.py for tasks to queue
Filling up the DagBag from /home/airflow/.local/lib/python3.12/site-packages/airflow/example_dags/example_sensors.py
DAG(s) 'example_sensors' retrieved from /home/airflow/.local/lib/python3.12/site-packages/airflow/example_dags/example_sensors.py
Sync 1 DAGs
Setting next_dagrun for example_sensors to None, run_after=None
Processing /home/airflow/.local/lib/python3.12/site-packages/airflow/example_dags/example_sensors.py took 0.046 seconds
Started process (PID=84388) to work on /home/airflow/.local/lib/python3.12/site-packages/airflow/example_dags/example_sensors.py
Processing file /home/airflow/.local/lib/python3.12/site-packages/airflow/example_dags/example_sensors.py for tasks to queue
Filling up the DagBag from /home/airflow/.local/lib/python3.12/site-packages/airflow/example_dags/example_sensors.py
DAG(s) 'example_sensors' retrieved from /home/airflow/.local/lib/python3.12/site-packages/airflow/example_dags/example_sensors.py
Sync 1 DAGs
Setting next_dagrun for example_sensors to None, run_after=None
Processing /home/airflow/.local/lib/python3.12/site-packages/airflow/example_dags/example_sensors.py took 0.047 seconds
Started process (PID=84472) to work on /home/airflow/.local/lib/python3.12/site-packages/airflow/example_dags/example_sensors.py
Processing file /home/airflow/.local/lib/python3.12/site-packages/airflow/example_dags/example_sensors.py for tasks to queue
Filling up the DagBag from /home/airflow/.local/lib/python3.12/site-packages/airflow/example_dags/example_sensors.py
DAG(s) 'example_sensors' retrieved from /home/airflow/.local/lib/python3.12/site-packages/airflow/example_dags/example_sensors.py
Sync 1 DAGs
Setting next_dagrun for example_sensors to None, run_after=None
Processing /home/airflow/.local/lib/python3.12/site-packages/airflow/example_dags/example_sensors.py took 0.052 seconds
Started process (PID=84549) to work on /home/airflow/.local/lib/python3.12/site-packages/airflow/example_dags/example_sensors.py
Processing file /home/airflow/.local/lib/python3.12/site-packages/airflow/example_dags/example_sensors.py for tasks to queue
Filling up the DagBag from /home/airflow/.local/lib/python3.12/site-packages/airflow/example_dags/example_sensors.py
DAG(s) 'example_sensors' retrieved from /home/airflow/.local/lib/python3.12/site-packages/airflow/example_dags/example_sensors.py
Sync 1 DAGs
Setting next_dagrun for example_sensors to None, run_after=None
Processing /home/airflow/.local/lib/python3.12/site-packages/airflow/example_dags/example_sensors.py took 0.047 seconds
Started process (PID=84633) to work on /home/airflow/.local/lib/python3.12/site-packages/airflow/example_dags/example_sensors.py
Processing file /home/airflow/.local/lib/python3.12/site-packages/airflow/example_dags/example_sensors.py for tasks to queue
Filling up the DagBag from /home/airflow/.local/lib/python3.12/site-packages/airflow/example_dags/example_sensors.py
DAG(s) 'example_sensors' retrieved from /home/airflow/.local/lib/python3.12/site-packages/airflow/example_dags/example_sensors.py
Sync 1 DAGs
Setting next_dagrun for example_sensors to None, run_after=None
Processing /home/airflow/.local/lib/python3.12/site-packages/airflow/example_dags/example_sensors.py took 0.048 seconds
Started process (PID=84717) to work on /home/airflow/.local/lib/python3.12/site-packages/airflow/example_dags/example_sensors.py
Processing file /home/airflow/.local/lib/python3.12/site-packages/airflow/example_dags/example_sensors.py for tasks to queue
Filling up the DagBag from /home/airflow/.local/lib/python3.12/site-packages/airflow/example_dags/example_sensors.py
DAG(s) 'example_sensors' retrieved from /home/airflow/.local/lib/python3.12/site-packages/airflow/example_dags/example_sensors.py
Sync 1 DAGs
Setting next_dagrun for example_sensors to None, run_after=None
Processing /home/airflow/.local/lib/python3.12/site-packages/airflow/example_dags/example_sensors.py took 0.048 seconds
Started process (PID=84793) to work on /home/airflow/.local/lib/python3.12/site-packages/airflow/example_dags/example_sensors.py
Processing file /home/airflow/.local/lib/python3.12/site-packages/airflow/example_dags/example_sensors.py for tasks to queue
Filling up the DagBag from /home/airflow/.local/lib/python3.12/site-packages/airflow/example_dags/example_sensors.py
DAG(s) 'example_sensors' retrieved from /home/airflow/.local/lib/python3.12/site-packages/airflow/example_dags/example_sensors.py
Sync 1 DAGs
Setting next_dagrun for example_sensors to None, run_after=None
Processing /home/airflow/.local/lib/python3.12/site-packages/airflow/example_dags/example_sensors.py took 0.047 seconds
Started process (PID=84877) to work on /home/airflow/.local/lib/python3.12/site-packages/airflow/example_dags/example_sensors.py
Processing file /home/airflow/.local/lib/python3.12/site-packages/airflow/example_dags/example_sensors.py for tasks to queue
Filling up the DagBag from /home/airflow/.local/lib/python3.12/site-packages/airflow/example_dags/example_sensors.py
DAG(s) 'example_sensors' retrieved from /home/airflow/.local/lib/python3.12/site-packages/airflow/example_dags/example_sensors.py
Sync 1 DAGs
Setting next_dagrun for example_sensors to None, run_after=None
Processing /home/airflow/.local/lib/python3.12/site-packages/airflow/example_dags/example_sensors.py took 0.048 seconds
Started process (PID=84954) to work on /home/airflow/.local/lib/python3.12/site-packages/airflow/example_dags/example_sensors.py
Processing file /home/airflow/.local/lib/python3.12/site-packages/airflow/example_dags/example_sensors.py for tasks to queue
Filling up the DagBag from /home/airflow/.local/lib/python3.12/site-packages/airflow/example_dags/example_sensors.py
DAG(s) 'example_sensors' retrieved from /home/airflow/.local/lib/python3.12/site-packages/airflow/example_dags/example_sensors.py
Sync 1 DAGs
Setting next_dagrun for example_sensors to None, run_after=None
Processing /home/airflow/.local/lib/python3.12/site-packages/airflow/example_dags/example_sensors.py took 0.049 seconds
Started process (PID=85038) to work on /home/airflow/.local/lib/python3.12/site-packages/airflow/example_dags/example_sensors.py
Processing file /home/airflow/.local/lib/python3.12/site-packages/airflow/example_dags/example_sensors.py for tasks to queue
Filling up the DagBag from /home/airflow/.local/lib/python3.12/site-packages/airflow/example_dags/example_sensors.py
DAG(s) 'example_sensors' retrieved from /home/airflow/.local/lib/python3.12/site-packages/airflow/example_dags/example_sensors.py
Sync 1 DAGs
Setting next_dagrun for example_sensors to None, run_after=None
Processing /home/airflow/.local/lib/python3.12/site-packages/airflow/example_dags/example_sensors.py took 0.047 seconds
Started process (PID=85123) to work on /home/airflow/.local/lib/python3.12/site-packages/airflow/example_dags/example_sensors.py
Processing file /home/airflow/.local/lib/python3.12/site-packages/airflow/example_dags/example_sensors.py for tasks to queue
Filling up the DagBag from /home/airflow/.local/lib/python3.12/site-packages/airflow/example_dags/example_sensors.py
DAG(s) 'example_sensors' retrieved from /home/airflow/.local/lib/python3.12/site-packages/airflow/example_dags/example_sensors.py
Sync 1 DAGs
Setting next_dagrun for example_sensors to None, run_after=None
Processing /home/airflow/.local/lib/python3.12/site-packages/airflow/example_dags/example_sensors.py took 0.050 seconds
Started process (PID=85200) to work on /home/airflow/.local/lib/python3.12/site-packages/airflow/example_dags/example_sensors.py
Processing file /home/airflow/.local/lib/python3.12/site-packages/airflow/example_dags/example_sensors.py for tasks to queue
Filling up the DagBag from /home/airflow/.local/lib/python3.12/site-packages/airflow/example_dags/example_sensors.py
DAG(s) 'example_sensors' retrieved from /home/airflow/.local/lib/python3.12/site-packages/airflow/example_dags/example_sensors.py
Sync 1 DAGs
Setting next_dagrun for example_sensors to None, run_after=None
Processing /home/airflow/.local/lib/python3.12/site-packages/airflow/example_dags/example_sensors.py took 0.047 seconds
Started process (PID=85284) to work on /home/airflow/.local/lib/python3.12/site-packages/airflow/example_dags/example_sensors.py
Processing file /home/airflow/.local/lib/python3.12/site-packages/airflow/example_dags/example_sensors.py for tasks to queue
Filling up the DagBag from /home/airflow/.local/lib/python3.12/site-packages/airflow/example_dags/example_sensors.py
DAG(s) 'example_sensors' retrieved from /home/airflow/.local/lib/python3.12/site-packages/airflow/example_dags/example_sensors.py
Sync 1 DAGs
Setting next_dagrun for example_sensors to None, run_after=None
Processing /home/airflow/.local/lib/python3.12/site-packages/airflow/example_dags/example_sensors.py took 0.166 seconds
Started process (PID=85361) to work on /home/airflow/.local/lib/python3.12/site-packages/airflow/example_dags/example_sensors.py
Processing file /home/airflow/.local/lib/python3.12/site-packages/airflow/example_dags/example_sensors.py for tasks to queue
Filling up the DagBag from /home/airflow/.local/lib/python3.12/site-packages/airflow/example_dags/example_sensors.py
DAG(s) 'example_sensors' retrieved from /home/airflow/.local/lib/python3.12/site-packages/airflow/example_dags/example_sensors.py
Sync 1 DAGs
Setting next_dagrun for example_sensors to None, run_after=None
Processing /home/airflow/.local/lib/python3.12/site-packages/airflow/example_dags/example_sensors.py took 0.048 seconds
Started process (PID=85446) to work on /home/airflow/.local/lib/python3.12/site-packages/airflow/example_dags/example_sensors.py
Processing file /home/airflow/.local/lib/python3.12/site-packages/airflow/example_dags/example_sensors.py for tasks to queue
Filling up the DagBag from /home/airflow/.local/lib/python3.12/site-packages/airflow/example_dags/example_sensors.py
DAG(s) 'example_sensors' retrieved from /home/airflow/.local/lib/python3.12/site-packages/airflow/example_dags/example_sensors.py
Sync 1 DAGs
Setting next_dagrun for example_sensors to None, run_after=None
Processing /home/airflow/.local/lib/python3.12/site-packages/airflow/example_dags/example_sensors.py took 6.261 seconds
Started process (PID=85537) to work on /home/airflow/.local/lib/python3.12/site-packages/airflow/example_dags/example_sensors.py
Processing file /home/airflow/.local/lib/python3.12/site-packages/airflow/example_dags/example_sensors.py for tasks to queue
Filling up the DagBag from /home/airflow/.local/lib/python3.12/site-packages/airflow/example_dags/example_sensors.py
DAG(s) 'example_sensors' retrieved from /home/airflow/.local/lib/python3.12/site-packages/airflow/example_dags/example_sensors.py
Sync 1 DAGs
Setting next_dagrun for example_sensors to None, run_after=None
Processing /home/airflow/.local/lib/python3.12/site-packages/airflow/example_dags/example_sensors.py took 0.051 seconds
Started process (PID=85621) to work on /home/airflow/.local/lib/python3.12/site-packages/airflow/example_dags/example_sensors.py
Processing file /home/airflow/.local/lib/python3.12/site-packages/airflow/example_dags/example_sensors.py for tasks to queue
Filling up the DagBag from /home/airflow/.local/lib/python3.12/site-packages/airflow/example_dags/example_sensors.py
DAG(s) 'example_sensors' retrieved from /home/airflow/.local/lib/python3.12/site-packages/airflow/example_dags/example_sensors.py
Sync 1 DAGs
Setting next_dagrun for example_sensors to None, run_after=None
Processing /home/airflow/.local/lib/python3.12/site-packages/airflow/example_dags/example_sensors.py took 0.048 seconds
Started process (PID=85698) to work on /home/airflow/.local/lib/python3.12/site-packages/airflow/example_dags/example_sensors.py
Processing file /home/airflow/.local/lib/python3.12/site-packages/airflow/example_dags/example_sensors.py for tasks to queue
Filling up the DagBag from /home/airflow/.local/lib/python3.12/site-packages/airflow/example_dags/example_sensors.py
DAG(s) 'example_sensors' retrieved from /home/airflow/.local/lib/python3.12/site-packages/airflow/example_dags/example_sensors.py
Sync 1 DAGs
Setting next_dagrun for example_sensors to None, run_after=None
Processing /home/airflow/.local/lib/python3.12/site-packages/airflow/example_dags/example_sensors.py took 0.046 seconds
Started process (PID=85782) to work on /home/airflow/.local/lib/python3.12/site-packages/airflow/example_dags/example_sensors.py
Processing file /home/airflow/.local/lib/python3.12/site-packages/airflow/example_dags/example_sensors.py for tasks to queue
Filling up the DagBag from /home/airflow/.local/lib/python3.12/site-packages/airflow/example_dags/example_sensors.py
DAG(s) 'example_sensors' retrieved from /home/airflow/.local/lib/python3.12/site-packages/airflow/example_dags/example_sensors.py
Sync 1 DAGs
Setting next_dagrun for example_sensors to None, run_after=None
Processing /home/airflow/.local/lib/python3.12/site-packages/airflow/example_dags/example_sensors.py took 0.048 seconds
Started process (PID=85859) to work on /home/airflow/.local/lib/python3.12/site-packages/airflow/example_dags/example_sensors.py
Processing file /home/airflow/.local/lib/python3.12/site-packages/airflow/example_dags/example_sensors.py for tasks to queue
Filling up the DagBag from /home/airflow/.local/lib/python3.12/site-packages/airflow/example_dags/example_sensors.py
DAG(s) 'example_sensors' retrieved from /home/airflow/.local/lib/python3.12/site-packages/airflow/example_dags/example_sensors.py
Sync 1 DAGs
Setting next_dagrun for example_sensors to None, run_after=None
Processing /home/airflow/.local/lib/python3.12/site-packages/airflow/example_dags/example_sensors.py took 0.047 seconds
Started process (PID=85944) to work on /home/airflow/.local/lib/python3.12/site-packages/airflow/example_dags/example_sensors.py
Processing file /home/airflow/.local/lib/python3.12/site-packages/airflow/example_dags/example_sensors.py for tasks to queue
Filling up the DagBag from /home/airflow/.local/lib/python3.12/site-packages/airflow/example_dags/example_sensors.py
DAG(s) 'example_sensors' retrieved from /home/airflow/.local/lib/python3.12/site-packages/airflow/example_dags/example_sensors.py
Sync 1 DAGs
Setting next_dagrun for example_sensors to None, run_after=None
Processing /home/airflow/.local/lib/python3.12/site-packages/airflow/example_dags/example_sensors.py took 0.049 seconds
Started process (PID=86021) to work on /home/airflow/.local/lib/python3.12/site-packages/airflow/example_dags/example_sensors.py
Processing file /home/airflow/.local/lib/python3.12/site-packages/airflow/example_dags/example_sensors.py for tasks to queue
Filling up the DagBag from /home/airflow/.local/lib/python3.12/site-packages/airflow/example_dags/example_sensors.py
DAG(s) 'example_sensors' retrieved from /home/airflow/.local/lib/python3.12/site-packages/airflow/example_dags/example_sensors.py
Sync 1 DAGs
Setting next_dagrun for example_sensors to None, run_after=None
Processing /home/airflow/.local/lib/python3.12/site-packages/airflow/example_dags/example_sensors.py took 0.047 seconds
Started process (PID=86105) to work on /home/airflow/.local/lib/python3.12/site-packages/airflow/example_dags/example_sensors.py
Processing file /home/airflow/.local/lib/python3.12/site-packages/airflow/example_dags/example_sensors.py for tasks to queue
Filling up the DagBag from /home/airflow/.local/lib/python3.12/site-packages/airflow/example_dags/example_sensors.py
DAG(s) 'example_sensors' retrieved from /home/airflow/.local/lib/python3.12/site-packages/airflow/example_dags/example_sensors.py
Sync 1 DAGs
Setting next_dagrun for example_sensors to None, run_after=None
Processing /home/airflow/.local/lib/python3.12/site-packages/airflow/example_dags/example_sensors.py took 0.046 seconds
Started process (PID=86182) to work on /home/airflow/.local/lib/python3.12/site-packages/airflow/example_dags/example_sensors.py
Processing file /home/airflow/.local/lib/python3.12/site-packages/airflow/example_dags/example_sensors.py for tasks to queue
Filling up the DagBag from /home/airflow/.local/lib/python3.12/site-packages/airflow/example_dags/example_sensors.py
DAG(s) 'example_sensors' retrieved from /home/airflow/.local/lib/python3.12/site-packages/airflow/example_dags/example_sensors.py
Sync 1 DAGs
Setting next_dagrun for example_sensors to None, run_after=None
Processing /home/airflow/.local/lib/python3.12/site-packages/airflow/example_dags/example_sensors.py took 0.046 seconds
Started process (PID=86266) to work on /home/airflow/.local/lib/python3.12/site-packages/airflow/example_dags/example_sensors.py
Processing file /home/airflow/.local/lib/python3.12/site-packages/airflow/example_dags/example_sensors.py for tasks to queue
Filling up the DagBag from /home/airflow/.local/lib/python3.12/site-packages/airflow/example_dags/example_sensors.py
DAG(s) 'example_sensors' retrieved from /home/airflow/.local/lib/python3.12/site-packages/airflow/example_dags/example_sensors.py
Sync 1 DAGs
Setting next_dagrun for example_sensors to None, run_after=None
Processing /home/airflow/.local/lib/python3.12/site-packages/airflow/example_dags/example_sensors.py took 0.052 seconds
Started process (PID=86343) to work on /home/airflow/.local/lib/python3.12/site-packages/airflow/example_dags/example_sensors.py
Processing file /home/airflow/.local/lib/python3.12/site-packages/airflow/example_dags/example_sensors.py for tasks to queue
Filling up the DagBag from /home/airflow/.local/lib/python3.12/site-packages/airflow/example_dags/example_sensors.py
DAG(s) 'example_sensors' retrieved from /home/airflow/.local/lib/python3.12/site-packages/airflow/example_dags/example_sensors.py
Sync 1 DAGs
Setting next_dagrun for example_sensors to None, run_after=None
Processing /home/airflow/.local/lib/python3.12/site-packages/airflow/example_dags/example_sensors.py took 0.047 seconds
Started process (PID=86427) to work on /home/airflow/.local/lib/python3.12/site-packages/airflow/example_dags/example_sensors.py
Processing file /home/airflow/.local/lib/python3.12/site-packages/airflow/example_dags/example_sensors.py for tasks to queue
Filling up the DagBag from /home/airflow/.local/lib/python3.12/site-packages/airflow/example_dags/example_sensors.py
DAG(s) 'example_sensors' retrieved from /home/airflow/.local/lib/python3.12/site-packages/airflow/example_dags/example_sensors.py
Sync 1 DAGs
Setting next_dagrun for example_sensors to None, run_after=None
Processing /home/airflow/.local/lib/python3.12/site-packages/airflow/example_dags/example_sensors.py took 0.051 seconds
Started process (PID=86504) to work on /home/airflow/.local/lib/python3.12/site-packages/airflow/example_dags/example_sensors.py
Processing file /home/airflow/.local/lib/python3.12/site-packages/airflow/example_dags/example_sensors.py for tasks to queue
Filling up the DagBag from /home/airflow/.local/lib/python3.12/site-packages/airflow/example_dags/example_sensors.py
DAG(s) 'example_sensors' retrieved from /home/airflow/.local/lib/python3.12/site-packages/airflow/example_dags/example_sensors.py
Sync 1 DAGs
Setting next_dagrun for example_sensors to None, run_after=None
Processing /home/airflow/.local/lib/python3.12/site-packages/airflow/example_dags/example_sensors.py took 0.047 seconds
Started process (PID=86588) to work on /home/airflow/.local/lib/python3.12/site-packages/airflow/example_dags/example_sensors.py
Processing file /home/airflow/.local/lib/python3.12/site-packages/airflow/example_dags/example_sensors.py for tasks to queue
Filling up the DagBag from /home/airflow/.local/lib/python3.12/site-packages/airflow/example_dags/example_sensors.py
DAG(s) 'example_sensors' retrieved from /home/airflow/.local/lib/python3.12/site-packages/airflow/example_dags/example_sensors.py
Sync 1 DAGs
Setting next_dagrun for example_sensors to None, run_after=None
Processing /home/airflow/.local/lib/python3.12/site-packages/airflow/example_dags/example_sensors.py took 0.049 seconds
Started process (PID=86665) to work on /home/airflow/.local/lib/python3.12/site-packages/airflow/example_dags/example_sensors.py
Processing file /home/airflow/.local/lib/python3.12/site-packages/airflow/example_dags/example_sensors.py for tasks to queue
Filling up the DagBag from /home/airflow/.local/lib/python3.12/site-packages/airflow/example_dags/example_sensors.py
DAG(s) 'example_sensors' retrieved from /home/airflow/.local/lib/python3.12/site-packages/airflow/example_dags/example_sensors.py
Sync 1 DAGs
Setting next_dagrun for example_sensors to None, run_after=None
Processing /home/airflow/.local/lib/python3.12/site-packages/airflow/example_dags/example_sensors.py took 0.046 seconds
Started process (PID=86749) to work on /home/airflow/.local/lib/python3.12/site-packages/airflow/example_dags/example_sensors.py
Processing file /home/airflow/.local/lib/python3.12/site-packages/airflow/example_dags/example_sensors.py for tasks to queue
Filling up the DagBag from /home/airflow/.local/lib/python3.12/site-packages/airflow/example_dags/example_sensors.py
DAG(s) 'example_sensors' retrieved from /home/airflow/.local/lib/python3.12/site-packages/airflow/example_dags/example_sensors.py
Sync 1 DAGs
Setting next_dagrun for example_sensors to None, run_after=None
Processing /home/airflow/.local/lib/python3.12/site-packages/airflow/example_dags/example_sensors.py took 0.054 seconds
Started process (PID=86826) to work on /home/airflow/.local/lib/python3.12/site-packages/airflow/example_dags/example_sensors.py
Processing file /home/airflow/.local/lib/python3.12/site-packages/airflow/example_dags/example_sensors.py for tasks to queue
Filling up the DagBag from /home/airflow/.local/lib/python3.12/site-packages/airflow/example_dags/example_sensors.py
DAG(s) 'example_sensors' retrieved from /home/airflow/.local/lib/python3.12/site-packages/airflow/example_dags/example_sensors.py
Sync 1 DAGs
Setting next_dagrun for example_sensors to None, run_after=None
Processing /home/airflow/.local/lib/python3.12/site-packages/airflow/example_dags/example_sensors.py took 0.047 seconds
Started process (PID=86910) to work on /home/airflow/.local/lib/python3.12/site-packages/airflow/example_dags/example_sensors.py
Processing file /home/airflow/.local/lib/python3.12/site-packages/airflow/example_dags/example_sensors.py for tasks to queue
Filling up the DagBag from /home/airflow/.local/lib/python3.12/site-packages/airflow/example_dags/example_sensors.py
DAG(s) 'example_sensors' retrieved from /home/airflow/.local/lib/python3.12/site-packages/airflow/example_dags/example_sensors.py
Sync 1 DAGs
Setting next_dagrun for example_sensors to None, run_after=None
Processing /home/airflow/.local/lib/python3.12/site-packages/airflow/example_dags/example_sensors.py took 0.046 seconds
Started process (PID=86994) to work on /home/airflow/.local/lib/python3.12/site-packages/airflow/example_dags/example_sensors.py
Processing file /home/airflow/.local/lib/python3.12/site-packages/airflow/example_dags/example_sensors.py for tasks to queue
Filling up the DagBag from /home/airflow/.local/lib/python3.12/site-packages/airflow/example_dags/example_sensors.py
DAG(s) 'example_sensors' retrieved from /home/airflow/.local/lib/python3.12/site-packages/airflow/example_dags/example_sensors.py
Sync 1 DAGs
Setting next_dagrun for example_sensors to None, run_after=None
Processing /home/airflow/.local/lib/python3.12/site-packages/airflow/example_dags/example_sensors.py took 0.050 seconds
Started process (PID=87071) to work on /home/airflow/.local/lib/python3.12/site-packages/airflow/example_dags/example_sensors.py
Processing file /home/airflow/.local/lib/python3.12/site-packages/airflow/example_dags/example_sensors.py for tasks to queue
Filling up the DagBag from /home/airflow/.local/lib/python3.12/site-packages/airflow/example_dags/example_sensors.py
DAG(s) 'example_sensors' retrieved from /home/airflow/.local/lib/python3.12/site-packages/airflow/example_dags/example_sensors.py
Sync 1 DAGs
Setting next_dagrun for example_sensors to None, run_after=None
Processing /home/airflow/.local/lib/python3.12/site-packages/airflow/example_dags/example_sensors.py took 0.052 seconds
Started process (PID=87147) to work on /home/airflow/.local/lib/python3.12/site-packages/airflow/example_dags/example_sensors.py
Processing file /home/airflow/.local/lib/python3.12/site-packages/airflow/example_dags/example_sensors.py for tasks to queue
Filling up the DagBag from /home/airflow/.local/lib/python3.12/site-packages/airflow/example_dags/example_sensors.py
DAG(s) 'example_sensors' retrieved from /home/airflow/.local/lib/python3.12/site-packages/airflow/example_dags/example_sensors.py
Sync 1 DAGs
Setting next_dagrun for example_sensors to None, run_after=None
Processing /home/airflow/.local/lib/python3.12/site-packages/airflow/example_dags/example_sensors.py took 0.049 seconds
Started process (PID=87232) to work on /home/airflow/.local/lib/python3.12/site-packages/airflow/example_dags/example_sensors.py
Processing file /home/airflow/.local/lib/python3.12/site-packages/airflow/example_dags/example_sensors.py for tasks to queue
Filling up the DagBag from /home/airflow/.local/lib/python3.12/site-packages/airflow/example_dags/example_sensors.py
DAG(s) 'example_sensors' retrieved from /home/airflow/.local/lib/python3.12/site-packages/airflow/example_dags/example_sensors.py
Sync 1 DAGs
Setting next_dagrun for example_sensors to None, run_after=None
Processing /home/airflow/.local/lib/python3.12/site-packages/airflow/example_dags/example_sensors.py took 0.046 seconds
Started process (PID=87309) to work on /home/airflow/.local/lib/python3.12/site-packages/airflow/example_dags/example_sensors.py
Processing file /home/airflow/.local/lib/python3.12/site-packages/airflow/example_dags/example_sensors.py for tasks to queue
Filling up the DagBag from /home/airflow/.local/lib/python3.12/site-packages/airflow/example_dags/example_sensors.py
DAG(s) 'example_sensors' retrieved from /home/airflow/.local/lib/python3.12/site-packages/airflow/example_dags/example_sensors.py
Sync 1 DAGs
Setting next_dagrun for example_sensors to None, run_after=None
Processing /home/airflow/.local/lib/python3.12/site-packages/airflow/example_dags/example_sensors.py took 0.046 seconds
Started process (PID=87393) to work on /home/airflow/.local/lib/python3.12/site-packages/airflow/example_dags/example_sensors.py
Processing file /home/airflow/.local/lib/python3.12/site-packages/airflow/example_dags/example_sensors.py for tasks to queue
Filling up the DagBag from /home/airflow/.local/lib/python3.12/site-packages/airflow/example_dags/example_sensors.py
DAG(s) 'example_sensors' retrieved from /home/airflow/.local/lib/python3.12/site-packages/airflow/example_dags/example_sensors.py
Sync 1 DAGs
Setting next_dagrun for example_sensors to None, run_after=None
Processing /home/airflow/.local/lib/python3.12/site-packages/airflow/example_dags/example_sensors.py took 0.050 seconds
Started process (PID=87470) to work on /home/airflow/.local/lib/python3.12/site-packages/airflow/example_dags/example_sensors.py
Processing file /home/airflow/.local/lib/python3.12/site-packages/airflow/example_dags/example_sensors.py for tasks to queue
Filling up the DagBag from /home/airflow/.local/lib/python3.12/site-packages/airflow/example_dags/example_sensors.py
DAG(s) 'example_sensors' retrieved from /home/airflow/.local/lib/python3.12/site-packages/airflow/example_dags/example_sensors.py
Sync 1 DAGs
Setting next_dagrun for example_sensors to None, run_after=None
Processing /home/airflow/.local/lib/python3.12/site-packages/airflow/example_dags/example_sensors.py took 0.047 seconds
Started process (PID=87547) to work on /home/airflow/.local/lib/python3.12/site-packages/airflow/example_dags/example_sensors.py
Processing file /home/airflow/.local/lib/python3.12/site-packages/airflow/example_dags/example_sensors.py for tasks to queue
Filling up the DagBag from /home/airflow/.local/lib/python3.12/site-packages/airflow/example_dags/example_sensors.py
DAG(s) 'example_sensors' retrieved from /home/airflow/.local/lib/python3.12/site-packages/airflow/example_dags/example_sensors.py
Sync 1 DAGs
Setting next_dagrun for example_sensors to None, run_after=None
Processing /home/airflow/.local/lib/python3.12/site-packages/airflow/example_dags/example_sensors.py took 0.047 seconds
Started process (PID=87631) to work on /home/airflow/.local/lib/python3.12/site-packages/airflow/example_dags/example_sensors.py
Processing file /home/airflow/.local/lib/python3.12/site-packages/airflow/example_dags/example_sensors.py for tasks to queue
Filling up the DagBag from /home/airflow/.local/lib/python3.12/site-packages/airflow/example_dags/example_sensors.py
DAG(s) 'example_sensors' retrieved from /home/airflow/.local/lib/python3.12/site-packages/airflow/example_dags/example_sensors.py
Sync 1 DAGs
Setting next_dagrun for example_sensors to None, run_after=None
Processing /home/airflow/.local/lib/python3.12/site-packages/airflow/example_dags/example_sensors.py took 0.045 seconds
Started process (PID=87705) to work on /home/airflow/.local/lib/python3.12/site-packages/airflow/example_dags/example_sensors.py
Processing file /home/airflow/.local/lib/python3.12/site-packages/airflow/example_dags/example_sensors.py for tasks to queue
Filling up the DagBag from /home/airflow/.local/lib/python3.12/site-packages/airflow/example_dags/example_sensors.py
DAG(s) 'example_sensors' retrieved from /home/airflow/.local/lib/python3.12/site-packages/airflow/example_dags/example_sensors.py
Sync 1 DAGs
Setting next_dagrun for example_sensors to None, run_after=None
Processing /home/airflow/.local/lib/python3.12/site-packages/airflow/example_dags/example_sensors.py took 0.049 seconds
Started process (PID=87789) to work on /home/airflow/.local/lib/python3.12/site-packages/airflow/example_dags/example_sensors.py
Processing file /home/airflow/.local/lib/python3.12/site-packages/airflow/example_dags/example_sensors.py for tasks to queue
Filling up the DagBag from /home/airflow/.local/lib/python3.12/site-packages/airflow/example_dags/example_sensors.py
DAG(s) 'example_sensors' retrieved from /home/airflow/.local/lib/python3.12/site-packages/airflow/example_dags/example_sensors.py
Sync 1 DAGs
Setting next_dagrun for example_sensors to None, run_after=None
Processing /home/airflow/.local/lib/python3.12/site-packages/airflow/example_dags/example_sensors.py took 0.049 seconds
Started process (PID=87874) to work on /home/airflow/.local/lib/python3.12/site-packages/airflow/example_dags/example_sensors.py
Processing file /home/airflow/.local/lib/python3.12/site-packages/airflow/example_dags/example_sensors.py for tasks to queue
Filling up the DagBag from /home/airflow/.local/lib/python3.12/site-packages/airflow/example_dags/example_sensors.py
DAG(s) 'example_sensors' retrieved from /home/airflow/.local/lib/python3.12/site-packages/airflow/example_dags/example_sensors.py
Sync 1 DAGs
Setting next_dagrun for example_sensors to None, run_after=None
Processing /home/airflow/.local/lib/python3.12/site-packages/airflow/example_dags/example_sensors.py took 0.050 seconds
Started process (PID=87952) to work on /home/airflow/.local/lib/python3.12/site-packages/airflow/example_dags/example_sensors.py
Processing file /home/airflow/.local/lib/python3.12/site-packages/airflow/example_dags/example_sensors.py for tasks to queue
Filling up the DagBag from /home/airflow/.local/lib/python3.12/site-packages/airflow/example_dags/example_sensors.py
DAG(s) 'example_sensors' retrieved from /home/airflow/.local/lib/python3.12/site-packages/airflow/example_dags/example_sensors.py
Sync 1 DAGs
Setting next_dagrun for example_sensors to None, run_after=None
Processing /home/airflow/.local/lib/python3.12/site-packages/airflow/example_dags/example_sensors.py took 0.047 seconds
Started process (PID=88037) to work on /home/airflow/.local/lib/python3.12/site-packages/airflow/example_dags/example_sensors.py
Processing file /home/airflow/.local/lib/python3.12/site-packages/airflow/example_dags/example_sensors.py for tasks to queue
Filling up the DagBag from /home/airflow/.local/lib/python3.12/site-packages/airflow/example_dags/example_sensors.py
DAG(s) 'example_sensors' retrieved from /home/airflow/.local/lib/python3.12/site-packages/airflow/example_dags/example_sensors.py
Sync 1 DAGs
Setting next_dagrun for example_sensors to None, run_after=None
Processing /home/airflow/.local/lib/python3.12/site-packages/airflow/example_dags/example_sensors.py took 0.049 seconds
Started process (PID=88114) to work on /home/airflow/.local/lib/python3.12/site-packages/airflow/example_dags/example_sensors.py
Processing file /home/airflow/.local/lib/python3.12/site-packages/airflow/example_dags/example_sensors.py for tasks to queue
Filling up the DagBag from /home/airflow/.local/lib/python3.12/site-packages/airflow/example_dags/example_sensors.py
DAG(s) 'example_sensors' retrieved from /home/airflow/.local/lib/python3.12/site-packages/airflow/example_dags/example_sensors.py
Sync 1 DAGs
Setting next_dagrun for example_sensors to None, run_after=None
Processing /home/airflow/.local/lib/python3.12/site-packages/airflow/example_dags/example_sensors.py took 0.055 seconds
Started process (PID=88198) to work on /home/airflow/.local/lib/python3.12/site-packages/airflow/example_dags/example_sensors.py
Processing file /home/airflow/.local/lib/python3.12/site-packages/airflow/example_dags/example_sensors.py for tasks to queue
Filling up the DagBag from /home/airflow/.local/lib/python3.12/site-packages/airflow/example_dags/example_sensors.py
DAG(s) 'example_sensors' retrieved from /home/airflow/.local/lib/python3.12/site-packages/airflow/example_dags/example_sensors.py
Sync 1 DAGs
Setting next_dagrun for example_sensors to None, run_after=None
Processing /home/airflow/.local/lib/python3.12/site-packages/airflow/example_dags/example_sensors.py took 0.049 seconds
Started process (PID=88275) to work on /home/airflow/.local/lib/python3.12/site-packages/airflow/example_dags/example_sensors.py
Processing file /home/airflow/.local/lib/python3.12/site-packages/airflow/example_dags/example_sensors.py for tasks to queue
Filling up the DagBag from /home/airflow/.local/lib/python3.12/site-packages/airflow/example_dags/example_sensors.py
DAG(s) 'example_sensors' retrieved from /home/airflow/.local/lib/python3.12/site-packages/airflow/example_dags/example_sensors.py
Sync 1 DAGs
Setting next_dagrun for example_sensors to None, run_after=None
Processing /home/airflow/.local/lib/python3.12/site-packages/airflow/example_dags/example_sensors.py took 0.048 seconds
Started process (PID=88359) to work on /home/airflow/.local/lib/python3.12/site-packages/airflow/example_dags/example_sensors.py
Processing file /home/airflow/.local/lib/python3.12/site-packages/airflow/example_dags/example_sensors.py for tasks to queue
Filling up the DagBag from /home/airflow/.local/lib/python3.12/site-packages/airflow/example_dags/example_sensors.py
DAG(s) 'example_sensors' retrieved from /home/airflow/.local/lib/python3.12/site-packages/airflow/example_dags/example_sensors.py
Sync 1 DAGs
Setting next_dagrun for example_sensors to None, run_after=None
Processing /home/airflow/.local/lib/python3.12/site-packages/airflow/example_dags/example_sensors.py took 0.052 seconds
Started process (PID=88436) to work on /home/airflow/.local/lib/python3.12/site-packages/airflow/example_dags/example_sensors.py
Processing file /home/airflow/.local/lib/python3.12/site-packages/airflow/example_dags/example_sensors.py for tasks to queue
Filling up the DagBag from /home/airflow/.local/lib/python3.12/site-packages/airflow/example_dags/example_sensors.py
DAG(s) 'example_sensors' retrieved from /home/airflow/.local/lib/python3.12/site-packages/airflow/example_dags/example_sensors.py
Sync 1 DAGs
Setting next_dagrun for example_sensors to None, run_after=None
Processing /home/airflow/.local/lib/python3.12/site-packages/airflow/example_dags/example_sensors.py took 0.046 seconds
Started process (PID=88520) to work on /home/airflow/.local/lib/python3.12/site-packages/airflow/example_dags/example_sensors.py
Processing file /home/airflow/.local/lib/python3.12/site-packages/airflow/example_dags/example_sensors.py for tasks to queue
Filling up the DagBag from /home/airflow/.local/lib/python3.12/site-packages/airflow/example_dags/example_sensors.py
DAG(s) 'example_sensors' retrieved from /home/airflow/.local/lib/python3.12/site-packages/airflow/example_dags/example_sensors.py
Sync 1 DAGs
Setting next_dagrun for example_sensors to None, run_after=None
Processing /home/airflow/.local/lib/python3.12/site-packages/airflow/example_dags/example_sensors.py took 0.055 seconds
Started process (PID=88604) to work on /home/airflow/.local/lib/python3.12/site-packages/airflow/example_dags/example_sensors.py
Processing file /home/airflow/.local/lib/python3.12/site-packages/airflow/example_dags/example_sensors.py for tasks to queue
Filling up the DagBag from /home/airflow/.local/lib/python3.12/site-packages/airflow/example_dags/example_sensors.py
DAG(s) 'example_sensors' retrieved from /home/airflow/.local/lib/python3.12/site-packages/airflow/example_dags/example_sensors.py
Sync 1 DAGs
Setting next_dagrun for example_sensors to None, run_after=None
Processing /home/airflow/.local/lib/python3.12/site-packages/airflow/example_dags/example_sensors.py took 0.048 seconds
Started process (PID=88681) to work on /home/airflow/.local/lib/python3.12/site-packages/airflow/example_dags/example_sensors.py
Processing file /home/airflow/.local/lib/python3.12/site-packages/airflow/example_dags/example_sensors.py for tasks to queue
Filling up the DagBag from /home/airflow/.local/lib/python3.12/site-packages/airflow/example_dags/example_sensors.py
DAG(s) 'example_sensors' retrieved from /home/airflow/.local/lib/python3.12/site-packages/airflow/example_dags/example_sensors.py
Sync 1 DAGs
Setting next_dagrun for example_sensors to None, run_after=None
Processing /home/airflow/.local/lib/python3.12/site-packages/airflow/example_dags/example_sensors.py took 0.046 seconds
Started process (PID=88766) to work on /home/airflow/.local/lib/python3.12/site-packages/airflow/example_dags/example_sensors.py
Processing file /home/airflow/.local/lib/python3.12/site-packages/airflow/example_dags/example_sensors.py for tasks to queue
Filling up the DagBag from /home/airflow/.local/lib/python3.12/site-packages/airflow/example_dags/example_sensors.py
DAG(s) 'example_sensors' retrieved from /home/airflow/.local/lib/python3.12/site-packages/airflow/example_dags/example_sensors.py
Sync 1 DAGs
Setting next_dagrun for example_sensors to None, run_after=None
Processing /home/airflow/.local/lib/python3.12/site-packages/airflow/example_dags/example_sensors.py took 0.050 seconds
Started process (PID=88843) to work on /home/airflow/.local/lib/python3.12/site-packages/airflow/example_dags/example_sensors.py
Processing file /home/airflow/.local/lib/python3.12/site-packages/airflow/example_dags/example_sensors.py for tasks to queue
Filling up the DagBag from /home/airflow/.local/lib/python3.12/site-packages/airflow/example_dags/example_sensors.py
DAG(s) 'example_sensors' retrieved from /home/airflow/.local/lib/python3.12/site-packages/airflow/example_dags/example_sensors.py
Sync 1 DAGs
Setting next_dagrun for example_sensors to None, run_after=None
Processing /home/airflow/.local/lib/python3.12/site-packages/airflow/example_dags/example_sensors.py took 0.047 seconds
Started process (PID=88927) to work on /home/airflow/.local/lib/python3.12/site-packages/airflow/example_dags/example_sensors.py
Processing file /home/airflow/.local/lib/python3.12/site-packages/airflow/example_dags/example_sensors.py for tasks to queue
Filling up the DagBag from /home/airflow/.local/lib/python3.12/site-packages/airflow/example_dags/example_sensors.py
DAG(s) 'example_sensors' retrieved from /home/airflow/.local/lib/python3.12/site-packages/airflow/example_dags/example_sensors.py
Sync 1 DAGs
Setting next_dagrun for example_sensors to None, run_after=None
Processing /home/airflow/.local/lib/python3.12/site-packages/airflow/example_dags/example_sensors.py took 0.046 seconds
Started process (PID=89017) to work on /home/airflow/.local/lib/python3.12/site-packages/airflow/example_dags/example_sensors.py
Processing file /home/airflow/.local/lib/python3.12/site-packages/airflow/example_dags/example_sensors.py for tasks to queue
Filling up the DagBag from /home/airflow/.local/lib/python3.12/site-packages/airflow/example_dags/example_sensors.py
DAG(s) 'example_sensors' retrieved from /home/airflow/.local/lib/python3.12/site-packages/airflow/example_dags/example_sensors.py
Sync 1 DAGs
Setting next_dagrun for example_sensors to None, run_after=None
Processing /home/airflow/.local/lib/python3.12/site-packages/airflow/example_dags/example_sensors.py took 0.046 seconds
Started process (PID=89094) to work on /home/airflow/.local/lib/python3.12/site-packages/airflow/example_dags/example_sensors.py
Processing file /home/airflow/.local/lib/python3.12/site-packages/airflow/example_dags/example_sensors.py for tasks to queue
Filling up the DagBag from /home/airflow/.local/lib/python3.12/site-packages/airflow/example_dags/example_sensors.py
DAG(s) 'example_sensors' retrieved from /home/airflow/.local/lib/python3.12/site-packages/airflow/example_dags/example_sensors.py
Sync 1 DAGs
Setting next_dagrun for example_sensors to None, run_after=None
Processing /home/airflow/.local/lib/python3.12/site-packages/airflow/example_dags/example_sensors.py took 0.048 seconds
Started process (PID=89178) to work on /home/airflow/.local/lib/python3.12/site-packages/airflow/example_dags/example_sensors.py
Processing file /home/airflow/.local/lib/python3.12/site-packages/airflow/example_dags/example_sensors.py for tasks to queue
Filling up the DagBag from /home/airflow/.local/lib/python3.12/site-packages/airflow/example_dags/example_sensors.py
DAG(s) 'example_sensors' retrieved from /home/airflow/.local/lib/python3.12/site-packages/airflow/example_dags/example_sensors.py
Sync 1 DAGs
Setting next_dagrun for example_sensors to None, run_after=None
Processing /home/airflow/.local/lib/python3.12/site-packages/airflow/example_dags/example_sensors.py took 0.047 seconds
Started process (PID=89262) to work on /home/airflow/.local/lib/python3.12/site-packages/airflow/example_dags/example_sensors.py
Processing file /home/airflow/.local/lib/python3.12/site-packages/airflow/example_dags/example_sensors.py for tasks to queue
Filling up the DagBag from /home/airflow/.local/lib/python3.12/site-packages/airflow/example_dags/example_sensors.py
DAG(s) 'example_sensors' retrieved from /home/airflow/.local/lib/python3.12/site-packages/airflow/example_dags/example_sensors.py
Sync 1 DAGs
Setting next_dagrun for example_sensors to None, run_after=None
Processing /home/airflow/.local/lib/python3.12/site-packages/airflow/example_dags/example_sensors.py took 0.063 seconds
Started process (PID=89339) to work on /home/airflow/.local/lib/python3.12/site-packages/airflow/example_dags/example_sensors.py
Processing file /home/airflow/.local/lib/python3.12/site-packages/airflow/example_dags/example_sensors.py for tasks to queue
Filling up the DagBag from /home/airflow/.local/lib/python3.12/site-packages/airflow/example_dags/example_sensors.py
DAG(s) 'example_sensors' retrieved from /home/airflow/.local/lib/python3.12/site-packages/airflow/example_dags/example_sensors.py
Sync 1 DAGs
Setting next_dagrun for example_sensors to None, run_after=None
Processing /home/airflow/.local/lib/python3.12/site-packages/airflow/example_dags/example_sensors.py took 0.048 seconds
Started process (PID=89425) to work on /home/airflow/.local/lib/python3.12/site-packages/airflow/example_dags/example_sensors.py
Processing file /home/airflow/.local/lib/python3.12/site-packages/airflow/example_dags/example_sensors.py for tasks to queue
Filling up the DagBag from /home/airflow/.local/lib/python3.12/site-packages/airflow/example_dags/example_sensors.py
DAG(s) 'example_sensors' retrieved from /home/airflow/.local/lib/python3.12/site-packages/airflow/example_dags/example_sensors.py
Sync 1 DAGs
Setting next_dagrun for example_sensors to None, run_after=None
Processing /home/airflow/.local/lib/python3.12/site-packages/airflow/example_dags/example_sensors.py took 0.048 seconds
Started process (PID=89509) to work on /home/airflow/.local/lib/python3.12/site-packages/airflow/example_dags/example_sensors.py
Processing file /home/airflow/.local/lib/python3.12/site-packages/airflow/example_dags/example_sensors.py for tasks to queue
Filling up the DagBag from /home/airflow/.local/lib/python3.12/site-packages/airflow/example_dags/example_sensors.py
DAG(s) 'example_sensors' retrieved from /home/airflow/.local/lib/python3.12/site-packages/airflow/example_dags/example_sensors.py
Sync 1 DAGs
Setting next_dagrun for example_sensors to None, run_after=None
Processing /home/airflow/.local/lib/python3.12/site-packages/airflow/example_dags/example_sensors.py took 0.048 seconds
Started process (PID=89586) to work on /home/airflow/.local/lib/python3.12/site-packages/airflow/example_dags/example_sensors.py
Processing file /home/airflow/.local/lib/python3.12/site-packages/airflow/example_dags/example_sensors.py for tasks to queue
Filling up the DagBag from /home/airflow/.local/lib/python3.12/site-packages/airflow/example_dags/example_sensors.py
DAG(s) 'example_sensors' retrieved from /home/airflow/.local/lib/python3.12/site-packages/airflow/example_dags/example_sensors.py
Sync 1 DAGs
Setting next_dagrun for example_sensors to None, run_after=None
Processing /home/airflow/.local/lib/python3.12/site-packages/airflow/example_dags/example_sensors.py took 0.393 seconds
Started process (PID=89670) to work on /home/airflow/.local/lib/python3.12/site-packages/airflow/example_dags/example_sensors.py
Processing file /home/airflow/.local/lib/python3.12/site-packages/airflow/example_dags/example_sensors.py for tasks to queue
Filling up the DagBag from /home/airflow/.local/lib/python3.12/site-packages/airflow/example_dags/example_sensors.py
DAG(s) 'example_sensors' retrieved from /home/airflow/.local/lib/python3.12/site-packages/airflow/example_dags/example_sensors.py
Sync 1 DAGs
Setting next_dagrun for example_sensors to None, run_after=None
Processing /home/airflow/.local/lib/python3.12/site-packages/airflow/example_dags/example_sensors.py took 0.046 seconds
Started process (PID=89754) to work on /home/airflow/.local/lib/python3.12/site-packages/airflow/example_dags/example_sensors.py
Processing file /home/airflow/.local/lib/python3.12/site-packages/airflow/example_dags/example_sensors.py for tasks to queue
Filling up the DagBag from /home/airflow/.local/lib/python3.12/site-packages/airflow/example_dags/example_sensors.py
DAG(s) 'example_sensors' retrieved from /home/airflow/.local/lib/python3.12/site-packages/airflow/example_dags/example_sensors.py
Sync 1 DAGs
Setting next_dagrun for example_sensors to None, run_after=None
Processing /home/airflow/.local/lib/python3.12/site-packages/airflow/example_dags/example_sensors.py took 0.051 seconds
Started process (PID=89831) to work on /home/airflow/.local/lib/python3.12/site-packages/airflow/example_dags/example_sensors.py
Processing file /home/airflow/.local/lib/python3.12/site-packages/airflow/example_dags/example_sensors.py for tasks to queue
Filling up the DagBag from /home/airflow/.local/lib/python3.12/site-packages/airflow/example_dags/example_sensors.py
DAG(s) 'example_sensors' retrieved from /home/airflow/.local/lib/python3.12/site-packages/airflow/example_dags/example_sensors.py
Sync 1 DAGs
Setting next_dagrun for example_sensors to None, run_after=None
Processing /home/airflow/.local/lib/python3.12/site-packages/airflow/example_dags/example_sensors.py took 0.057 seconds
Started process (PID=89915) to work on /home/airflow/.local/lib/python3.12/site-packages/airflow/example_dags/example_sensors.py
Processing file /home/airflow/.local/lib/python3.12/site-packages/airflow/example_dags/example_sensors.py for tasks to queue
Filling up the DagBag from /home/airflow/.local/lib/python3.12/site-packages/airflow/example_dags/example_sensors.py
DAG(s) 'example_sensors' retrieved from /home/airflow/.local/lib/python3.12/site-packages/airflow/example_dags/example_sensors.py
Sync 1 DAGs
Setting next_dagrun for example_sensors to None, run_after=None
Processing /home/airflow/.local/lib/python3.12/site-packages/airflow/example_dags/example_sensors.py took 0.047 seconds
Started process (PID=89993) to work on /home/airflow/.local/lib/python3.12/site-packages/airflow/example_dags/example_sensors.py
Processing file /home/airflow/.local/lib/python3.12/site-packages/airflow/example_dags/example_sensors.py for tasks to queue
Filling up the DagBag from /home/airflow/.local/lib/python3.12/site-packages/airflow/example_dags/example_sensors.py
DAG(s) 'example_sensors' retrieved from /home/airflow/.local/lib/python3.12/site-packages/airflow/example_dags/example_sensors.py
Sync 1 DAGs
Setting next_dagrun for example_sensors to None, run_after=None
Processing /home/airflow/.local/lib/python3.12/site-packages/airflow/example_dags/example_sensors.py took 0.047 seconds
Started process (PID=90077) to work on /home/airflow/.local/lib/python3.12/site-packages/airflow/example_dags/example_sensors.py
Processing file /home/airflow/.local/lib/python3.12/site-packages/airflow/example_dags/example_sensors.py for tasks to queue
Filling up the DagBag from /home/airflow/.local/lib/python3.12/site-packages/airflow/example_dags/example_sensors.py
DAG(s) 'example_sensors' retrieved from /home/airflow/.local/lib/python3.12/site-packages/airflow/example_dags/example_sensors.py
Sync 1 DAGs
Setting next_dagrun for example_sensors to None, run_after=None
Processing /home/airflow/.local/lib/python3.12/site-packages/airflow/example_dags/example_sensors.py took 0.048 seconds
Started process (PID=90154) to work on /home/airflow/.local/lib/python3.12/site-packages/airflow/example_dags/example_sensors.py
Processing file /home/airflow/.local/lib/python3.12/site-packages/airflow/example_dags/example_sensors.py for tasks to queue
Filling up the DagBag from /home/airflow/.local/lib/python3.12/site-packages/airflow/example_dags/example_sensors.py
DAG(s) 'example_sensors' retrieved from /home/airflow/.local/lib/python3.12/site-packages/airflow/example_dags/example_sensors.py
Sync 1 DAGs
Setting next_dagrun for example_sensors to None, run_after=None
Processing /home/airflow/.local/lib/python3.12/site-packages/airflow/example_dags/example_sensors.py took 0.049 seconds
Started process (PID=90238) to work on /home/airflow/.local/lib/python3.12/site-packages/airflow/example_dags/example_sensors.py
Processing file /home/airflow/.local/lib/python3.12/site-packages/airflow/example_dags/example_sensors.py for tasks to queue
Filling up the DagBag from /home/airflow/.local/lib/python3.12/site-packages/airflow/example_dags/example_sensors.py
DAG(s) 'example_sensors' retrieved from /home/airflow/.local/lib/python3.12/site-packages/airflow/example_dags/example_sensors.py
Sync 1 DAGs
Setting next_dagrun for example_sensors to None, run_after=None
Processing /home/airflow/.local/lib/python3.12/site-packages/airflow/example_dags/example_sensors.py took 0.049 seconds
Started process (PID=90322) to work on /home/airflow/.local/lib/python3.12/site-packages/airflow/example_dags/example_sensors.py
Processing file /home/airflow/.local/lib/python3.12/site-packages/airflow/example_dags/example_sensors.py for tasks to queue
Filling up the DagBag from /home/airflow/.local/lib/python3.12/site-packages/airflow/example_dags/example_sensors.py
DAG(s) 'example_sensors' retrieved from /home/airflow/.local/lib/python3.12/site-packages/airflow/example_dags/example_sensors.py
Sync 1 DAGs
Setting next_dagrun for example_sensors to None, run_after=None
Processing /home/airflow/.local/lib/python3.12/site-packages/airflow/example_dags/example_sensors.py took 0.049 seconds
Started process (PID=90399) to work on /home/airflow/.local/lib/python3.12/site-packages/airflow/example_dags/example_sensors.py
Processing file /home/airflow/.local/lib/python3.12/site-packages/airflow/example_dags/example_sensors.py for tasks to queue
Filling up the DagBag from /home/airflow/.local/lib/python3.12/site-packages/airflow/example_dags/example_sensors.py
DAG(s) 'example_sensors' retrieved from /home/airflow/.local/lib/python3.12/site-packages/airflow/example_dags/example_sensors.py
Sync 1 DAGs
Setting next_dagrun for example_sensors to None, run_after=None
Processing /home/airflow/.local/lib/python3.12/site-packages/airflow/example_dags/example_sensors.py took 0.047 seconds
Started process (PID=90483) to work on /home/airflow/.local/lib/python3.12/site-packages/airflow/example_dags/example_sensors.py
Processing file /home/airflow/.local/lib/python3.12/site-packages/airflow/example_dags/example_sensors.py for tasks to queue
Filling up the DagBag from /home/airflow/.local/lib/python3.12/site-packages/airflow/example_dags/example_sensors.py
DAG(s) 'example_sensors' retrieved from /home/airflow/.local/lib/python3.12/site-packages/airflow/example_dags/example_sensors.py
Sync 1 DAGs
Setting next_dagrun for example_sensors to None, run_after=None
Processing /home/airflow/.local/lib/python3.12/site-packages/airflow/example_dags/example_sensors.py took 0.048 seconds
Started process (PID=90560) to work on /home/airflow/.local/lib/python3.12/site-packages/airflow/example_dags/example_sensors.py
Processing file /home/airflow/.local/lib/python3.12/site-packages/airflow/example_dags/example_sensors.py for tasks to queue
Filling up the DagBag from /home/airflow/.local/lib/python3.12/site-packages/airflow/example_dags/example_sensors.py
DAG(s) 'example_sensors' retrieved from /home/airflow/.local/lib/python3.12/site-packages/airflow/example_dags/example_sensors.py
Sync 1 DAGs
Setting next_dagrun for example_sensors to None, run_after=None
Processing /home/airflow/.local/lib/python3.12/site-packages/airflow/example_dags/example_sensors.py took 0.049 seconds
Started process (PID=90644) to work on /home/airflow/.local/lib/python3.12/site-packages/airflow/example_dags/example_sensors.py
Processing file /home/airflow/.local/lib/python3.12/site-packages/airflow/example_dags/example_sensors.py for tasks to queue
Filling up the DagBag from /home/airflow/.local/lib/python3.12/site-packages/airflow/example_dags/example_sensors.py
DAG(s) 'example_sensors' retrieved from /home/airflow/.local/lib/python3.12/site-packages/airflow/example_dags/example_sensors.py
Sync 1 DAGs
Setting next_dagrun for example_sensors to None, run_after=None
Processing /home/airflow/.local/lib/python3.12/site-packages/airflow/example_dags/example_sensors.py took 0.050 seconds
Started process (PID=90721) to work on /home/airflow/.local/lib/python3.12/site-packages/airflow/example_dags/example_sensors.py
Processing file /home/airflow/.local/lib/python3.12/site-packages/airflow/example_dags/example_sensors.py for tasks to queue
Filling up the DagBag from /home/airflow/.local/lib/python3.12/site-packages/airflow/example_dags/example_sensors.py
DAG(s) 'example_sensors' retrieved from /home/airflow/.local/lib/python3.12/site-packages/airflow/example_dags/example_sensors.py
Sync 1 DAGs
Setting next_dagrun for example_sensors to None, run_after=None
Processing /home/airflow/.local/lib/python3.12/site-packages/airflow/example_dags/example_sensors.py took 0.047 seconds
Started process (PID=90807) to work on /home/airflow/.local/lib/python3.12/site-packages/airflow/example_dags/example_sensors.py
Processing file /home/airflow/.local/lib/python3.12/site-packages/airflow/example_dags/example_sensors.py for tasks to queue
Filling up the DagBag from /home/airflow/.local/lib/python3.12/site-packages/airflow/example_dags/example_sensors.py
DAG(s) 'example_sensors' retrieved from /home/airflow/.local/lib/python3.12/site-packages/airflow/example_dags/example_sensors.py
Sync 1 DAGs
Setting next_dagrun for example_sensors to None, run_after=None
Processing /home/airflow/.local/lib/python3.12/site-packages/airflow/example_dags/example_sensors.py took 0.050 seconds
Started process (PID=90891) to work on /home/airflow/.local/lib/python3.12/site-packages/airflow/example_dags/example_sensors.py
Processing file /home/airflow/.local/lib/python3.12/site-packages/airflow/example_dags/example_sensors.py for tasks to queue
Filling up the DagBag from /home/airflow/.local/lib/python3.12/site-packages/airflow/example_dags/example_sensors.py
DAG(s) 'example_sensors' retrieved from /home/airflow/.local/lib/python3.12/site-packages/airflow/example_dags/example_sensors.py
Sync 1 DAGs
Setting next_dagrun for example_sensors to None, run_after=None
Processing /home/airflow/.local/lib/python3.12/site-packages/airflow/example_dags/example_sensors.py took 0.053 seconds
Started process (PID=90968) to work on /home/airflow/.local/lib/python3.12/site-packages/airflow/example_dags/example_sensors.py
Processing file /home/airflow/.local/lib/python3.12/site-packages/airflow/example_dags/example_sensors.py for tasks to queue
Filling up the DagBag from /home/airflow/.local/lib/python3.12/site-packages/airflow/example_dags/example_sensors.py
DAG(s) 'example_sensors' retrieved from /home/airflow/.local/lib/python3.12/site-packages/airflow/example_dags/example_sensors.py
Sync 1 DAGs
Setting next_dagrun for example_sensors to None, run_after=None
Processing /home/airflow/.local/lib/python3.12/site-packages/airflow/example_dags/example_sensors.py took 0.046 seconds
Started process (PID=91052) to work on /home/airflow/.local/lib/python3.12/site-packages/airflow/example_dags/example_sensors.py
Processing file /home/airflow/.local/lib/python3.12/site-packages/airflow/example_dags/example_sensors.py for tasks to queue
Filling up the DagBag from /home/airflow/.local/lib/python3.12/site-packages/airflow/example_dags/example_sensors.py
DAG(s) 'example_sensors' retrieved from /home/airflow/.local/lib/python3.12/site-packages/airflow/example_dags/example_sensors.py
Sync 1 DAGs
Setting next_dagrun for example_sensors to None, run_after=None
Processing /home/airflow/.local/lib/python3.12/site-packages/airflow/example_dags/example_sensors.py took 0.046 seconds
Started process (PID=91129) to work on /home/airflow/.local/lib/python3.12/site-packages/airflow/example_dags/example_sensors.py
Processing file /home/airflow/.local/lib/python3.12/site-packages/airflow/example_dags/example_sensors.py for tasks to queue
Filling up the DagBag from /home/airflow/.local/lib/python3.12/site-packages/airflow/example_dags/example_sensors.py
DAG(s) 'example_sensors' retrieved from /home/airflow/.local/lib/python3.12/site-packages/airflow/example_dags/example_sensors.py
Sync 1 DAGs
Setting next_dagrun for example_sensors to None, run_after=None
Processing /home/airflow/.local/lib/python3.12/site-packages/airflow/example_dags/example_sensors.py took 0.047 seconds
Started process (PID=91213) to work on /home/airflow/.local/lib/python3.12/site-packages/airflow/example_dags/example_sensors.py
Processing file /home/airflow/.local/lib/python3.12/site-packages/airflow/example_dags/example_sensors.py for tasks to queue
Filling up the DagBag from /home/airflow/.local/lib/python3.12/site-packages/airflow/example_dags/example_sensors.py
DAG(s) 'example_sensors' retrieved from /home/airflow/.local/lib/python3.12/site-packages/airflow/example_dags/example_sensors.py
Sync 1 DAGs
Setting next_dagrun for example_sensors to None, run_after=None
Processing /home/airflow/.local/lib/python3.12/site-packages/airflow/example_dags/example_sensors.py took 0.047 seconds
Started process (PID=91297) to work on /home/airflow/.local/lib/python3.12/site-packages/airflow/example_dags/example_sensors.py
Processing file /home/airflow/.local/lib/python3.12/site-packages/airflow/example_dags/example_sensors.py for tasks to queue
Filling up the DagBag from /home/airflow/.local/lib/python3.12/site-packages/airflow/example_dags/example_sensors.py
DAG(s) 'example_sensors' retrieved from /home/airflow/.local/lib/python3.12/site-packages/airflow/example_dags/example_sensors.py
Sync 1 DAGs
Setting next_dagrun for example_sensors to None, run_after=None
Processing /home/airflow/.local/lib/python3.12/site-packages/airflow/example_dags/example_sensors.py took 0.051 seconds
Started process (PID=91374) to work on /home/airflow/.local/lib/python3.12/site-packages/airflow/example_dags/example_sensors.py
Processing file /home/airflow/.local/lib/python3.12/site-packages/airflow/example_dags/example_sensors.py for tasks to queue
Filling up the DagBag from /home/airflow/.local/lib/python3.12/site-packages/airflow/example_dags/example_sensors.py
DAG(s) 'example_sensors' retrieved from /home/airflow/.local/lib/python3.12/site-packages/airflow/example_dags/example_sensors.py
Sync 1 DAGs
Setting next_dagrun for example_sensors to None, run_after=None
Processing /home/airflow/.local/lib/python3.12/site-packages/airflow/example_dags/example_sensors.py took 0.046 seconds
Started process (PID=91458) to work on /home/airflow/.local/lib/python3.12/site-packages/airflow/example_dags/example_sensors.py
Processing file /home/airflow/.local/lib/python3.12/site-packages/airflow/example_dags/example_sensors.py for tasks to queue
Filling up the DagBag from /home/airflow/.local/lib/python3.12/site-packages/airflow/example_dags/example_sensors.py
DAG(s) 'example_sensors' retrieved from /home/airflow/.local/lib/python3.12/site-packages/airflow/example_dags/example_sensors.py
Sync 1 DAGs
Setting next_dagrun for example_sensors to None, run_after=None
Processing /home/airflow/.local/lib/python3.12/site-packages/airflow/example_dags/example_sensors.py took 0.051 seconds
Started process (PID=91535) to work on /home/airflow/.local/lib/python3.12/site-packages/airflow/example_dags/example_sensors.py
Processing file /home/airflow/.local/lib/python3.12/site-packages/airflow/example_dags/example_sensors.py for tasks to queue
Filling up the DagBag from /home/airflow/.local/lib/python3.12/site-packages/airflow/example_dags/example_sensors.py
DAG(s) 'example_sensors' retrieved from /home/airflow/.local/lib/python3.12/site-packages/airflow/example_dags/example_sensors.py
Sync 1 DAGs
Setting next_dagrun for example_sensors to None, run_after=None
Processing /home/airflow/.local/lib/python3.12/site-packages/airflow/example_dags/example_sensors.py took 0.047 seconds
Started process (PID=91619) to work on /home/airflow/.local/lib/python3.12/site-packages/airflow/example_dags/example_sensors.py
Processing file /home/airflow/.local/lib/python3.12/site-packages/airflow/example_dags/example_sensors.py for tasks to queue
Filling up the DagBag from /home/airflow/.local/lib/python3.12/site-packages/airflow/example_dags/example_sensors.py
DAG(s) 'example_sensors' retrieved from /home/airflow/.local/lib/python3.12/site-packages/airflow/example_dags/example_sensors.py
Sync 1 DAGs
Setting next_dagrun for example_sensors to None, run_after=None
Processing /home/airflow/.local/lib/python3.12/site-packages/airflow/example_dags/example_sensors.py took 0.047 seconds
Started process (PID=91704) to work on /home/airflow/.local/lib/python3.12/site-packages/airflow/example_dags/example_sensors.py
Processing file /home/airflow/.local/lib/python3.12/site-packages/airflow/example_dags/example_sensors.py for tasks to queue
Filling up the DagBag from /home/airflow/.local/lib/python3.12/site-packages/airflow/example_dags/example_sensors.py
DAG(s) 'example_sensors' retrieved from /home/airflow/.local/lib/python3.12/site-packages/airflow/example_dags/example_sensors.py
Sync 1 DAGs
Setting next_dagrun for example_sensors to None, run_after=None
Processing /home/airflow/.local/lib/python3.12/site-packages/airflow/example_dags/example_sensors.py took 0.052 seconds
Started process (PID=91783) to work on /home/airflow/.local/lib/python3.12/site-packages/airflow/example_dags/example_sensors.py
Processing file /home/airflow/.local/lib/python3.12/site-packages/airflow/example_dags/example_sensors.py for tasks to queue
Filling up the DagBag from /home/airflow/.local/lib/python3.12/site-packages/airflow/example_dags/example_sensors.py
DAG(s) 'example_sensors' retrieved from /home/airflow/.local/lib/python3.12/site-packages/airflow/example_dags/example_sensors.py
Sync 1 DAGs
Setting next_dagrun for example_sensors to None, run_after=None
Processing /home/airflow/.local/lib/python3.12/site-packages/airflow/example_dags/example_sensors.py took 0.426 seconds
Started process (PID=91867) to work on /home/airflow/.local/lib/python3.12/site-packages/airflow/example_dags/example_sensors.py
Processing file /home/airflow/.local/lib/python3.12/site-packages/airflow/example_dags/example_sensors.py for tasks to queue
Filling up the DagBag from /home/airflow/.local/lib/python3.12/site-packages/airflow/example_dags/example_sensors.py
DAG(s) 'example_sensors' retrieved from /home/airflow/.local/lib/python3.12/site-packages/airflow/example_dags/example_sensors.py
Sync 1 DAGs
Setting next_dagrun for example_sensors to None, run_after=None
Processing /home/airflow/.local/lib/python3.12/site-packages/airflow/example_dags/example_sensors.py took 0.048 seconds
Started process (PID=91951) to work on /home/airflow/.local/lib/python3.12/site-packages/airflow/example_dags/example_sensors.py
Processing file /home/airflow/.local/lib/python3.12/site-packages/airflow/example_dags/example_sensors.py for tasks to queue
Filling up the DagBag from /home/airflow/.local/lib/python3.12/site-packages/airflow/example_dags/example_sensors.py
DAG(s) 'example_sensors' retrieved from /home/airflow/.local/lib/python3.12/site-packages/airflow/example_dags/example_sensors.py
Sync 1 DAGs
Setting next_dagrun for example_sensors to None, run_after=None
Processing /home/airflow/.local/lib/python3.12/site-packages/airflow/example_dags/example_sensors.py took 0.052 seconds
Started process (PID=92028) to work on /home/airflow/.local/lib/python3.12/site-packages/airflow/example_dags/example_sensors.py
Processing file /home/airflow/.local/lib/python3.12/site-packages/airflow/example_dags/example_sensors.py for tasks to queue
Filling up the DagBag from /home/airflow/.local/lib/python3.12/site-packages/airflow/example_dags/example_sensors.py
DAG(s) 'example_sensors' retrieved from /home/airflow/.local/lib/python3.12/site-packages/airflow/example_dags/example_sensors.py
Sync 1 DAGs
Setting next_dagrun for example_sensors to None, run_after=None
Processing /home/airflow/.local/lib/python3.12/site-packages/airflow/example_dags/example_sensors.py took 0.047 seconds
Started process (PID=92112) to work on /home/airflow/.local/lib/python3.12/site-packages/airflow/example_dags/example_sensors.py
Processing file /home/airflow/.local/lib/python3.12/site-packages/airflow/example_dags/example_sensors.py for tasks to queue
Filling up the DagBag from /home/airflow/.local/lib/python3.12/site-packages/airflow/example_dags/example_sensors.py
DAG(s) 'example_sensors' retrieved from /home/airflow/.local/lib/python3.12/site-packages/airflow/example_dags/example_sensors.py
Sync 1 DAGs
Setting next_dagrun for example_sensors to None, run_after=None
Processing /home/airflow/.local/lib/python3.12/site-packages/airflow/example_dags/example_sensors.py took 0.050 seconds
Started process (PID=92190) to work on /home/airflow/.local/lib/python3.12/site-packages/airflow/example_dags/example_sensors.py
Processing file /home/airflow/.local/lib/python3.12/site-packages/airflow/example_dags/example_sensors.py for tasks to queue
Filling up the DagBag from /home/airflow/.local/lib/python3.12/site-packages/airflow/example_dags/example_sensors.py
DAG(s) 'example_sensors' retrieved from /home/airflow/.local/lib/python3.12/site-packages/airflow/example_dags/example_sensors.py
Sync 1 DAGs
Setting next_dagrun for example_sensors to None, run_after=None
Processing /home/airflow/.local/lib/python3.12/site-packages/airflow/example_dags/example_sensors.py took 0.047 seconds
Started process (PID=92275) to work on /home/airflow/.local/lib/python3.12/site-packages/airflow/example_dags/example_sensors.py
Processing file /home/airflow/.local/lib/python3.12/site-packages/airflow/example_dags/example_sensors.py for tasks to queue
Filling up the DagBag from /home/airflow/.local/lib/python3.12/site-packages/airflow/example_dags/example_sensors.py
DAG(s) 'example_sensors' retrieved from /home/airflow/.local/lib/python3.12/site-packages/airflow/example_dags/example_sensors.py
Sync 1 DAGs
Setting next_dagrun for example_sensors to None, run_after=None
Processing /home/airflow/.local/lib/python3.12/site-packages/airflow/example_dags/example_sensors.py took 0.052 seconds
Started process (PID=92353) to work on /home/airflow/.local/lib/python3.12/site-packages/airflow/example_dags/example_sensors.py
Processing file /home/airflow/.local/lib/python3.12/site-packages/airflow/example_dags/example_sensors.py for tasks to queue
Filling up the DagBag from /home/airflow/.local/lib/python3.12/site-packages/airflow/example_dags/example_sensors.py
DAG(s) 'example_sensors' retrieved from /home/airflow/.local/lib/python3.12/site-packages/airflow/example_dags/example_sensors.py
Sync 1 DAGs
Setting next_dagrun for example_sensors to None, run_after=None
Processing /home/airflow/.local/lib/python3.12/site-packages/airflow/example_dags/example_sensors.py took 0.047 seconds
Started process (PID=92437) to work on /home/airflow/.local/lib/python3.12/site-packages/airflow/example_dags/example_sensors.py
Processing file /home/airflow/.local/lib/python3.12/site-packages/airflow/example_dags/example_sensors.py for tasks to queue
Filling up the DagBag from /home/airflow/.local/lib/python3.12/site-packages/airflow/example_dags/example_sensors.py
DAG(s) 'example_sensors' retrieved from /home/airflow/.local/lib/python3.12/site-packages/airflow/example_dags/example_sensors.py
Sync 1 DAGs
Setting next_dagrun for example_sensors to None, run_after=None
Processing /home/airflow/.local/lib/python3.12/site-packages/airflow/example_dags/example_sensors.py took 0.047 seconds
Started process (PID=92519) to work on /home/airflow/.local/lib/python3.12/site-packages/airflow/example_dags/example_sensors.py
Processing file /home/airflow/.local/lib/python3.12/site-packages/airflow/example_dags/example_sensors.py for tasks to queue
Filling up the DagBag from /home/airflow/.local/lib/python3.12/site-packages/airflow/example_dags/example_sensors.py
DAG(s) 'example_sensors' retrieved from /home/airflow/.local/lib/python3.12/site-packages/airflow/example_dags/example_sensors.py
Sync 1 DAGs
Setting next_dagrun for example_sensors to None, run_after=None
Processing /home/airflow/.local/lib/python3.12/site-packages/airflow/example_dags/example_sensors.py took 1.240 seconds
Started process (PID=92597) to work on /home/airflow/.local/lib/python3.12/site-packages/airflow/example_dags/example_sensors.py
Processing file /home/airflow/.local/lib/python3.12/site-packages/airflow/example_dags/example_sensors.py for tasks to queue
Filling up the DagBag from /home/airflow/.local/lib/python3.12/site-packages/airflow/example_dags/example_sensors.py
DAG(s) 'example_sensors' retrieved from /home/airflow/.local/lib/python3.12/site-packages/airflow/example_dags/example_sensors.py
Sync 1 DAGs
Setting next_dagrun for example_sensors to None, run_after=None
Processing /home/airflow/.local/lib/python3.12/site-packages/airflow/example_dags/example_sensors.py took 0.049 seconds
Started process (PID=92680) to work on /home/airflow/.local/lib/python3.12/site-packages/airflow/example_dags/example_sensors.py
Processing file /home/airflow/.local/lib/python3.12/site-packages/airflow/example_dags/example_sensors.py for tasks to queue
Filling up the DagBag from /home/airflow/.local/lib/python3.12/site-packages/airflow/example_dags/example_sensors.py
DAG(s) 'example_sensors' retrieved from /home/airflow/.local/lib/python3.12/site-packages/airflow/example_dags/example_sensors.py
Sync 1 DAGs
Setting next_dagrun for example_sensors to None, run_after=None
Processing /home/airflow/.local/lib/python3.12/site-packages/airflow/example_dags/example_sensors.py took 0.046 seconds
Started process (PID=92773) to work on /home/airflow/.local/lib/python3.12/site-packages/airflow/example_dags/example_sensors.py
Processing file /home/airflow/.local/lib/python3.12/site-packages/airflow/example_dags/example_sensors.py for tasks to queue
Filling up the DagBag from /home/airflow/.local/lib/python3.12/site-packages/airflow/example_dags/example_sensors.py
DAG(s) 'example_sensors' retrieved from /home/airflow/.local/lib/python3.12/site-packages/airflow/example_dags/example_sensors.py
Sync 1 DAGs
Setting next_dagrun for example_sensors to None, run_after=None
Processing /home/airflow/.local/lib/python3.12/site-packages/airflow/example_dags/example_sensors.py took 0.048 seconds
Started process (PID=92851) to work on /home/airflow/.local/lib/python3.12/site-packages/airflow/example_dags/example_sensors.py
Processing file /home/airflow/.local/lib/python3.12/site-packages/airflow/example_dags/example_sensors.py for tasks to queue
Filling up the DagBag from /home/airflow/.local/lib/python3.12/site-packages/airflow/example_dags/example_sensors.py
DAG(s) 'example_sensors' retrieved from /home/airflow/.local/lib/python3.12/site-packages/airflow/example_dags/example_sensors.py
Sync 1 DAGs
Setting next_dagrun for example_sensors to None, run_after=None
Processing /home/airflow/.local/lib/python3.12/site-packages/airflow/example_dags/example_sensors.py took 0.048 seconds
Started process (PID=92936) to work on /home/airflow/.local/lib/python3.12/site-packages/airflow/example_dags/example_sensors.py
Processing file /home/airflow/.local/lib/python3.12/site-packages/airflow/example_dags/example_sensors.py for tasks to queue
Filling up the DagBag from /home/airflow/.local/lib/python3.12/site-packages/airflow/example_dags/example_sensors.py
DAG(s) 'example_sensors' retrieved from /home/airflow/.local/lib/python3.12/site-packages/airflow/example_dags/example_sensors.py
Sync 1 DAGs
Setting next_dagrun for example_sensors to None, run_after=None
Processing /home/airflow/.local/lib/python3.12/site-packages/airflow/example_dags/example_sensors.py took 0.050 seconds
Started process (PID=93013) to work on /home/airflow/.local/lib/python3.12/site-packages/airflow/example_dags/example_sensors.py
Processing file /home/airflow/.local/lib/python3.12/site-packages/airflow/example_dags/example_sensors.py for tasks to queue
Filling up the DagBag from /home/airflow/.local/lib/python3.12/site-packages/airflow/example_dags/example_sensors.py
DAG(s) 'example_sensors' retrieved from /home/airflow/.local/lib/python3.12/site-packages/airflow/example_dags/example_sensors.py
Sync 1 DAGs
Setting next_dagrun for example_sensors to None, run_after=None
Processing /home/airflow/.local/lib/python3.12/site-packages/airflow/example_dags/example_sensors.py took 0.051 seconds
Started process (PID=93097) to work on /home/airflow/.local/lib/python3.12/site-packages/airflow/example_dags/example_sensors.py
Processing file /home/airflow/.local/lib/python3.12/site-packages/airflow/example_dags/example_sensors.py for tasks to queue
Filling up the DagBag from /home/airflow/.local/lib/python3.12/site-packages/airflow/example_dags/example_sensors.py
DAG(s) 'example_sensors' retrieved from /home/airflow/.local/lib/python3.12/site-packages/airflow/example_dags/example_sensors.py
Sync 1 DAGs
Setting next_dagrun for example_sensors to None, run_after=None
Processing /home/airflow/.local/lib/python3.12/site-packages/airflow/example_dags/example_sensors.py took 0.048 seconds
Started process (PID=93174) to work on /home/airflow/.local/lib/python3.12/site-packages/airflow/example_dags/example_sensors.py
Processing file /home/airflow/.local/lib/python3.12/site-packages/airflow/example_dags/example_sensors.py for tasks to queue
Filling up the DagBag from /home/airflow/.local/lib/python3.12/site-packages/airflow/example_dags/example_sensors.py
DAG(s) 'example_sensors' retrieved from /home/airflow/.local/lib/python3.12/site-packages/airflow/example_dags/example_sensors.py
Sync 1 DAGs
Setting next_dagrun for example_sensors to None, run_after=None
Processing /home/airflow/.local/lib/python3.12/site-packages/airflow/example_dags/example_sensors.py took 0.047 seconds
Started process (PID=93259) to work on /home/airflow/.local/lib/python3.12/site-packages/airflow/example_dags/example_sensors.py
Processing file /home/airflow/.local/lib/python3.12/site-packages/airflow/example_dags/example_sensors.py for tasks to queue
Filling up the DagBag from /home/airflow/.local/lib/python3.12/site-packages/airflow/example_dags/example_sensors.py
DAG(s) 'example_sensors' retrieved from /home/airflow/.local/lib/python3.12/site-packages/airflow/example_dags/example_sensors.py
Sync 1 DAGs
Setting next_dagrun for example_sensors to None, run_after=None
Processing /home/airflow/.local/lib/python3.12/site-packages/airflow/example_dags/example_sensors.py took 0.047 seconds
Started process (PID=93336) to work on /home/airflow/.local/lib/python3.12/site-packages/airflow/example_dags/example_sensors.py
Processing file /home/airflow/.local/lib/python3.12/site-packages/airflow/example_dags/example_sensors.py for tasks to queue
Filling up the DagBag from /home/airflow/.local/lib/python3.12/site-packages/airflow/example_dags/example_sensors.py
DAG(s) 'example_sensors' retrieved from /home/airflow/.local/lib/python3.12/site-packages/airflow/example_dags/example_sensors.py
Sync 1 DAGs
Setting next_dagrun for example_sensors to None, run_after=None
Processing /home/airflow/.local/lib/python3.12/site-packages/airflow/example_dags/example_sensors.py took 0.048 seconds
Started process (PID=93420) to work on /home/airflow/.local/lib/python3.12/site-packages/airflow/example_dags/example_sensors.py
Processing file /home/airflow/.local/lib/python3.12/site-packages/airflow/example_dags/example_sensors.py for tasks to queue
Filling up the DagBag from /home/airflow/.local/lib/python3.12/site-packages/airflow/example_dags/example_sensors.py
DAG(s) 'example_sensors' retrieved from /home/airflow/.local/lib/python3.12/site-packages/airflow/example_dags/example_sensors.py
Sync 1 DAGs
Setting next_dagrun for example_sensors to None, run_after=None
Processing /home/airflow/.local/lib/python3.12/site-packages/airflow/example_dags/example_sensors.py took 0.048 seconds
Started process (PID=93497) to work on /home/airflow/.local/lib/python3.12/site-packages/airflow/example_dags/example_sensors.py
Processing file /home/airflow/.local/lib/python3.12/site-packages/airflow/example_dags/example_sensors.py for tasks to queue
Filling up the DagBag from /home/airflow/.local/lib/python3.12/site-packages/airflow/example_dags/example_sensors.py
DAG(s) 'example_sensors' retrieved from /home/airflow/.local/lib/python3.12/site-packages/airflow/example_dags/example_sensors.py
Sync 1 DAGs
Setting next_dagrun for example_sensors to None, run_after=None
Processing /home/airflow/.local/lib/python3.12/site-packages/airflow/example_dags/example_sensors.py took 0.048 seconds
Started process (PID=93581) to work on /home/airflow/.local/lib/python3.12/site-packages/airflow/example_dags/example_sensors.py
Processing file /home/airflow/.local/lib/python3.12/site-packages/airflow/example_dags/example_sensors.py for tasks to queue
Filling up the DagBag from /home/airflow/.local/lib/python3.12/site-packages/airflow/example_dags/example_sensors.py
DAG(s) 'example_sensors' retrieved from /home/airflow/.local/lib/python3.12/site-packages/airflow/example_dags/example_sensors.py
Sync 1 DAGs
Setting next_dagrun for example_sensors to None, run_after=None
Processing /home/airflow/.local/lib/python3.12/site-packages/airflow/example_dags/example_sensors.py took 0.048 seconds
Started process (PID=93665) to work on /home/airflow/.local/lib/python3.12/site-packages/airflow/example_dags/example_sensors.py
Processing file /home/airflow/.local/lib/python3.12/site-packages/airflow/example_dags/example_sensors.py for tasks to queue
Filling up the DagBag from /home/airflow/.local/lib/python3.12/site-packages/airflow/example_dags/example_sensors.py
DAG(s) 'example_sensors' retrieved from /home/airflow/.local/lib/python3.12/site-packages/airflow/example_dags/example_sensors.py
Sync 1 DAGs
Setting next_dagrun for example_sensors to None, run_after=None
Processing /home/airflow/.local/lib/python3.12/site-packages/airflow/example_dags/example_sensors.py took 0.050 seconds
Started process (PID=93742) to work on /home/airflow/.local/lib/python3.12/site-packages/airflow/example_dags/example_sensors.py
Processing file /home/airflow/.local/lib/python3.12/site-packages/airflow/example_dags/example_sensors.py for tasks to queue
Filling up the DagBag from /home/airflow/.local/lib/python3.12/site-packages/airflow/example_dags/example_sensors.py
DAG(s) 'example_sensors' retrieved from /home/airflow/.local/lib/python3.12/site-packages/airflow/example_dags/example_sensors.py
Sync 1 DAGs
Setting next_dagrun for example_sensors to None, run_after=None
Processing /home/airflow/.local/lib/python3.12/site-packages/airflow/example_dags/example_sensors.py took 0.047 seconds
Started process (PID=93826) to work on /home/airflow/.local/lib/python3.12/site-packages/airflow/example_dags/example_sensors.py
Processing file /home/airflow/.local/lib/python3.12/site-packages/airflow/example_dags/example_sensors.py for tasks to queue
Filling up the DagBag from /home/airflow/.local/lib/python3.12/site-packages/airflow/example_dags/example_sensors.py
DAG(s) 'example_sensors' retrieved from /home/airflow/.local/lib/python3.12/site-packages/airflow/example_dags/example_sensors.py
Sync 1 DAGs
Setting next_dagrun for example_sensors to None, run_after=None
Processing /home/airflow/.local/lib/python3.12/site-packages/airflow/example_dags/example_sensors.py took 0.046 seconds
Started process (PID=93903) to work on /home/airflow/.local/lib/python3.12/site-packages/airflow/example_dags/example_sensors.py
Processing file /home/airflow/.local/lib/python3.12/site-packages/airflow/example_dags/example_sensors.py for tasks to queue
Filling up the DagBag from /home/airflow/.local/lib/python3.12/site-packages/airflow/example_dags/example_sensors.py
DAG(s) 'example_sensors' retrieved from /home/airflow/.local/lib/python3.12/site-packages/airflow/example_dags/example_sensors.py
Sync 1 DAGs
Setting next_dagrun for example_sensors to None, run_after=None
Processing /home/airflow/.local/lib/python3.12/site-packages/airflow/example_dags/example_sensors.py took 0.048 seconds
Started process (PID=93987) to work on /home/airflow/.local/lib/python3.12/site-packages/airflow/example_dags/example_sensors.py
Processing file /home/airflow/.local/lib/python3.12/site-packages/airflow/example_dags/example_sensors.py for tasks to queue
Filling up the DagBag from /home/airflow/.local/lib/python3.12/site-packages/airflow/example_dags/example_sensors.py
DAG(s) 'example_sensors' retrieved from /home/airflow/.local/lib/python3.12/site-packages/airflow/example_dags/example_sensors.py
Sync 1 DAGs
Setting next_dagrun for example_sensors to None, run_after=None
Processing /home/airflow/.local/lib/python3.12/site-packages/airflow/example_dags/example_sensors.py took 0.049 seconds
Started process (PID=94064) to work on /home/airflow/.local/lib/python3.12/site-packages/airflow/example_dags/example_sensors.py
Processing file /home/airflow/.local/lib/python3.12/site-packages/airflow/example_dags/example_sensors.py for tasks to queue
Filling up the DagBag from /home/airflow/.local/lib/python3.12/site-packages/airflow/example_dags/example_sensors.py
DAG(s) 'example_sensors' retrieved from /home/airflow/.local/lib/python3.12/site-packages/airflow/example_dags/example_sensors.py
Sync 1 DAGs
Setting next_dagrun for example_sensors to None, run_after=None
Processing /home/airflow/.local/lib/python3.12/site-packages/airflow/example_dags/example_sensors.py took 0.050 seconds
Started process (PID=94149) to work on /home/airflow/.local/lib/python3.12/site-packages/airflow/example_dags/example_sensors.py
Processing file /home/airflow/.local/lib/python3.12/site-packages/airflow/example_dags/example_sensors.py for tasks to queue
Filling up the DagBag from /home/airflow/.local/lib/python3.12/site-packages/airflow/example_dags/example_sensors.py
DAG(s) 'example_sensors' retrieved from /home/airflow/.local/lib/python3.12/site-packages/airflow/example_dags/example_sensors.py
Sync 1 DAGs
Setting next_dagrun for example_sensors to None, run_after=None
Processing /home/airflow/.local/lib/python3.12/site-packages/airflow/example_dags/example_sensors.py took 0.051 seconds
Started process (PID=94227) to work on /home/airflow/.local/lib/python3.12/site-packages/airflow/example_dags/example_sensors.py
Processing file /home/airflow/.local/lib/python3.12/site-packages/airflow/example_dags/example_sensors.py for tasks to queue
Filling up the DagBag from /home/airflow/.local/lib/python3.12/site-packages/airflow/example_dags/example_sensors.py
DAG(s) 'example_sensors' retrieved from /home/airflow/.local/lib/python3.12/site-packages/airflow/example_dags/example_sensors.py
Sync 1 DAGs
Setting next_dagrun for example_sensors to None, run_after=None
Processing /home/airflow/.local/lib/python3.12/site-packages/airflow/example_dags/example_sensors.py took 0.047 seconds
Started process (PID=94311) to work on /home/airflow/.local/lib/python3.12/site-packages/airflow/example_dags/example_sensors.py
Processing file /home/airflow/.local/lib/python3.12/site-packages/airflow/example_dags/example_sensors.py for tasks to queue
Filling up the DagBag from /home/airflow/.local/lib/python3.12/site-packages/airflow/example_dags/example_sensors.py
DAG(s) 'example_sensors' retrieved from /home/airflow/.local/lib/python3.12/site-packages/airflow/example_dags/example_sensors.py
Sync 1 DAGs
Setting next_dagrun for example_sensors to None, run_after=None
Processing /home/airflow/.local/lib/python3.12/site-packages/airflow/example_dags/example_sensors.py took 0.048 seconds
Started process (PID=94388) to work on /home/airflow/.local/lib/python3.12/site-packages/airflow/example_dags/example_sensors.py
Processing file /home/airflow/.local/lib/python3.12/site-packages/airflow/example_dags/example_sensors.py for tasks to queue
Filling up the DagBag from /home/airflow/.local/lib/python3.12/site-packages/airflow/example_dags/example_sensors.py
DAG(s) 'example_sensors' retrieved from /home/airflow/.local/lib/python3.12/site-packages/airflow/example_dags/example_sensors.py
Sync 1 DAGs
Setting next_dagrun for example_sensors to None, run_after=None
Processing /home/airflow/.local/lib/python3.12/site-packages/airflow/example_dags/example_sensors.py took 0.047 seconds
Started process (PID=94472) to work on /home/airflow/.local/lib/python3.12/site-packages/airflow/example_dags/example_sensors.py
Processing file /home/airflow/.local/lib/python3.12/site-packages/airflow/example_dags/example_sensors.py for tasks to queue
Filling up the DagBag from /home/airflow/.local/lib/python3.12/site-packages/airflow/example_dags/example_sensors.py
DAG(s) 'example_sensors' retrieved from /home/airflow/.local/lib/python3.12/site-packages/airflow/example_dags/example_sensors.py
Sync 1 DAGs
Setting next_dagrun for example_sensors to None, run_after=None
Processing /home/airflow/.local/lib/python3.12/site-packages/airflow/example_dags/example_sensors.py took 0.055 seconds
Started process (PID=94549) to work on /home/airflow/.local/lib/python3.12/site-packages/airflow/example_dags/example_sensors.py
Processing file /home/airflow/.local/lib/python3.12/site-packages/airflow/example_dags/example_sensors.py for tasks to queue
Filling up the DagBag from /home/airflow/.local/lib/python3.12/site-packages/airflow/example_dags/example_sensors.py
DAG(s) 'example_sensors' retrieved from /home/airflow/.local/lib/python3.12/site-packages/airflow/example_dags/example_sensors.py
Sync 1 DAGs
Setting next_dagrun for example_sensors to None, run_after=None
Processing /home/airflow/.local/lib/python3.12/site-packages/airflow/example_dags/example_sensors.py took 0.051 seconds
Started process (PID=94633) to work on /home/airflow/.local/lib/python3.12/site-packages/airflow/example_dags/example_sensors.py
Processing file /home/airflow/.local/lib/python3.12/site-packages/airflow/example_dags/example_sensors.py for tasks to queue
Filling up the DagBag from /home/airflow/.local/lib/python3.12/site-packages/airflow/example_dags/example_sensors.py
DAG(s) 'example_sensors' retrieved from /home/airflow/.local/lib/python3.12/site-packages/airflow/example_dags/example_sensors.py
Sync 1 DAGs
Setting next_dagrun for example_sensors to None, run_after=None
Processing /home/airflow/.local/lib/python3.12/site-packages/airflow/example_dags/example_sensors.py took 0.051 seconds
Started process (PID=94710) to work on /home/airflow/.local/lib/python3.12/site-packages/airflow/example_dags/example_sensors.py
Processing file /home/airflow/.local/lib/python3.12/site-packages/airflow/example_dags/example_sensors.py for tasks to queue
Filling up the DagBag from /home/airflow/.local/lib/python3.12/site-packages/airflow/example_dags/example_sensors.py
DAG(s) 'example_sensors' retrieved from /home/airflow/.local/lib/python3.12/site-packages/airflow/example_dags/example_sensors.py
Sync 1 DAGs
Setting next_dagrun for example_sensors to None, run_after=None
Processing /home/airflow/.local/lib/python3.12/site-packages/airflow/example_dags/example_sensors.py took 0.050 seconds
Started process (PID=94797) to work on /home/airflow/.local/lib/python3.12/site-packages/airflow/example_dags/example_sensors.py
Processing file /home/airflow/.local/lib/python3.12/site-packages/airflow/example_dags/example_sensors.py for tasks to queue
Filling up the DagBag from /home/airflow/.local/lib/python3.12/site-packages/airflow/example_dags/example_sensors.py
DAG(s) 'example_sensors' retrieved from /home/airflow/.local/lib/python3.12/site-packages/airflow/example_dags/example_sensors.py
Sync 1 DAGs
Setting next_dagrun for example_sensors to None, run_after=None
Processing /home/airflow/.local/lib/python3.12/site-packages/airflow/example_dags/example_sensors.py took 0.051 seconds
Started process (PID=94881) to work on /home/airflow/.local/lib/python3.12/site-packages/airflow/example_dags/example_sensors.py
Processing file /home/airflow/.local/lib/python3.12/site-packages/airflow/example_dags/example_sensors.py for tasks to queue
Filling up the DagBag from /home/airflow/.local/lib/python3.12/site-packages/airflow/example_dags/example_sensors.py
DAG(s) 'example_sensors' retrieved from /home/airflow/.local/lib/python3.12/site-packages/airflow/example_dags/example_sensors.py
Sync 1 DAGs
Setting next_dagrun for example_sensors to None, run_after=None
Processing /home/airflow/.local/lib/python3.12/site-packages/airflow/example_dags/example_sensors.py took 0.055 seconds
Started process (PID=94964) to work on /home/airflow/.local/lib/python3.12/site-packages/airflow/example_dags/example_sensors.py
Processing file /home/airflow/.local/lib/python3.12/site-packages/airflow/example_dags/example_sensors.py for tasks to queue
Filling up the DagBag from /home/airflow/.local/lib/python3.12/site-packages/airflow/example_dags/example_sensors.py
DAG(s) 'example_sensors' retrieved from /home/airflow/.local/lib/python3.12/site-packages/airflow/example_dags/example_sensors.py
Sync 1 DAGs
Setting next_dagrun for example_sensors to None, run_after=None
Processing /home/airflow/.local/lib/python3.12/site-packages/airflow/example_dags/example_sensors.py took 0.173 seconds
Started process (PID=95041) to work on /home/airflow/.local/lib/python3.12/site-packages/airflow/example_dags/example_sensors.py
Processing file /home/airflow/.local/lib/python3.12/site-packages/airflow/example_dags/example_sensors.py for tasks to queue
Filling up the DagBag from /home/airflow/.local/lib/python3.12/site-packages/airflow/example_dags/example_sensors.py
DAG(s) 'example_sensors' retrieved from /home/airflow/.local/lib/python3.12/site-packages/airflow/example_dags/example_sensors.py
Sync 1 DAGs
Setting next_dagrun for example_sensors to None, run_after=None
Processing /home/airflow/.local/lib/python3.12/site-packages/airflow/example_dags/example_sensors.py took 0.054 seconds
Started process (PID=95125) to work on /home/airflow/.local/lib/python3.12/site-packages/airflow/example_dags/example_sensors.py
Processing file /home/airflow/.local/lib/python3.12/site-packages/airflow/example_dags/example_sensors.py for tasks to queue
Filling up the DagBag from /home/airflow/.local/lib/python3.12/site-packages/airflow/example_dags/example_sensors.py
DAG(s) 'example_sensors' retrieved from /home/airflow/.local/lib/python3.12/site-packages/airflow/example_dags/example_sensors.py
Sync 1 DAGs
Setting next_dagrun for example_sensors to None, run_after=None
Processing /home/airflow/.local/lib/python3.12/site-packages/airflow/example_dags/example_sensors.py took 0.052 seconds
Started process (PID=95202) to work on /home/airflow/.local/lib/python3.12/site-packages/airflow/example_dags/example_sensors.py
Processing file /home/airflow/.local/lib/python3.12/site-packages/airflow/example_dags/example_sensors.py for tasks to queue
Filling up the DagBag from /home/airflow/.local/lib/python3.12/site-packages/airflow/example_dags/example_sensors.py
DAG(s) 'example_sensors' retrieved from /home/airflow/.local/lib/python3.12/site-packages/airflow/example_dags/example_sensors.py
Sync 1 DAGs
Setting next_dagrun for example_sensors to None, run_after=None
Processing /home/airflow/.local/lib/python3.12/site-packages/airflow/example_dags/example_sensors.py took 0.056 seconds
Started process (PID=95286) to work on /home/airflow/.local/lib/python3.12/site-packages/airflow/example_dags/example_sensors.py
Processing file /home/airflow/.local/lib/python3.12/site-packages/airflow/example_dags/example_sensors.py for tasks to queue
Filling up the DagBag from /home/airflow/.local/lib/python3.12/site-packages/airflow/example_dags/example_sensors.py
DAG(s) 'example_sensors' retrieved from /home/airflow/.local/lib/python3.12/site-packages/airflow/example_dags/example_sensors.py
Sync 1 DAGs
Setting next_dagrun for example_sensors to None, run_after=None
Processing /home/airflow/.local/lib/python3.12/site-packages/airflow/example_dags/example_sensors.py took 0.047 seconds
Started process (PID=95363) to work on /home/airflow/.local/lib/python3.12/site-packages/airflow/example_dags/example_sensors.py
Processing file /home/airflow/.local/lib/python3.12/site-packages/airflow/example_dags/example_sensors.py for tasks to queue
Filling up the DagBag from /home/airflow/.local/lib/python3.12/site-packages/airflow/example_dags/example_sensors.py
DAG(s) 'example_sensors' retrieved from /home/airflow/.local/lib/python3.12/site-packages/airflow/example_dags/example_sensors.py
Sync 1 DAGs
Setting next_dagrun for example_sensors to None, run_after=None
Processing /home/airflow/.local/lib/python3.12/site-packages/airflow/example_dags/example_sensors.py took 0.046 seconds
Started process (PID=95447) to work on /home/airflow/.local/lib/python3.12/site-packages/airflow/example_dags/example_sensors.py
Processing file /home/airflow/.local/lib/python3.12/site-packages/airflow/example_dags/example_sensors.py for tasks to queue
Filling up the DagBag from /home/airflow/.local/lib/python3.12/site-packages/airflow/example_dags/example_sensors.py
DAG(s) 'example_sensors' retrieved from /home/airflow/.local/lib/python3.12/site-packages/airflow/example_dags/example_sensors.py
Sync 1 DAGs
Setting next_dagrun for example_sensors to None, run_after=None
Processing /home/airflow/.local/lib/python3.12/site-packages/airflow/example_dags/example_sensors.py took 0.046 seconds
Started process (PID=95524) to work on /home/airflow/.local/lib/python3.12/site-packages/airflow/example_dags/example_sensors.py
Processing file /home/airflow/.local/lib/python3.12/site-packages/airflow/example_dags/example_sensors.py for tasks to queue
Filling up the DagBag from /home/airflow/.local/lib/python3.12/site-packages/airflow/example_dags/example_sensors.py
DAG(s) 'example_sensors' retrieved from /home/airflow/.local/lib/python3.12/site-packages/airflow/example_dags/example_sensors.py
Sync 1 DAGs
Setting next_dagrun for example_sensors to None, run_after=None
Processing /home/airflow/.local/lib/python3.12/site-packages/airflow/example_dags/example_sensors.py took 0.046 seconds
Started process (PID=95608) to work on /home/airflow/.local/lib/python3.12/site-packages/airflow/example_dags/example_sensors.py
Processing file /home/airflow/.local/lib/python3.12/site-packages/airflow/example_dags/example_sensors.py for tasks to queue
Filling up the DagBag from /home/airflow/.local/lib/python3.12/site-packages/airflow/example_dags/example_sensors.py
DAG(s) 'example_sensors' retrieved from /home/airflow/.local/lib/python3.12/site-packages/airflow/example_dags/example_sensors.py
Sync 1 DAGs
Setting next_dagrun for example_sensors to None, run_after=None
Processing /home/airflow/.local/lib/python3.12/site-packages/airflow/example_dags/example_sensors.py took 0.050 seconds
Started process (PID=95692) to work on /home/airflow/.local/lib/python3.12/site-packages/airflow/example_dags/example_sensors.py
Processing file /home/airflow/.local/lib/python3.12/site-packages/airflow/example_dags/example_sensors.py for tasks to queue
Filling up the DagBag from /home/airflow/.local/lib/python3.12/site-packages/airflow/example_dags/example_sensors.py
DAG(s) 'example_sensors' retrieved from /home/airflow/.local/lib/python3.12/site-packages/airflow/example_dags/example_sensors.py
Sync 1 DAGs
Setting next_dagrun for example_sensors to None, run_after=None
Processing /home/airflow/.local/lib/python3.12/site-packages/airflow/example_dags/example_sensors.py took 0.047 seconds
Started process (PID=95769) to work on /home/airflow/.local/lib/python3.12/site-packages/airflow/example_dags/example_sensors.py
Processing file /home/airflow/.local/lib/python3.12/site-packages/airflow/example_dags/example_sensors.py for tasks to queue
Filling up the DagBag from /home/airflow/.local/lib/python3.12/site-packages/airflow/example_dags/example_sensors.py
DAG(s) 'example_sensors' retrieved from /home/airflow/.local/lib/python3.12/site-packages/airflow/example_dags/example_sensors.py
Sync 1 DAGs
Setting next_dagrun for example_sensors to None, run_after=None
Processing /home/airflow/.local/lib/python3.12/site-packages/airflow/example_dags/example_sensors.py took 0.046 seconds
Started process (PID=95853) to work on /home/airflow/.local/lib/python3.12/site-packages/airflow/example_dags/example_sensors.py
Processing file /home/airflow/.local/lib/python3.12/site-packages/airflow/example_dags/example_sensors.py for tasks to queue
Filling up the DagBag from /home/airflow/.local/lib/python3.12/site-packages/airflow/example_dags/example_sensors.py
DAG(s) 'example_sensors' retrieved from /home/airflow/.local/lib/python3.12/site-packages/airflow/example_dags/example_sensors.py
Sync 1 DAGs
Setting next_dagrun for example_sensors to None, run_after=None
Processing /home/airflow/.local/lib/python3.12/site-packages/airflow/example_dags/example_sensors.py took 0.051 seconds
Started process (PID=95930) to work on /home/airflow/.local/lib/python3.12/site-packages/airflow/example_dags/example_sensors.py
Processing file /home/airflow/.local/lib/python3.12/site-packages/airflow/example_dags/example_sensors.py for tasks to queue
Filling up the DagBag from /home/airflow/.local/lib/python3.12/site-packages/airflow/example_dags/example_sensors.py
DAG(s) 'example_sensors' retrieved from /home/airflow/.local/lib/python3.12/site-packages/airflow/example_dags/example_sensors.py
Sync 1 DAGs
Setting next_dagrun for example_sensors to None, run_after=None
Processing /home/airflow/.local/lib/python3.12/site-packages/airflow/example_dags/example_sensors.py took 0.050 seconds
Started process (PID=96014) to work on /home/airflow/.local/lib/python3.12/site-packages/airflow/example_dags/example_sensors.py
Processing file /home/airflow/.local/lib/python3.12/site-packages/airflow/example_dags/example_sensors.py for tasks to queue
Filling up the DagBag from /home/airflow/.local/lib/python3.12/site-packages/airflow/example_dags/example_sensors.py
DAG(s) 'example_sensors' retrieved from /home/airflow/.local/lib/python3.12/site-packages/airflow/example_dags/example_sensors.py
Sync 1 DAGs
Setting next_dagrun for example_sensors to None, run_after=None
Processing /home/airflow/.local/lib/python3.12/site-packages/airflow/example_dags/example_sensors.py took 0.047 seconds
Started process (PID=96091) to work on /home/airflow/.local/lib/python3.12/site-packages/airflow/example_dags/example_sensors.py
Processing file /home/airflow/.local/lib/python3.12/site-packages/airflow/example_dags/example_sensors.py for tasks to queue
Filling up the DagBag from /home/airflow/.local/lib/python3.12/site-packages/airflow/example_dags/example_sensors.py
DAG(s) 'example_sensors' retrieved from /home/airflow/.local/lib/python3.12/site-packages/airflow/example_dags/example_sensors.py
Sync 1 DAGs
Setting next_dagrun for example_sensors to None, run_after=None
Processing /home/airflow/.local/lib/python3.12/site-packages/airflow/example_dags/example_sensors.py took 0.046 seconds
Started process (PID=96176) to work on /home/airflow/.local/lib/python3.12/site-packages/airflow/example_dags/example_sensors.py
Processing file /home/airflow/.local/lib/python3.12/site-packages/airflow/example_dags/example_sensors.py for tasks to queue
Filling up the DagBag from /home/airflow/.local/lib/python3.12/site-packages/airflow/example_dags/example_sensors.py
DAG(s) 'example_sensors' retrieved from /home/airflow/.local/lib/python3.12/site-packages/airflow/example_dags/example_sensors.py
Sync 1 DAGs
Setting next_dagrun for example_sensors to None, run_after=None
Processing /home/airflow/.local/lib/python3.12/site-packages/airflow/example_dags/example_sensors.py took 0.046 seconds
Started process (PID=96253) to work on /home/airflow/.local/lib/python3.12/site-packages/airflow/example_dags/example_sensors.py
Processing file /home/airflow/.local/lib/python3.12/site-packages/airflow/example_dags/example_sensors.py for tasks to queue
Filling up the DagBag from /home/airflow/.local/lib/python3.12/site-packages/airflow/example_dags/example_sensors.py
DAG(s) 'example_sensors' retrieved from /home/airflow/.local/lib/python3.12/site-packages/airflow/example_dags/example_sensors.py
Sync 1 DAGs
Setting next_dagrun for example_sensors to None, run_after=None
Processing /home/airflow/.local/lib/python3.12/site-packages/airflow/example_dags/example_sensors.py took 0.068 seconds
Started process (PID=96338) to work on /home/airflow/.local/lib/python3.12/site-packages/airflow/example_dags/example_sensors.py
Processing file /home/airflow/.local/lib/python3.12/site-packages/airflow/example_dags/example_sensors.py for tasks to queue
Filling up the DagBag from /home/airflow/.local/lib/python3.12/site-packages/airflow/example_dags/example_sensors.py
DAG(s) 'example_sensors' retrieved from /home/airflow/.local/lib/python3.12/site-packages/airflow/example_dags/example_sensors.py
Sync 1 DAGs
Setting next_dagrun for example_sensors to None, run_after=None
Processing /home/airflow/.local/lib/python3.12/site-packages/airflow/example_dags/example_sensors.py took 0.046 seconds
Started process (PID=96415) to work on /home/airflow/.local/lib/python3.12/site-packages/airflow/example_dags/example_sensors.py
Processing file /home/airflow/.local/lib/python3.12/site-packages/airflow/example_dags/example_sensors.py for tasks to queue
Filling up the DagBag from /home/airflow/.local/lib/python3.12/site-packages/airflow/example_dags/example_sensors.py
DAG(s) 'example_sensors' retrieved from /home/airflow/.local/lib/python3.12/site-packages/airflow/example_dags/example_sensors.py
Sync 1 DAGs
Setting next_dagrun for example_sensors to None, run_after=None
Processing /home/airflow/.local/lib/python3.12/site-packages/airflow/example_dags/example_sensors.py took 0.051 seconds
Started process (PID=96499) to work on /home/airflow/.local/lib/python3.12/site-packages/airflow/example_dags/example_sensors.py
Processing file /home/airflow/.local/lib/python3.12/site-packages/airflow/example_dags/example_sensors.py for tasks to queue
Filling up the DagBag from /home/airflow/.local/lib/python3.12/site-packages/airflow/example_dags/example_sensors.py
DAG(s) 'example_sensors' retrieved from /home/airflow/.local/lib/python3.12/site-packages/airflow/example_dags/example_sensors.py
Sync 1 DAGs
Setting next_dagrun for example_sensors to None, run_after=None
Processing /home/airflow/.local/lib/python3.12/site-packages/airflow/example_dags/example_sensors.py took 0.047 seconds
Started process (PID=96583) to work on /home/airflow/.local/lib/python3.12/site-packages/airflow/example_dags/example_sensors.py
Processing file /home/airflow/.local/lib/python3.12/site-packages/airflow/example_dags/example_sensors.py for tasks to queue
Filling up the DagBag from /home/airflow/.local/lib/python3.12/site-packages/airflow/example_dags/example_sensors.py
DAG(s) 'example_sensors' retrieved from /home/airflow/.local/lib/python3.12/site-packages/airflow/example_dags/example_sensors.py
Sync 1 DAGs
Setting next_dagrun for example_sensors to None, run_after=None
Processing /home/airflow/.local/lib/python3.12/site-packages/airflow/example_dags/example_sensors.py took 0.048 seconds
Started process (PID=96660) to work on /home/airflow/.local/lib/python3.12/site-packages/airflow/example_dags/example_sensors.py
Processing file /home/airflow/.local/lib/python3.12/site-packages/airflow/example_dags/example_sensors.py for tasks to queue
Filling up the DagBag from /home/airflow/.local/lib/python3.12/site-packages/airflow/example_dags/example_sensors.py
DAG(s) 'example_sensors' retrieved from /home/airflow/.local/lib/python3.12/site-packages/airflow/example_dags/example_sensors.py
Sync 1 DAGs
Setting next_dagrun for example_sensors to None, run_after=None
Processing /home/airflow/.local/lib/python3.12/site-packages/airflow/example_dags/example_sensors.py took 0.047 seconds
Started process (PID=96746) to work on /home/airflow/.local/lib/python3.12/site-packages/airflow/example_dags/example_sensors.py
Processing file /home/airflow/.local/lib/python3.12/site-packages/airflow/example_dags/example_sensors.py for tasks to queue
Filling up the DagBag from /home/airflow/.local/lib/python3.12/site-packages/airflow/example_dags/example_sensors.py
DAG(s) 'example_sensors' retrieved from /home/airflow/.local/lib/python3.12/site-packages/airflow/example_dags/example_sensors.py
Sync 1 DAGs
Setting next_dagrun for example_sensors to None, run_after=None
Processing /home/airflow/.local/lib/python3.12/site-packages/airflow/example_dags/example_sensors.py took 0.053 seconds
Started process (PID=96823) to work on /home/airflow/.local/lib/python3.12/site-packages/airflow/example_dags/example_sensors.py
Processing file /home/airflow/.local/lib/python3.12/site-packages/airflow/example_dags/example_sensors.py for tasks to queue
Filling up the DagBag from /home/airflow/.local/lib/python3.12/site-packages/airflow/example_dags/example_sensors.py
DAG(s) 'example_sensors' retrieved from /home/airflow/.local/lib/python3.12/site-packages/airflow/example_dags/example_sensors.py
Sync 1 DAGs
Setting next_dagrun for example_sensors to None, run_after=None
Processing /home/airflow/.local/lib/python3.12/site-packages/airflow/example_dags/example_sensors.py took 0.046 seconds
Started process (PID=96907) to work on /home/airflow/.local/lib/python3.12/site-packages/airflow/example_dags/example_sensors.py
Processing file /home/airflow/.local/lib/python3.12/site-packages/airflow/example_dags/example_sensors.py for tasks to queue
Filling up the DagBag from /home/airflow/.local/lib/python3.12/site-packages/airflow/example_dags/example_sensors.py
DAG(s) 'example_sensors' retrieved from /home/airflow/.local/lib/python3.12/site-packages/airflow/example_dags/example_sensors.py
Sync 1 DAGs
Setting next_dagrun for example_sensors to None, run_after=None
Processing /home/airflow/.local/lib/python3.12/site-packages/airflow/example_dags/example_sensors.py took 0.048 seconds
Started process (PID=96984) to work on /home/airflow/.local/lib/python3.12/site-packages/airflow/example_dags/example_sensors.py
Processing file /home/airflow/.local/lib/python3.12/site-packages/airflow/example_dags/example_sensors.py for tasks to queue
Filling up the DagBag from /home/airflow/.local/lib/python3.12/site-packages/airflow/example_dags/example_sensors.py
DAG(s) 'example_sensors' retrieved from /home/airflow/.local/lib/python3.12/site-packages/airflow/example_dags/example_sensors.py
Sync 1 DAGs
Setting next_dagrun for example_sensors to None, run_after=None
Processing /home/airflow/.local/lib/python3.12/site-packages/airflow/example_dags/example_sensors.py took 0.048 seconds
Started process (PID=97068) to work on /home/airflow/.local/lib/python3.12/site-packages/airflow/example_dags/example_sensors.py
Processing file /home/airflow/.local/lib/python3.12/site-packages/airflow/example_dags/example_sensors.py for tasks to queue
Filling up the DagBag from /home/airflow/.local/lib/python3.12/site-packages/airflow/example_dags/example_sensors.py
DAG(s) 'example_sensors' retrieved from /home/airflow/.local/lib/python3.12/site-packages/airflow/example_dags/example_sensors.py
Sync 1 DAGs
Setting next_dagrun for example_sensors to None, run_after=None
Processing /home/airflow/.local/lib/python3.12/site-packages/airflow/example_dags/example_sensors.py took 0.047 seconds
Started process (PID=97152) to work on /home/airflow/.local/lib/python3.12/site-packages/airflow/example_dags/example_sensors.py
Processing file /home/airflow/.local/lib/python3.12/site-packages/airflow/example_dags/example_sensors.py for tasks to queue
Filling up the DagBag from /home/airflow/.local/lib/python3.12/site-packages/airflow/example_dags/example_sensors.py
DAG(s) 'example_sensors' retrieved from /home/airflow/.local/lib/python3.12/site-packages/airflow/example_dags/example_sensors.py
Sync 1 DAGs
Setting next_dagrun for example_sensors to None, run_after=None
Processing /home/airflow/.local/lib/python3.12/site-packages/airflow/example_dags/example_sensors.py took 0.059 seconds
Started process (PID=97229) to work on /home/airflow/.local/lib/python3.12/site-packages/airflow/example_dags/example_sensors.py
Processing file /home/airflow/.local/lib/python3.12/site-packages/airflow/example_dags/example_sensors.py for tasks to queue
Filling up the DagBag from /home/airflow/.local/lib/python3.12/site-packages/airflow/example_dags/example_sensors.py
DAG(s) 'example_sensors' retrieved from /home/airflow/.local/lib/python3.12/site-packages/airflow/example_dags/example_sensors.py
Sync 1 DAGs
Setting next_dagrun for example_sensors to None, run_after=None
Processing /home/airflow/.local/lib/python3.12/site-packages/airflow/example_dags/example_sensors.py took 0.047 seconds
Started process (PID=97313) to work on /home/airflow/.local/lib/python3.12/site-packages/airflow/example_dags/example_sensors.py
Processing file /home/airflow/.local/lib/python3.12/site-packages/airflow/example_dags/example_sensors.py for tasks to queue
Filling up the DagBag from /home/airflow/.local/lib/python3.12/site-packages/airflow/example_dags/example_sensors.py
DAG(s) 'example_sensors' retrieved from /home/airflow/.local/lib/python3.12/site-packages/airflow/example_dags/example_sensors.py
Sync 1 DAGs
Setting next_dagrun for example_sensors to None, run_after=None
Processing /home/airflow/.local/lib/python3.12/site-packages/airflow/example_dags/example_sensors.py took 0.054 seconds
Started process (PID=97390) to work on /home/airflow/.local/lib/python3.12/site-packages/airflow/example_dags/example_sensors.py
Processing file /home/airflow/.local/lib/python3.12/site-packages/airflow/example_dags/example_sensors.py for tasks to queue
Filling up the DagBag from /home/airflow/.local/lib/python3.12/site-packages/airflow/example_dags/example_sensors.py
DAG(s) 'example_sensors' retrieved from /home/airflow/.local/lib/python3.12/site-packages/airflow/example_dags/example_sensors.py
Sync 1 DAGs
Setting next_dagrun for example_sensors to None, run_after=None
Processing /home/airflow/.local/lib/python3.12/site-packages/airflow/example_dags/example_sensors.py took 0.047 seconds
Started process (PID=97475) to work on /home/airflow/.local/lib/python3.12/site-packages/airflow/example_dags/example_sensors.py
Processing file /home/airflow/.local/lib/python3.12/site-packages/airflow/example_dags/example_sensors.py for tasks to queue
Filling up the DagBag from /home/airflow/.local/lib/python3.12/site-packages/airflow/example_dags/example_sensors.py
DAG(s) 'example_sensors' retrieved from /home/airflow/.local/lib/python3.12/site-packages/airflow/example_dags/example_sensors.py
Sync 1 DAGs
Setting next_dagrun for example_sensors to None, run_after=None
Processing /home/airflow/.local/lib/python3.12/site-packages/airflow/example_dags/example_sensors.py took 0.048 seconds
Started process (PID=97553) to work on /home/airflow/.local/lib/python3.12/site-packages/airflow/example_dags/example_sensors.py
Processing file /home/airflow/.local/lib/python3.12/site-packages/airflow/example_dags/example_sensors.py for tasks to queue
Filling up the DagBag from /home/airflow/.local/lib/python3.12/site-packages/airflow/example_dags/example_sensors.py
DAG(s) 'example_sensors' retrieved from /home/airflow/.local/lib/python3.12/site-packages/airflow/example_dags/example_sensors.py
Sync 1 DAGs
Setting next_dagrun for example_sensors to None, run_after=None
Processing /home/airflow/.local/lib/python3.12/site-packages/airflow/example_dags/example_sensors.py took 0.047 seconds
Started process (PID=97637) to work on /home/airflow/.local/lib/python3.12/site-packages/airflow/example_dags/example_sensors.py
Processing file /home/airflow/.local/lib/python3.12/site-packages/airflow/example_dags/example_sensors.py for tasks to queue
Filling up the DagBag from /home/airflow/.local/lib/python3.12/site-packages/airflow/example_dags/example_sensors.py
DAG(s) 'example_sensors' retrieved from /home/airflow/.local/lib/python3.12/site-packages/airflow/example_dags/example_sensors.py
Sync 1 DAGs
Setting next_dagrun for example_sensors to None, run_after=None
Processing /home/airflow/.local/lib/python3.12/site-packages/airflow/example_dags/example_sensors.py took 0.414 seconds
Started process (PID=97721) to work on /home/airflow/.local/lib/python3.12/site-packages/airflow/example_dags/example_sensors.py
Processing file /home/airflow/.local/lib/python3.12/site-packages/airflow/example_dags/example_sensors.py for tasks to queue
Filling up the DagBag from /home/airflow/.local/lib/python3.12/site-packages/airflow/example_dags/example_sensors.py
DAG(s) 'example_sensors' retrieved from /home/airflow/.local/lib/python3.12/site-packages/airflow/example_dags/example_sensors.py
Sync 1 DAGs
Setting next_dagrun for example_sensors to None, run_after=None
Processing /home/airflow/.local/lib/python3.12/site-packages/airflow/example_dags/example_sensors.py took 0.049 seconds
Started process (PID=97798) to work on /home/airflow/.local/lib/python3.12/site-packages/airflow/example_dags/example_sensors.py
Processing file /home/airflow/.local/lib/python3.12/site-packages/airflow/example_dags/example_sensors.py for tasks to queue
Filling up the DagBag from /home/airflow/.local/lib/python3.12/site-packages/airflow/example_dags/example_sensors.py
DAG(s) 'example_sensors' retrieved from /home/airflow/.local/lib/python3.12/site-packages/airflow/example_dags/example_sensors.py
Sync 1 DAGs
Setting next_dagrun for example_sensors to None, run_after=None
Processing /home/airflow/.local/lib/python3.12/site-packages/airflow/example_dags/example_sensors.py took 0.052 seconds
Started process (PID=97882) to work on /home/airflow/.local/lib/python3.12/site-packages/airflow/example_dags/example_sensors.py
Processing file /home/airflow/.local/lib/python3.12/site-packages/airflow/example_dags/example_sensors.py for tasks to queue
Filling up the DagBag from /home/airflow/.local/lib/python3.12/site-packages/airflow/example_dags/example_sensors.py
DAG(s) 'example_sensors' retrieved from /home/airflow/.local/lib/python3.12/site-packages/airflow/example_dags/example_sensors.py
Sync 1 DAGs
Setting next_dagrun for example_sensors to None, run_after=None
Processing /home/airflow/.local/lib/python3.12/site-packages/airflow/example_dags/example_sensors.py took 0.048 seconds
Started process (PID=97959) to work on /home/airflow/.local/lib/python3.12/site-packages/airflow/example_dags/example_sensors.py
Processing file /home/airflow/.local/lib/python3.12/site-packages/airflow/example_dags/example_sensors.py for tasks to queue
Filling up the DagBag from /home/airflow/.local/lib/python3.12/site-packages/airflow/example_dags/example_sensors.py
DAG(s) 'example_sensors' retrieved from /home/airflow/.local/lib/python3.12/site-packages/airflow/example_dags/example_sensors.py
Sync 1 DAGs
Setting next_dagrun for example_sensors to None, run_after=None
Processing /home/airflow/.local/lib/python3.12/site-packages/airflow/example_dags/example_sensors.py took 0.048 seconds
Started process (PID=98043) to work on /home/airflow/.local/lib/python3.12/site-packages/airflow/example_dags/example_sensors.py
Processing file /home/airflow/.local/lib/python3.12/site-packages/airflow/example_dags/example_sensors.py for tasks to queue
Filling up the DagBag from /home/airflow/.local/lib/python3.12/site-packages/airflow/example_dags/example_sensors.py
DAG(s) 'example_sensors' retrieved from /home/airflow/.local/lib/python3.12/site-packages/airflow/example_dags/example_sensors.py
Sync 1 DAGs
Setting next_dagrun for example_sensors to None, run_after=None
Processing /home/airflow/.local/lib/python3.12/site-packages/airflow/example_dags/example_sensors.py took 0.052 seconds
Started process (PID=98120) to work on /home/airflow/.local/lib/python3.12/site-packages/airflow/example_dags/example_sensors.py
Processing file /home/airflow/.local/lib/python3.12/site-packages/airflow/example_dags/example_sensors.py for tasks to queue
Filling up the DagBag from /home/airflow/.local/lib/python3.12/site-packages/airflow/example_dags/example_sensors.py
DAG(s) 'example_sensors' retrieved from /home/airflow/.local/lib/python3.12/site-packages/airflow/example_dags/example_sensors.py
Sync 1 DAGs
Setting next_dagrun for example_sensors to None, run_after=None
Processing /home/airflow/.local/lib/python3.12/site-packages/airflow/example_dags/example_sensors.py took 0.047 seconds
Started process (PID=98204) to work on /home/airflow/.local/lib/python3.12/site-packages/airflow/example_dags/example_sensors.py
Processing file /home/airflow/.local/lib/python3.12/site-packages/airflow/example_dags/example_sensors.py for tasks to queue
Filling up the DagBag from /home/airflow/.local/lib/python3.12/site-packages/airflow/example_dags/example_sensors.py
DAG(s) 'example_sensors' retrieved from /home/airflow/.local/lib/python3.12/site-packages/airflow/example_dags/example_sensors.py
Sync 1 DAGs
Setting next_dagrun for example_sensors to None, run_after=None
Processing /home/airflow/.local/lib/python3.12/site-packages/airflow/example_dags/example_sensors.py took 0.065 seconds
Started process (PID=98281) to work on /home/airflow/.local/lib/python3.12/site-packages/airflow/example_dags/example_sensors.py
Processing file /home/airflow/.local/lib/python3.12/site-packages/airflow/example_dags/example_sensors.py for tasks to queue
Filling up the DagBag from /home/airflow/.local/lib/python3.12/site-packages/airflow/example_dags/example_sensors.py
DAG(s) 'example_sensors' retrieved from /home/airflow/.local/lib/python3.12/site-packages/airflow/example_dags/example_sensors.py
Sync 1 DAGs
Setting next_dagrun for example_sensors to None, run_after=None
Processing /home/airflow/.local/lib/python3.12/site-packages/airflow/example_dags/example_sensors.py took 0.047 seconds
Started process (PID=98366) to work on /home/airflow/.local/lib/python3.12/site-packages/airflow/example_dags/example_sensors.py
Processing file /home/airflow/.local/lib/python3.12/site-packages/airflow/example_dags/example_sensors.py for tasks to queue
Filling up the DagBag from /home/airflow/.local/lib/python3.12/site-packages/airflow/example_dags/example_sensors.py
DAG(s) 'example_sensors' retrieved from /home/airflow/.local/lib/python3.12/site-packages/airflow/example_dags/example_sensors.py
Sync 1 DAGs
Setting next_dagrun for example_sensors to None, run_after=None
Processing /home/airflow/.local/lib/python3.12/site-packages/airflow/example_dags/example_sensors.py took 0.052 seconds
Started process (PID=98443) to work on /home/airflow/.local/lib/python3.12/site-packages/airflow/example_dags/example_sensors.py
Processing file /home/airflow/.local/lib/python3.12/site-packages/airflow/example_dags/example_sensors.py for tasks to queue
Filling up the DagBag from /home/airflow/.local/lib/python3.12/site-packages/airflow/example_dags/example_sensors.py
DAG(s) 'example_sensors' retrieved from /home/airflow/.local/lib/python3.12/site-packages/airflow/example_dags/example_sensors.py
Sync 1 DAGs
Setting next_dagrun for example_sensors to None, run_after=None
Processing /home/airflow/.local/lib/python3.12/site-packages/airflow/example_dags/example_sensors.py took 0.156 seconds
Started process (PID=98528) to work on /home/airflow/.local/lib/python3.12/site-packages/airflow/example_dags/example_sensors.py
Processing file /home/airflow/.local/lib/python3.12/site-packages/airflow/example_dags/example_sensors.py for tasks to queue
Filling up the DagBag from /home/airflow/.local/lib/python3.12/site-packages/airflow/example_dags/example_sensors.py
DAG(s) 'example_sensors' retrieved from /home/airflow/.local/lib/python3.12/site-packages/airflow/example_dags/example_sensors.py
Sync 1 DAGs
Setting next_dagrun for example_sensors to None, run_after=None
Processing /home/airflow/.local/lib/python3.12/site-packages/airflow/example_dags/example_sensors.py took 0.047 seconds
Started process (PID=98606) to work on /home/airflow/.local/lib/python3.12/site-packages/airflow/example_dags/example_sensors.py
Processing file /home/airflow/.local/lib/python3.12/site-packages/airflow/example_dags/example_sensors.py for tasks to queue
Filling up the DagBag from /home/airflow/.local/lib/python3.12/site-packages/airflow/example_dags/example_sensors.py
DAG(s) 'example_sensors' retrieved from /home/airflow/.local/lib/python3.12/site-packages/airflow/example_dags/example_sensors.py
Sync 1 DAGs
Setting next_dagrun for example_sensors to None, run_after=None
Processing /home/airflow/.local/lib/python3.12/site-packages/airflow/example_dags/example_sensors.py took 0.049 seconds
Started process (PID=98690) to work on /home/airflow/.local/lib/python3.12/site-packages/airflow/example_dags/example_sensors.py
Processing file /home/airflow/.local/lib/python3.12/site-packages/airflow/example_dags/example_sensors.py for tasks to queue
Filling up the DagBag from /home/airflow/.local/lib/python3.12/site-packages/airflow/example_dags/example_sensors.py
DAG(s) 'example_sensors' retrieved from /home/airflow/.local/lib/python3.12/site-packages/airflow/example_dags/example_sensors.py
Sync 1 DAGs
Setting next_dagrun for example_sensors to None, run_after=None
Processing /home/airflow/.local/lib/python3.12/site-packages/airflow/example_dags/example_sensors.py took 0.047 seconds
Started process (PID=98767) to work on /home/airflow/.local/lib/python3.12/site-packages/airflow/example_dags/example_sensors.py
Processing file /home/airflow/.local/lib/python3.12/site-packages/airflow/example_dags/example_sensors.py for tasks to queue
Filling up the DagBag from /home/airflow/.local/lib/python3.12/site-packages/airflow/example_dags/example_sensors.py
DAG(s) 'example_sensors' retrieved from /home/airflow/.local/lib/python3.12/site-packages/airflow/example_dags/example_sensors.py
Sync 1 DAGs
Setting next_dagrun for example_sensors to None, run_after=None
Processing /home/airflow/.local/lib/python3.12/site-packages/airflow/example_dags/example_sensors.py took 0.050 seconds
Started process (PID=98851) to work on /home/airflow/.local/lib/python3.12/site-packages/airflow/example_dags/example_sensors.py
Processing file /home/airflow/.local/lib/python3.12/site-packages/airflow/example_dags/example_sensors.py for tasks to queue
Filling up the DagBag from /home/airflow/.local/lib/python3.12/site-packages/airflow/example_dags/example_sensors.py
DAG(s) 'example_sensors' retrieved from /home/airflow/.local/lib/python3.12/site-packages/airflow/example_dags/example_sensors.py
Sync 1 DAGs
Setting next_dagrun for example_sensors to None, run_after=None
Processing /home/airflow/.local/lib/python3.12/site-packages/airflow/example_dags/example_sensors.py took 0.053 seconds
Started process (PID=98935) to work on /home/airflow/.local/lib/python3.12/site-packages/airflow/example_dags/example_sensors.py
Processing file /home/airflow/.local/lib/python3.12/site-packages/airflow/example_dags/example_sensors.py for tasks to queue
Filling up the DagBag from /home/airflow/.local/lib/python3.12/site-packages/airflow/example_dags/example_sensors.py
DAG(s) 'example_sensors' retrieved from /home/airflow/.local/lib/python3.12/site-packages/airflow/example_dags/example_sensors.py
Sync 1 DAGs
Setting next_dagrun for example_sensors to None, run_after=None
Processing /home/airflow/.local/lib/python3.12/site-packages/airflow/example_dags/example_sensors.py took 0.050 seconds
Started process (PID=99012) to work on /home/airflow/.local/lib/python3.12/site-packages/airflow/example_dags/example_sensors.py
Processing file /home/airflow/.local/lib/python3.12/site-packages/airflow/example_dags/example_sensors.py for tasks to queue
Filling up the DagBag from /home/airflow/.local/lib/python3.12/site-packages/airflow/example_dags/example_sensors.py
DAG(s) 'example_sensors' retrieved from /home/airflow/.local/lib/python3.12/site-packages/airflow/example_dags/example_sensors.py
Sync 1 DAGs
Setting next_dagrun for example_sensors to None, run_after=None
Processing /home/airflow/.local/lib/python3.12/site-packages/airflow/example_dags/example_sensors.py took 0.048 seconds
Started process (PID=99096) to work on /home/airflow/.local/lib/python3.12/site-packages/airflow/example_dags/example_sensors.py
Processing file /home/airflow/.local/lib/python3.12/site-packages/airflow/example_dags/example_sensors.py for tasks to queue
Filling up the DagBag from /home/airflow/.local/lib/python3.12/site-packages/airflow/example_dags/example_sensors.py
DAG(s) 'example_sensors' retrieved from /home/airflow/.local/lib/python3.12/site-packages/airflow/example_dags/example_sensors.py
Sync 1 DAGs
Setting next_dagrun for example_sensors to None, run_after=None
Processing /home/airflow/.local/lib/python3.12/site-packages/airflow/example_dags/example_sensors.py took 0.055 seconds
Started process (PID=99180) to work on /home/airflow/.local/lib/python3.12/site-packages/airflow/example_dags/example_sensors.py
Processing file /home/airflow/.local/lib/python3.12/site-packages/airflow/example_dags/example_sensors.py for tasks to queue
Filling up the DagBag from /home/airflow/.local/lib/python3.12/site-packages/airflow/example_dags/example_sensors.py
DAG(s) 'example_sensors' retrieved from /home/airflow/.local/lib/python3.12/site-packages/airflow/example_dags/example_sensors.py
Sync 1 DAGs
Setting next_dagrun for example_sensors to None, run_after=None
Processing /home/airflow/.local/lib/python3.12/site-packages/airflow/example_dags/example_sensors.py took 0.052 seconds
Started process (PID=99257) to work on /home/airflow/.local/lib/python3.12/site-packages/airflow/example_dags/example_sensors.py
Processing file /home/airflow/.local/lib/python3.12/site-packages/airflow/example_dags/example_sensors.py for tasks to queue
Filling up the DagBag from /home/airflow/.local/lib/python3.12/site-packages/airflow/example_dags/example_sensors.py
DAG(s) 'example_sensors' retrieved from /home/airflow/.local/lib/python3.12/site-packages/airflow/example_dags/example_sensors.py
Sync 1 DAGs
Setting next_dagrun for example_sensors to None, run_after=None
Processing /home/airflow/.local/lib/python3.12/site-packages/airflow/example_dags/example_sensors.py took 0.050 seconds
Started process (PID=99341) to work on /home/airflow/.local/lib/python3.12/site-packages/airflow/example_dags/example_sensors.py
Processing file /home/airflow/.local/lib/python3.12/site-packages/airflow/example_dags/example_sensors.py for tasks to queue
Filling up the DagBag from /home/airflow/.local/lib/python3.12/site-packages/airflow/example_dags/example_sensors.py
DAG(s) 'example_sensors' retrieved from /home/airflow/.local/lib/python3.12/site-packages/airflow/example_dags/example_sensors.py
Sync 1 DAGs
Setting next_dagrun for example_sensors to None, run_after=None
Processing /home/airflow/.local/lib/python3.12/site-packages/airflow/example_dags/example_sensors.py took 0.052 seconds
Started process (PID=99418) to work on /home/airflow/.local/lib/python3.12/site-packages/airflow/example_dags/example_sensors.py
Processing file /home/airflow/.local/lib/python3.12/site-packages/airflow/example_dags/example_sensors.py for tasks to queue
Filling up the DagBag from /home/airflow/.local/lib/python3.12/site-packages/airflow/example_dags/example_sensors.py
DAG(s) 'example_sensors' retrieved from /home/airflow/.local/lib/python3.12/site-packages/airflow/example_dags/example_sensors.py
Sync 1 DAGs
Setting next_dagrun for example_sensors to None, run_after=None
Processing /home/airflow/.local/lib/python3.12/site-packages/airflow/example_dags/example_sensors.py took 0.047 seconds
Started process (PID=99502) to work on /home/airflow/.local/lib/python3.12/site-packages/airflow/example_dags/example_sensors.py
Processing file /home/airflow/.local/lib/python3.12/site-packages/airflow/example_dags/example_sensors.py for tasks to queue
Filling up the DagBag from /home/airflow/.local/lib/python3.12/site-packages/airflow/example_dags/example_sensors.py
DAG(s) 'example_sensors' retrieved from /home/airflow/.local/lib/python3.12/site-packages/airflow/example_dags/example_sensors.py
Sync 1 DAGs
Setting next_dagrun for example_sensors to None, run_after=None
Processing /home/airflow/.local/lib/python3.12/site-packages/airflow/example_dags/example_sensors.py took 0.047 seconds
Started process (PID=99581) to work on /home/airflow/.local/lib/python3.12/site-packages/airflow/example_dags/example_sensors.py
Processing file /home/airflow/.local/lib/python3.12/site-packages/airflow/example_dags/example_sensors.py for tasks to queue
Filling up the DagBag from /home/airflow/.local/lib/python3.12/site-packages/airflow/example_dags/example_sensors.py
DAG(s) 'example_sensors' retrieved from /home/airflow/.local/lib/python3.12/site-packages/airflow/example_dags/example_sensors.py
Sync 1 DAGs
Setting next_dagrun for example_sensors to None, run_after=None
Processing /home/airflow/.local/lib/python3.12/site-packages/airflow/example_dags/example_sensors.py took 0.047 seconds
Started process (PID=99665) to work on /home/airflow/.local/lib/python3.12/site-packages/airflow/example_dags/example_sensors.py
Processing file /home/airflow/.local/lib/python3.12/site-packages/airflow/example_dags/example_sensors.py for tasks to queue
Filling up the DagBag from /home/airflow/.local/lib/python3.12/site-packages/airflow/example_dags/example_sensors.py
DAG(s) 'example_sensors' retrieved from /home/airflow/.local/lib/python3.12/site-packages/airflow/example_dags/example_sensors.py
Sync 1 DAGs
Setting next_dagrun for example_sensors to None, run_after=None
Processing /home/airflow/.local/lib/python3.12/site-packages/airflow/example_dags/example_sensors.py took 0.048 seconds
Started process (PID=99743) to work on /home/airflow/.local/lib/python3.12/site-packages/airflow/example_dags/example_sensors.py
Processing file /home/airflow/.local/lib/python3.12/site-packages/airflow/example_dags/example_sensors.py for tasks to queue
Filling up the DagBag from /home/airflow/.local/lib/python3.12/site-packages/airflow/example_dags/example_sensors.py
DAG(s) 'example_sensors' retrieved from /home/airflow/.local/lib/python3.12/site-packages/airflow/example_dags/example_sensors.py
Sync 1 DAGs
Setting next_dagrun for example_sensors to None, run_after=None
Processing /home/airflow/.local/lib/python3.12/site-packages/airflow/example_dags/example_sensors.py took 0.048 seconds
Started process (PID=99827) to work on /home/airflow/.local/lib/python3.12/site-packages/airflow/example_dags/example_sensors.py
Processing file /home/airflow/.local/lib/python3.12/site-packages/airflow/example_dags/example_sensors.py for tasks to queue
Filling up the DagBag from /home/airflow/.local/lib/python3.12/site-packages/airflow/example_dags/example_sensors.py
DAG(s) 'example_sensors' retrieved from /home/airflow/.local/lib/python3.12/site-packages/airflow/example_dags/example_sensors.py
Sync 1 DAGs
Setting next_dagrun for example_sensors to None, run_after=None
Processing /home/airflow/.local/lib/python3.12/site-packages/airflow/example_dags/example_sensors.py took 0.047 seconds
Started process (PID=99904) to work on /home/airflow/.local/lib/python3.12/site-packages/airflow/example_dags/example_sensors.py
Processing file /home/airflow/.local/lib/python3.12/site-packages/airflow/example_dags/example_sensors.py for tasks to queue
Filling up the DagBag from /home/airflow/.local/lib/python3.12/site-packages/airflow/example_dags/example_sensors.py
DAG(s) 'example_sensors' retrieved from /home/airflow/.local/lib/python3.12/site-packages/airflow/example_dags/example_sensors.py
Sync 1 DAGs
Setting next_dagrun for example_sensors to None, run_after=None
Processing /home/airflow/.local/lib/python3.12/site-packages/airflow/example_dags/example_sensors.py took 0.053 seconds
Started process (PID=99989) to work on /home/airflow/.local/lib/python3.12/site-packages/airflow/example_dags/example_sensors.py
Processing file /home/airflow/.local/lib/python3.12/site-packages/airflow/example_dags/example_sensors.py for tasks to queue
Filling up the DagBag from /home/airflow/.local/lib/python3.12/site-packages/airflow/example_dags/example_sensors.py
DAG(s) 'example_sensors' retrieved from /home/airflow/.local/lib/python3.12/site-packages/airflow/example_dags/example_sensors.py
Sync 1 DAGs
Setting next_dagrun for example_sensors to None, run_after=None
Processing /home/airflow/.local/lib/python3.12/site-packages/airflow/example_dags/example_sensors.py took 0.051 seconds
Started process (PID=375) to work on /home/airflow/.local/lib/python3.12/site-packages/airflow/example_dags/example_sensors.py
Processing file /home/airflow/.local/lib/python3.12/site-packages/airflow/example_dags/example_sensors.py for tasks to queue
Filling up the DagBag from /home/airflow/.local/lib/python3.12/site-packages/airflow/example_dags/example_sensors.py
DAG(s) 'example_sensors' retrieved from /home/airflow/.local/lib/python3.12/site-packages/airflow/example_dags/example_sensors.py
Sync 1 DAGs
Setting next_dagrun for example_sensors to None, run_after=None
Processing /home/airflow/.local/lib/python3.12/site-packages/airflow/example_dags/example_sensors.py took 0.049 seconds
Started process (PID=461) to work on /home/airflow/.local/lib/python3.12/site-packages/airflow/example_dags/example_sensors.py
Processing file /home/airflow/.local/lib/python3.12/site-packages/airflow/example_dags/example_sensors.py for tasks to queue
Filling up the DagBag from /home/airflow/.local/lib/python3.12/site-packages/airflow/example_dags/example_sensors.py
DAG(s) 'example_sensors' retrieved from /home/airflow/.local/lib/python3.12/site-packages/airflow/example_dags/example_sensors.py
Sync 1 DAGs
Setting next_dagrun for example_sensors to None, run_after=None
Processing /home/airflow/.local/lib/python3.12/site-packages/airflow/example_dags/example_sensors.py took 0.049 seconds
Started process (PID=538) to work on /home/airflow/.local/lib/python3.12/site-packages/airflow/example_dags/example_sensors.py
Processing file /home/airflow/.local/lib/python3.12/site-packages/airflow/example_dags/example_sensors.py for tasks to queue
Filling up the DagBag from /home/airflow/.local/lib/python3.12/site-packages/airflow/example_dags/example_sensors.py
DAG(s) 'example_sensors' retrieved from /home/airflow/.local/lib/python3.12/site-packages/airflow/example_dags/example_sensors.py
Sync 1 DAGs
Setting next_dagrun for example_sensors to None, run_after=None
Processing /home/airflow/.local/lib/python3.12/site-packages/airflow/example_dags/example_sensors.py took 0.050 seconds
Started process (PID=622) to work on /home/airflow/.local/lib/python3.12/site-packages/airflow/example_dags/example_sensors.py
Processing file /home/airflow/.local/lib/python3.12/site-packages/airflow/example_dags/example_sensors.py for tasks to queue
Filling up the DagBag from /home/airflow/.local/lib/python3.12/site-packages/airflow/example_dags/example_sensors.py
DAG(s) 'example_sensors' retrieved from /home/airflow/.local/lib/python3.12/site-packages/airflow/example_dags/example_sensors.py
Sync 1 DAGs
Setting next_dagrun for example_sensors to None, run_after=None
Processing /home/airflow/.local/lib/python3.12/site-packages/airflow/example_dags/example_sensors.py took 0.059 seconds
Started process (PID=699) to work on /home/airflow/.local/lib/python3.12/site-packages/airflow/example_dags/example_sensors.py
Processing file /home/airflow/.local/lib/python3.12/site-packages/airflow/example_dags/example_sensors.py for tasks to queue
Filling up the DagBag from /home/airflow/.local/lib/python3.12/site-packages/airflow/example_dags/example_sensors.py
DAG(s) 'example_sensors' retrieved from /home/airflow/.local/lib/python3.12/site-packages/airflow/example_dags/example_sensors.py
Sync 1 DAGs
Setting next_dagrun for example_sensors to None, run_after=None
Processing /home/airflow/.local/lib/python3.12/site-packages/airflow/example_dags/example_sensors.py took 0.048 seconds
Started process (PID=783) to work on /home/airflow/.local/lib/python3.12/site-packages/airflow/example_dags/example_sensors.py
Processing file /home/airflow/.local/lib/python3.12/site-packages/airflow/example_dags/example_sensors.py for tasks to queue
Filling up the DagBag from /home/airflow/.local/lib/python3.12/site-packages/airflow/example_dags/example_sensors.py
DAG(s) 'example_sensors' retrieved from /home/airflow/.local/lib/python3.12/site-packages/airflow/example_dags/example_sensors.py
Sync 1 DAGs
Setting next_dagrun for example_sensors to None, run_after=None
Processing /home/airflow/.local/lib/python3.12/site-packages/airflow/example_dags/example_sensors.py took 0.046 seconds
Started process (PID=867) to work on /home/airflow/.local/lib/python3.12/site-packages/airflow/example_dags/example_sensors.py
Processing file /home/airflow/.local/lib/python3.12/site-packages/airflow/example_dags/example_sensors.py for tasks to queue
Filling up the DagBag from /home/airflow/.local/lib/python3.12/site-packages/airflow/example_dags/example_sensors.py
DAG(s) 'example_sensors' retrieved from /home/airflow/.local/lib/python3.12/site-packages/airflow/example_dags/example_sensors.py
Sync 1 DAGs
Setting next_dagrun for example_sensors to None, run_after=None
Processing /home/airflow/.local/lib/python3.12/site-packages/airflow/example_dags/example_sensors.py took 0.055 seconds
Started process (PID=944) to work on /home/airflow/.local/lib/python3.12/site-packages/airflow/example_dags/example_sensors.py
Processing file /home/airflow/.local/lib/python3.12/site-packages/airflow/example_dags/example_sensors.py for tasks to queue
Filling up the DagBag from /home/airflow/.local/lib/python3.12/site-packages/airflow/example_dags/example_sensors.py
DAG(s) 'example_sensors' retrieved from /home/airflow/.local/lib/python3.12/site-packages/airflow/example_dags/example_sensors.py
Sync 1 DAGs
Setting next_dagrun for example_sensors to None, run_after=None
Processing /home/airflow/.local/lib/python3.12/site-packages/airflow/example_dags/example_sensors.py took 0.048 seconds
Started process (PID=1028) to work on /home/airflow/.local/lib/python3.12/site-packages/airflow/example_dags/example_sensors.py
Processing file /home/airflow/.local/lib/python3.12/site-packages/airflow/example_dags/example_sensors.py for tasks to queue
Filling up the DagBag from /home/airflow/.local/lib/python3.12/site-packages/airflow/example_dags/example_sensors.py
DAG(s) 'example_sensors' retrieved from /home/airflow/.local/lib/python3.12/site-packages/airflow/example_dags/example_sensors.py
Sync 1 DAGs
Setting next_dagrun for example_sensors to None, run_after=None
Processing /home/airflow/.local/lib/python3.12/site-packages/airflow/example_dags/example_sensors.py took 0.050 seconds
Started process (PID=1105) to work on /home/airflow/.local/lib/python3.12/site-packages/airflow/example_dags/example_sensors.py
Processing file /home/airflow/.local/lib/python3.12/site-packages/airflow/example_dags/example_sensors.py for tasks to queue
Filling up the DagBag from /home/airflow/.local/lib/python3.12/site-packages/airflow/example_dags/example_sensors.py
DAG(s) 'example_sensors' retrieved from /home/airflow/.local/lib/python3.12/site-packages/airflow/example_dags/example_sensors.py
Sync 1 DAGs
Setting next_dagrun for example_sensors to None, run_after=None
Processing /home/airflow/.local/lib/python3.12/site-packages/airflow/example_dags/example_sensors.py took 0.055 seconds
Started process (PID=1190) to work on /home/airflow/.local/lib/python3.12/site-packages/airflow/example_dags/example_sensors.py
Processing file /home/airflow/.local/lib/python3.12/site-packages/airflow/example_dags/example_sensors.py for tasks to queue
Filling up the DagBag from /home/airflow/.local/lib/python3.12/site-packages/airflow/example_dags/example_sensors.py
DAG(s) 'example_sensors' retrieved from /home/airflow/.local/lib/python3.12/site-packages/airflow/example_dags/example_sensors.py
Sync 1 DAGs
Setting next_dagrun for example_sensors to None, run_after=None
Processing /home/airflow/.local/lib/python3.12/site-packages/airflow/example_dags/example_sensors.py took 0.048 seconds
Started process (PID=1267) to work on /home/airflow/.local/lib/python3.12/site-packages/airflow/example_dags/example_sensors.py
Processing file /home/airflow/.local/lib/python3.12/site-packages/airflow/example_dags/example_sensors.py for tasks to queue
Filling up the DagBag from /home/airflow/.local/lib/python3.12/site-packages/airflow/example_dags/example_sensors.py
DAG(s) 'example_sensors' retrieved from /home/airflow/.local/lib/python3.12/site-packages/airflow/example_dags/example_sensors.py
Sync 1 DAGs
Setting next_dagrun for example_sensors to None, run_after=None
Processing /home/airflow/.local/lib/python3.12/site-packages/airflow/example_dags/example_sensors.py took 0.049 seconds
Started process (PID=1351) to work on /home/airflow/.local/lib/python3.12/site-packages/airflow/example_dags/example_sensors.py
Processing file /home/airflow/.local/lib/python3.12/site-packages/airflow/example_dags/example_sensors.py for tasks to queue
Filling up the DagBag from /home/airflow/.local/lib/python3.12/site-packages/airflow/example_dags/example_sensors.py
DAG(s) 'example_sensors' retrieved from /home/airflow/.local/lib/python3.12/site-packages/airflow/example_dags/example_sensors.py
Sync 1 DAGs
Setting next_dagrun for example_sensors to None, run_after=None
Processing /home/airflow/.local/lib/python3.12/site-packages/airflow/example_dags/example_sensors.py took 0.052 seconds
Started process (PID=1428) to work on /home/airflow/.local/lib/python3.12/site-packages/airflow/example_dags/example_sensors.py
Processing file /home/airflow/.local/lib/python3.12/site-packages/airflow/example_dags/example_sensors.py for tasks to queue
Filling up the DagBag from /home/airflow/.local/lib/python3.12/site-packages/airflow/example_dags/example_sensors.py
DAG(s) 'example_sensors' retrieved from /home/airflow/.local/lib/python3.12/site-packages/airflow/example_dags/example_sensors.py
Sync 1 DAGs
Setting next_dagrun for example_sensors to None, run_after=None
Processing /home/airflow/.local/lib/python3.12/site-packages/airflow/example_dags/example_sensors.py took 0.050 seconds
Started process (PID=1512) to work on /home/airflow/.local/lib/python3.12/site-packages/airflow/example_dags/example_sensors.py
Processing file /home/airflow/.local/lib/python3.12/site-packages/airflow/example_dags/example_sensors.py for tasks to queue
Filling up the DagBag from /home/airflow/.local/lib/python3.12/site-packages/airflow/example_dags/example_sensors.py
DAG(s) 'example_sensors' retrieved from /home/airflow/.local/lib/python3.12/site-packages/airflow/example_dags/example_sensors.py
Sync 1 DAGs
Setting next_dagrun for example_sensors to None, run_after=None
Processing /home/airflow/.local/lib/python3.12/site-packages/airflow/example_dags/example_sensors.py took 0.047 seconds
Started process (PID=1589) to work on /home/airflow/.local/lib/python3.12/site-packages/airflow/example_dags/example_sensors.py
Processing file /home/airflow/.local/lib/python3.12/site-packages/airflow/example_dags/example_sensors.py for tasks to queue
Filling up the DagBag from /home/airflow/.local/lib/python3.12/site-packages/airflow/example_dags/example_sensors.py
DAG(s) 'example_sensors' retrieved from /home/airflow/.local/lib/python3.12/site-packages/airflow/example_dags/example_sensors.py
Sync 1 DAGs
Setting next_dagrun for example_sensors to None, run_after=None
Processing /home/airflow/.local/lib/python3.12/site-packages/airflow/example_dags/example_sensors.py took 0.046 seconds
Started process (PID=1673) to work on /home/airflow/.local/lib/python3.12/site-packages/airflow/example_dags/example_sensors.py
Processing file /home/airflow/.local/lib/python3.12/site-packages/airflow/example_dags/example_sensors.py for tasks to queue
Filling up the DagBag from /home/airflow/.local/lib/python3.12/site-packages/airflow/example_dags/example_sensors.py
DAG(s) 'example_sensors' retrieved from /home/airflow/.local/lib/python3.12/site-packages/airflow/example_dags/example_sensors.py
Sync 1 DAGs
Setting next_dagrun for example_sensors to None, run_after=None
Processing /home/airflow/.local/lib/python3.12/site-packages/airflow/example_dags/example_sensors.py took 0.047 seconds
Started process (PID=1750) to work on /home/airflow/.local/lib/python3.12/site-packages/airflow/example_dags/example_sensors.py
Processing file /home/airflow/.local/lib/python3.12/site-packages/airflow/example_dags/example_sensors.py for tasks to queue
Filling up the DagBag from /home/airflow/.local/lib/python3.12/site-packages/airflow/example_dags/example_sensors.py
DAG(s) 'example_sensors' retrieved from /home/airflow/.local/lib/python3.12/site-packages/airflow/example_dags/example_sensors.py
Sync 1 DAGs
Setting next_dagrun for example_sensors to None, run_after=None
Processing /home/airflow/.local/lib/python3.12/site-packages/airflow/example_dags/example_sensors.py took 0.047 seconds
Started process (PID=1836) to work on /home/airflow/.local/lib/python3.12/site-packages/airflow/example_dags/example_sensors.py
Processing file /home/airflow/.local/lib/python3.12/site-packages/airflow/example_dags/example_sensors.py for tasks to queue
Filling up the DagBag from /home/airflow/.local/lib/python3.12/site-packages/airflow/example_dags/example_sensors.py
DAG(s) 'example_sensors' retrieved from /home/airflow/.local/lib/python3.12/site-packages/airflow/example_dags/example_sensors.py
Sync 1 DAGs
Setting next_dagrun for example_sensors to None, run_after=None
Processing /home/airflow/.local/lib/python3.12/site-packages/airflow/example_dags/example_sensors.py took 0.046 seconds
Started process (PID=1913) to work on /home/airflow/.local/lib/python3.12/site-packages/airflow/example_dags/example_sensors.py
Processing file /home/airflow/.local/lib/python3.12/site-packages/airflow/example_dags/example_sensors.py for tasks to queue
Filling up the DagBag from /home/airflow/.local/lib/python3.12/site-packages/airflow/example_dags/example_sensors.py
DAG(s) 'example_sensors' retrieved from /home/airflow/.local/lib/python3.12/site-packages/airflow/example_dags/example_sensors.py
Sync 1 DAGs
Setting next_dagrun for example_sensors to None, run_after=None
Processing /home/airflow/.local/lib/python3.12/site-packages/airflow/example_dags/example_sensors.py took 0.046 seconds
Started process (PID=1997) to work on /home/airflow/.local/lib/python3.12/site-packages/airflow/example_dags/example_sensors.py
Processing file /home/airflow/.local/lib/python3.12/site-packages/airflow/example_dags/example_sensors.py for tasks to queue
Filling up the DagBag from /home/airflow/.local/lib/python3.12/site-packages/airflow/example_dags/example_sensors.py
DAG(s) 'example_sensors' retrieved from /home/airflow/.local/lib/python3.12/site-packages/airflow/example_dags/example_sensors.py
Sync 1 DAGs
Setting next_dagrun for example_sensors to None, run_after=None
Processing /home/airflow/.local/lib/python3.12/site-packages/airflow/example_dags/example_sensors.py took 0.054 seconds
Started process (PID=2081) to work on /home/airflow/.local/lib/python3.12/site-packages/airflow/example_dags/example_sensors.py
Processing file /home/airflow/.local/lib/python3.12/site-packages/airflow/example_dags/example_sensors.py for tasks to queue
Filling up the DagBag from /home/airflow/.local/lib/python3.12/site-packages/airflow/example_dags/example_sensors.py
DAG(s) 'example_sensors' retrieved from /home/airflow/.local/lib/python3.12/site-packages/airflow/example_dags/example_sensors.py
Sync 1 DAGs
Setting next_dagrun for example_sensors to None, run_after=None
Processing /home/airflow/.local/lib/python3.12/site-packages/airflow/example_dags/example_sensors.py took 0.048 seconds
Started process (PID=2158) to work on /home/airflow/.local/lib/python3.12/site-packages/airflow/example_dags/example_sensors.py
Processing file /home/airflow/.local/lib/python3.12/site-packages/airflow/example_dags/example_sensors.py for tasks to queue
Filling up the DagBag from /home/airflow/.local/lib/python3.12/site-packages/airflow/example_dags/example_sensors.py
DAG(s) 'example_sensors' retrieved from /home/airflow/.local/lib/python3.12/site-packages/airflow/example_dags/example_sensors.py
Sync 1 DAGs
Setting next_dagrun for example_sensors to None, run_after=None
Processing /home/airflow/.local/lib/python3.12/site-packages/airflow/example_dags/example_sensors.py took 0.150 seconds
Started process (PID=2243) to work on /home/airflow/.local/lib/python3.12/site-packages/airflow/example_dags/example_sensors.py
Processing file /home/airflow/.local/lib/python3.12/site-packages/airflow/example_dags/example_sensors.py for tasks to queue
Filling up the DagBag from /home/airflow/.local/lib/python3.12/site-packages/airflow/example_dags/example_sensors.py
DAG(s) 'example_sensors' retrieved from /home/airflow/.local/lib/python3.12/site-packages/airflow/example_dags/example_sensors.py
Sync 1 DAGs
Setting next_dagrun for example_sensors to None, run_after=None
Processing /home/airflow/.local/lib/python3.12/site-packages/airflow/example_dags/example_sensors.py took 0.053 seconds
Started process (PID=2320) to work on /home/airflow/.local/lib/python3.12/site-packages/airflow/example_dags/example_sensors.py
Processing file /home/airflow/.local/lib/python3.12/site-packages/airflow/example_dags/example_sensors.py for tasks to queue
Filling up the DagBag from /home/airflow/.local/lib/python3.12/site-packages/airflow/example_dags/example_sensors.py
DAG(s) 'example_sensors' retrieved from /home/airflow/.local/lib/python3.12/site-packages/airflow/example_dags/example_sensors.py
Sync 1 DAGs
Setting next_dagrun for example_sensors to None, run_after=None
Processing /home/airflow/.local/lib/python3.12/site-packages/airflow/example_dags/example_sensors.py took 0.048 seconds
Started process (PID=2404) to work on /home/airflow/.local/lib/python3.12/site-packages/airflow/example_dags/example_sensors.py
Processing file /home/airflow/.local/lib/python3.12/site-packages/airflow/example_dags/example_sensors.py for tasks to queue
Filling up the DagBag from /home/airflow/.local/lib/python3.12/site-packages/airflow/example_dags/example_sensors.py
DAG(s) 'example_sensors' retrieved from /home/airflow/.local/lib/python3.12/site-packages/airflow/example_dags/example_sensors.py
Sync 1 DAGs
Setting next_dagrun for example_sensors to None, run_after=None
Processing /home/airflow/.local/lib/python3.12/site-packages/airflow/example_dags/example_sensors.py took 0.048 seconds
Started process (PID=2481) to work on /home/airflow/.local/lib/python3.12/site-packages/airflow/example_dags/example_sensors.py
Processing file /home/airflow/.local/lib/python3.12/site-packages/airflow/example_dags/example_sensors.py for tasks to queue
Filling up the DagBag from /home/airflow/.local/lib/python3.12/site-packages/airflow/example_dags/example_sensors.py
DAG(s) 'example_sensors' retrieved from /home/airflow/.local/lib/python3.12/site-packages/airflow/example_dags/example_sensors.py
Sync 1 DAGs
Setting next_dagrun for example_sensors to None, run_after=None
Processing /home/airflow/.local/lib/python3.12/site-packages/airflow/example_dags/example_sensors.py took 0.050 seconds
Started process (PID=2565) to work on /home/airflow/.local/lib/python3.12/site-packages/airflow/example_dags/example_sensors.py
Processing file /home/airflow/.local/lib/python3.12/site-packages/airflow/example_dags/example_sensors.py for tasks to queue
Filling up the DagBag from /home/airflow/.local/lib/python3.12/site-packages/airflow/example_dags/example_sensors.py
DAG(s) 'example_sensors' retrieved from /home/airflow/.local/lib/python3.12/site-packages/airflow/example_dags/example_sensors.py
Sync 1 DAGs
Setting next_dagrun for example_sensors to None, run_after=None
Processing /home/airflow/.local/lib/python3.12/site-packages/airflow/example_dags/example_sensors.py took 0.054 seconds
Started process (PID=2642) to work on /home/airflow/.local/lib/python3.12/site-packages/airflow/example_dags/example_sensors.py
Processing file /home/airflow/.local/lib/python3.12/site-packages/airflow/example_dags/example_sensors.py for tasks to queue
Filling up the DagBag from /home/airflow/.local/lib/python3.12/site-packages/airflow/example_dags/example_sensors.py
DAG(s) 'example_sensors' retrieved from /home/airflow/.local/lib/python3.12/site-packages/airflow/example_dags/example_sensors.py
Sync 1 DAGs
Setting next_dagrun for example_sensors to None, run_after=None
Processing /home/airflow/.local/lib/python3.12/site-packages/airflow/example_dags/example_sensors.py took 0.047 seconds
Started process (PID=2729) to work on /home/airflow/.local/lib/python3.12/site-packages/airflow/example_dags/example_sensors.py
Processing file /home/airflow/.local/lib/python3.12/site-packages/airflow/example_dags/example_sensors.py for tasks to queue
Filling up the DagBag from /home/airflow/.local/lib/python3.12/site-packages/airflow/example_dags/example_sensors.py
DAG(s) 'example_sensors' retrieved from /home/airflow/.local/lib/python3.12/site-packages/airflow/example_dags/example_sensors.py
Sync 1 DAGs
Setting next_dagrun for example_sensors to None, run_after=None
Processing /home/airflow/.local/lib/python3.12/site-packages/airflow/example_dags/example_sensors.py took 0.047 seconds
Started process (PID=2813) to work on /home/airflow/.local/lib/python3.12/site-packages/airflow/example_dags/example_sensors.py
Processing file /home/airflow/.local/lib/python3.12/site-packages/airflow/example_dags/example_sensors.py for tasks to queue
Filling up the DagBag from /home/airflow/.local/lib/python3.12/site-packages/airflow/example_dags/example_sensors.py
DAG(s) 'example_sensors' retrieved from /home/airflow/.local/lib/python3.12/site-packages/airflow/example_dags/example_sensors.py
Sync 1 DAGs
Setting next_dagrun for example_sensors to None, run_after=None
Processing /home/airflow/.local/lib/python3.12/site-packages/airflow/example_dags/example_sensors.py took 0.049 seconds
Started process (PID=2890) to work on /home/airflow/.local/lib/python3.12/site-packages/airflow/example_dags/example_sensors.py
Processing file /home/airflow/.local/lib/python3.12/site-packages/airflow/example_dags/example_sensors.py for tasks to queue
Filling up the DagBag from /home/airflow/.local/lib/python3.12/site-packages/airflow/example_dags/example_sensors.py
DAG(s) 'example_sensors' retrieved from /home/airflow/.local/lib/python3.12/site-packages/airflow/example_dags/example_sensors.py
Sync 1 DAGs
Setting next_dagrun for example_sensors to None, run_after=None
Processing /home/airflow/.local/lib/python3.12/site-packages/airflow/example_dags/example_sensors.py took 0.046 seconds
Started process (PID=2976) to work on /home/airflow/.local/lib/python3.12/site-packages/airflow/example_dags/example_sensors.py
Processing file /home/airflow/.local/lib/python3.12/site-packages/airflow/example_dags/example_sensors.py for tasks to queue
Filling up the DagBag from /home/airflow/.local/lib/python3.12/site-packages/airflow/example_dags/example_sensors.py
DAG(s) 'example_sensors' retrieved from /home/airflow/.local/lib/python3.12/site-packages/airflow/example_dags/example_sensors.py
Sync 1 DAGs
Setting next_dagrun for example_sensors to None, run_after=None
Processing /home/airflow/.local/lib/python3.12/site-packages/airflow/example_dags/example_sensors.py took 0.051 seconds
Started process (PID=3053) to work on /home/airflow/.local/lib/python3.12/site-packages/airflow/example_dags/example_sensors.py
Processing file /home/airflow/.local/lib/python3.12/site-packages/airflow/example_dags/example_sensors.py for tasks to queue
Filling up the DagBag from /home/airflow/.local/lib/python3.12/site-packages/airflow/example_dags/example_sensors.py
DAG(s) 'example_sensors' retrieved from /home/airflow/.local/lib/python3.12/site-packages/airflow/example_dags/example_sensors.py
Sync 1 DAGs
Setting next_dagrun for example_sensors to None, run_after=None
Processing /home/airflow/.local/lib/python3.12/site-packages/airflow/example_dags/example_sensors.py took 0.050 seconds
Started process (PID=3137) to work on /home/airflow/.local/lib/python3.12/site-packages/airflow/example_dags/example_sensors.py
Processing file /home/airflow/.local/lib/python3.12/site-packages/airflow/example_dags/example_sensors.py for tasks to queue
Filling up the DagBag from /home/airflow/.local/lib/python3.12/site-packages/airflow/example_dags/example_sensors.py
DAG(s) 'example_sensors' retrieved from /home/airflow/.local/lib/python3.12/site-packages/airflow/example_dags/example_sensors.py
Sync 1 DAGs
Setting next_dagrun for example_sensors to None, run_after=None
Processing /home/airflow/.local/lib/python3.12/site-packages/airflow/example_dags/example_sensors.py took 0.053 seconds
Started process (PID=3216) to work on /home/airflow/.local/lib/python3.12/site-packages/airflow/example_dags/example_sensors.py
Processing file /home/airflow/.local/lib/python3.12/site-packages/airflow/example_dags/example_sensors.py for tasks to queue
Filling up the DagBag from /home/airflow/.local/lib/python3.12/site-packages/airflow/example_dags/example_sensors.py
DAG(s) 'example_sensors' retrieved from /home/airflow/.local/lib/python3.12/site-packages/airflow/example_dags/example_sensors.py
Sync 1 DAGs
Setting next_dagrun for example_sensors to None, run_after=None
Processing /home/airflow/.local/lib/python3.12/site-packages/airflow/example_dags/example_sensors.py took 0.265 seconds
Started process (PID=3304) to work on /home/airflow/.local/lib/python3.12/site-packages/airflow/example_dags/example_sensors.py
Processing file /home/airflow/.local/lib/python3.12/site-packages/airflow/example_dags/example_sensors.py for tasks to queue
Filling up the DagBag from /home/airflow/.local/lib/python3.12/site-packages/airflow/example_dags/example_sensors.py
DAG(s) 'example_sensors' retrieved from /home/airflow/.local/lib/python3.12/site-packages/airflow/example_dags/example_sensors.py
Sync 1 DAGs
Setting next_dagrun for example_sensors to None, run_after=None
Processing /home/airflow/.local/lib/python3.12/site-packages/airflow/example_dags/example_sensors.py took 0.047 seconds
Started process (PID=3383) to work on /home/airflow/.local/lib/python3.12/site-packages/airflow/example_dags/example_sensors.py
Processing file /home/airflow/.local/lib/python3.12/site-packages/airflow/example_dags/example_sensors.py for tasks to queue
Filling up the DagBag from /home/airflow/.local/lib/python3.12/site-packages/airflow/example_dags/example_sensors.py
DAG(s) 'example_sensors' retrieved from /home/airflow/.local/lib/python3.12/site-packages/airflow/example_dags/example_sensors.py
Sync 1 DAGs
Setting next_dagrun for example_sensors to None, run_after=None
Processing /home/airflow/.local/lib/python3.12/site-packages/airflow/example_dags/example_sensors.py took 0.055 seconds
Started process (PID=3468) to work on /home/airflow/.local/lib/python3.12/site-packages/airflow/example_dags/example_sensors.py
Processing file /home/airflow/.local/lib/python3.12/site-packages/airflow/example_dags/example_sensors.py for tasks to queue
Filling up the DagBag from /home/airflow/.local/lib/python3.12/site-packages/airflow/example_dags/example_sensors.py
DAG(s) 'example_sensors' retrieved from /home/airflow/.local/lib/python3.12/site-packages/airflow/example_dags/example_sensors.py
Sync 1 DAGs
Setting next_dagrun for example_sensors to None, run_after=None
Processing /home/airflow/.local/lib/python3.12/site-packages/airflow/example_dags/example_sensors.py took 0.052 seconds
Started process (PID=3545) to work on /home/airflow/.local/lib/python3.12/site-packages/airflow/example_dags/example_sensors.py
Processing file /home/airflow/.local/lib/python3.12/site-packages/airflow/example_dags/example_sensors.py for tasks to queue
Filling up the DagBag from /home/airflow/.local/lib/python3.12/site-packages/airflow/example_dags/example_sensors.py
DAG(s) 'example_sensors' retrieved from /home/airflow/.local/lib/python3.12/site-packages/airflow/example_dags/example_sensors.py
Sync 1 DAGs
Setting next_dagrun for example_sensors to None, run_after=None
Processing /home/airflow/.local/lib/python3.12/site-packages/airflow/example_dags/example_sensors.py took 0.047 seconds
Started process (PID=3629) to work on /home/airflow/.local/lib/python3.12/site-packages/airflow/example_dags/example_sensors.py
Processing file /home/airflow/.local/lib/python3.12/site-packages/airflow/example_dags/example_sensors.py for tasks to queue
Filling up the DagBag from /home/airflow/.local/lib/python3.12/site-packages/airflow/example_dags/example_sensors.py
DAG(s) 'example_sensors' retrieved from /home/airflow/.local/lib/python3.12/site-packages/airflow/example_dags/example_sensors.py
Sync 1 DAGs
Setting next_dagrun for example_sensors to None, run_after=None
Processing /home/airflow/.local/lib/python3.12/site-packages/airflow/example_dags/example_sensors.py took 0.048 seconds
Started process (PID=3713) to work on /home/airflow/.local/lib/python3.12/site-packages/airflow/example_dags/example_sensors.py
Processing file /home/airflow/.local/lib/python3.12/site-packages/airflow/example_dags/example_sensors.py for tasks to queue
Filling up the DagBag from /home/airflow/.local/lib/python3.12/site-packages/airflow/example_dags/example_sensors.py
DAG(s) 'example_sensors' retrieved from /home/airflow/.local/lib/python3.12/site-packages/airflow/example_dags/example_sensors.py
Sync 1 DAGs
Setting next_dagrun for example_sensors to None, run_after=None
Processing /home/airflow/.local/lib/python3.12/site-packages/airflow/example_dags/example_sensors.py took 0.050 seconds
Started process (PID=3790) to work on /home/airflow/.local/lib/python3.12/site-packages/airflow/example_dags/example_sensors.py
Processing file /home/airflow/.local/lib/python3.12/site-packages/airflow/example_dags/example_sensors.py for tasks to queue
Filling up the DagBag from /home/airflow/.local/lib/python3.12/site-packages/airflow/example_dags/example_sensors.py
DAG(s) 'example_sensors' retrieved from /home/airflow/.local/lib/python3.12/site-packages/airflow/example_dags/example_sensors.py
Sync 1 DAGs
Setting next_dagrun for example_sensors to None, run_after=None
Processing /home/airflow/.local/lib/python3.12/site-packages/airflow/example_dags/example_sensors.py took 0.048 seconds
Started process (PID=3874) to work on /home/airflow/.local/lib/python3.12/site-packages/airflow/example_dags/example_sensors.py
Processing file /home/airflow/.local/lib/python3.12/site-packages/airflow/example_dags/example_sensors.py for tasks to queue
Filling up the DagBag from /home/airflow/.local/lib/python3.12/site-packages/airflow/example_dags/example_sensors.py
DAG(s) 'example_sensors' retrieved from /home/airflow/.local/lib/python3.12/site-packages/airflow/example_dags/example_sensors.py
Sync 1 DAGs
Setting next_dagrun for example_sensors to None, run_after=None
Processing /home/airflow/.local/lib/python3.12/site-packages/airflow/example_dags/example_sensors.py took 0.051 seconds
Started process (PID=3951) to work on /home/airflow/.local/lib/python3.12/site-packages/airflow/example_dags/example_sensors.py
Processing file /home/airflow/.local/lib/python3.12/site-packages/airflow/example_dags/example_sensors.py for tasks to queue
Filling up the DagBag from /home/airflow/.local/lib/python3.12/site-packages/airflow/example_dags/example_sensors.py
DAG(s) 'example_sensors' retrieved from /home/airflow/.local/lib/python3.12/site-packages/airflow/example_dags/example_sensors.py
Sync 1 DAGs
Setting next_dagrun for example_sensors to None, run_after=None
Processing /home/airflow/.local/lib/python3.12/site-packages/airflow/example_dags/example_sensors.py took 0.047 seconds
Started process (PID=4035) to work on /home/airflow/.local/lib/python3.12/site-packages/airflow/example_dags/example_sensors.py
Processing file /home/airflow/.local/lib/python3.12/site-packages/airflow/example_dags/example_sensors.py for tasks to queue
Filling up the DagBag from /home/airflow/.local/lib/python3.12/site-packages/airflow/example_dags/example_sensors.py
DAG(s) 'example_sensors' retrieved from /home/airflow/.local/lib/python3.12/site-packages/airflow/example_dags/example_sensors.py
Sync 1 DAGs
Setting next_dagrun for example_sensors to None, run_after=None
Processing /home/airflow/.local/lib/python3.12/site-packages/airflow/example_dags/example_sensors.py took 0.051 seconds
Started process (PID=4112) to work on /home/airflow/.local/lib/python3.12/site-packages/airflow/example_dags/example_sensors.py
Processing file /home/airflow/.local/lib/python3.12/site-packages/airflow/example_dags/example_sensors.py for tasks to queue
Filling up the DagBag from /home/airflow/.local/lib/python3.12/site-packages/airflow/example_dags/example_sensors.py
DAG(s) 'example_sensors' retrieved from /home/airflow/.local/lib/python3.12/site-packages/airflow/example_dags/example_sensors.py
Sync 1 DAGs
Setting next_dagrun for example_sensors to None, run_after=None
Processing /home/airflow/.local/lib/python3.12/site-packages/airflow/example_dags/example_sensors.py took 0.050 seconds
Started process (PID=4197) to work on /home/airflow/.local/lib/python3.12/site-packages/airflow/example_dags/example_sensors.py
Processing file /home/airflow/.local/lib/python3.12/site-packages/airflow/example_dags/example_sensors.py for tasks to queue
Filling up the DagBag from /home/airflow/.local/lib/python3.12/site-packages/airflow/example_dags/example_sensors.py
DAG(s) 'example_sensors' retrieved from /home/airflow/.local/lib/python3.12/site-packages/airflow/example_dags/example_sensors.py
Sync 1 DAGs
Setting next_dagrun for example_sensors to None, run_after=None
Processing /home/airflow/.local/lib/python3.12/site-packages/airflow/example_dags/example_sensors.py took 0.048 seconds
Started process (PID=4274) to work on /home/airflow/.local/lib/python3.12/site-packages/airflow/example_dags/example_sensors.py
Processing file /home/airflow/.local/lib/python3.12/site-packages/airflow/example_dags/example_sensors.py for tasks to queue
Filling up the DagBag from /home/airflow/.local/lib/python3.12/site-packages/airflow/example_dags/example_sensors.py
DAG(s) 'example_sensors' retrieved from /home/airflow/.local/lib/python3.12/site-packages/airflow/example_dags/example_sensors.py
Sync 1 DAGs
Setting next_dagrun for example_sensors to None, run_after=None
Processing /home/airflow/.local/lib/python3.12/site-packages/airflow/example_dags/example_sensors.py took 0.047 seconds
Started process (PID=4359) to work on /home/airflow/.local/lib/python3.12/site-packages/airflow/example_dags/example_sensors.py
Processing file /home/airflow/.local/lib/python3.12/site-packages/airflow/example_dags/example_sensors.py for tasks to queue
Filling up the DagBag from /home/airflow/.local/lib/python3.12/site-packages/airflow/example_dags/example_sensors.py
DAG(s) 'example_sensors' retrieved from /home/airflow/.local/lib/python3.12/site-packages/airflow/example_dags/example_sensors.py
Sync 1 DAGs
Setting next_dagrun for example_sensors to None, run_after=None
Processing /home/airflow/.local/lib/python3.12/site-packages/airflow/example_dags/example_sensors.py took 0.049 seconds
Started process (PID=4443) to work on /home/airflow/.local/lib/python3.12/site-packages/airflow/example_dags/example_sensors.py
Processing file /home/airflow/.local/lib/python3.12/site-packages/airflow/example_dags/example_sensors.py for tasks to queue
Filling up the DagBag from /home/airflow/.local/lib/python3.12/site-packages/airflow/example_dags/example_sensors.py
DAG(s) 'example_sensors' retrieved from /home/airflow/.local/lib/python3.12/site-packages/airflow/example_dags/example_sensors.py
Sync 1 DAGs
Setting next_dagrun for example_sensors to None, run_after=None
Processing /home/airflow/.local/lib/python3.12/site-packages/airflow/example_dags/example_sensors.py took 0.055 seconds
Started process (PID=4523) to work on /home/airflow/.local/lib/python3.12/site-packages/airflow/example_dags/example_sensors.py
Processing file /home/airflow/.local/lib/python3.12/site-packages/airflow/example_dags/example_sensors.py for tasks to queue
Filling up the DagBag from /home/airflow/.local/lib/python3.12/site-packages/airflow/example_dags/example_sensors.py
DAG(s) 'example_sensors' retrieved from /home/airflow/.local/lib/python3.12/site-packages/airflow/example_dags/example_sensors.py
Sync 1 DAGs
Setting next_dagrun for example_sensors to None, run_after=None
Processing /home/airflow/.local/lib/python3.12/site-packages/airflow/example_dags/example_sensors.py took 0.047 seconds
Started process (PID=4607) to work on /home/airflow/.local/lib/python3.12/site-packages/airflow/example_dags/example_sensors.py
Processing file /home/airflow/.local/lib/python3.12/site-packages/airflow/example_dags/example_sensors.py for tasks to queue
Filling up the DagBag from /home/airflow/.local/lib/python3.12/site-packages/airflow/example_dags/example_sensors.py
DAG(s) 'example_sensors' retrieved from /home/airflow/.local/lib/python3.12/site-packages/airflow/example_dags/example_sensors.py
Sync 1 DAGs
Setting next_dagrun for example_sensors to None, run_after=None
Processing /home/airflow/.local/lib/python3.12/site-packages/airflow/example_dags/example_sensors.py took 0.048 seconds
Started process (PID=4696) to work on /home/airflow/.local/lib/python3.12/site-packages/airflow/example_dags/example_sensors.py
Processing file /home/airflow/.local/lib/python3.12/site-packages/airflow/example_dags/example_sensors.py for tasks to queue
Filling up the DagBag from /home/airflow/.local/lib/python3.12/site-packages/airflow/example_dags/example_sensors.py
DAG(s) 'example_sensors' retrieved from /home/airflow/.local/lib/python3.12/site-packages/airflow/example_dags/example_sensors.py
Sync 1 DAGs
Setting next_dagrun for example_sensors to None, run_after=None
Processing /home/airflow/.local/lib/python3.12/site-packages/airflow/example_dags/example_sensors.py took 0.051 seconds
Started process (PID=4780) to work on /home/airflow/.local/lib/python3.12/site-packages/airflow/example_dags/example_sensors.py
Processing file /home/airflow/.local/lib/python3.12/site-packages/airflow/example_dags/example_sensors.py for tasks to queue
Filling up the DagBag from /home/airflow/.local/lib/python3.12/site-packages/airflow/example_dags/example_sensors.py
DAG(s) 'example_sensors' retrieved from /home/airflow/.local/lib/python3.12/site-packages/airflow/example_dags/example_sensors.py
Sync 1 DAGs
Setting next_dagrun for example_sensors to None, run_after=None
Processing /home/airflow/.local/lib/python3.12/site-packages/airflow/example_dags/example_sensors.py took 0.052 seconds
Started process (PID=4870) to work on /home/airflow/.local/lib/python3.12/site-packages/airflow/example_dags/example_sensors.py
Processing file /home/airflow/.local/lib/python3.12/site-packages/airflow/example_dags/example_sensors.py for tasks to queue
Filling up the DagBag from /home/airflow/.local/lib/python3.12/site-packages/airflow/example_dags/example_sensors.py
DAG(s) 'example_sensors' retrieved from /home/airflow/.local/lib/python3.12/site-packages/airflow/example_dags/example_sensors.py
Sync 1 DAGs
Setting next_dagrun for example_sensors to None, run_after=None
Processing /home/airflow/.local/lib/python3.12/site-packages/airflow/example_dags/example_sensors.py took 0.050 seconds
Started process (PID=4947) to work on /home/airflow/.local/lib/python3.12/site-packages/airflow/example_dags/example_sensors.py
Processing file /home/airflow/.local/lib/python3.12/site-packages/airflow/example_dags/example_sensors.py for tasks to queue
Filling up the DagBag from /home/airflow/.local/lib/python3.12/site-packages/airflow/example_dags/example_sensors.py
DAG(s) 'example_sensors' retrieved from /home/airflow/.local/lib/python3.12/site-packages/airflow/example_dags/example_sensors.py
Sync 1 DAGs
Setting next_dagrun for example_sensors to None, run_after=None
Processing /home/airflow/.local/lib/python3.12/site-packages/airflow/example_dags/example_sensors.py took 0.055 seconds
Started process (PID=5031) to work on /home/airflow/.local/lib/python3.12/site-packages/airflow/example_dags/example_sensors.py
Processing file /home/airflow/.local/lib/python3.12/site-packages/airflow/example_dags/example_sensors.py for tasks to queue
Filling up the DagBag from /home/airflow/.local/lib/python3.12/site-packages/airflow/example_dags/example_sensors.py
DAG(s) 'example_sensors' retrieved from /home/airflow/.local/lib/python3.12/site-packages/airflow/example_dags/example_sensors.py
Sync 1 DAGs
Setting next_dagrun for example_sensors to None, run_after=None
Processing /home/airflow/.local/lib/python3.12/site-packages/airflow/example_dags/example_sensors.py took 0.053 seconds
Started process (PID=5109) to work on /home/airflow/.local/lib/python3.12/site-packages/airflow/example_dags/example_sensors.py
Processing file /home/airflow/.local/lib/python3.12/site-packages/airflow/example_dags/example_sensors.py for tasks to queue
Filling up the DagBag from /home/airflow/.local/lib/python3.12/site-packages/airflow/example_dags/example_sensors.py
DAG(s) 'example_sensors' retrieved from /home/airflow/.local/lib/python3.12/site-packages/airflow/example_dags/example_sensors.py
Sync 1 DAGs
Setting next_dagrun for example_sensors to None, run_after=None
Processing /home/airflow/.local/lib/python3.12/site-packages/airflow/example_dags/example_sensors.py took 0.046 seconds
Started process (PID=5193) to work on /home/airflow/.local/lib/python3.12/site-packages/airflow/example_dags/example_sensors.py
Processing file /home/airflow/.local/lib/python3.12/site-packages/airflow/example_dags/example_sensors.py for tasks to queue
Filling up the DagBag from /home/airflow/.local/lib/python3.12/site-packages/airflow/example_dags/example_sensors.py
DAG(s) 'example_sensors' retrieved from /home/airflow/.local/lib/python3.12/site-packages/airflow/example_dags/example_sensors.py
Sync 1 DAGs
Setting next_dagrun for example_sensors to None, run_after=None
Processing /home/airflow/.local/lib/python3.12/site-packages/airflow/example_dags/example_sensors.py took 0.047 seconds
Started process (PID=5270) to work on /home/airflow/.local/lib/python3.12/site-packages/airflow/example_dags/example_sensors.py
Processing file /home/airflow/.local/lib/python3.12/site-packages/airflow/example_dags/example_sensors.py for tasks to queue
Filling up the DagBag from /home/airflow/.local/lib/python3.12/site-packages/airflow/example_dags/example_sensors.py
DAG(s) 'example_sensors' retrieved from /home/airflow/.local/lib/python3.12/site-packages/airflow/example_dags/example_sensors.py
Sync 1 DAGs
Setting next_dagrun for example_sensors to None, run_after=None
Processing /home/airflow/.local/lib/python3.12/site-packages/airflow/example_dags/example_sensors.py took 0.048 seconds
Started process (PID=5354) to work on /home/airflow/.local/lib/python3.12/site-packages/airflow/example_dags/example_sensors.py
Processing file /home/airflow/.local/lib/python3.12/site-packages/airflow/example_dags/example_sensors.py for tasks to queue
Filling up the DagBag from /home/airflow/.local/lib/python3.12/site-packages/airflow/example_dags/example_sensors.py
DAG(s) 'example_sensors' retrieved from /home/airflow/.local/lib/python3.12/site-packages/airflow/example_dags/example_sensors.py
Sync 1 DAGs
Setting next_dagrun for example_sensors to None, run_after=None
Processing /home/airflow/.local/lib/python3.12/site-packages/airflow/example_dags/example_sensors.py took 0.047 seconds
Started process (PID=5431) to work on /home/airflow/.local/lib/python3.12/site-packages/airflow/example_dags/example_sensors.py
Processing file /home/airflow/.local/lib/python3.12/site-packages/airflow/example_dags/example_sensors.py for tasks to queue
Filling up the DagBag from /home/airflow/.local/lib/python3.12/site-packages/airflow/example_dags/example_sensors.py
DAG(s) 'example_sensors' retrieved from /home/airflow/.local/lib/python3.12/site-packages/airflow/example_dags/example_sensors.py
Sync 1 DAGs
Setting next_dagrun for example_sensors to None, run_after=None
Processing /home/airflow/.local/lib/python3.12/site-packages/airflow/example_dags/example_sensors.py took 0.049 seconds
Started process (PID=5515) to work on /home/airflow/.local/lib/python3.12/site-packages/airflow/example_dags/example_sensors.py
Processing file /home/airflow/.local/lib/python3.12/site-packages/airflow/example_dags/example_sensors.py for tasks to queue
Filling up the DagBag from /home/airflow/.local/lib/python3.12/site-packages/airflow/example_dags/example_sensors.py
DAG(s) 'example_sensors' retrieved from /home/airflow/.local/lib/python3.12/site-packages/airflow/example_dags/example_sensors.py
Sync 1 DAGs
Setting next_dagrun for example_sensors to None, run_after=None
Processing /home/airflow/.local/lib/python3.12/site-packages/airflow/example_dags/example_sensors.py took 0.048 seconds
Started process (PID=5592) to work on /home/airflow/.local/lib/python3.12/site-packages/airflow/example_dags/example_sensors.py
Processing file /home/airflow/.local/lib/python3.12/site-packages/airflow/example_dags/example_sensors.py for tasks to queue
Filling up the DagBag from /home/airflow/.local/lib/python3.12/site-packages/airflow/example_dags/example_sensors.py
DAG(s) 'example_sensors' retrieved from /home/airflow/.local/lib/python3.12/site-packages/airflow/example_dags/example_sensors.py
Sync 1 DAGs
Setting next_dagrun for example_sensors to None, run_after=None
Processing /home/airflow/.local/lib/python3.12/site-packages/airflow/example_dags/example_sensors.py took 0.054 seconds
Started process (PID=5676) to work on /home/airflow/.local/lib/python3.12/site-packages/airflow/example_dags/example_sensors.py
Processing file /home/airflow/.local/lib/python3.12/site-packages/airflow/example_dags/example_sensors.py for tasks to queue
Filling up the DagBag from /home/airflow/.local/lib/python3.12/site-packages/airflow/example_dags/example_sensors.py
DAG(s) 'example_sensors' retrieved from /home/airflow/.local/lib/python3.12/site-packages/airflow/example_dags/example_sensors.py
Sync 1 DAGs
Setting next_dagrun for example_sensors to None, run_after=None
Processing /home/airflow/.local/lib/python3.12/site-packages/airflow/example_dags/example_sensors.py took 0.048 seconds
Started process (PID=5753) to work on /home/airflow/.local/lib/python3.12/site-packages/airflow/example_dags/example_sensors.py
Processing file /home/airflow/.local/lib/python3.12/site-packages/airflow/example_dags/example_sensors.py for tasks to queue
Filling up the DagBag from /home/airflow/.local/lib/python3.12/site-packages/airflow/example_dags/example_sensors.py
DAG(s) 'example_sensors' retrieved from /home/airflow/.local/lib/python3.12/site-packages/airflow/example_dags/example_sensors.py
Sync 1 DAGs
Setting next_dagrun for example_sensors to None, run_after=None
Processing /home/airflow/.local/lib/python3.12/site-packages/airflow/example_dags/example_sensors.py took 0.046 seconds
Started process (PID=5837) to work on /home/airflow/.local/lib/python3.12/site-packages/airflow/example_dags/example_sensors.py
Processing file /home/airflow/.local/lib/python3.12/site-packages/airflow/example_dags/example_sensors.py for tasks to queue
Filling up the DagBag from /home/airflow/.local/lib/python3.12/site-packages/airflow/example_dags/example_sensors.py
DAG(s) 'example_sensors' retrieved from /home/airflow/.local/lib/python3.12/site-packages/airflow/example_dags/example_sensors.py
Sync 1 DAGs
Setting next_dagrun for example_sensors to None, run_after=None
Processing /home/airflow/.local/lib/python3.12/site-packages/airflow/example_dags/example_sensors.py took 0.047 seconds
Started process (PID=5914) to work on /home/airflow/.local/lib/python3.12/site-packages/airflow/example_dags/example_sensors.py
Processing file /home/airflow/.local/lib/python3.12/site-packages/airflow/example_dags/example_sensors.py for tasks to queue
Filling up the DagBag from /home/airflow/.local/lib/python3.12/site-packages/airflow/example_dags/example_sensors.py
DAG(s) 'example_sensors' retrieved from /home/airflow/.local/lib/python3.12/site-packages/airflow/example_dags/example_sensors.py
Sync 1 DAGs
Setting next_dagrun for example_sensors to None, run_after=None
Processing /home/airflow/.local/lib/python3.12/site-packages/airflow/example_dags/example_sensors.py took 0.057 seconds
Started process (PID=5998) to work on /home/airflow/.local/lib/python3.12/site-packages/airflow/example_dags/example_sensors.py
Processing file /home/airflow/.local/lib/python3.12/site-packages/airflow/example_dags/example_sensors.py for tasks to queue
Filling up the DagBag from /home/airflow/.local/lib/python3.12/site-packages/airflow/example_dags/example_sensors.py
DAG(s) 'example_sensors' retrieved from /home/airflow/.local/lib/python3.12/site-packages/airflow/example_dags/example_sensors.py
Sync 1 DAGs
Setting next_dagrun for example_sensors to None, run_after=None
Processing /home/airflow/.local/lib/python3.12/site-packages/airflow/example_dags/example_sensors.py took 0.047 seconds
Started process (PID=6075) to work on /home/airflow/.local/lib/python3.12/site-packages/airflow/example_dags/example_sensors.py
Processing file /home/airflow/.local/lib/python3.12/site-packages/airflow/example_dags/example_sensors.py for tasks to queue
Filling up the DagBag from /home/airflow/.local/lib/python3.12/site-packages/airflow/example_dags/example_sensors.py
DAG(s) 'example_sensors' retrieved from /home/airflow/.local/lib/python3.12/site-packages/airflow/example_dags/example_sensors.py
Sync 1 DAGs
Setting next_dagrun for example_sensors to None, run_after=None
Processing /home/airflow/.local/lib/python3.12/site-packages/airflow/example_dags/example_sensors.py took 0.052 seconds
Started process (PID=6159) to work on /home/airflow/.local/lib/python3.12/site-packages/airflow/example_dags/example_sensors.py
Processing file /home/airflow/.local/lib/python3.12/site-packages/airflow/example_dags/example_sensors.py for tasks to queue
Filling up the DagBag from /home/airflow/.local/lib/python3.12/site-packages/airflow/example_dags/example_sensors.py
DAG(s) 'example_sensors' retrieved from /home/airflow/.local/lib/python3.12/site-packages/airflow/example_dags/example_sensors.py
Sync 1 DAGs
Setting next_dagrun for example_sensors to None, run_after=None
Processing /home/airflow/.local/lib/python3.12/site-packages/airflow/example_dags/example_sensors.py took 0.048 seconds
Started process (PID=6236) to work on /home/airflow/.local/lib/python3.12/site-packages/airflow/example_dags/example_sensors.py
Processing file /home/airflow/.local/lib/python3.12/site-packages/airflow/example_dags/example_sensors.py for tasks to queue
Filling up the DagBag from /home/airflow/.local/lib/python3.12/site-packages/airflow/example_dags/example_sensors.py
DAG(s) 'example_sensors' retrieved from /home/airflow/.local/lib/python3.12/site-packages/airflow/example_dags/example_sensors.py
Sync 1 DAGs
Setting next_dagrun for example_sensors to None, run_after=None
Processing /home/airflow/.local/lib/python3.12/site-packages/airflow/example_dags/example_sensors.py took 0.047 seconds
Started process (PID=6320) to work on /home/airflow/.local/lib/python3.12/site-packages/airflow/example_dags/example_sensors.py
Processing file /home/airflow/.local/lib/python3.12/site-packages/airflow/example_dags/example_sensors.py for tasks to queue
Filling up the DagBag from /home/airflow/.local/lib/python3.12/site-packages/airflow/example_dags/example_sensors.py
DAG(s) 'example_sensors' retrieved from /home/airflow/.local/lib/python3.12/site-packages/airflow/example_dags/example_sensors.py
Sync 1 DAGs
Setting next_dagrun for example_sensors to None, run_after=None
Processing /home/airflow/.local/lib/python3.12/site-packages/airflow/example_dags/example_sensors.py took 0.051 seconds
Started process (PID=6397) to work on /home/airflow/.local/lib/python3.12/site-packages/airflow/example_dags/example_sensors.py
Processing file /home/airflow/.local/lib/python3.12/site-packages/airflow/example_dags/example_sensors.py for tasks to queue
Filling up the DagBag from /home/airflow/.local/lib/python3.12/site-packages/airflow/example_dags/example_sensors.py
DAG(s) 'example_sensors' retrieved from /home/airflow/.local/lib/python3.12/site-packages/airflow/example_dags/example_sensors.py
Sync 1 DAGs
Setting next_dagrun for example_sensors to None, run_after=None
Processing /home/airflow/.local/lib/python3.12/site-packages/airflow/example_dags/example_sensors.py took 0.047 seconds
Started process (PID=6481) to work on /home/airflow/.local/lib/python3.12/site-packages/airflow/example_dags/example_sensors.py
Processing file /home/airflow/.local/lib/python3.12/site-packages/airflow/example_dags/example_sensors.py for tasks to queue
Filling up the DagBag from /home/airflow/.local/lib/python3.12/site-packages/airflow/example_dags/example_sensors.py
DAG(s) 'example_sensors' retrieved from /home/airflow/.local/lib/python3.12/site-packages/airflow/example_dags/example_sensors.py
Sync 1 DAGs
Setting next_dagrun for example_sensors to None, run_after=None
Processing /home/airflow/.local/lib/python3.12/site-packages/airflow/example_dags/example_sensors.py took 0.052 seconds
Started process (PID=6565) to work on /home/airflow/.local/lib/python3.12/site-packages/airflow/example_dags/example_sensors.py
Processing file /home/airflow/.local/lib/python3.12/site-packages/airflow/example_dags/example_sensors.py for tasks to queue
Filling up the DagBag from /home/airflow/.local/lib/python3.12/site-packages/airflow/example_dags/example_sensors.py
DAG(s) 'example_sensors' retrieved from /home/airflow/.local/lib/python3.12/site-packages/airflow/example_dags/example_sensors.py
Sync 1 DAGs
Setting next_dagrun for example_sensors to None, run_after=None
Processing /home/airflow/.local/lib/python3.12/site-packages/airflow/example_dags/example_sensors.py took 0.048 seconds
Started process (PID=6642) to work on /home/airflow/.local/lib/python3.12/site-packages/airflow/example_dags/example_sensors.py
Processing file /home/airflow/.local/lib/python3.12/site-packages/airflow/example_dags/example_sensors.py for tasks to queue
Filling up the DagBag from /home/airflow/.local/lib/python3.12/site-packages/airflow/example_dags/example_sensors.py
DAG(s) 'example_sensors' retrieved from /home/airflow/.local/lib/python3.12/site-packages/airflow/example_dags/example_sensors.py
Sync 1 DAGs
Setting next_dagrun for example_sensors to None, run_after=None
Processing /home/airflow/.local/lib/python3.12/site-packages/airflow/example_dags/example_sensors.py took 0.047 seconds
Started process (PID=6726) to work on /home/airflow/.local/lib/python3.12/site-packages/airflow/example_dags/example_sensors.py
Processing file /home/airflow/.local/lib/python3.12/site-packages/airflow/example_dags/example_sensors.py for tasks to queue
Filling up the DagBag from /home/airflow/.local/lib/python3.12/site-packages/airflow/example_dags/example_sensors.py
DAG(s) 'example_sensors' retrieved from /home/airflow/.local/lib/python3.12/site-packages/airflow/example_dags/example_sensors.py
Sync 1 DAGs
Setting next_dagrun for example_sensors to None, run_after=None
Processing /home/airflow/.local/lib/python3.12/site-packages/airflow/example_dags/example_sensors.py took 0.047 seconds
Started process (PID=6804) to work on /home/airflow/.local/lib/python3.12/site-packages/airflow/example_dags/example_sensors.py
Processing file /home/airflow/.local/lib/python3.12/site-packages/airflow/example_dags/example_sensors.py for tasks to queue
Filling up the DagBag from /home/airflow/.local/lib/python3.12/site-packages/airflow/example_dags/example_sensors.py
DAG(s) 'example_sensors' retrieved from /home/airflow/.local/lib/python3.12/site-packages/airflow/example_dags/example_sensors.py
Sync 1 DAGs
Setting next_dagrun for example_sensors to None, run_after=None
Processing /home/airflow/.local/lib/python3.12/site-packages/airflow/example_dags/example_sensors.py took 0.050 seconds
Started process (PID=6881) to work on /home/airflow/.local/lib/python3.12/site-packages/airflow/example_dags/example_sensors.py
Processing file /home/airflow/.local/lib/python3.12/site-packages/airflow/example_dags/example_sensors.py for tasks to queue
Filling up the DagBag from /home/airflow/.local/lib/python3.12/site-packages/airflow/example_dags/example_sensors.py
DAG(s) 'example_sensors' retrieved from /home/airflow/.local/lib/python3.12/site-packages/airflow/example_dags/example_sensors.py
Sync 1 DAGs
Setting next_dagrun for example_sensors to None, run_after=None
Processing /home/airflow/.local/lib/python3.12/site-packages/airflow/example_dags/example_sensors.py took 0.047 seconds
Started process (PID=6967) to work on /home/airflow/.local/lib/python3.12/site-packages/airflow/example_dags/example_sensors.py
Processing file /home/airflow/.local/lib/python3.12/site-packages/airflow/example_dags/example_sensors.py for tasks to queue
Filling up the DagBag from /home/airflow/.local/lib/python3.12/site-packages/airflow/example_dags/example_sensors.py
DAG(s) 'example_sensors' retrieved from /home/airflow/.local/lib/python3.12/site-packages/airflow/example_dags/example_sensors.py
Sync 1 DAGs
Setting next_dagrun for example_sensors to None, run_after=None
Processing /home/airflow/.local/lib/python3.12/site-packages/airflow/example_dags/example_sensors.py took 0.049 seconds
Started process (PID=7051) to work on /home/airflow/.local/lib/python3.12/site-packages/airflow/example_dags/example_sensors.py
Processing file /home/airflow/.local/lib/python3.12/site-packages/airflow/example_dags/example_sensors.py for tasks to queue
Filling up the DagBag from /home/airflow/.local/lib/python3.12/site-packages/airflow/example_dags/example_sensors.py
DAG(s) 'example_sensors' retrieved from /home/airflow/.local/lib/python3.12/site-packages/airflow/example_dags/example_sensors.py
Sync 1 DAGs
Setting next_dagrun for example_sensors to None, run_after=None
Processing /home/airflow/.local/lib/python3.12/site-packages/airflow/example_dags/example_sensors.py took 0.053 seconds
Started process (PID=7128) to work on /home/airflow/.local/lib/python3.12/site-packages/airflow/example_dags/example_sensors.py
Processing file /home/airflow/.local/lib/python3.12/site-packages/airflow/example_dags/example_sensors.py for tasks to queue
Filling up the DagBag from /home/airflow/.local/lib/python3.12/site-packages/airflow/example_dags/example_sensors.py
DAG(s) 'example_sensors' retrieved from /home/airflow/.local/lib/python3.12/site-packages/airflow/example_dags/example_sensors.py
Sync 1 DAGs
Setting next_dagrun for example_sensors to None, run_after=None
Processing /home/airflow/.local/lib/python3.12/site-packages/airflow/example_dags/example_sensors.py took 0.046 seconds
Started process (PID=7212) to work on /home/airflow/.local/lib/python3.12/site-packages/airflow/example_dags/example_sensors.py
Processing file /home/airflow/.local/lib/python3.12/site-packages/airflow/example_dags/example_sensors.py for tasks to queue
Filling up the DagBag from /home/airflow/.local/lib/python3.12/site-packages/airflow/example_dags/example_sensors.py
DAG(s) 'example_sensors' retrieved from /home/airflow/.local/lib/python3.12/site-packages/airflow/example_dags/example_sensors.py
Sync 1 DAGs
Setting next_dagrun for example_sensors to None, run_after=None
Processing /home/airflow/.local/lib/python3.12/site-packages/airflow/example_dags/example_sensors.py took 0.047 seconds
Started process (PID=7289) to work on /home/airflow/.local/lib/python3.12/site-packages/airflow/example_dags/example_sensors.py
Processing file /home/airflow/.local/lib/python3.12/site-packages/airflow/example_dags/example_sensors.py for tasks to queue
Filling up the DagBag from /home/airflow/.local/lib/python3.12/site-packages/airflow/example_dags/example_sensors.py
DAG(s) 'example_sensors' retrieved from /home/airflow/.local/lib/python3.12/site-packages/airflow/example_dags/example_sensors.py
Sync 1 DAGs
Setting next_dagrun for example_sensors to None, run_after=None
Processing /home/airflow/.local/lib/python3.12/site-packages/airflow/example_dags/example_sensors.py took 0.048 seconds
Started process (PID=7372) to work on /home/airflow/.local/lib/python3.12/site-packages/airflow/example_dags/example_sensors.py
Processing file /home/airflow/.local/lib/python3.12/site-packages/airflow/example_dags/example_sensors.py for tasks to queue
Filling up the DagBag from /home/airflow/.local/lib/python3.12/site-packages/airflow/example_dags/example_sensors.py
DAG(s) 'example_sensors' retrieved from /home/airflow/.local/lib/python3.12/site-packages/airflow/example_dags/example_sensors.py
Sync 1 DAGs
Setting next_dagrun for example_sensors to None, run_after=None
Processing /home/airflow/.local/lib/python3.12/site-packages/airflow/example_dags/example_sensors.py took 0.047 seconds
Started process (PID=7449) to work on /home/airflow/.local/lib/python3.12/site-packages/airflow/example_dags/example_sensors.py
Processing file /home/airflow/.local/lib/python3.12/site-packages/airflow/example_dags/example_sensors.py for tasks to queue
Filling up the DagBag from /home/airflow/.local/lib/python3.12/site-packages/airflow/example_dags/example_sensors.py
DAG(s) 'example_sensors' retrieved from /home/airflow/.local/lib/python3.12/site-packages/airflow/example_dags/example_sensors.py
Sync 1 DAGs
Setting next_dagrun for example_sensors to None, run_after=None
Processing /home/airflow/.local/lib/python3.12/site-packages/airflow/example_dags/example_sensors.py took 0.047 seconds
Started process (PID=7533) to work on /home/airflow/.local/lib/python3.12/site-packages/airflow/example_dags/example_sensors.py
Processing file /home/airflow/.local/lib/python3.12/site-packages/airflow/example_dags/example_sensors.py for tasks to queue
Filling up the DagBag from /home/airflow/.local/lib/python3.12/site-packages/airflow/example_dags/example_sensors.py
DAG(s) 'example_sensors' retrieved from /home/airflow/.local/lib/python3.12/site-packages/airflow/example_dags/example_sensors.py
Sync 1 DAGs
Setting next_dagrun for example_sensors to None, run_after=None
Processing /home/airflow/.local/lib/python3.12/site-packages/airflow/example_dags/example_sensors.py took 0.048 seconds
Started process (PID=7617) to work on /home/airflow/.local/lib/python3.12/site-packages/airflow/example_dags/example_sensors.py
Processing file /home/airflow/.local/lib/python3.12/site-packages/airflow/example_dags/example_sensors.py for tasks to queue
Filling up the DagBag from /home/airflow/.local/lib/python3.12/site-packages/airflow/example_dags/example_sensors.py
DAG(s) 'example_sensors' retrieved from /home/airflow/.local/lib/python3.12/site-packages/airflow/example_dags/example_sensors.py
Sync 1 DAGs
Setting next_dagrun for example_sensors to None, run_after=None
Processing /home/airflow/.local/lib/python3.12/site-packages/airflow/example_dags/example_sensors.py took 0.061 seconds
Started process (PID=7694) to work on /home/airflow/.local/lib/python3.12/site-packages/airflow/example_dags/example_sensors.py
Processing file /home/airflow/.local/lib/python3.12/site-packages/airflow/example_dags/example_sensors.py for tasks to queue
Filling up the DagBag from /home/airflow/.local/lib/python3.12/site-packages/airflow/example_dags/example_sensors.py
DAG(s) 'example_sensors' retrieved from /home/airflow/.local/lib/python3.12/site-packages/airflow/example_dags/example_sensors.py
Sync 1 DAGs
Setting next_dagrun for example_sensors to None, run_after=None
Processing /home/airflow/.local/lib/python3.12/site-packages/airflow/example_dags/example_sensors.py took 0.046 seconds
Started process (PID=7771) to work on /home/airflow/.local/lib/python3.12/site-packages/airflow/example_dags/example_sensors.py
Processing file /home/airflow/.local/lib/python3.12/site-packages/airflow/example_dags/example_sensors.py for tasks to queue
Filling up the DagBag from /home/airflow/.local/lib/python3.12/site-packages/airflow/example_dags/example_sensors.py
DAG(s) 'example_sensors' retrieved from /home/airflow/.local/lib/python3.12/site-packages/airflow/example_dags/example_sensors.py
Sync 1 DAGs
Setting next_dagrun for example_sensors to None, run_after=None
Processing /home/airflow/.local/lib/python3.12/site-packages/airflow/example_dags/example_sensors.py took 0.047 seconds
Started process (PID=7856) to work on /home/airflow/.local/lib/python3.12/site-packages/airflow/example_dags/example_sensors.py
Processing file /home/airflow/.local/lib/python3.12/site-packages/airflow/example_dags/example_sensors.py for tasks to queue
Filling up the DagBag from /home/airflow/.local/lib/python3.12/site-packages/airflow/example_dags/example_sensors.py
DAG(s) 'example_sensors' retrieved from /home/airflow/.local/lib/python3.12/site-packages/airflow/example_dags/example_sensors.py
Sync 1 DAGs
Setting next_dagrun for example_sensors to None, run_after=None
Processing /home/airflow/.local/lib/python3.12/site-packages/airflow/example_dags/example_sensors.py took 0.053 seconds
Started process (PID=7940) to work on /home/airflow/.local/lib/python3.12/site-packages/airflow/example_dags/example_sensors.py
Processing file /home/airflow/.local/lib/python3.12/site-packages/airflow/example_dags/example_sensors.py for tasks to queue
Filling up the DagBag from /home/airflow/.local/lib/python3.12/site-packages/airflow/example_dags/example_sensors.py
DAG(s) 'example_sensors' retrieved from /home/airflow/.local/lib/python3.12/site-packages/airflow/example_dags/example_sensors.py
Sync 1 DAGs
Setting next_dagrun for example_sensors to None, run_after=None
Processing /home/airflow/.local/lib/python3.12/site-packages/airflow/example_dags/example_sensors.py took 0.054 seconds
Started process (PID=8017) to work on /home/airflow/.local/lib/python3.12/site-packages/airflow/example_dags/example_sensors.py
Processing file /home/airflow/.local/lib/python3.12/site-packages/airflow/example_dags/example_sensors.py for tasks to queue
Filling up the DagBag from /home/airflow/.local/lib/python3.12/site-packages/airflow/example_dags/example_sensors.py
DAG(s) 'example_sensors' retrieved from /home/airflow/.local/lib/python3.12/site-packages/airflow/example_dags/example_sensors.py
Sync 1 DAGs
Setting next_dagrun for example_sensors to None, run_after=None
Processing /home/airflow/.local/lib/python3.12/site-packages/airflow/example_dags/example_sensors.py took 0.048 seconds
Started process (PID=8102) to work on /home/airflow/.local/lib/python3.12/site-packages/airflow/example_dags/example_sensors.py
Processing file /home/airflow/.local/lib/python3.12/site-packages/airflow/example_dags/example_sensors.py for tasks to queue
Filling up the DagBag from /home/airflow/.local/lib/python3.12/site-packages/airflow/example_dags/example_sensors.py
DAG(s) 'example_sensors' retrieved from /home/airflow/.local/lib/python3.12/site-packages/airflow/example_dags/example_sensors.py
Sync 1 DAGs
Setting next_dagrun for example_sensors to None, run_after=None
Processing /home/airflow/.local/lib/python3.12/site-packages/airflow/example_dags/example_sensors.py took 0.050 seconds
Started process (PID=8179) to work on /home/airflow/.local/lib/python3.12/site-packages/airflow/example_dags/example_sensors.py
Processing file /home/airflow/.local/lib/python3.12/site-packages/airflow/example_dags/example_sensors.py for tasks to queue
Filling up the DagBag from /home/airflow/.local/lib/python3.12/site-packages/airflow/example_dags/example_sensors.py
DAG(s) 'example_sensors' retrieved from /home/airflow/.local/lib/python3.12/site-packages/airflow/example_dags/example_sensors.py
Sync 1 DAGs
Setting next_dagrun for example_sensors to None, run_after=None
Processing /home/airflow/.local/lib/python3.12/site-packages/airflow/example_dags/example_sensors.py took 0.053 seconds
Started process (PID=8256) to work on /home/airflow/.local/lib/python3.12/site-packages/airflow/example_dags/example_sensors.py
Processing file /home/airflow/.local/lib/python3.12/site-packages/airflow/example_dags/example_sensors.py for tasks to queue
Filling up the DagBag from /home/airflow/.local/lib/python3.12/site-packages/airflow/example_dags/example_sensors.py
DAG(s) 'example_sensors' retrieved from /home/airflow/.local/lib/python3.12/site-packages/airflow/example_dags/example_sensors.py
Sync 1 DAGs
Setting next_dagrun for example_sensors to None, run_after=None
Processing /home/airflow/.local/lib/python3.12/site-packages/airflow/example_dags/example_sensors.py took 0.045 seconds
Started process (PID=8340) to work on /home/airflow/.local/lib/python3.12/site-packages/airflow/example_dags/example_sensors.py
Processing file /home/airflow/.local/lib/python3.12/site-packages/airflow/example_dags/example_sensors.py for tasks to queue
Filling up the DagBag from /home/airflow/.local/lib/python3.12/site-packages/airflow/example_dags/example_sensors.py
DAG(s) 'example_sensors' retrieved from /home/airflow/.local/lib/python3.12/site-packages/airflow/example_dags/example_sensors.py
Sync 1 DAGs
Setting next_dagrun for example_sensors to None, run_after=None
Processing /home/airflow/.local/lib/python3.12/site-packages/airflow/example_dags/example_sensors.py took 0.051 seconds
Started process (PID=8424) to work on /home/airflow/.local/lib/python3.12/site-packages/airflow/example_dags/example_sensors.py
Processing file /home/airflow/.local/lib/python3.12/site-packages/airflow/example_dags/example_sensors.py for tasks to queue
Filling up the DagBag from /home/airflow/.local/lib/python3.12/site-packages/airflow/example_dags/example_sensors.py
DAG(s) 'example_sensors' retrieved from /home/airflow/.local/lib/python3.12/site-packages/airflow/example_dags/example_sensors.py
Sync 1 DAGs
Setting next_dagrun for example_sensors to None, run_after=None
Processing /home/airflow/.local/lib/python3.12/site-packages/airflow/example_dags/example_sensors.py took 0.048 seconds
Started process (PID=8502) to work on /home/airflow/.local/lib/python3.12/site-packages/airflow/example_dags/example_sensors.py
Processing file /home/airflow/.local/lib/python3.12/site-packages/airflow/example_dags/example_sensors.py for tasks to queue
Filling up the DagBag from /home/airflow/.local/lib/python3.12/site-packages/airflow/example_dags/example_sensors.py
DAG(s) 'example_sensors' retrieved from /home/airflow/.local/lib/python3.12/site-packages/airflow/example_dags/example_sensors.py
Sync 1 DAGs
Setting next_dagrun for example_sensors to None, run_after=None
Processing /home/airflow/.local/lib/python3.12/site-packages/airflow/example_dags/example_sensors.py took 0.047 seconds
Started process (PID=8589) to work on /home/airflow/.local/lib/python3.12/site-packages/airflow/example_dags/example_sensors.py
Processing file /home/airflow/.local/lib/python3.12/site-packages/airflow/example_dags/example_sensors.py for tasks to queue
Filling up the DagBag from /home/airflow/.local/lib/python3.12/site-packages/airflow/example_dags/example_sensors.py
DAG(s) 'example_sensors' retrieved from /home/airflow/.local/lib/python3.12/site-packages/airflow/example_dags/example_sensors.py
Sync 1 DAGs
Setting next_dagrun for example_sensors to None, run_after=None
Processing /home/airflow/.local/lib/python3.12/site-packages/airflow/example_dags/example_sensors.py took 0.047 seconds
Started process (PID=8675) to work on /home/airflow/.local/lib/python3.12/site-packages/airflow/example_dags/example_sensors.py
Processing file /home/airflow/.local/lib/python3.12/site-packages/airflow/example_dags/example_sensors.py for tasks to queue
Filling up the DagBag from /home/airflow/.local/lib/python3.12/site-packages/airflow/example_dags/example_sensors.py
DAG(s) 'example_sensors' retrieved from /home/airflow/.local/lib/python3.12/site-packages/airflow/example_dags/example_sensors.py
Sync 1 DAGs
Setting next_dagrun for example_sensors to None, run_after=None
Processing /home/airflow/.local/lib/python3.12/site-packages/airflow/example_dags/example_sensors.py took 0.052 seconds
Started process (PID=8752) to work on /home/airflow/.local/lib/python3.12/site-packages/airflow/example_dags/example_sensors.py
Processing file /home/airflow/.local/lib/python3.12/site-packages/airflow/example_dags/example_sensors.py for tasks to queue
Filling up the DagBag from /home/airflow/.local/lib/python3.12/site-packages/airflow/example_dags/example_sensors.py
DAG(s) 'example_sensors' retrieved from /home/airflow/.local/lib/python3.12/site-packages/airflow/example_dags/example_sensors.py
Sync 1 DAGs
Setting next_dagrun for example_sensors to None, run_after=None
Processing /home/airflow/.local/lib/python3.12/site-packages/airflow/example_dags/example_sensors.py took 0.047 seconds
Started process (PID=8836) to work on /home/airflow/.local/lib/python3.12/site-packages/airflow/example_dags/example_sensors.py
Processing file /home/airflow/.local/lib/python3.12/site-packages/airflow/example_dags/example_sensors.py for tasks to queue
Filling up the DagBag from /home/airflow/.local/lib/python3.12/site-packages/airflow/example_dags/example_sensors.py
DAG(s) 'example_sensors' retrieved from /home/airflow/.local/lib/python3.12/site-packages/airflow/example_dags/example_sensors.py
Sync 1 DAGs
Setting next_dagrun for example_sensors to None, run_after=None
Processing /home/airflow/.local/lib/python3.12/site-packages/airflow/example_dags/example_sensors.py took 0.046 seconds
Started process (PID=8920) to work on /home/airflow/.local/lib/python3.12/site-packages/airflow/example_dags/example_sensors.py
Processing file /home/airflow/.local/lib/python3.12/site-packages/airflow/example_dags/example_sensors.py for tasks to queue
Filling up the DagBag from /home/airflow/.local/lib/python3.12/site-packages/airflow/example_dags/example_sensors.py
DAG(s) 'example_sensors' retrieved from /home/airflow/.local/lib/python3.12/site-packages/airflow/example_dags/example_sensors.py
Sync 1 DAGs
Setting next_dagrun for example_sensors to None, run_after=None
Processing /home/airflow/.local/lib/python3.12/site-packages/airflow/example_dags/example_sensors.py took 0.048 seconds
Started process (PID=9004) to work on /home/airflow/.local/lib/python3.12/site-packages/airflow/example_dags/example_sensors.py
Processing file /home/airflow/.local/lib/python3.12/site-packages/airflow/example_dags/example_sensors.py for tasks to queue
Filling up the DagBag from /home/airflow/.local/lib/python3.12/site-packages/airflow/example_dags/example_sensors.py
DAG(s) 'example_sensors' retrieved from /home/airflow/.local/lib/python3.12/site-packages/airflow/example_dags/example_sensors.py
Sync 1 DAGs
Setting next_dagrun for example_sensors to None, run_after=None
Processing /home/airflow/.local/lib/python3.12/site-packages/airflow/example_dags/example_sensors.py took 0.048 seconds
Started process (PID=9081) to work on /home/airflow/.local/lib/python3.12/site-packages/airflow/example_dags/example_sensors.py
Processing file /home/airflow/.local/lib/python3.12/site-packages/airflow/example_dags/example_sensors.py for tasks to queue
Filling up the DagBag from /home/airflow/.local/lib/python3.12/site-packages/airflow/example_dags/example_sensors.py
DAG(s) 'example_sensors' retrieved from /home/airflow/.local/lib/python3.12/site-packages/airflow/example_dags/example_sensors.py
Sync 1 DAGs
Setting next_dagrun for example_sensors to None, run_after=None
Processing /home/airflow/.local/lib/python3.12/site-packages/airflow/example_dags/example_sensors.py took 0.047 seconds
Started process (PID=9167) to work on /home/airflow/.local/lib/python3.12/site-packages/airflow/example_dags/example_sensors.py
Processing file /home/airflow/.local/lib/python3.12/site-packages/airflow/example_dags/example_sensors.py for tasks to queue
Filling up the DagBag from /home/airflow/.local/lib/python3.12/site-packages/airflow/example_dags/example_sensors.py
DAG(s) 'example_sensors' retrieved from /home/airflow/.local/lib/python3.12/site-packages/airflow/example_dags/example_sensors.py
Sync 1 DAGs
Setting next_dagrun for example_sensors to None, run_after=None
Processing /home/airflow/.local/lib/python3.12/site-packages/airflow/example_dags/example_sensors.py took 0.048 seconds
Started process (PID=9251) to work on /home/airflow/.local/lib/python3.12/site-packages/airflow/example_dags/example_sensors.py
Processing file /home/airflow/.local/lib/python3.12/site-packages/airflow/example_dags/example_sensors.py for tasks to queue
Filling up the DagBag from /home/airflow/.local/lib/python3.12/site-packages/airflow/example_dags/example_sensors.py
DAG(s) 'example_sensors' retrieved from /home/airflow/.local/lib/python3.12/site-packages/airflow/example_dags/example_sensors.py
Sync 1 DAGs
Setting next_dagrun for example_sensors to None, run_after=None
Processing /home/airflow/.local/lib/python3.12/site-packages/airflow/example_dags/example_sensors.py took 0.147 seconds
Started process (PID=9328) to work on /home/airflow/.local/lib/python3.12/site-packages/airflow/example_dags/example_sensors.py
Processing file /home/airflow/.local/lib/python3.12/site-packages/airflow/example_dags/example_sensors.py for tasks to queue
Filling up the DagBag from /home/airflow/.local/lib/python3.12/site-packages/airflow/example_dags/example_sensors.py
DAG(s) 'example_sensors' retrieved from /home/airflow/.local/lib/python3.12/site-packages/airflow/example_dags/example_sensors.py
Sync 1 DAGs
Setting next_dagrun for example_sensors to None, run_after=None
Processing /home/airflow/.local/lib/python3.12/site-packages/airflow/example_dags/example_sensors.py took 0.137 seconds
Started process (PID=9412) to work on /home/airflow/.local/lib/python3.12/site-packages/airflow/example_dags/example_sensors.py
Processing file /home/airflow/.local/lib/python3.12/site-packages/airflow/example_dags/example_sensors.py for tasks to queue
Filling up the DagBag from /home/airflow/.local/lib/python3.12/site-packages/airflow/example_dags/example_sensors.py
DAG(s) 'example_sensors' retrieved from /home/airflow/.local/lib/python3.12/site-packages/airflow/example_dags/example_sensors.py
Sync 1 DAGs
Setting next_dagrun for example_sensors to None, run_after=None
Processing /home/airflow/.local/lib/python3.12/site-packages/airflow/example_dags/example_sensors.py took 0.047 seconds
Started process (PID=9489) to work on /home/airflow/.local/lib/python3.12/site-packages/airflow/example_dags/example_sensors.py
Processing file /home/airflow/.local/lib/python3.12/site-packages/airflow/example_dags/example_sensors.py for tasks to queue
Filling up the DagBag from /home/airflow/.local/lib/python3.12/site-packages/airflow/example_dags/example_sensors.py
DAG(s) 'example_sensors' retrieved from /home/airflow/.local/lib/python3.12/site-packages/airflow/example_dags/example_sensors.py
Sync 1 DAGs
Setting next_dagrun for example_sensors to None, run_after=None
Processing /home/airflow/.local/lib/python3.12/site-packages/airflow/example_dags/example_sensors.py took 0.052 seconds
Started process (PID=9573) to work on /home/airflow/.local/lib/python3.12/site-packages/airflow/example_dags/example_sensors.py
Processing file /home/airflow/.local/lib/python3.12/site-packages/airflow/example_dags/example_sensors.py for tasks to queue
Filling up the DagBag from /home/airflow/.local/lib/python3.12/site-packages/airflow/example_dags/example_sensors.py
DAG(s) 'example_sensors' retrieved from /home/airflow/.local/lib/python3.12/site-packages/airflow/example_dags/example_sensors.py
Sync 1 DAGs
Setting next_dagrun for example_sensors to None, run_after=None
Processing /home/airflow/.local/lib/python3.12/site-packages/airflow/example_dags/example_sensors.py took 0.053 seconds
Started process (PID=9650) to work on /home/airflow/.local/lib/python3.12/site-packages/airflow/example_dags/example_sensors.py
Processing file /home/airflow/.local/lib/python3.12/site-packages/airflow/example_dags/example_sensors.py for tasks to queue
Filling up the DagBag from /home/airflow/.local/lib/python3.12/site-packages/airflow/example_dags/example_sensors.py
DAG(s) 'example_sensors' retrieved from /home/airflow/.local/lib/python3.12/site-packages/airflow/example_dags/example_sensors.py
Sync 1 DAGs
Setting next_dagrun for example_sensors to None, run_after=None
Processing /home/airflow/.local/lib/python3.12/site-packages/airflow/example_dags/example_sensors.py took 0.047 seconds
Started process (PID=9734) to work on /home/airflow/.local/lib/python3.12/site-packages/airflow/example_dags/example_sensors.py
Processing file /home/airflow/.local/lib/python3.12/site-packages/airflow/example_dags/example_sensors.py for tasks to queue
Filling up the DagBag from /home/airflow/.local/lib/python3.12/site-packages/airflow/example_dags/example_sensors.py
DAG(s) 'example_sensors' retrieved from /home/airflow/.local/lib/python3.12/site-packages/airflow/example_dags/example_sensors.py
Sync 1 DAGs
Setting next_dagrun for example_sensors to None, run_after=None
Processing /home/airflow/.local/lib/python3.12/site-packages/airflow/example_dags/example_sensors.py took 0.051 seconds
Started process (PID=9819) to work on /home/airflow/.local/lib/python3.12/site-packages/airflow/example_dags/example_sensors.py
Processing file /home/airflow/.local/lib/python3.12/site-packages/airflow/example_dags/example_sensors.py for tasks to queue
Filling up the DagBag from /home/airflow/.local/lib/python3.12/site-packages/airflow/example_dags/example_sensors.py
DAG(s) 'example_sensors' retrieved from /home/airflow/.local/lib/python3.12/site-packages/airflow/example_dags/example_sensors.py
Sync 1 DAGs
Setting next_dagrun for example_sensors to None, run_after=None
Processing /home/airflow/.local/lib/python3.12/site-packages/airflow/example_dags/example_sensors.py took 0.050 seconds
Started process (PID=9903) to work on /home/airflow/.local/lib/python3.12/site-packages/airflow/example_dags/example_sensors.py
Processing file /home/airflow/.local/lib/python3.12/site-packages/airflow/example_dags/example_sensors.py for tasks to queue
Filling up the DagBag from /home/airflow/.local/lib/python3.12/site-packages/airflow/example_dags/example_sensors.py
DAG(s) 'example_sensors' retrieved from /home/airflow/.local/lib/python3.12/site-packages/airflow/example_dags/example_sensors.py
Sync 1 DAGs
Setting next_dagrun for example_sensors to None, run_after=None
Processing /home/airflow/.local/lib/python3.12/site-packages/airflow/example_dags/example_sensors.py took 0.047 seconds
Started process (PID=9980) to work on /home/airflow/.local/lib/python3.12/site-packages/airflow/example_dags/example_sensors.py
Processing file /home/airflow/.local/lib/python3.12/site-packages/airflow/example_dags/example_sensors.py for tasks to queue
Filling up the DagBag from /home/airflow/.local/lib/python3.12/site-packages/airflow/example_dags/example_sensors.py
DAG(s) 'example_sensors' retrieved from /home/airflow/.local/lib/python3.12/site-packages/airflow/example_dags/example_sensors.py
Sync 1 DAGs
Setting next_dagrun for example_sensors to None, run_after=None
Processing /home/airflow/.local/lib/python3.12/site-packages/airflow/example_dags/example_sensors.py took 0.049 seconds
Started process (PID=10068) to work on /home/airflow/.local/lib/python3.12/site-packages/airflow/example_dags/example_sensors.py
Processing file /home/airflow/.local/lib/python3.12/site-packages/airflow/example_dags/example_sensors.py for tasks to queue
Filling up the DagBag from /home/airflow/.local/lib/python3.12/site-packages/airflow/example_dags/example_sensors.py
DAG(s) 'example_sensors' retrieved from /home/airflow/.local/lib/python3.12/site-packages/airflow/example_dags/example_sensors.py
Sync 1 DAGs
Setting next_dagrun for example_sensors to None, run_after=None
Processing /home/airflow/.local/lib/python3.12/site-packages/airflow/example_dags/example_sensors.py took 0.047 seconds
Started process (PID=10151) to work on /home/airflow/.local/lib/python3.12/site-packages/airflow/example_dags/example_sensors.py
Processing file /home/airflow/.local/lib/python3.12/site-packages/airflow/example_dags/example_sensors.py for tasks to queue
Filling up the DagBag from /home/airflow/.local/lib/python3.12/site-packages/airflow/example_dags/example_sensors.py
DAG(s) 'example_sensors' retrieved from /home/airflow/.local/lib/python3.12/site-packages/airflow/example_dags/example_sensors.py
Sync 1 DAGs
Setting next_dagrun for example_sensors to None, run_after=None
Processing /home/airflow/.local/lib/python3.12/site-packages/airflow/example_dags/example_sensors.py took 0.051 seconds
Started process (PID=10235) to work on /home/airflow/.local/lib/python3.12/site-packages/airflow/example_dags/example_sensors.py
Processing file /home/airflow/.local/lib/python3.12/site-packages/airflow/example_dags/example_sensors.py for tasks to queue
Filling up the DagBag from /home/airflow/.local/lib/python3.12/site-packages/airflow/example_dags/example_sensors.py
DAG(s) 'example_sensors' retrieved from /home/airflow/.local/lib/python3.12/site-packages/airflow/example_dags/example_sensors.py
Sync 1 DAGs
Setting next_dagrun for example_sensors to None, run_after=None
Processing /home/airflow/.local/lib/python3.12/site-packages/airflow/example_dags/example_sensors.py took 0.046 seconds
Started process (PID=10312) to work on /home/airflow/.local/lib/python3.12/site-packages/airflow/example_dags/example_sensors.py
Processing file /home/airflow/.local/lib/python3.12/site-packages/airflow/example_dags/example_sensors.py for tasks to queue
Filling up the DagBag from /home/airflow/.local/lib/python3.12/site-packages/airflow/example_dags/example_sensors.py
DAG(s) 'example_sensors' retrieved from /home/airflow/.local/lib/python3.12/site-packages/airflow/example_dags/example_sensors.py
Sync 1 DAGs
Setting next_dagrun for example_sensors to None, run_after=None
Processing /home/airflow/.local/lib/python3.12/site-packages/airflow/example_dags/example_sensors.py took 0.047 seconds
Started process (PID=10396) to work on /home/airflow/.local/lib/python3.12/site-packages/airflow/example_dags/example_sensors.py
Processing file /home/airflow/.local/lib/python3.12/site-packages/airflow/example_dags/example_sensors.py for tasks to queue
Filling up the DagBag from /home/airflow/.local/lib/python3.12/site-packages/airflow/example_dags/example_sensors.py
DAG(s) 'example_sensors' retrieved from /home/airflow/.local/lib/python3.12/site-packages/airflow/example_dags/example_sensors.py
Sync 1 DAGs
Setting next_dagrun for example_sensors to None, run_after=None
Processing /home/airflow/.local/lib/python3.12/site-packages/airflow/example_dags/example_sensors.py took 0.047 seconds
Started process (PID=10473) to work on /home/airflow/.local/lib/python3.12/site-packages/airflow/example_dags/example_sensors.py
Processing file /home/airflow/.local/lib/python3.12/site-packages/airflow/example_dags/example_sensors.py for tasks to queue
Filling up the DagBag from /home/airflow/.local/lib/python3.12/site-packages/airflow/example_dags/example_sensors.py
DAG(s) 'example_sensors' retrieved from /home/airflow/.local/lib/python3.12/site-packages/airflow/example_dags/example_sensors.py
Sync 1 DAGs
Setting next_dagrun for example_sensors to None, run_after=None
Processing /home/airflow/.local/lib/python3.12/site-packages/airflow/example_dags/example_sensors.py took 0.048 seconds
Started process (PID=10558) to work on /home/airflow/.local/lib/python3.12/site-packages/airflow/example_dags/example_sensors.py
Processing file /home/airflow/.local/lib/python3.12/site-packages/airflow/example_dags/example_sensors.py for tasks to queue
Filling up the DagBag from /home/airflow/.local/lib/python3.12/site-packages/airflow/example_dags/example_sensors.py
DAG(s) 'example_sensors' retrieved from /home/airflow/.local/lib/python3.12/site-packages/airflow/example_dags/example_sensors.py
Sync 1 DAGs
Setting next_dagrun for example_sensors to None, run_after=None
Processing /home/airflow/.local/lib/python3.12/site-packages/airflow/example_dags/example_sensors.py took 0.049 seconds
Started process (PID=10635) to work on /home/airflow/.local/lib/python3.12/site-packages/airflow/example_dags/example_sensors.py
Processing file /home/airflow/.local/lib/python3.12/site-packages/airflow/example_dags/example_sensors.py for tasks to queue
Filling up the DagBag from /home/airflow/.local/lib/python3.12/site-packages/airflow/example_dags/example_sensors.py
DAG(s) 'example_sensors' retrieved from /home/airflow/.local/lib/python3.12/site-packages/airflow/example_dags/example_sensors.py
Sync 1 DAGs
Setting next_dagrun for example_sensors to None, run_after=None
Processing /home/airflow/.local/lib/python3.12/site-packages/airflow/example_dags/example_sensors.py took 0.049 seconds
Started process (PID=10719) to work on /home/airflow/.local/lib/python3.12/site-packages/airflow/example_dags/example_sensors.py
Processing file /home/airflow/.local/lib/python3.12/site-packages/airflow/example_dags/example_sensors.py for tasks to queue
Filling up the DagBag from /home/airflow/.local/lib/python3.12/site-packages/airflow/example_dags/example_sensors.py
DAG(s) 'example_sensors' retrieved from /home/airflow/.local/lib/python3.12/site-packages/airflow/example_dags/example_sensors.py
Sync 1 DAGs
Setting next_dagrun for example_sensors to None, run_after=None
Processing /home/airflow/.local/lib/python3.12/site-packages/airflow/example_dags/example_sensors.py took 0.048 seconds
Started process (PID=10804) to work on /home/airflow/.local/lib/python3.12/site-packages/airflow/example_dags/example_sensors.py
Processing file /home/airflow/.local/lib/python3.12/site-packages/airflow/example_dags/example_sensors.py for tasks to queue
Filling up the DagBag from /home/airflow/.local/lib/python3.12/site-packages/airflow/example_dags/example_sensors.py
DAG(s) 'example_sensors' retrieved from /home/airflow/.local/lib/python3.12/site-packages/airflow/example_dags/example_sensors.py
Sync 1 DAGs
Setting next_dagrun for example_sensors to None, run_after=None
Processing /home/airflow/.local/lib/python3.12/site-packages/airflow/example_dags/example_sensors.py took 0.048 seconds
Started process (PID=10881) to work on /home/airflow/.local/lib/python3.12/site-packages/airflow/example_dags/example_sensors.py
Processing file /home/airflow/.local/lib/python3.12/site-packages/airflow/example_dags/example_sensors.py for tasks to queue
Filling up the DagBag from /home/airflow/.local/lib/python3.12/site-packages/airflow/example_dags/example_sensors.py
DAG(s) 'example_sensors' retrieved from /home/airflow/.local/lib/python3.12/site-packages/airflow/example_dags/example_sensors.py
Sync 1 DAGs
Setting next_dagrun for example_sensors to None, run_after=None
Processing /home/airflow/.local/lib/python3.12/site-packages/airflow/example_dags/example_sensors.py took 0.048 seconds
Started process (PID=10965) to work on /home/airflow/.local/lib/python3.12/site-packages/airflow/example_dags/example_sensors.py
Processing file /home/airflow/.local/lib/python3.12/site-packages/airflow/example_dags/example_sensors.py for tasks to queue
Filling up the DagBag from /home/airflow/.local/lib/python3.12/site-packages/airflow/example_dags/example_sensors.py
DAG(s) 'example_sensors' retrieved from /home/airflow/.local/lib/python3.12/site-packages/airflow/example_dags/example_sensors.py
Sync 1 DAGs
Setting next_dagrun for example_sensors to None, run_after=None
Processing /home/airflow/.local/lib/python3.12/site-packages/airflow/example_dags/example_sensors.py took 0.046 seconds
Started process (PID=11042) to work on /home/airflow/.local/lib/python3.12/site-packages/airflow/example_dags/example_sensors.py
Processing file /home/airflow/.local/lib/python3.12/site-packages/airflow/example_dags/example_sensors.py for tasks to queue
Filling up the DagBag from /home/airflow/.local/lib/python3.12/site-packages/airflow/example_dags/example_sensors.py
DAG(s) 'example_sensors' retrieved from /home/airflow/.local/lib/python3.12/site-packages/airflow/example_dags/example_sensors.py
Sync 1 DAGs
Setting next_dagrun for example_sensors to None, run_after=None
Processing /home/airflow/.local/lib/python3.12/site-packages/airflow/example_dags/example_sensors.py took 0.047 seconds
Started process (PID=11126) to work on /home/airflow/.local/lib/python3.12/site-packages/airflow/example_dags/example_sensors.py
Processing file /home/airflow/.local/lib/python3.12/site-packages/airflow/example_dags/example_sensors.py for tasks to queue
Filling up the DagBag from /home/airflow/.local/lib/python3.12/site-packages/airflow/example_dags/example_sensors.py
DAG(s) 'example_sensors' retrieved from /home/airflow/.local/lib/python3.12/site-packages/airflow/example_dags/example_sensors.py
Sync 1 DAGs
Setting next_dagrun for example_sensors to None, run_after=None
Processing /home/airflow/.local/lib/python3.12/site-packages/airflow/example_dags/example_sensors.py took 0.048 seconds
Started process (PID=11211) to work on /home/airflow/.local/lib/python3.12/site-packages/airflow/example_dags/example_sensors.py
Processing file /home/airflow/.local/lib/python3.12/site-packages/airflow/example_dags/example_sensors.py for tasks to queue
Filling up the DagBag from /home/airflow/.local/lib/python3.12/site-packages/airflow/example_dags/example_sensors.py
DAG(s) 'example_sensors' retrieved from /home/airflow/.local/lib/python3.12/site-packages/airflow/example_dags/example_sensors.py
Sync 1 DAGs
Setting next_dagrun for example_sensors to None, run_after=None
Processing /home/airflow/.local/lib/python3.12/site-packages/airflow/example_dags/example_sensors.py took 0.048 seconds
Started process (PID=11295) to work on /home/airflow/.local/lib/python3.12/site-packages/airflow/example_dags/example_sensors.py
Processing file /home/airflow/.local/lib/python3.12/site-packages/airflow/example_dags/example_sensors.py for tasks to queue
Filling up the DagBag from /home/airflow/.local/lib/python3.12/site-packages/airflow/example_dags/example_sensors.py
DAG(s) 'example_sensors' retrieved from /home/airflow/.local/lib/python3.12/site-packages/airflow/example_dags/example_sensors.py
Sync 1 DAGs
Setting next_dagrun for example_sensors to None, run_after=None
Processing /home/airflow/.local/lib/python3.12/site-packages/airflow/example_dags/example_sensors.py took 0.048 seconds
Started process (PID=11383) to work on /home/airflow/.local/lib/python3.12/site-packages/airflow/example_dags/example_sensors.py
Processing file /home/airflow/.local/lib/python3.12/site-packages/airflow/example_dags/example_sensors.py for tasks to queue
Filling up the DagBag from /home/airflow/.local/lib/python3.12/site-packages/airflow/example_dags/example_sensors.py
DAG(s) 'example_sensors' retrieved from /home/airflow/.local/lib/python3.12/site-packages/airflow/example_dags/example_sensors.py
Sync 1 DAGs
Setting next_dagrun for example_sensors to None, run_after=None
Processing /home/airflow/.local/lib/python3.12/site-packages/airflow/example_dags/example_sensors.py took 0.047 seconds
Started process (PID=11472) to work on /home/airflow/.local/lib/python3.12/site-packages/airflow/example_dags/example_sensors.py
Processing file /home/airflow/.local/lib/python3.12/site-packages/airflow/example_dags/example_sensors.py for tasks to queue
Filling up the DagBag from /home/airflow/.local/lib/python3.12/site-packages/airflow/example_dags/example_sensors.py
DAG(s) 'example_sensors' retrieved from /home/airflow/.local/lib/python3.12/site-packages/airflow/example_dags/example_sensors.py
Sync 1 DAGs
Setting next_dagrun for example_sensors to None, run_after=None
Processing /home/airflow/.local/lib/python3.12/site-packages/airflow/example_dags/example_sensors.py took 0.047 seconds
Started process (PID=11566) to work on /home/airflow/.local/lib/python3.12/site-packages/airflow/example_dags/example_sensors.py
Processing file /home/airflow/.local/lib/python3.12/site-packages/airflow/example_dags/example_sensors.py for tasks to queue
Filling up the DagBag from /home/airflow/.local/lib/python3.12/site-packages/airflow/example_dags/example_sensors.py
DAG(s) 'example_sensors' retrieved from /home/airflow/.local/lib/python3.12/site-packages/airflow/example_dags/example_sensors.py
Sync 1 DAGs
Setting next_dagrun for example_sensors to None, run_after=None
Processing /home/airflow/.local/lib/python3.12/site-packages/airflow/example_dags/example_sensors.py took 0.049 seconds
Started process (PID=11643) to work on /home/airflow/.local/lib/python3.12/site-packages/airflow/example_dags/example_sensors.py
Processing file /home/airflow/.local/lib/python3.12/site-packages/airflow/example_dags/example_sensors.py for tasks to queue
Filling up the DagBag from /home/airflow/.local/lib/python3.12/site-packages/airflow/example_dags/example_sensors.py
DAG(s) 'example_sensors' retrieved from /home/airflow/.local/lib/python3.12/site-packages/airflow/example_dags/example_sensors.py
Sync 1 DAGs
Setting next_dagrun for example_sensors to None, run_after=None
Processing /home/airflow/.local/lib/python3.12/site-packages/airflow/example_dags/example_sensors.py took 0.047 seconds
Started process (PID=11737) to work on /home/airflow/.local/lib/python3.12/site-packages/airflow/example_dags/example_sensors.py
Processing file /home/airflow/.local/lib/python3.12/site-packages/airflow/example_dags/example_sensors.py for tasks to queue
Filling up the DagBag from /home/airflow/.local/lib/python3.12/site-packages/airflow/example_dags/example_sensors.py
DAG(s) 'example_sensors' retrieved from /home/airflow/.local/lib/python3.12/site-packages/airflow/example_dags/example_sensors.py
Sync 1 DAGs
Setting next_dagrun for example_sensors to None, run_after=None
Processing /home/airflow/.local/lib/python3.12/site-packages/airflow/example_dags/example_sensors.py took 0.053 seconds
Started process (PID=11814) to work on /home/airflow/.local/lib/python3.12/site-packages/airflow/example_dags/example_sensors.py
Processing file /home/airflow/.local/lib/python3.12/site-packages/airflow/example_dags/example_sensors.py for tasks to queue
Filling up the DagBag from /home/airflow/.local/lib/python3.12/site-packages/airflow/example_dags/example_sensors.py
DAG(s) 'example_sensors' retrieved from /home/airflow/.local/lib/python3.12/site-packages/airflow/example_dags/example_sensors.py
Sync 1 DAGs
Setting next_dagrun for example_sensors to None, run_after=None
Processing /home/airflow/.local/lib/python3.12/site-packages/airflow/example_dags/example_sensors.py took 0.049 seconds
Started process (PID=11898) to work on /home/airflow/.local/lib/python3.12/site-packages/airflow/example_dags/example_sensors.py
Processing file /home/airflow/.local/lib/python3.12/site-packages/airflow/example_dags/example_sensors.py for tasks to queue
Filling up the DagBag from /home/airflow/.local/lib/python3.12/site-packages/airflow/example_dags/example_sensors.py
DAG(s) 'example_sensors' retrieved from /home/airflow/.local/lib/python3.12/site-packages/airflow/example_dags/example_sensors.py
Sync 1 DAGs
Setting next_dagrun for example_sensors to None, run_after=None
Processing /home/airflow/.local/lib/python3.12/site-packages/airflow/example_dags/example_sensors.py took 0.046 seconds
Started process (PID=11982) to work on /home/airflow/.local/lib/python3.12/site-packages/airflow/example_dags/example_sensors.py
Processing file /home/airflow/.local/lib/python3.12/site-packages/airflow/example_dags/example_sensors.py for tasks to queue
Filling up the DagBag from /home/airflow/.local/lib/python3.12/site-packages/airflow/example_dags/example_sensors.py
DAG(s) 'example_sensors' retrieved from /home/airflow/.local/lib/python3.12/site-packages/airflow/example_dags/example_sensors.py
Sync 1 DAGs
Setting next_dagrun for example_sensors to None, run_after=None
Processing /home/airflow/.local/lib/python3.12/site-packages/airflow/example_dags/example_sensors.py took 0.049 seconds
Started process (PID=12059) to work on /home/airflow/.local/lib/python3.12/site-packages/airflow/example_dags/example_sensors.py
Processing file /home/airflow/.local/lib/python3.12/site-packages/airflow/example_dags/example_sensors.py for tasks to queue
Filling up the DagBag from /home/airflow/.local/lib/python3.12/site-packages/airflow/example_dags/example_sensors.py
DAG(s) 'example_sensors' retrieved from /home/airflow/.local/lib/python3.12/site-packages/airflow/example_dags/example_sensors.py
Sync 1 DAGs
Setting next_dagrun for example_sensors to None, run_after=None
Processing /home/airflow/.local/lib/python3.12/site-packages/airflow/example_dags/example_sensors.py took 0.047 seconds
Started process (PID=12143) to work on /home/airflow/.local/lib/python3.12/site-packages/airflow/example_dags/example_sensors.py
Processing file /home/airflow/.local/lib/python3.12/site-packages/airflow/example_dags/example_sensors.py for tasks to queue
Filling up the DagBag from /home/airflow/.local/lib/python3.12/site-packages/airflow/example_dags/example_sensors.py
DAG(s) 'example_sensors' retrieved from /home/airflow/.local/lib/python3.12/site-packages/airflow/example_dags/example_sensors.py
Sync 1 DAGs
Setting next_dagrun for example_sensors to None, run_after=None
Processing /home/airflow/.local/lib/python3.12/site-packages/airflow/example_dags/example_sensors.py took 0.049 seconds
Started process (PID=12220) to work on /home/airflow/.local/lib/python3.12/site-packages/airflow/example_dags/example_sensors.py
Processing file /home/airflow/.local/lib/python3.12/site-packages/airflow/example_dags/example_sensors.py for tasks to queue
Filling up the DagBag from /home/airflow/.local/lib/python3.12/site-packages/airflow/example_dags/example_sensors.py
DAG(s) 'example_sensors' retrieved from /home/airflow/.local/lib/python3.12/site-packages/airflow/example_dags/example_sensors.py
Sync 1 DAGs
Setting next_dagrun for example_sensors to None, run_after=None
Processing /home/airflow/.local/lib/python3.12/site-packages/airflow/example_dags/example_sensors.py took 0.049 seconds
Started process (PID=12304) to work on /home/airflow/.local/lib/python3.12/site-packages/airflow/example_dags/example_sensors.py
Processing file /home/airflow/.local/lib/python3.12/site-packages/airflow/example_dags/example_sensors.py for tasks to queue
Filling up the DagBag from /home/airflow/.local/lib/python3.12/site-packages/airflow/example_dags/example_sensors.py
DAG(s) 'example_sensors' retrieved from /home/airflow/.local/lib/python3.12/site-packages/airflow/example_dags/example_sensors.py
Sync 1 DAGs
Setting next_dagrun for example_sensors to None, run_after=None
Processing /home/airflow/.local/lib/python3.12/site-packages/airflow/example_dags/example_sensors.py took 0.049 seconds
Started process (PID=12381) to work on /home/airflow/.local/lib/python3.12/site-packages/airflow/example_dags/example_sensors.py
Processing file /home/airflow/.local/lib/python3.12/site-packages/airflow/example_dags/example_sensors.py for tasks to queue
Filling up the DagBag from /home/airflow/.local/lib/python3.12/site-packages/airflow/example_dags/example_sensors.py
DAG(s) 'example_sensors' retrieved from /home/airflow/.local/lib/python3.12/site-packages/airflow/example_dags/example_sensors.py
Sync 1 DAGs
Setting next_dagrun for example_sensors to None, run_after=None
Processing /home/airflow/.local/lib/python3.12/site-packages/airflow/example_dags/example_sensors.py took 0.047 seconds
Started process (PID=12465) to work on /home/airflow/.local/lib/python3.12/site-packages/airflow/example_dags/example_sensors.py
Processing file /home/airflow/.local/lib/python3.12/site-packages/airflow/example_dags/example_sensors.py for tasks to queue
Filling up the DagBag from /home/airflow/.local/lib/python3.12/site-packages/airflow/example_dags/example_sensors.py
DAG(s) 'example_sensors' retrieved from /home/airflow/.local/lib/python3.12/site-packages/airflow/example_dags/example_sensors.py
Sync 1 DAGs
Setting next_dagrun for example_sensors to None, run_after=None
Processing /home/airflow/.local/lib/python3.12/site-packages/airflow/example_dags/example_sensors.py took 0.047 seconds
Started process (PID=12542) to work on /home/airflow/.local/lib/python3.12/site-packages/airflow/example_dags/example_sensors.py
Processing file /home/airflow/.local/lib/python3.12/site-packages/airflow/example_dags/example_sensors.py for tasks to queue
Filling up the DagBag from /home/airflow/.local/lib/python3.12/site-packages/airflow/example_dags/example_sensors.py
DAG(s) 'example_sensors' retrieved from /home/airflow/.local/lib/python3.12/site-packages/airflow/example_dags/example_sensors.py
Sync 1 DAGs
Setting next_dagrun for example_sensors to None, run_after=None
Processing /home/airflow/.local/lib/python3.12/site-packages/airflow/example_dags/example_sensors.py took 0.047 seconds
Started process (PID=12626) to work on /home/airflow/.local/lib/python3.12/site-packages/airflow/example_dags/example_sensors.py
Processing file /home/airflow/.local/lib/python3.12/site-packages/airflow/example_dags/example_sensors.py for tasks to queue
Filling up the DagBag from /home/airflow/.local/lib/python3.12/site-packages/airflow/example_dags/example_sensors.py
DAG(s) 'example_sensors' retrieved from /home/airflow/.local/lib/python3.12/site-packages/airflow/example_dags/example_sensors.py
Sync 1 DAGs
Setting next_dagrun for example_sensors to None, run_after=None
Processing /home/airflow/.local/lib/python3.12/site-packages/airflow/example_dags/example_sensors.py took 0.048 seconds
Started process (PID=12710) to work on /home/airflow/.local/lib/python3.12/site-packages/airflow/example_dags/example_sensors.py
Processing file /home/airflow/.local/lib/python3.12/site-packages/airflow/example_dags/example_sensors.py for tasks to queue
Filling up the DagBag from /home/airflow/.local/lib/python3.12/site-packages/airflow/example_dags/example_sensors.py
DAG(s) 'example_sensors' retrieved from /home/airflow/.local/lib/python3.12/site-packages/airflow/example_dags/example_sensors.py
Sync 1 DAGs
Setting next_dagrun for example_sensors to None, run_after=None
Processing /home/airflow/.local/lib/python3.12/site-packages/airflow/example_dags/example_sensors.py took 0.047 seconds
Started process (PID=12787) to work on /home/airflow/.local/lib/python3.12/site-packages/airflow/example_dags/example_sensors.py
Processing file /home/airflow/.local/lib/python3.12/site-packages/airflow/example_dags/example_sensors.py for tasks to queue
Filling up the DagBag from /home/airflow/.local/lib/python3.12/site-packages/airflow/example_dags/example_sensors.py
DAG(s) 'example_sensors' retrieved from /home/airflow/.local/lib/python3.12/site-packages/airflow/example_dags/example_sensors.py
Sync 1 DAGs
Setting next_dagrun for example_sensors to None, run_after=None
Processing /home/airflow/.local/lib/python3.12/site-packages/airflow/example_dags/example_sensors.py took 0.047 seconds
Started process (PID=12871) to work on /home/airflow/.local/lib/python3.12/site-packages/airflow/example_dags/example_sensors.py
Processing file /home/airflow/.local/lib/python3.12/site-packages/airflow/example_dags/example_sensors.py for tasks to queue
Filling up the DagBag from /home/airflow/.local/lib/python3.12/site-packages/airflow/example_dags/example_sensors.py
DAG(s) 'example_sensors' retrieved from /home/airflow/.local/lib/python3.12/site-packages/airflow/example_dags/example_sensors.py
Sync 1 DAGs
Setting next_dagrun for example_sensors to None, run_after=None
Processing /home/airflow/.local/lib/python3.12/site-packages/airflow/example_dags/example_sensors.py took 0.048 seconds
Started process (PID=12948) to work on /home/airflow/.local/lib/python3.12/site-packages/airflow/example_dags/example_sensors.py
Processing file /home/airflow/.local/lib/python3.12/site-packages/airflow/example_dags/example_sensors.py for tasks to queue
Filling up the DagBag from /home/airflow/.local/lib/python3.12/site-packages/airflow/example_dags/example_sensors.py
DAG(s) 'example_sensors' retrieved from /home/airflow/.local/lib/python3.12/site-packages/airflow/example_dags/example_sensors.py
Sync 1 DAGs
Setting next_dagrun for example_sensors to None, run_after=None
Processing /home/airflow/.local/lib/python3.12/site-packages/airflow/example_dags/example_sensors.py took 0.055 seconds
Started process (PID=13032) to work on /home/airflow/.local/lib/python3.12/site-packages/airflow/example_dags/example_sensors.py
Processing file /home/airflow/.local/lib/python3.12/site-packages/airflow/example_dags/example_sensors.py for tasks to queue
Filling up the DagBag from /home/airflow/.local/lib/python3.12/site-packages/airflow/example_dags/example_sensors.py
DAG(s) 'example_sensors' retrieved from /home/airflow/.local/lib/python3.12/site-packages/airflow/example_dags/example_sensors.py
Sync 1 DAGs
Setting next_dagrun for example_sensors to None, run_after=None
Processing /home/airflow/.local/lib/python3.12/site-packages/airflow/example_dags/example_sensors.py took 0.048 seconds
Started process (PID=13110) to work on /home/airflow/.local/lib/python3.12/site-packages/airflow/example_dags/example_sensors.py
Processing file /home/airflow/.local/lib/python3.12/site-packages/airflow/example_dags/example_sensors.py for tasks to queue
Filling up the DagBag from /home/airflow/.local/lib/python3.12/site-packages/airflow/example_dags/example_sensors.py
DAG(s) 'example_sensors' retrieved from /home/airflow/.local/lib/python3.12/site-packages/airflow/example_dags/example_sensors.py
Sync 1 DAGs
Setting next_dagrun for example_sensors to None, run_after=None
Processing /home/airflow/.local/lib/python3.12/site-packages/airflow/example_dags/example_sensors.py took 0.051 seconds
Started process (PID=13194) to work on /home/airflow/.local/lib/python3.12/site-packages/airflow/example_dags/example_sensors.py
Processing file /home/airflow/.local/lib/python3.12/site-packages/airflow/example_dags/example_sensors.py for tasks to queue
Filling up the DagBag from /home/airflow/.local/lib/python3.12/site-packages/airflow/example_dags/example_sensors.py
DAG(s) 'example_sensors' retrieved from /home/airflow/.local/lib/python3.12/site-packages/airflow/example_dags/example_sensors.py
Sync 1 DAGs
Setting next_dagrun for example_sensors to None, run_after=None
Processing /home/airflow/.local/lib/python3.12/site-packages/airflow/example_dags/example_sensors.py took 0.051 seconds
Started process (PID=13278) to work on /home/airflow/.local/lib/python3.12/site-packages/airflow/example_dags/example_sensors.py
Processing file /home/airflow/.local/lib/python3.12/site-packages/airflow/example_dags/example_sensors.py for tasks to queue
Filling up the DagBag from /home/airflow/.local/lib/python3.12/site-packages/airflow/example_dags/example_sensors.py
DAG(s) 'example_sensors' retrieved from /home/airflow/.local/lib/python3.12/site-packages/airflow/example_dags/example_sensors.py
Sync 1 DAGs
Setting next_dagrun for example_sensors to None, run_after=None
Processing /home/airflow/.local/lib/python3.12/site-packages/airflow/example_dags/example_sensors.py took 0.050 seconds
Started process (PID=13355) to work on /home/airflow/.local/lib/python3.12/site-packages/airflow/example_dags/example_sensors.py
Processing file /home/airflow/.local/lib/python3.12/site-packages/airflow/example_dags/example_sensors.py for tasks to queue
Filling up the DagBag from /home/airflow/.local/lib/python3.12/site-packages/airflow/example_dags/example_sensors.py
DAG(s) 'example_sensors' retrieved from /home/airflow/.local/lib/python3.12/site-packages/airflow/example_dags/example_sensors.py
Sync 1 DAGs
Setting next_dagrun for example_sensors to None, run_after=None
Processing /home/airflow/.local/lib/python3.12/site-packages/airflow/example_dags/example_sensors.py took 0.047 seconds
Started process (PID=13439) to work on /home/airflow/.local/lib/python3.12/site-packages/airflow/example_dags/example_sensors.py
Processing file /home/airflow/.local/lib/python3.12/site-packages/airflow/example_dags/example_sensors.py for tasks to queue
Filling up the DagBag from /home/airflow/.local/lib/python3.12/site-packages/airflow/example_dags/example_sensors.py
DAG(s) 'example_sensors' retrieved from /home/airflow/.local/lib/python3.12/site-packages/airflow/example_dags/example_sensors.py
Sync 1 DAGs
Setting next_dagrun for example_sensors to None, run_after=None
Processing /home/airflow/.local/lib/python3.12/site-packages/airflow/example_dags/example_sensors.py took 0.048 seconds
Started process (PID=13516) to work on /home/airflow/.local/lib/python3.12/site-packages/airflow/example_dags/example_sensors.py
Processing file /home/airflow/.local/lib/python3.12/site-packages/airflow/example_dags/example_sensors.py for tasks to queue
Filling up the DagBag from /home/airflow/.local/lib/python3.12/site-packages/airflow/example_dags/example_sensors.py
DAG(s) 'example_sensors' retrieved from /home/airflow/.local/lib/python3.12/site-packages/airflow/example_dags/example_sensors.py
Sync 1 DAGs
Setting next_dagrun for example_sensors to None, run_after=None
Processing /home/airflow/.local/lib/python3.12/site-packages/airflow/example_dags/example_sensors.py took 0.047 seconds
Started process (PID=13600) to work on /home/airflow/.local/lib/python3.12/site-packages/airflow/example_dags/example_sensors.py
Processing file /home/airflow/.local/lib/python3.12/site-packages/airflow/example_dags/example_sensors.py for tasks to queue
Filling up the DagBag from /home/airflow/.local/lib/python3.12/site-packages/airflow/example_dags/example_sensors.py
DAG(s) 'example_sensors' retrieved from /home/airflow/.local/lib/python3.12/site-packages/airflow/example_dags/example_sensors.py
Sync 1 DAGs
Setting next_dagrun for example_sensors to None, run_after=None
Processing /home/airflow/.local/lib/python3.12/site-packages/airflow/example_dags/example_sensors.py took 0.045 seconds
Started process (PID=13677) to work on /home/airflow/.local/lib/python3.12/site-packages/airflow/example_dags/example_sensors.py
Processing file /home/airflow/.local/lib/python3.12/site-packages/airflow/example_dags/example_sensors.py for tasks to queue
Filling up the DagBag from /home/airflow/.local/lib/python3.12/site-packages/airflow/example_dags/example_sensors.py
DAG(s) 'example_sensors' retrieved from /home/airflow/.local/lib/python3.12/site-packages/airflow/example_dags/example_sensors.py
Sync 1 DAGs
Setting next_dagrun for example_sensors to None, run_after=None
Processing /home/airflow/.local/lib/python3.12/site-packages/airflow/example_dags/example_sensors.py took 0.047 seconds
Started process (PID=13761) to work on /home/airflow/.local/lib/python3.12/site-packages/airflow/example_dags/example_sensors.py
Processing file /home/airflow/.local/lib/python3.12/site-packages/airflow/example_dags/example_sensors.py for tasks to queue
Filling up the DagBag from /home/airflow/.local/lib/python3.12/site-packages/airflow/example_dags/example_sensors.py
DAG(s) 'example_sensors' retrieved from /home/airflow/.local/lib/python3.12/site-packages/airflow/example_dags/example_sensors.py
Sync 1 DAGs
Setting next_dagrun for example_sensors to None, run_after=None
Processing /home/airflow/.local/lib/python3.12/site-packages/airflow/example_dags/example_sensors.py took 0.047 seconds
Started process (PID=13838) to work on /home/airflow/.local/lib/python3.12/site-packages/airflow/example_dags/example_sensors.py
Processing file /home/airflow/.local/lib/python3.12/site-packages/airflow/example_dags/example_sensors.py for tasks to queue
Filling up the DagBag from /home/airflow/.local/lib/python3.12/site-packages/airflow/example_dags/example_sensors.py
DAG(s) 'example_sensors' retrieved from /home/airflow/.local/lib/python3.12/site-packages/airflow/example_dags/example_sensors.py
Sync 1 DAGs
Setting next_dagrun for example_sensors to None, run_after=None
Processing /home/airflow/.local/lib/python3.12/site-packages/airflow/example_dags/example_sensors.py took 0.050 seconds
Started process (PID=13922) to work on /home/airflow/.local/lib/python3.12/site-packages/airflow/example_dags/example_sensors.py
Processing file /home/airflow/.local/lib/python3.12/site-packages/airflow/example_dags/example_sensors.py for tasks to queue
Filling up the DagBag from /home/airflow/.local/lib/python3.12/site-packages/airflow/example_dags/example_sensors.py
DAG(s) 'example_sensors' retrieved from /home/airflow/.local/lib/python3.12/site-packages/airflow/example_dags/example_sensors.py
Sync 1 DAGs
Setting next_dagrun for example_sensors to None, run_after=None
Processing /home/airflow/.local/lib/python3.12/site-packages/airflow/example_dags/example_sensors.py took 0.048 seconds
Started process (PID=14008) to work on /home/airflow/.local/lib/python3.12/site-packages/airflow/example_dags/example_sensors.py
Processing file /home/airflow/.local/lib/python3.12/site-packages/airflow/example_dags/example_sensors.py for tasks to queue
Filling up the DagBag from /home/airflow/.local/lib/python3.12/site-packages/airflow/example_dags/example_sensors.py
DAG(s) 'example_sensors' retrieved from /home/airflow/.local/lib/python3.12/site-packages/airflow/example_dags/example_sensors.py
Sync 1 DAGs
Setting next_dagrun for example_sensors to None, run_after=None
Processing /home/airflow/.local/lib/python3.12/site-packages/airflow/example_dags/example_sensors.py took 0.062 seconds
Started process (PID=14085) to work on /home/airflow/.local/lib/python3.12/site-packages/airflow/example_dags/example_sensors.py
Processing file /home/airflow/.local/lib/python3.12/site-packages/airflow/example_dags/example_sensors.py for tasks to queue
Filling up the DagBag from /home/airflow/.local/lib/python3.12/site-packages/airflow/example_dags/example_sensors.py
DAG(s) 'example_sensors' retrieved from /home/airflow/.local/lib/python3.12/site-packages/airflow/example_dags/example_sensors.py
Sync 1 DAGs
Setting next_dagrun for example_sensors to None, run_after=None
Processing /home/airflow/.local/lib/python3.12/site-packages/airflow/example_dags/example_sensors.py took 0.053 seconds
Started process (PID=14162) to work on /home/airflow/.local/lib/python3.12/site-packages/airflow/example_dags/example_sensors.py
Processing file /home/airflow/.local/lib/python3.12/site-packages/airflow/example_dags/example_sensors.py for tasks to queue
Filling up the DagBag from /home/airflow/.local/lib/python3.12/site-packages/airflow/example_dags/example_sensors.py
DAG(s) 'example_sensors' retrieved from /home/airflow/.local/lib/python3.12/site-packages/airflow/example_dags/example_sensors.py
Sync 1 DAGs
Setting next_dagrun for example_sensors to None, run_after=None
Processing /home/airflow/.local/lib/python3.12/site-packages/airflow/example_dags/example_sensors.py took 0.051 seconds
Started process (PID=14246) to work on /home/airflow/.local/lib/python3.12/site-packages/airflow/example_dags/example_sensors.py
Processing file /home/airflow/.local/lib/python3.12/site-packages/airflow/example_dags/example_sensors.py for tasks to queue
Filling up the DagBag from /home/airflow/.local/lib/python3.12/site-packages/airflow/example_dags/example_sensors.py
DAG(s) 'example_sensors' retrieved from /home/airflow/.local/lib/python3.12/site-packages/airflow/example_dags/example_sensors.py
Sync 1 DAGs
Setting next_dagrun for example_sensors to None, run_after=None
Processing /home/airflow/.local/lib/python3.12/site-packages/airflow/example_dags/example_sensors.py took 0.046 seconds
Started process (PID=14330) to work on /home/airflow/.local/lib/python3.12/site-packages/airflow/example_dags/example_sensors.py
Processing file /home/airflow/.local/lib/python3.12/site-packages/airflow/example_dags/example_sensors.py for tasks to queue
Filling up the DagBag from /home/airflow/.local/lib/python3.12/site-packages/airflow/example_dags/example_sensors.py
DAG(s) 'example_sensors' retrieved from /home/airflow/.local/lib/python3.12/site-packages/airflow/example_dags/example_sensors.py
Sync 1 DAGs
Setting next_dagrun for example_sensors to None, run_after=None
Processing /home/airflow/.local/lib/python3.12/site-packages/airflow/example_dags/example_sensors.py took 0.061 seconds
Started process (PID=14407) to work on /home/airflow/.local/lib/python3.12/site-packages/airflow/example_dags/example_sensors.py
Processing file /home/airflow/.local/lib/python3.12/site-packages/airflow/example_dags/example_sensors.py for tasks to queue
Filling up the DagBag from /home/airflow/.local/lib/python3.12/site-packages/airflow/example_dags/example_sensors.py
DAG(s) 'example_sensors' retrieved from /home/airflow/.local/lib/python3.12/site-packages/airflow/example_dags/example_sensors.py
Sync 1 DAGs
Setting next_dagrun for example_sensors to None, run_after=None
Processing /home/airflow/.local/lib/python3.12/site-packages/airflow/example_dags/example_sensors.py took 0.049 seconds
Started process (PID=14491) to work on /home/airflow/.local/lib/python3.12/site-packages/airflow/example_dags/example_sensors.py
Processing file /home/airflow/.local/lib/python3.12/site-packages/airflow/example_dags/example_sensors.py for tasks to queue
Filling up the DagBag from /home/airflow/.local/lib/python3.12/site-packages/airflow/example_dags/example_sensors.py
DAG(s) 'example_sensors' retrieved from /home/airflow/.local/lib/python3.12/site-packages/airflow/example_dags/example_sensors.py
Sync 1 DAGs
Setting next_dagrun for example_sensors to None, run_after=None
Processing /home/airflow/.local/lib/python3.12/site-packages/airflow/example_dags/example_sensors.py took 0.051 seconds
Started process (PID=14569) to work on /home/airflow/.local/lib/python3.12/site-packages/airflow/example_dags/example_sensors.py
Processing file /home/airflow/.local/lib/python3.12/site-packages/airflow/example_dags/example_sensors.py for tasks to queue
Filling up the DagBag from /home/airflow/.local/lib/python3.12/site-packages/airflow/example_dags/example_sensors.py
DAG(s) 'example_sensors' retrieved from /home/airflow/.local/lib/python3.12/site-packages/airflow/example_dags/example_sensors.py
Sync 1 DAGs
Setting next_dagrun for example_sensors to None, run_after=None
Processing /home/airflow/.local/lib/python3.12/site-packages/airflow/example_dags/example_sensors.py took 0.046 seconds
Started process (PID=14653) to work on /home/airflow/.local/lib/python3.12/site-packages/airflow/example_dags/example_sensors.py
Processing file /home/airflow/.local/lib/python3.12/site-packages/airflow/example_dags/example_sensors.py for tasks to queue
Filling up the DagBag from /home/airflow/.local/lib/python3.12/site-packages/airflow/example_dags/example_sensors.py
DAG(s) 'example_sensors' retrieved from /home/airflow/.local/lib/python3.12/site-packages/airflow/example_dags/example_sensors.py
Sync 1 DAGs
Setting next_dagrun for example_sensors to None, run_after=None
Processing /home/airflow/.local/lib/python3.12/site-packages/airflow/example_dags/example_sensors.py took 0.047 seconds
Started process (PID=14730) to work on /home/airflow/.local/lib/python3.12/site-packages/airflow/example_dags/example_sensors.py
Processing file /home/airflow/.local/lib/python3.12/site-packages/airflow/example_dags/example_sensors.py for tasks to queue
Filling up the DagBag from /home/airflow/.local/lib/python3.12/site-packages/airflow/example_dags/example_sensors.py
DAG(s) 'example_sensors' retrieved from /home/airflow/.local/lib/python3.12/site-packages/airflow/example_dags/example_sensors.py
Sync 1 DAGs
Setting next_dagrun for example_sensors to None, run_after=None
Processing /home/airflow/.local/lib/python3.12/site-packages/airflow/example_dags/example_sensors.py took 0.050 seconds
Started process (PID=14814) to work on /home/airflow/.local/lib/python3.12/site-packages/airflow/example_dags/example_sensors.py
Processing file /home/airflow/.local/lib/python3.12/site-packages/airflow/example_dags/example_sensors.py for tasks to queue
Filling up the DagBag from /home/airflow/.local/lib/python3.12/site-packages/airflow/example_dags/example_sensors.py
DAG(s) 'example_sensors' retrieved from /home/airflow/.local/lib/python3.12/site-packages/airflow/example_dags/example_sensors.py
Sync 1 DAGs
Setting next_dagrun for example_sensors to None, run_after=None
Processing /home/airflow/.local/lib/python3.12/site-packages/airflow/example_dags/example_sensors.py took 0.047 seconds
Started process (PID=14898) to work on /home/airflow/.local/lib/python3.12/site-packages/airflow/example_dags/example_sensors.py
Processing file /home/airflow/.local/lib/python3.12/site-packages/airflow/example_dags/example_sensors.py for tasks to queue
Filling up the DagBag from /home/airflow/.local/lib/python3.12/site-packages/airflow/example_dags/example_sensors.py
DAG(s) 'example_sensors' retrieved from /home/airflow/.local/lib/python3.12/site-packages/airflow/example_dags/example_sensors.py
Sync 1 DAGs
Setting next_dagrun for example_sensors to None, run_after=None
Processing /home/airflow/.local/lib/python3.12/site-packages/airflow/example_dags/example_sensors.py took 0.046 seconds
Started process (PID=14982) to work on /home/airflow/.local/lib/python3.12/site-packages/airflow/example_dags/example_sensors.py
Processing file /home/airflow/.local/lib/python3.12/site-packages/airflow/example_dags/example_sensors.py for tasks to queue
Filling up the DagBag from /home/airflow/.local/lib/python3.12/site-packages/airflow/example_dags/example_sensors.py
DAG(s) 'example_sensors' retrieved from /home/airflow/.local/lib/python3.12/site-packages/airflow/example_dags/example_sensors.py
Sync 1 DAGs
Setting next_dagrun for example_sensors to None, run_after=None
Processing /home/airflow/.local/lib/python3.12/site-packages/airflow/example_dags/example_sensors.py took 0.052 seconds
Started process (PID=15059) to work on /home/airflow/.local/lib/python3.12/site-packages/airflow/example_dags/example_sensors.py
Processing file /home/airflow/.local/lib/python3.12/site-packages/airflow/example_dags/example_sensors.py for tasks to queue
Filling up the DagBag from /home/airflow/.local/lib/python3.12/site-packages/airflow/example_dags/example_sensors.py
DAG(s) 'example_sensors' retrieved from /home/airflow/.local/lib/python3.12/site-packages/airflow/example_dags/example_sensors.py
Sync 1 DAGs
Setting next_dagrun for example_sensors to None, run_after=None
Processing /home/airflow/.local/lib/python3.12/site-packages/airflow/example_dags/example_sensors.py took 0.047 seconds
Started process (PID=15143) to work on /home/airflow/.local/lib/python3.12/site-packages/airflow/example_dags/example_sensors.py
Processing file /home/airflow/.local/lib/python3.12/site-packages/airflow/example_dags/example_sensors.py for tasks to queue
Filling up the DagBag from /home/airflow/.local/lib/python3.12/site-packages/airflow/example_dags/example_sensors.py
DAG(s) 'example_sensors' retrieved from /home/airflow/.local/lib/python3.12/site-packages/airflow/example_dags/example_sensors.py
Sync 1 DAGs
Setting next_dagrun for example_sensors to None, run_after=None
Processing /home/airflow/.local/lib/python3.12/site-packages/airflow/example_dags/example_sensors.py took 0.050 seconds
Started process (PID=15222) to work on /home/airflow/.local/lib/python3.12/site-packages/airflow/example_dags/example_sensors.py
Processing file /home/airflow/.local/lib/python3.12/site-packages/airflow/example_dags/example_sensors.py for tasks to queue
Filling up the DagBag from /home/airflow/.local/lib/python3.12/site-packages/airflow/example_dags/example_sensors.py
DAG(s) 'example_sensors' retrieved from /home/airflow/.local/lib/python3.12/site-packages/airflow/example_dags/example_sensors.py
Sync 1 DAGs
Setting next_dagrun for example_sensors to None, run_after=None
Processing /home/airflow/.local/lib/python3.12/site-packages/airflow/example_dags/example_sensors.py took 0.049 seconds
Started process (PID=15306) to work on /home/airflow/.local/lib/python3.12/site-packages/airflow/example_dags/example_sensors.py
Processing file /home/airflow/.local/lib/python3.12/site-packages/airflow/example_dags/example_sensors.py for tasks to queue
Filling up the DagBag from /home/airflow/.local/lib/python3.12/site-packages/airflow/example_dags/example_sensors.py
DAG(s) 'example_sensors' retrieved from /home/airflow/.local/lib/python3.12/site-packages/airflow/example_dags/example_sensors.py
Sync 1 DAGs
Setting next_dagrun for example_sensors to None, run_after=None
Processing /home/airflow/.local/lib/python3.12/site-packages/airflow/example_dags/example_sensors.py took 0.051 seconds
Started process (PID=15383) to work on /home/airflow/.local/lib/python3.12/site-packages/airflow/example_dags/example_sensors.py
Processing file /home/airflow/.local/lib/python3.12/site-packages/airflow/example_dags/example_sensors.py for tasks to queue
Filling up the DagBag from /home/airflow/.local/lib/python3.12/site-packages/airflow/example_dags/example_sensors.py
DAG(s) 'example_sensors' retrieved from /home/airflow/.local/lib/python3.12/site-packages/airflow/example_dags/example_sensors.py
Sync 1 DAGs
Setting next_dagrun for example_sensors to None, run_after=None
Processing /home/airflow/.local/lib/python3.12/site-packages/airflow/example_dags/example_sensors.py took 0.046 seconds
Started process (PID=15471) to work on /home/airflow/.local/lib/python3.12/site-packages/airflow/example_dags/example_sensors.py
Processing file /home/airflow/.local/lib/python3.12/site-packages/airflow/example_dags/example_sensors.py for tasks to queue
Filling up the DagBag from /home/airflow/.local/lib/python3.12/site-packages/airflow/example_dags/example_sensors.py
DAG(s) 'example_sensors' retrieved from /home/airflow/.local/lib/python3.12/site-packages/airflow/example_dags/example_sensors.py
Sync 1 DAGs
Setting next_dagrun for example_sensors to None, run_after=None
Processing /home/airflow/.local/lib/python3.12/site-packages/airflow/example_dags/example_sensors.py took 0.046 seconds
Started process (PID=15548) to work on /home/airflow/.local/lib/python3.12/site-packages/airflow/example_dags/example_sensors.py
Processing file /home/airflow/.local/lib/python3.12/site-packages/airflow/example_dags/example_sensors.py for tasks to queue
Filling up the DagBag from /home/airflow/.local/lib/python3.12/site-packages/airflow/example_dags/example_sensors.py
DAG(s) 'example_sensors' retrieved from /home/airflow/.local/lib/python3.12/site-packages/airflow/example_dags/example_sensors.py
Sync 1 DAGs
Setting next_dagrun for example_sensors to None, run_after=None
Processing /home/airflow/.local/lib/python3.12/site-packages/airflow/example_dags/example_sensors.py took 0.048 seconds
Started process (PID=15632) to work on /home/airflow/.local/lib/python3.12/site-packages/airflow/example_dags/example_sensors.py
Processing file /home/airflow/.local/lib/python3.12/site-packages/airflow/example_dags/example_sensors.py for tasks to queue
Filling up the DagBag from /home/airflow/.local/lib/python3.12/site-packages/airflow/example_dags/example_sensors.py
DAG(s) 'example_sensors' retrieved from /home/airflow/.local/lib/python3.12/site-packages/airflow/example_dags/example_sensors.py
Sync 1 DAGs
Setting next_dagrun for example_sensors to None, run_after=None
Processing /home/airflow/.local/lib/python3.12/site-packages/airflow/example_dags/example_sensors.py took 0.052 seconds
Started process (PID=15710) to work on /home/airflow/.local/lib/python3.12/site-packages/airflow/example_dags/example_sensors.py
Processing file /home/airflow/.local/lib/python3.12/site-packages/airflow/example_dags/example_sensors.py for tasks to queue
Filling up the DagBag from /home/airflow/.local/lib/python3.12/site-packages/airflow/example_dags/example_sensors.py
DAG(s) 'example_sensors' retrieved from /home/airflow/.local/lib/python3.12/site-packages/airflow/example_dags/example_sensors.py
Sync 1 DAGs
Setting next_dagrun for example_sensors to None, run_after=None
Processing /home/airflow/.local/lib/python3.12/site-packages/airflow/example_dags/example_sensors.py took 0.049 seconds
Started process (PID=15794) to work on /home/airflow/.local/lib/python3.12/site-packages/airflow/example_dags/example_sensors.py
Processing file /home/airflow/.local/lib/python3.12/site-packages/airflow/example_dags/example_sensors.py for tasks to queue
Filling up the DagBag from /home/airflow/.local/lib/python3.12/site-packages/airflow/example_dags/example_sensors.py
DAG(s) 'example_sensors' retrieved from /home/airflow/.local/lib/python3.12/site-packages/airflow/example_dags/example_sensors.py
Sync 1 DAGs
Setting next_dagrun for example_sensors to None, run_after=None
Processing /home/airflow/.local/lib/python3.12/site-packages/airflow/example_dags/example_sensors.py took 0.047 seconds
Started process (PID=15871) to work on /home/airflow/.local/lib/python3.12/site-packages/airflow/example_dags/example_sensors.py
Processing file /home/airflow/.local/lib/python3.12/site-packages/airflow/example_dags/example_sensors.py for tasks to queue
Filling up the DagBag from /home/airflow/.local/lib/python3.12/site-packages/airflow/example_dags/example_sensors.py
DAG(s) 'example_sensors' retrieved from /home/airflow/.local/lib/python3.12/site-packages/airflow/example_dags/example_sensors.py
Sync 1 DAGs
Setting next_dagrun for example_sensors to None, run_after=None
Processing /home/airflow/.local/lib/python3.12/site-packages/airflow/example_dags/example_sensors.py took 0.048 seconds
Started process (PID=15955) to work on /home/airflow/.local/lib/python3.12/site-packages/airflow/example_dags/example_sensors.py
Processing file /home/airflow/.local/lib/python3.12/site-packages/airflow/example_dags/example_sensors.py for tasks to queue
Filling up the DagBag from /home/airflow/.local/lib/python3.12/site-packages/airflow/example_dags/example_sensors.py
DAG(s) 'example_sensors' retrieved from /home/airflow/.local/lib/python3.12/site-packages/airflow/example_dags/example_sensors.py
Sync 1 DAGs
Setting next_dagrun for example_sensors to None, run_after=None
Processing /home/airflow/.local/lib/python3.12/site-packages/airflow/example_dags/example_sensors.py took 0.047 seconds
Started process (PID=16039) to work on /home/airflow/.local/lib/python3.12/site-packages/airflow/example_dags/example_sensors.py
Processing file /home/airflow/.local/lib/python3.12/site-packages/airflow/example_dags/example_sensors.py for tasks to queue
Filling up the DagBag from /home/airflow/.local/lib/python3.12/site-packages/airflow/example_dags/example_sensors.py
DAG(s) 'example_sensors' retrieved from /home/airflow/.local/lib/python3.12/site-packages/airflow/example_dags/example_sensors.py
Sync 1 DAGs
Setting next_dagrun for example_sensors to None, run_after=None
Processing /home/airflow/.local/lib/python3.12/site-packages/airflow/example_dags/example_sensors.py took 0.049 seconds
Started process (PID=16116) to work on /home/airflow/.local/lib/python3.12/site-packages/airflow/example_dags/example_sensors.py
Processing file /home/airflow/.local/lib/python3.12/site-packages/airflow/example_dags/example_sensors.py for tasks to queue
Filling up the DagBag from /home/airflow/.local/lib/python3.12/site-packages/airflow/example_dags/example_sensors.py
DAG(s) 'example_sensors' retrieved from /home/airflow/.local/lib/python3.12/site-packages/airflow/example_dags/example_sensors.py
Sync 1 DAGs
Setting next_dagrun for example_sensors to None, run_after=None
Processing /home/airflow/.local/lib/python3.12/site-packages/airflow/example_dags/example_sensors.py took 0.047 seconds
Started process (PID=16200) to work on /home/airflow/.local/lib/python3.12/site-packages/airflow/example_dags/example_sensors.py
Processing file /home/airflow/.local/lib/python3.12/site-packages/airflow/example_dags/example_sensors.py for tasks to queue
Filling up the DagBag from /home/airflow/.local/lib/python3.12/site-packages/airflow/example_dags/example_sensors.py
DAG(s) 'example_sensors' retrieved from /home/airflow/.local/lib/python3.12/site-packages/airflow/example_dags/example_sensors.py
Sync 1 DAGs
Setting next_dagrun for example_sensors to None, run_after=None
Processing /home/airflow/.local/lib/python3.12/site-packages/airflow/example_dags/example_sensors.py took 0.048 seconds
Started process (PID=16277) to work on /home/airflow/.local/lib/python3.12/site-packages/airflow/example_dags/example_sensors.py
Processing file /home/airflow/.local/lib/python3.12/site-packages/airflow/example_dags/example_sensors.py for tasks to queue
Filling up the DagBag from /home/airflow/.local/lib/python3.12/site-packages/airflow/example_dags/example_sensors.py
DAG(s) 'example_sensors' retrieved from /home/airflow/.local/lib/python3.12/site-packages/airflow/example_dags/example_sensors.py
Sync 1 DAGs
Setting next_dagrun for example_sensors to None, run_after=None
Processing /home/airflow/.local/lib/python3.12/site-packages/airflow/example_dags/example_sensors.py took 0.143 seconds
Started process (PID=16361) to work on /home/airflow/.local/lib/python3.12/site-packages/airflow/example_dags/example_sensors.py
Processing file /home/airflow/.local/lib/python3.12/site-packages/airflow/example_dags/example_sensors.py for tasks to queue
Filling up the DagBag from /home/airflow/.local/lib/python3.12/site-packages/airflow/example_dags/example_sensors.py
DAG(s) 'example_sensors' retrieved from /home/airflow/.local/lib/python3.12/site-packages/airflow/example_dags/example_sensors.py
Sync 1 DAGs
Setting next_dagrun for example_sensors to None, run_after=None
Processing /home/airflow/.local/lib/python3.12/site-packages/airflow/example_dags/example_sensors.py took 0.048 seconds
Started process (PID=16438) to work on /home/airflow/.local/lib/python3.12/site-packages/airflow/example_dags/example_sensors.py
Processing file /home/airflow/.local/lib/python3.12/site-packages/airflow/example_dags/example_sensors.py for tasks to queue
Filling up the DagBag from /home/airflow/.local/lib/python3.12/site-packages/airflow/example_dags/example_sensors.py
DAG(s) 'example_sensors' retrieved from /home/airflow/.local/lib/python3.12/site-packages/airflow/example_dags/example_sensors.py
Sync 1 DAGs
Setting next_dagrun for example_sensors to None, run_after=None
Processing /home/airflow/.local/lib/python3.12/site-packages/airflow/example_dags/example_sensors.py took 0.046 seconds
Started process (PID=16522) to work on /home/airflow/.local/lib/python3.12/site-packages/airflow/example_dags/example_sensors.py
Processing file /home/airflow/.local/lib/python3.12/site-packages/airflow/example_dags/example_sensors.py for tasks to queue
Filling up the DagBag from /home/airflow/.local/lib/python3.12/site-packages/airflow/example_dags/example_sensors.py
DAG(s) 'example_sensors' retrieved from /home/airflow/.local/lib/python3.12/site-packages/airflow/example_dags/example_sensors.py
Sync 1 DAGs
Setting next_dagrun for example_sensors to None, run_after=None
Processing /home/airflow/.local/lib/python3.12/site-packages/airflow/example_dags/example_sensors.py took 0.049 seconds
Started process (PID=16606) to work on /home/airflow/.local/lib/python3.12/site-packages/airflow/example_dags/example_sensors.py
Processing file /home/airflow/.local/lib/python3.12/site-packages/airflow/example_dags/example_sensors.py for tasks to queue
Filling up the DagBag from /home/airflow/.local/lib/python3.12/site-packages/airflow/example_dags/example_sensors.py
DAG(s) 'example_sensors' retrieved from /home/airflow/.local/lib/python3.12/site-packages/airflow/example_dags/example_sensors.py
Sync 1 DAGs
Setting next_dagrun for example_sensors to None, run_after=None
Processing /home/airflow/.local/lib/python3.12/site-packages/airflow/example_dags/example_sensors.py took 0.060 seconds
Started process (PID=16683) to work on /home/airflow/.local/lib/python3.12/site-packages/airflow/example_dags/example_sensors.py
Processing file /home/airflow/.local/lib/python3.12/site-packages/airflow/example_dags/example_sensors.py for tasks to queue
Filling up the DagBag from /home/airflow/.local/lib/python3.12/site-packages/airflow/example_dags/example_sensors.py
DAG(s) 'example_sensors' retrieved from /home/airflow/.local/lib/python3.12/site-packages/airflow/example_dags/example_sensors.py
Sync 1 DAGs
Setting next_dagrun for example_sensors to None, run_after=None
Processing /home/airflow/.local/lib/python3.12/site-packages/airflow/example_dags/example_sensors.py took 0.047 seconds
Started process (PID=16767) to work on /home/airflow/.local/lib/python3.12/site-packages/airflow/example_dags/example_sensors.py
Processing file /home/airflow/.local/lib/python3.12/site-packages/airflow/example_dags/example_sensors.py for tasks to queue
Filling up the DagBag from /home/airflow/.local/lib/python3.12/site-packages/airflow/example_dags/example_sensors.py
DAG(s) 'example_sensors' retrieved from /home/airflow/.local/lib/python3.12/site-packages/airflow/example_dags/example_sensors.py
Sync 1 DAGs
Setting next_dagrun for example_sensors to None, run_after=None
Processing /home/airflow/.local/lib/python3.12/site-packages/airflow/example_dags/example_sensors.py took 0.046 seconds
Started process (PID=16853) to work on /home/airflow/.local/lib/python3.12/site-packages/airflow/example_dags/example_sensors.py
Processing file /home/airflow/.local/lib/python3.12/site-packages/airflow/example_dags/example_sensors.py for tasks to queue
Filling up the DagBag from /home/airflow/.local/lib/python3.12/site-packages/airflow/example_dags/example_sensors.py
DAG(s) 'example_sensors' retrieved from /home/airflow/.local/lib/python3.12/site-packages/airflow/example_dags/example_sensors.py
Sync 1 DAGs
Setting next_dagrun for example_sensors to None, run_after=None
Processing /home/airflow/.local/lib/python3.12/site-packages/airflow/example_dags/example_sensors.py took 0.048 seconds
Started process (PID=16930) to work on /home/airflow/.local/lib/python3.12/site-packages/airflow/example_dags/example_sensors.py
Processing file /home/airflow/.local/lib/python3.12/site-packages/airflow/example_dags/example_sensors.py for tasks to queue
Filling up the DagBag from /home/airflow/.local/lib/python3.12/site-packages/airflow/example_dags/example_sensors.py
DAG(s) 'example_sensors' retrieved from /home/airflow/.local/lib/python3.12/site-packages/airflow/example_dags/example_sensors.py
Sync 1 DAGs
Setting next_dagrun for example_sensors to None, run_after=None
Processing /home/airflow/.local/lib/python3.12/site-packages/airflow/example_dags/example_sensors.py took 0.051 seconds
Started process (PID=17016) to work on /home/airflow/.local/lib/python3.12/site-packages/airflow/example_dags/example_sensors.py
Processing file /home/airflow/.local/lib/python3.12/site-packages/airflow/example_dags/example_sensors.py for tasks to queue
Filling up the DagBag from /home/airflow/.local/lib/python3.12/site-packages/airflow/example_dags/example_sensors.py
DAG(s) 'example_sensors' retrieved from /home/airflow/.local/lib/python3.12/site-packages/airflow/example_dags/example_sensors.py
Sync 1 DAGs
Setting next_dagrun for example_sensors to None, run_after=None
Processing /home/airflow/.local/lib/python3.12/site-packages/airflow/example_dags/example_sensors.py took 0.046 seconds
Started process (PID=17093) to work on /home/airflow/.local/lib/python3.12/site-packages/airflow/example_dags/example_sensors.py
Processing file /home/airflow/.local/lib/python3.12/site-packages/airflow/example_dags/example_sensors.py for tasks to queue
Filling up the DagBag from /home/airflow/.local/lib/python3.12/site-packages/airflow/example_dags/example_sensors.py
DAG(s) 'example_sensors' retrieved from /home/airflow/.local/lib/python3.12/site-packages/airflow/example_dags/example_sensors.py
Sync 1 DAGs
Setting next_dagrun for example_sensors to None, run_after=None
Processing /home/airflow/.local/lib/python3.12/site-packages/airflow/example_dags/example_sensors.py took 0.048 seconds
Started process (PID=17177) to work on /home/airflow/.local/lib/python3.12/site-packages/airflow/example_dags/example_sensors.py
Processing file /home/airflow/.local/lib/python3.12/site-packages/airflow/example_dags/example_sensors.py for tasks to queue
Filling up the DagBag from /home/airflow/.local/lib/python3.12/site-packages/airflow/example_dags/example_sensors.py
DAG(s) 'example_sensors' retrieved from /home/airflow/.local/lib/python3.12/site-packages/airflow/example_dags/example_sensors.py
Sync 1 DAGs
Setting next_dagrun for example_sensors to None, run_after=None
Processing /home/airflow/.local/lib/python3.12/site-packages/airflow/example_dags/example_sensors.py took 0.047 seconds
Started process (PID=17263) to work on /home/airflow/.local/lib/python3.12/site-packages/airflow/example_dags/example_sensors.py
Processing file /home/airflow/.local/lib/python3.12/site-packages/airflow/example_dags/example_sensors.py for tasks to queue
Filling up the DagBag from /home/airflow/.local/lib/python3.12/site-packages/airflow/example_dags/example_sensors.py
DAG(s) 'example_sensors' retrieved from /home/airflow/.local/lib/python3.12/site-packages/airflow/example_dags/example_sensors.py
Sync 1 DAGs
Setting next_dagrun for example_sensors to None, run_after=None
Processing /home/airflow/.local/lib/python3.12/site-packages/airflow/example_dags/example_sensors.py took 0.047 seconds
Started process (PID=17342) to work on /home/airflow/.local/lib/python3.12/site-packages/airflow/example_dags/example_sensors.py
Processing file /home/airflow/.local/lib/python3.12/site-packages/airflow/example_dags/example_sensors.py for tasks to queue
Filling up the DagBag from /home/airflow/.local/lib/python3.12/site-packages/airflow/example_dags/example_sensors.py
DAG(s) 'example_sensors' retrieved from /home/airflow/.local/lib/python3.12/site-packages/airflow/example_dags/example_sensors.py
Sync 1 DAGs
Setting next_dagrun for example_sensors to None, run_after=None
Processing /home/airflow/.local/lib/python3.12/site-packages/airflow/example_dags/example_sensors.py took 0.050 seconds
Started process (PID=17426) to work on /home/airflow/.local/lib/python3.12/site-packages/airflow/example_dags/example_sensors.py
Processing file /home/airflow/.local/lib/python3.12/site-packages/airflow/example_dags/example_sensors.py for tasks to queue
Filling up the DagBag from /home/airflow/.local/lib/python3.12/site-packages/airflow/example_dags/example_sensors.py
DAG(s) 'example_sensors' retrieved from /home/airflow/.local/lib/python3.12/site-packages/airflow/example_dags/example_sensors.py
Sync 1 DAGs
Setting next_dagrun for example_sensors to None, run_after=None
Processing /home/airflow/.local/lib/python3.12/site-packages/airflow/example_dags/example_sensors.py took 0.048 seconds
Started process (PID=17503) to work on /home/airflow/.local/lib/python3.12/site-packages/airflow/example_dags/example_sensors.py
Processing file /home/airflow/.local/lib/python3.12/site-packages/airflow/example_dags/example_sensors.py for tasks to queue
Filling up the DagBag from /home/airflow/.local/lib/python3.12/site-packages/airflow/example_dags/example_sensors.py
DAG(s) 'example_sensors' retrieved from /home/airflow/.local/lib/python3.12/site-packages/airflow/example_dags/example_sensors.py
Sync 1 DAGs
Setting next_dagrun for example_sensors to None, run_after=None
Processing /home/airflow/.local/lib/python3.12/site-packages/airflow/example_dags/example_sensors.py took 0.047 seconds
Started process (PID=17587) to work on /home/airflow/.local/lib/python3.12/site-packages/airflow/example_dags/example_sensors.py
Processing file /home/airflow/.local/lib/python3.12/site-packages/airflow/example_dags/example_sensors.py for tasks to queue
Filling up the DagBag from /home/airflow/.local/lib/python3.12/site-packages/airflow/example_dags/example_sensors.py
DAG(s) 'example_sensors' retrieved from /home/airflow/.local/lib/python3.12/site-packages/airflow/example_dags/example_sensors.py
Sync 1 DAGs
Setting next_dagrun for example_sensors to None, run_after=None
Processing /home/airflow/.local/lib/python3.12/site-packages/airflow/example_dags/example_sensors.py took 0.049 seconds
Started process (PID=17671) to work on /home/airflow/.local/lib/python3.12/site-packages/airflow/example_dags/example_sensors.py
Processing file /home/airflow/.local/lib/python3.12/site-packages/airflow/example_dags/example_sensors.py for tasks to queue
Filling up the DagBag from /home/airflow/.local/lib/python3.12/site-packages/airflow/example_dags/example_sensors.py
DAG(s) 'example_sensors' retrieved from /home/airflow/.local/lib/python3.12/site-packages/airflow/example_dags/example_sensors.py
Sync 1 DAGs
Setting next_dagrun for example_sensors to None, run_after=None
Processing /home/airflow/.local/lib/python3.12/site-packages/airflow/example_dags/example_sensors.py took 0.049 seconds
Started process (PID=17748) to work on /home/airflow/.local/lib/python3.12/site-packages/airflow/example_dags/example_sensors.py
Processing file /home/airflow/.local/lib/python3.12/site-packages/airflow/example_dags/example_sensors.py for tasks to queue
Filling up the DagBag from /home/airflow/.local/lib/python3.12/site-packages/airflow/example_dags/example_sensors.py
DAG(s) 'example_sensors' retrieved from /home/airflow/.local/lib/python3.12/site-packages/airflow/example_dags/example_sensors.py
Sync 1 DAGs
Setting next_dagrun for example_sensors to None, run_after=None
Processing /home/airflow/.local/lib/python3.12/site-packages/airflow/example_dags/example_sensors.py took 0.048 seconds
Started process (PID=17832) to work on /home/airflow/.local/lib/python3.12/site-packages/airflow/example_dags/example_sensors.py
Processing file /home/airflow/.local/lib/python3.12/site-packages/airflow/example_dags/example_sensors.py for tasks to queue
Filling up the DagBag from /home/airflow/.local/lib/python3.12/site-packages/airflow/example_dags/example_sensors.py
DAG(s) 'example_sensors' retrieved from /home/airflow/.local/lib/python3.12/site-packages/airflow/example_dags/example_sensors.py
Sync 1 DAGs
Setting next_dagrun for example_sensors to None, run_after=None
Processing /home/airflow/.local/lib/python3.12/site-packages/airflow/example_dags/example_sensors.py took 0.051 seconds
Started process (PID=17916) to work on /home/airflow/.local/lib/python3.12/site-packages/airflow/example_dags/example_sensors.py
Processing file /home/airflow/.local/lib/python3.12/site-packages/airflow/example_dags/example_sensors.py for tasks to queue
Filling up the DagBag from /home/airflow/.local/lib/python3.12/site-packages/airflow/example_dags/example_sensors.py
DAG(s) 'example_sensors' retrieved from /home/airflow/.local/lib/python3.12/site-packages/airflow/example_dags/example_sensors.py
Sync 1 DAGs
Setting next_dagrun for example_sensors to None, run_after=None
Processing /home/airflow/.local/lib/python3.12/site-packages/airflow/example_dags/example_sensors.py took 0.047 seconds
Started process (PID=17993) to work on /home/airflow/.local/lib/python3.12/site-packages/airflow/example_dags/example_sensors.py
Processing file /home/airflow/.local/lib/python3.12/site-packages/airflow/example_dags/example_sensors.py for tasks to queue
Filling up the DagBag from /home/airflow/.local/lib/python3.12/site-packages/airflow/example_dags/example_sensors.py
DAG(s) 'example_sensors' retrieved from /home/airflow/.local/lib/python3.12/site-packages/airflow/example_dags/example_sensors.py
Sync 1 DAGs
Setting next_dagrun for example_sensors to None, run_after=None
Processing /home/airflow/.local/lib/python3.12/site-packages/airflow/example_dags/example_sensors.py took 0.053 seconds
Started process (PID=18077) to work on /home/airflow/.local/lib/python3.12/site-packages/airflow/example_dags/example_sensors.py
Processing file /home/airflow/.local/lib/python3.12/site-packages/airflow/example_dags/example_sensors.py for tasks to queue
Filling up the DagBag from /home/airflow/.local/lib/python3.12/site-packages/airflow/example_dags/example_sensors.py
DAG(s) 'example_sensors' retrieved from /home/airflow/.local/lib/python3.12/site-packages/airflow/example_dags/example_sensors.py
Sync 1 DAGs
Setting next_dagrun for example_sensors to None, run_after=None
Processing /home/airflow/.local/lib/python3.12/site-packages/airflow/example_dags/example_sensors.py took 0.047 seconds
Started process (PID=18154) to work on /home/airflow/.local/lib/python3.12/site-packages/airflow/example_dags/example_sensors.py
Processing file /home/airflow/.local/lib/python3.12/site-packages/airflow/example_dags/example_sensors.py for tasks to queue
Filling up the DagBag from /home/airflow/.local/lib/python3.12/site-packages/airflow/example_dags/example_sensors.py
DAG(s) 'example_sensors' retrieved from /home/airflow/.local/lib/python3.12/site-packages/airflow/example_dags/example_sensors.py
Sync 1 DAGs
Setting next_dagrun for example_sensors to None, run_after=None
Processing /home/airflow/.local/lib/python3.12/site-packages/airflow/example_dags/example_sensors.py took 0.049 seconds
Started process (PID=18240) to work on /home/airflow/.local/lib/python3.12/site-packages/airflow/example_dags/example_sensors.py
Processing file /home/airflow/.local/lib/python3.12/site-packages/airflow/example_dags/example_sensors.py for tasks to queue
Filling up the DagBag from /home/airflow/.local/lib/python3.12/site-packages/airflow/example_dags/example_sensors.py
DAG(s) 'example_sensors' retrieved from /home/airflow/.local/lib/python3.12/site-packages/airflow/example_dags/example_sensors.py
Sync 1 DAGs
Setting next_dagrun for example_sensors to None, run_after=None
Processing /home/airflow/.local/lib/python3.12/site-packages/airflow/example_dags/example_sensors.py took 0.053 seconds
Started process (PID=18324) to work on /home/airflow/.local/lib/python3.12/site-packages/airflow/example_dags/example_sensors.py
Processing file /home/airflow/.local/lib/python3.12/site-packages/airflow/example_dags/example_sensors.py for tasks to queue
Filling up the DagBag from /home/airflow/.local/lib/python3.12/site-packages/airflow/example_dags/example_sensors.py
DAG(s) 'example_sensors' retrieved from /home/airflow/.local/lib/python3.12/site-packages/airflow/example_dags/example_sensors.py
Sync 1 DAGs
Setting next_dagrun for example_sensors to None, run_after=None
Processing /home/airflow/.local/lib/python3.12/site-packages/airflow/example_dags/example_sensors.py took 0.050 seconds
Started process (PID=18401) to work on /home/airflow/.local/lib/python3.12/site-packages/airflow/example_dags/example_sensors.py
Processing file /home/airflow/.local/lib/python3.12/site-packages/airflow/example_dags/example_sensors.py for tasks to queue
Filling up the DagBag from /home/airflow/.local/lib/python3.12/site-packages/airflow/example_dags/example_sensors.py
DAG(s) 'example_sensors' retrieved from /home/airflow/.local/lib/python3.12/site-packages/airflow/example_dags/example_sensors.py
Sync 1 DAGs
Setting next_dagrun for example_sensors to None, run_after=None
Processing /home/airflow/.local/lib/python3.12/site-packages/airflow/example_dags/example_sensors.py took 0.047 seconds
Started process (PID=18488) to work on /home/airflow/.local/lib/python3.12/site-packages/airflow/example_dags/example_sensors.py
Processing file /home/airflow/.local/lib/python3.12/site-packages/airflow/example_dags/example_sensors.py for tasks to queue
Filling up the DagBag from /home/airflow/.local/lib/python3.12/site-packages/airflow/example_dags/example_sensors.py
DAG(s) 'example_sensors' retrieved from /home/airflow/.local/lib/python3.12/site-packages/airflow/example_dags/example_sensors.py
Sync 1 DAGs
Setting next_dagrun for example_sensors to None, run_after=None
Processing /home/airflow/.local/lib/python3.12/site-packages/airflow/example_dags/example_sensors.py took 0.046 seconds
Started process (PID=18572) to work on /home/airflow/.local/lib/python3.12/site-packages/airflow/example_dags/example_sensors.py
Processing file /home/airflow/.local/lib/python3.12/site-packages/airflow/example_dags/example_sensors.py for tasks to queue
Filling up the DagBag from /home/airflow/.local/lib/python3.12/site-packages/airflow/example_dags/example_sensors.py
DAG(s) 'example_sensors' retrieved from /home/airflow/.local/lib/python3.12/site-packages/airflow/example_dags/example_sensors.py
Sync 1 DAGs
Setting next_dagrun for example_sensors to None, run_after=None
Processing /home/airflow/.local/lib/python3.12/site-packages/airflow/example_dags/example_sensors.py took 0.048 seconds
Started process (PID=18650) to work on /home/airflow/.local/lib/python3.12/site-packages/airflow/example_dags/example_sensors.py
Processing file /home/airflow/.local/lib/python3.12/site-packages/airflow/example_dags/example_sensors.py for tasks to queue
Filling up the DagBag from /home/airflow/.local/lib/python3.12/site-packages/airflow/example_dags/example_sensors.py
DAG(s) 'example_sensors' retrieved from /home/airflow/.local/lib/python3.12/site-packages/airflow/example_dags/example_sensors.py
Sync 1 DAGs
Setting next_dagrun for example_sensors to None, run_after=None
Processing /home/airflow/.local/lib/python3.12/site-packages/airflow/example_dags/example_sensors.py took 0.047 seconds
Started process (PID=18734) to work on /home/airflow/.local/lib/python3.12/site-packages/airflow/example_dags/example_sensors.py
Processing file /home/airflow/.local/lib/python3.12/site-packages/airflow/example_dags/example_sensors.py for tasks to queue
Filling up the DagBag from /home/airflow/.local/lib/python3.12/site-packages/airflow/example_dags/example_sensors.py
DAG(s) 'example_sensors' retrieved from /home/airflow/.local/lib/python3.12/site-packages/airflow/example_dags/example_sensors.py
Sync 1 DAGs
Setting next_dagrun for example_sensors to None, run_after=None
Processing /home/airflow/.local/lib/python3.12/site-packages/airflow/example_dags/example_sensors.py took 0.049 seconds
Started process (PID=18818) to work on /home/airflow/.local/lib/python3.12/site-packages/airflow/example_dags/example_sensors.py
Processing file /home/airflow/.local/lib/python3.12/site-packages/airflow/example_dags/example_sensors.py for tasks to queue
Filling up the DagBag from /home/airflow/.local/lib/python3.12/site-packages/airflow/example_dags/example_sensors.py
DAG(s) 'example_sensors' retrieved from /home/airflow/.local/lib/python3.12/site-packages/airflow/example_dags/example_sensors.py
Sync 1 DAGs
Setting next_dagrun for example_sensors to None, run_after=None
Processing /home/airflow/.local/lib/python3.12/site-packages/airflow/example_dags/example_sensors.py took 0.053 seconds
Started process (PID=18895) to work on /home/airflow/.local/lib/python3.12/site-packages/airflow/example_dags/example_sensors.py
Processing file /home/airflow/.local/lib/python3.12/site-packages/airflow/example_dags/example_sensors.py for tasks to queue
Filling up the DagBag from /home/airflow/.local/lib/python3.12/site-packages/airflow/example_dags/example_sensors.py
DAG(s) 'example_sensors' retrieved from /home/airflow/.local/lib/python3.12/site-packages/airflow/example_dags/example_sensors.py
Sync 1 DAGs
Setting next_dagrun for example_sensors to None, run_after=None
Processing /home/airflow/.local/lib/python3.12/site-packages/airflow/example_dags/example_sensors.py took 0.056 seconds
Started process (PID=18979) to work on /home/airflow/.local/lib/python3.12/site-packages/airflow/example_dags/example_sensors.py
Processing file /home/airflow/.local/lib/python3.12/site-packages/airflow/example_dags/example_sensors.py for tasks to queue
Filling up the DagBag from /home/airflow/.local/lib/python3.12/site-packages/airflow/example_dags/example_sensors.py
DAG(s) 'example_sensors' retrieved from /home/airflow/.local/lib/python3.12/site-packages/airflow/example_dags/example_sensors.py
Sync 1 DAGs
Setting next_dagrun for example_sensors to None, run_after=None
Processing /home/airflow/.local/lib/python3.12/site-packages/airflow/example_dags/example_sensors.py took 0.051 seconds
Started process (PID=19056) to work on /home/airflow/.local/lib/python3.12/site-packages/airflow/example_dags/example_sensors.py
Processing file /home/airflow/.local/lib/python3.12/site-packages/airflow/example_dags/example_sensors.py for tasks to queue
Filling up the DagBag from /home/airflow/.local/lib/python3.12/site-packages/airflow/example_dags/example_sensors.py
DAG(s) 'example_sensors' retrieved from /home/airflow/.local/lib/python3.12/site-packages/airflow/example_dags/example_sensors.py
Sync 1 DAGs
Setting next_dagrun for example_sensors to None, run_after=None
Processing /home/airflow/.local/lib/python3.12/site-packages/airflow/example_dags/example_sensors.py took 0.046 seconds
Started process (PID=19140) to work on /home/airflow/.local/lib/python3.12/site-packages/airflow/example_dags/example_sensors.py
Processing file /home/airflow/.local/lib/python3.12/site-packages/airflow/example_dags/example_sensors.py for tasks to queue
Filling up the DagBag from /home/airflow/.local/lib/python3.12/site-packages/airflow/example_dags/example_sensors.py
DAG(s) 'example_sensors' retrieved from /home/airflow/.local/lib/python3.12/site-packages/airflow/example_dags/example_sensors.py
Sync 1 DAGs
Setting next_dagrun for example_sensors to None, run_after=None
Processing /home/airflow/.local/lib/python3.12/site-packages/airflow/example_dags/example_sensors.py took 0.048 seconds
Started process (PID=19217) to work on /home/airflow/.local/lib/python3.12/site-packages/airflow/example_dags/example_sensors.py
Processing file /home/airflow/.local/lib/python3.12/site-packages/airflow/example_dags/example_sensors.py for tasks to queue
Filling up the DagBag from /home/airflow/.local/lib/python3.12/site-packages/airflow/example_dags/example_sensors.py
DAG(s) 'example_sensors' retrieved from /home/airflow/.local/lib/python3.12/site-packages/airflow/example_dags/example_sensors.py
Sync 1 DAGs
Setting next_dagrun for example_sensors to None, run_after=None
Processing /home/airflow/.local/lib/python3.12/site-packages/airflow/example_dags/example_sensors.py took 0.048 seconds
Started process (PID=19301) to work on /home/airflow/.local/lib/python3.12/site-packages/airflow/example_dags/example_sensors.py
Processing file /home/airflow/.local/lib/python3.12/site-packages/airflow/example_dags/example_sensors.py for tasks to queue
Filling up the DagBag from /home/airflow/.local/lib/python3.12/site-packages/airflow/example_dags/example_sensors.py
DAG(s) 'example_sensors' retrieved from /home/airflow/.local/lib/python3.12/site-packages/airflow/example_dags/example_sensors.py
Sync 1 DAGs
Setting next_dagrun for example_sensors to None, run_after=None
Processing /home/airflow/.local/lib/python3.12/site-packages/airflow/example_dags/example_sensors.py took 0.141 seconds
Started process (PID=19379) to work on /home/airflow/.local/lib/python3.12/site-packages/airflow/example_dags/example_sensors.py
Processing file /home/airflow/.local/lib/python3.12/site-packages/airflow/example_dags/example_sensors.py for tasks to queue
Filling up the DagBag from /home/airflow/.local/lib/python3.12/site-packages/airflow/example_dags/example_sensors.py
DAG(s) 'example_sensors' retrieved from /home/airflow/.local/lib/python3.12/site-packages/airflow/example_dags/example_sensors.py
Sync 1 DAGs
Setting next_dagrun for example_sensors to None, run_after=None
Processing /home/airflow/.local/lib/python3.12/site-packages/airflow/example_dags/example_sensors.py took 0.156 seconds
Started process (PID=19463) to work on /home/airflow/.local/lib/python3.12/site-packages/airflow/example_dags/example_sensors.py
Processing file /home/airflow/.local/lib/python3.12/site-packages/airflow/example_dags/example_sensors.py for tasks to queue
Filling up the DagBag from /home/airflow/.local/lib/python3.12/site-packages/airflow/example_dags/example_sensors.py
DAG(s) 'example_sensors' retrieved from /home/airflow/.local/lib/python3.12/site-packages/airflow/example_dags/example_sensors.py
Sync 1 DAGs
Setting next_dagrun for example_sensors to None, run_after=None
Processing /home/airflow/.local/lib/python3.12/site-packages/airflow/example_dags/example_sensors.py took 0.046 seconds
Started process (PID=19540) to work on /home/airflow/.local/lib/python3.12/site-packages/airflow/example_dags/example_sensors.py
Processing file /home/airflow/.local/lib/python3.12/site-packages/airflow/example_dags/example_sensors.py for tasks to queue
Filling up the DagBag from /home/airflow/.local/lib/python3.12/site-packages/airflow/example_dags/example_sensors.py
DAG(s) 'example_sensors' retrieved from /home/airflow/.local/lib/python3.12/site-packages/airflow/example_dags/example_sensors.py
Sync 1 DAGs
Setting next_dagrun for example_sensors to None, run_after=None
Processing /home/airflow/.local/lib/python3.12/site-packages/airflow/example_dags/example_sensors.py took 0.048 seconds
Started process (PID=19624) to work on /home/airflow/.local/lib/python3.12/site-packages/airflow/example_dags/example_sensors.py
Processing file /home/airflow/.local/lib/python3.12/site-packages/airflow/example_dags/example_sensors.py for tasks to queue
Filling up the DagBag from /home/airflow/.local/lib/python3.12/site-packages/airflow/example_dags/example_sensors.py
DAG(s) 'example_sensors' retrieved from /home/airflow/.local/lib/python3.12/site-packages/airflow/example_dags/example_sensors.py
Sync 1 DAGs
Setting next_dagrun for example_sensors to None, run_after=None
Processing /home/airflow/.local/lib/python3.12/site-packages/airflow/example_dags/example_sensors.py took 0.049 seconds
Started process (PID=19701) to work on /home/airflow/.local/lib/python3.12/site-packages/airflow/example_dags/example_sensors.py
Processing file /home/airflow/.local/lib/python3.12/site-packages/airflow/example_dags/example_sensors.py for tasks to queue
Filling up the DagBag from /home/airflow/.local/lib/python3.12/site-packages/airflow/example_dags/example_sensors.py
DAG(s) 'example_sensors' retrieved from /home/airflow/.local/lib/python3.12/site-packages/airflow/example_dags/example_sensors.py
Sync 1 DAGs
Setting next_dagrun for example_sensors to None, run_after=None
Processing /home/airflow/.local/lib/python3.12/site-packages/airflow/example_dags/example_sensors.py took 0.051 seconds
Started process (PID=19785) to work on /home/airflow/.local/lib/python3.12/site-packages/airflow/example_dags/example_sensors.py
Processing file /home/airflow/.local/lib/python3.12/site-packages/airflow/example_dags/example_sensors.py for tasks to queue
Filling up the DagBag from /home/airflow/.local/lib/python3.12/site-packages/airflow/example_dags/example_sensors.py
DAG(s) 'example_sensors' retrieved from /home/airflow/.local/lib/python3.12/site-packages/airflow/example_dags/example_sensors.py
Sync 1 DAGs
Setting next_dagrun for example_sensors to None, run_after=None
Processing /home/airflow/.local/lib/python3.12/site-packages/airflow/example_dags/example_sensors.py took 0.052 seconds
Started process (PID=19869) to work on /home/airflow/.local/lib/python3.12/site-packages/airflow/example_dags/example_sensors.py
Processing file /home/airflow/.local/lib/python3.12/site-packages/airflow/example_dags/example_sensors.py for tasks to queue
Filling up the DagBag from /home/airflow/.local/lib/python3.12/site-packages/airflow/example_dags/example_sensors.py
DAG(s) 'example_sensors' retrieved from /home/airflow/.local/lib/python3.12/site-packages/airflow/example_dags/example_sensors.py
Sync 1 DAGs
Setting next_dagrun for example_sensors to None, run_after=None
Processing /home/airflow/.local/lib/python3.12/site-packages/airflow/example_dags/example_sensors.py took 0.059 seconds
Started process (PID=19946) to work on /home/airflow/.local/lib/python3.12/site-packages/airflow/example_dags/example_sensors.py
Processing file /home/airflow/.local/lib/python3.12/site-packages/airflow/example_dags/example_sensors.py for tasks to queue
Filling up the DagBag from /home/airflow/.local/lib/python3.12/site-packages/airflow/example_dags/example_sensors.py
DAG(s) 'example_sensors' retrieved from /home/airflow/.local/lib/python3.12/site-packages/airflow/example_dags/example_sensors.py
Sync 1 DAGs
Setting next_dagrun for example_sensors to None, run_after=None
Processing /home/airflow/.local/lib/python3.12/site-packages/airflow/example_dags/example_sensors.py took 0.046 seconds
Started process (PID=20030) to work on /home/airflow/.local/lib/python3.12/site-packages/airflow/example_dags/example_sensors.py
Processing file /home/airflow/.local/lib/python3.12/site-packages/airflow/example_dags/example_sensors.py for tasks to queue
Filling up the DagBag from /home/airflow/.local/lib/python3.12/site-packages/airflow/example_dags/example_sensors.py
DAG(s) 'example_sensors' retrieved from /home/airflow/.local/lib/python3.12/site-packages/airflow/example_dags/example_sensors.py
Sync 1 DAGs
Setting next_dagrun for example_sensors to None, run_after=None
Processing /home/airflow/.local/lib/python3.12/site-packages/airflow/example_dags/example_sensors.py took 0.070 seconds
Started process (PID=20107) to work on /home/airflow/.local/lib/python3.12/site-packages/airflow/example_dags/example_sensors.py
Processing file /home/airflow/.local/lib/python3.12/site-packages/airflow/example_dags/example_sensors.py for tasks to queue
Filling up the DagBag from /home/airflow/.local/lib/python3.12/site-packages/airflow/example_dags/example_sensors.py
DAG(s) 'example_sensors' retrieved from /home/airflow/.local/lib/python3.12/site-packages/airflow/example_dags/example_sensors.py
Sync 1 DAGs
Setting next_dagrun for example_sensors to None, run_after=None
Processing /home/airflow/.local/lib/python3.12/site-packages/airflow/example_dags/example_sensors.py took 0.048 seconds
Started process (PID=20191) to work on /home/airflow/.local/lib/python3.12/site-packages/airflow/example_dags/example_sensors.py
Processing file /home/airflow/.local/lib/python3.12/site-packages/airflow/example_dags/example_sensors.py for tasks to queue
Filling up the DagBag from /home/airflow/.local/lib/python3.12/site-packages/airflow/example_dags/example_sensors.py
DAG(s) 'example_sensors' retrieved from /home/airflow/.local/lib/python3.12/site-packages/airflow/example_dags/example_sensors.py
Sync 1 DAGs
Setting next_dagrun for example_sensors to None, run_after=None
Processing /home/airflow/.local/lib/python3.12/site-packages/airflow/example_dags/example_sensors.py took 0.047 seconds
Started process (PID=20268) to work on /home/airflow/.local/lib/python3.12/site-packages/airflow/example_dags/example_sensors.py
Processing file /home/airflow/.local/lib/python3.12/site-packages/airflow/example_dags/example_sensors.py for tasks to queue
Filling up the DagBag from /home/airflow/.local/lib/python3.12/site-packages/airflow/example_dags/example_sensors.py
DAG(s) 'example_sensors' retrieved from /home/airflow/.local/lib/python3.12/site-packages/airflow/example_dags/example_sensors.py
Sync 1 DAGs
Setting next_dagrun for example_sensors to None, run_after=None
Processing /home/airflow/.local/lib/python3.12/site-packages/airflow/example_dags/example_sensors.py took 0.047 seconds
Started process (PID=20352) to work on /home/airflow/.local/lib/python3.12/site-packages/airflow/example_dags/example_sensors.py
Processing file /home/airflow/.local/lib/python3.12/site-packages/airflow/example_dags/example_sensors.py for tasks to queue
Filling up the DagBag from /home/airflow/.local/lib/python3.12/site-packages/airflow/example_dags/example_sensors.py
DAG(s) 'example_sensors' retrieved from /home/airflow/.local/lib/python3.12/site-packages/airflow/example_dags/example_sensors.py
Sync 1 DAGs
Setting next_dagrun for example_sensors to None, run_after=None
Processing /home/airflow/.local/lib/python3.12/site-packages/airflow/example_dags/example_sensors.py took 0.047 seconds
Started process (PID=20436) to work on /home/airflow/.local/lib/python3.12/site-packages/airflow/example_dags/example_sensors.py
Processing file /home/airflow/.local/lib/python3.12/site-packages/airflow/example_dags/example_sensors.py for tasks to queue
Filling up the DagBag from /home/airflow/.local/lib/python3.12/site-packages/airflow/example_dags/example_sensors.py
DAG(s) 'example_sensors' retrieved from /home/airflow/.local/lib/python3.12/site-packages/airflow/example_dags/example_sensors.py
Sync 1 DAGs
Setting next_dagrun for example_sensors to None, run_after=None
Processing /home/airflow/.local/lib/python3.12/site-packages/airflow/example_dags/example_sensors.py took 0.050 seconds
Started process (PID=20513) to work on /home/airflow/.local/lib/python3.12/site-packages/airflow/example_dags/example_sensors.py
Processing file /home/airflow/.local/lib/python3.12/site-packages/airflow/example_dags/example_sensors.py for tasks to queue
Filling up the DagBag from /home/airflow/.local/lib/python3.12/site-packages/airflow/example_dags/example_sensors.py
DAG(s) 'example_sensors' retrieved from /home/airflow/.local/lib/python3.12/site-packages/airflow/example_dags/example_sensors.py
Sync 1 DAGs
Setting next_dagrun for example_sensors to None, run_after=None
Processing /home/airflow/.local/lib/python3.12/site-packages/airflow/example_dags/example_sensors.py took 0.047 seconds
Started process (PID=20600) to work on /home/airflow/.local/lib/python3.12/site-packages/airflow/example_dags/example_sensors.py
Processing file /home/airflow/.local/lib/python3.12/site-packages/airflow/example_dags/example_sensors.py for tasks to queue
Filling up the DagBag from /home/airflow/.local/lib/python3.12/site-packages/airflow/example_dags/example_sensors.py
DAG(s) 'example_sensors' retrieved from /home/airflow/.local/lib/python3.12/site-packages/airflow/example_dags/example_sensors.py
Sync 1 DAGs
Setting next_dagrun for example_sensors to None, run_after=None
Processing /home/airflow/.local/lib/python3.12/site-packages/airflow/example_dags/example_sensors.py took 0.051 seconds
Started process (PID=20677) to work on /home/airflow/.local/lib/python3.12/site-packages/airflow/example_dags/example_sensors.py
Processing file /home/airflow/.local/lib/python3.12/site-packages/airflow/example_dags/example_sensors.py for tasks to queue
Filling up the DagBag from /home/airflow/.local/lib/python3.12/site-packages/airflow/example_dags/example_sensors.py
DAG(s) 'example_sensors' retrieved from /home/airflow/.local/lib/python3.12/site-packages/airflow/example_dags/example_sensors.py
Sync 1 DAGs
Setting next_dagrun for example_sensors to None, run_after=None
Processing /home/airflow/.local/lib/python3.12/site-packages/airflow/example_dags/example_sensors.py took 0.050 seconds
Started process (PID=20761) to work on /home/airflow/.local/lib/python3.12/site-packages/airflow/example_dags/example_sensors.py
Processing file /home/airflow/.local/lib/python3.12/site-packages/airflow/example_dags/example_sensors.py for tasks to queue
Filling up the DagBag from /home/airflow/.local/lib/python3.12/site-packages/airflow/example_dags/example_sensors.py
DAG(s) 'example_sensors' retrieved from /home/airflow/.local/lib/python3.12/site-packages/airflow/example_dags/example_sensors.py
Sync 1 DAGs
Setting next_dagrun for example_sensors to None, run_after=None
Processing /home/airflow/.local/lib/python3.12/site-packages/airflow/example_dags/example_sensors.py took 0.046 seconds
Started process (PID=20845) to work on /home/airflow/.local/lib/python3.12/site-packages/airflow/example_dags/example_sensors.py
Processing file /home/airflow/.local/lib/python3.12/site-packages/airflow/example_dags/example_sensors.py for tasks to queue
Filling up the DagBag from /home/airflow/.local/lib/python3.12/site-packages/airflow/example_dags/example_sensors.py
DAG(s) 'example_sensors' retrieved from /home/airflow/.local/lib/python3.12/site-packages/airflow/example_dags/example_sensors.py
Sync 1 DAGs
Setting next_dagrun for example_sensors to None, run_after=None
Processing /home/airflow/.local/lib/python3.12/site-packages/airflow/example_dags/example_sensors.py took 0.047 seconds
Started process (PID=20922) to work on /home/airflow/.local/lib/python3.12/site-packages/airflow/example_dags/example_sensors.py
Processing file /home/airflow/.local/lib/python3.12/site-packages/airflow/example_dags/example_sensors.py for tasks to queue
Filling up the DagBag from /home/airflow/.local/lib/python3.12/site-packages/airflow/example_dags/example_sensors.py
DAG(s) 'example_sensors' retrieved from /home/airflow/.local/lib/python3.12/site-packages/airflow/example_dags/example_sensors.py
Sync 1 DAGs
Setting next_dagrun for example_sensors to None, run_after=None
Processing /home/airflow/.local/lib/python3.12/site-packages/airflow/example_dags/example_sensors.py took 0.047 seconds
Started process (PID=21006) to work on /home/airflow/.local/lib/python3.12/site-packages/airflow/example_dags/example_sensors.py
Processing file /home/airflow/.local/lib/python3.12/site-packages/airflow/example_dags/example_sensors.py for tasks to queue
Filling up the DagBag from /home/airflow/.local/lib/python3.12/site-packages/airflow/example_dags/example_sensors.py
DAG(s) 'example_sensors' retrieved from /home/airflow/.local/lib/python3.12/site-packages/airflow/example_dags/example_sensors.py
Sync 1 DAGs
Setting next_dagrun for example_sensors to None, run_after=None
Processing /home/airflow/.local/lib/python3.12/site-packages/airflow/example_dags/example_sensors.py took 0.046 seconds
Started process (PID=21083) to work on /home/airflow/.local/lib/python3.12/site-packages/airflow/example_dags/example_sensors.py
Processing file /home/airflow/.local/lib/python3.12/site-packages/airflow/example_dags/example_sensors.py for tasks to queue
Filling up the DagBag from /home/airflow/.local/lib/python3.12/site-packages/airflow/example_dags/example_sensors.py
DAG(s) 'example_sensors' retrieved from /home/airflow/.local/lib/python3.12/site-packages/airflow/example_dags/example_sensors.py
Sync 1 DAGs
Setting next_dagrun for example_sensors to None, run_after=None
Processing /home/airflow/.local/lib/python3.12/site-packages/airflow/example_dags/example_sensors.py took 0.047 seconds
Started process (PID=21167) to work on /home/airflow/.local/lib/python3.12/site-packages/airflow/example_dags/example_sensors.py
Processing file /home/airflow/.local/lib/python3.12/site-packages/airflow/example_dags/example_sensors.py for tasks to queue
Filling up the DagBag from /home/airflow/.local/lib/python3.12/site-packages/airflow/example_dags/example_sensors.py
DAG(s) 'example_sensors' retrieved from /home/airflow/.local/lib/python3.12/site-packages/airflow/example_dags/example_sensors.py
Sync 1 DAGs
Setting next_dagrun for example_sensors to None, run_after=None
Processing /home/airflow/.local/lib/python3.12/site-packages/airflow/example_dags/example_sensors.py took 0.056 seconds
Started process (PID=21244) to work on /home/airflow/.local/lib/python3.12/site-packages/airflow/example_dags/example_sensors.py
Processing file /home/airflow/.local/lib/python3.12/site-packages/airflow/example_dags/example_sensors.py for tasks to queue
Filling up the DagBag from /home/airflow/.local/lib/python3.12/site-packages/airflow/example_dags/example_sensors.py
DAG(s) 'example_sensors' retrieved from /home/airflow/.local/lib/python3.12/site-packages/airflow/example_dags/example_sensors.py
Sync 1 DAGs
Setting next_dagrun for example_sensors to None, run_after=None
Processing /home/airflow/.local/lib/python3.12/site-packages/airflow/example_dags/example_sensors.py took 0.051 seconds
Started process (PID=21328) to work on /home/airflow/.local/lib/python3.12/site-packages/airflow/example_dags/example_sensors.py
Processing file /home/airflow/.local/lib/python3.12/site-packages/airflow/example_dags/example_sensors.py for tasks to queue
Filling up the DagBag from /home/airflow/.local/lib/python3.12/site-packages/airflow/example_dags/example_sensors.py
DAG(s) 'example_sensors' retrieved from /home/airflow/.local/lib/python3.12/site-packages/airflow/example_dags/example_sensors.py
Sync 1 DAGs
Setting next_dagrun for example_sensors to None, run_after=None
Processing /home/airflow/.local/lib/python3.12/site-packages/airflow/example_dags/example_sensors.py took 0.047 seconds
Started process (PID=21405) to work on /home/airflow/.local/lib/python3.12/site-packages/airflow/example_dags/example_sensors.py
Processing file /home/airflow/.local/lib/python3.12/site-packages/airflow/example_dags/example_sensors.py for tasks to queue
Filling up the DagBag from /home/airflow/.local/lib/python3.12/site-packages/airflow/example_dags/example_sensors.py
DAG(s) 'example_sensors' retrieved from /home/airflow/.local/lib/python3.12/site-packages/airflow/example_dags/example_sensors.py
Sync 1 DAGs
Setting next_dagrun for example_sensors to None, run_after=None
Processing /home/airflow/.local/lib/python3.12/site-packages/airflow/example_dags/example_sensors.py took 0.048 seconds
Started process (PID=21489) to work on /home/airflow/.local/lib/python3.12/site-packages/airflow/example_dags/example_sensors.py
Processing file /home/airflow/.local/lib/python3.12/site-packages/airflow/example_dags/example_sensors.py for tasks to queue
Filling up the DagBag from /home/airflow/.local/lib/python3.12/site-packages/airflow/example_dags/example_sensors.py
DAG(s) 'example_sensors' retrieved from /home/airflow/.local/lib/python3.12/site-packages/airflow/example_dags/example_sensors.py
Sync 1 DAGs
Setting next_dagrun for example_sensors to None, run_after=None
Processing /home/airflow/.local/lib/python3.12/site-packages/airflow/example_dags/example_sensors.py took 0.047 seconds
Started process (PID=21566) to work on /home/airflow/.local/lib/python3.12/site-packages/airflow/example_dags/example_sensors.py
Processing file /home/airflow/.local/lib/python3.12/site-packages/airflow/example_dags/example_sensors.py for tasks to queue
Filling up the DagBag from /home/airflow/.local/lib/python3.12/site-packages/airflow/example_dags/example_sensors.py
DAG(s) 'example_sensors' retrieved from /home/airflow/.local/lib/python3.12/site-packages/airflow/example_dags/example_sensors.py
Sync 1 DAGs
Setting next_dagrun for example_sensors to None, run_after=None
Processing /home/airflow/.local/lib/python3.12/site-packages/airflow/example_dags/example_sensors.py took 0.046 seconds
Started process (PID=21651) to work on /home/airflow/.local/lib/python3.12/site-packages/airflow/example_dags/example_sensors.py
Processing file /home/airflow/.local/lib/python3.12/site-packages/airflow/example_dags/example_sensors.py for tasks to queue
Filling up the DagBag from /home/airflow/.local/lib/python3.12/site-packages/airflow/example_dags/example_sensors.py
DAG(s) 'example_sensors' retrieved from /home/airflow/.local/lib/python3.12/site-packages/airflow/example_dags/example_sensors.py
Sync 1 DAGs
Setting next_dagrun for example_sensors to None, run_after=None
Processing /home/airflow/.local/lib/python3.12/site-packages/airflow/example_dags/example_sensors.py took 0.049 seconds
Started process (PID=21728) to work on /home/airflow/.local/lib/python3.12/site-packages/airflow/example_dags/example_sensors.py
Processing file /home/airflow/.local/lib/python3.12/site-packages/airflow/example_dags/example_sensors.py for tasks to queue
Filling up the DagBag from /home/airflow/.local/lib/python3.12/site-packages/airflow/example_dags/example_sensors.py
DAG(s) 'example_sensors' retrieved from /home/airflow/.local/lib/python3.12/site-packages/airflow/example_dags/example_sensors.py
Sync 1 DAGs
Setting next_dagrun for example_sensors to None, run_after=None
Processing /home/airflow/.local/lib/python3.12/site-packages/airflow/example_dags/example_sensors.py took 0.047 seconds
Started process (PID=21812) to work on /home/airflow/.local/lib/python3.12/site-packages/airflow/example_dags/example_sensors.py
Processing file /home/airflow/.local/lib/python3.12/site-packages/airflow/example_dags/example_sensors.py for tasks to queue
Filling up the DagBag from /home/airflow/.local/lib/python3.12/site-packages/airflow/example_dags/example_sensors.py
DAG(s) 'example_sensors' retrieved from /home/airflow/.local/lib/python3.12/site-packages/airflow/example_dags/example_sensors.py
Sync 1 DAGs
Setting next_dagrun for example_sensors to None, run_after=None
Processing /home/airflow/.local/lib/python3.12/site-packages/airflow/example_dags/example_sensors.py took 0.046 seconds
Started process (PID=21889) to work on /home/airflow/.local/lib/python3.12/site-packages/airflow/example_dags/example_sensors.py
Processing file /home/airflow/.local/lib/python3.12/site-packages/airflow/example_dags/example_sensors.py for tasks to queue
Filling up the DagBag from /home/airflow/.local/lib/python3.12/site-packages/airflow/example_dags/example_sensors.py
DAG(s) 'example_sensors' retrieved from /home/airflow/.local/lib/python3.12/site-packages/airflow/example_dags/example_sensors.py
Sync 1 DAGs
Setting next_dagrun for example_sensors to None, run_after=None
Processing /home/airflow/.local/lib/python3.12/site-packages/airflow/example_dags/example_sensors.py took 0.045 seconds
Started process (PID=21973) to work on /home/airflow/.local/lib/python3.12/site-packages/airflow/example_dags/example_sensors.py
Processing file /home/airflow/.local/lib/python3.12/site-packages/airflow/example_dags/example_sensors.py for tasks to queue
Filling up the DagBag from /home/airflow/.local/lib/python3.12/site-packages/airflow/example_dags/example_sensors.py
DAG(s) 'example_sensors' retrieved from /home/airflow/.local/lib/python3.12/site-packages/airflow/example_dags/example_sensors.py
Sync 1 DAGs
Setting next_dagrun for example_sensors to None, run_after=None
Processing /home/airflow/.local/lib/python3.12/site-packages/airflow/example_dags/example_sensors.py took 0.045 seconds
Started process (PID=22050) to work on /home/airflow/.local/lib/python3.12/site-packages/airflow/example_dags/example_sensors.py
Processing file /home/airflow/.local/lib/python3.12/site-packages/airflow/example_dags/example_sensors.py for tasks to queue
Filling up the DagBag from /home/airflow/.local/lib/python3.12/site-packages/airflow/example_dags/example_sensors.py
DAG(s) 'example_sensors' retrieved from /home/airflow/.local/lib/python3.12/site-packages/airflow/example_dags/example_sensors.py
Sync 1 DAGs
Setting next_dagrun for example_sensors to None, run_after=None
Processing /home/airflow/.local/lib/python3.12/site-packages/airflow/example_dags/example_sensors.py took 0.047 seconds
Started process (PID=22134) to work on /home/airflow/.local/lib/python3.12/site-packages/airflow/example_dags/example_sensors.py
Processing file /home/airflow/.local/lib/python3.12/site-packages/airflow/example_dags/example_sensors.py for tasks to queue
Filling up the DagBag from /home/airflow/.local/lib/python3.12/site-packages/airflow/example_dags/example_sensors.py
DAG(s) 'example_sensors' retrieved from /home/airflow/.local/lib/python3.12/site-packages/airflow/example_dags/example_sensors.py
Sync 1 DAGs
Setting next_dagrun for example_sensors to None, run_after=None
Processing /home/airflow/.local/lib/python3.12/site-packages/airflow/example_dags/example_sensors.py took 0.441 seconds
Started process (PID=22211) to work on /home/airflow/.local/lib/python3.12/site-packages/airflow/example_dags/example_sensors.py
Processing file /home/airflow/.local/lib/python3.12/site-packages/airflow/example_dags/example_sensors.py for tasks to queue
Filling up the DagBag from /home/airflow/.local/lib/python3.12/site-packages/airflow/example_dags/example_sensors.py
DAG(s) 'example_sensors' retrieved from /home/airflow/.local/lib/python3.12/site-packages/airflow/example_dags/example_sensors.py
Sync 1 DAGs
Setting next_dagrun for example_sensors to None, run_after=None
Processing /home/airflow/.local/lib/python3.12/site-packages/airflow/example_dags/example_sensors.py took 0.048 seconds
Started process (PID=22295) to work on /home/airflow/.local/lib/python3.12/site-packages/airflow/example_dags/example_sensors.py
Processing file /home/airflow/.local/lib/python3.12/site-packages/airflow/example_dags/example_sensors.py for tasks to queue
Filling up the DagBag from /home/airflow/.local/lib/python3.12/site-packages/airflow/example_dags/example_sensors.py
DAG(s) 'example_sensors' retrieved from /home/airflow/.local/lib/python3.12/site-packages/airflow/example_dags/example_sensors.py
Sync 1 DAGs
Setting next_dagrun for example_sensors to None, run_after=None
Processing /home/airflow/.local/lib/python3.12/site-packages/airflow/example_dags/example_sensors.py took 0.047 seconds
Started process (PID=22373) to work on /home/airflow/.local/lib/python3.12/site-packages/airflow/example_dags/example_sensors.py
Processing file /home/airflow/.local/lib/python3.12/site-packages/airflow/example_dags/example_sensors.py for tasks to queue
Filling up the DagBag from /home/airflow/.local/lib/python3.12/site-packages/airflow/example_dags/example_sensors.py
DAG(s) 'example_sensors' retrieved from /home/airflow/.local/lib/python3.12/site-packages/airflow/example_dags/example_sensors.py
Sync 1 DAGs
Setting next_dagrun for example_sensors to None, run_after=None
Processing /home/airflow/.local/lib/python3.12/site-packages/airflow/example_dags/example_sensors.py took 0.047 seconds
Started process (PID=22457) to work on /home/airflow/.local/lib/python3.12/site-packages/airflow/example_dags/example_sensors.py
Processing file /home/airflow/.local/lib/python3.12/site-packages/airflow/example_dags/example_sensors.py for tasks to queue
Filling up the DagBag from /home/airflow/.local/lib/python3.12/site-packages/airflow/example_dags/example_sensors.py
DAG(s) 'example_sensors' retrieved from /home/airflow/.local/lib/python3.12/site-packages/airflow/example_dags/example_sensors.py
Sync 1 DAGs
Setting next_dagrun for example_sensors to None, run_after=None
Processing /home/airflow/.local/lib/python3.12/site-packages/airflow/example_dags/example_sensors.py took 0.047 seconds
Started process (PID=22534) to work on /home/airflow/.local/lib/python3.12/site-packages/airflow/example_dags/example_sensors.py
Processing file /home/airflow/.local/lib/python3.12/site-packages/airflow/example_dags/example_sensors.py for tasks to queue
Filling up the DagBag from /home/airflow/.local/lib/python3.12/site-packages/airflow/example_dags/example_sensors.py
DAG(s) 'example_sensors' retrieved from /home/airflow/.local/lib/python3.12/site-packages/airflow/example_dags/example_sensors.py
Sync 1 DAGs
Setting next_dagrun for example_sensors to None, run_after=None
Processing /home/airflow/.local/lib/python3.12/site-packages/airflow/example_dags/example_sensors.py took 0.059 seconds
Started process (PID=22618) to work on /home/airflow/.local/lib/python3.12/site-packages/airflow/example_dags/example_sensors.py
Processing file /home/airflow/.local/lib/python3.12/site-packages/airflow/example_dags/example_sensors.py for tasks to queue
Filling up the DagBag from /home/airflow/.local/lib/python3.12/site-packages/airflow/example_dags/example_sensors.py
DAG(s) 'example_sensors' retrieved from /home/airflow/.local/lib/python3.12/site-packages/airflow/example_dags/example_sensors.py
Sync 1 DAGs
Setting next_dagrun for example_sensors to None, run_after=None
Processing /home/airflow/.local/lib/python3.12/site-packages/airflow/example_dags/example_sensors.py took 0.050 seconds
Started process (PID=22695) to work on /home/airflow/.local/lib/python3.12/site-packages/airflow/example_dags/example_sensors.py
Processing file /home/airflow/.local/lib/python3.12/site-packages/airflow/example_dags/example_sensors.py for tasks to queue
Filling up the DagBag from /home/airflow/.local/lib/python3.12/site-packages/airflow/example_dags/example_sensors.py
DAG(s) 'example_sensors' retrieved from /home/airflow/.local/lib/python3.12/site-packages/airflow/example_dags/example_sensors.py
Sync 1 DAGs
Setting next_dagrun for example_sensors to None, run_after=None
Processing /home/airflow/.local/lib/python3.12/site-packages/airflow/example_dags/example_sensors.py took 0.047 seconds
Started process (PID=22779) to work on /home/airflow/.local/lib/python3.12/site-packages/airflow/example_dags/example_sensors.py
Processing file /home/airflow/.local/lib/python3.12/site-packages/airflow/example_dags/example_sensors.py for tasks to queue
Filling up the DagBag from /home/airflow/.local/lib/python3.12/site-packages/airflow/example_dags/example_sensors.py
DAG(s) 'example_sensors' retrieved from /home/airflow/.local/lib/python3.12/site-packages/airflow/example_dags/example_sensors.py
Sync 1 DAGs
Setting next_dagrun for example_sensors to None, run_after=None
Processing /home/airflow/.local/lib/python3.12/site-packages/airflow/example_dags/example_sensors.py took 0.046 seconds
Started process (PID=22856) to work on /home/airflow/.local/lib/python3.12/site-packages/airflow/example_dags/example_sensors.py
Processing file /home/airflow/.local/lib/python3.12/site-packages/airflow/example_dags/example_sensors.py for tasks to queue
Filling up the DagBag from /home/airflow/.local/lib/python3.12/site-packages/airflow/example_dags/example_sensors.py
DAG(s) 'example_sensors' retrieved from /home/airflow/.local/lib/python3.12/site-packages/airflow/example_dags/example_sensors.py
Sync 1 DAGs
Setting next_dagrun for example_sensors to None, run_after=None
Processing /home/airflow/.local/lib/python3.12/site-packages/airflow/example_dags/example_sensors.py took 0.046 seconds
Started process (PID=22940) to work on /home/airflow/.local/lib/python3.12/site-packages/airflow/example_dags/example_sensors.py
Processing file /home/airflow/.local/lib/python3.12/site-packages/airflow/example_dags/example_sensors.py for tasks to queue
Filling up the DagBag from /home/airflow/.local/lib/python3.12/site-packages/airflow/example_dags/example_sensors.py
DAG(s) 'example_sensors' retrieved from /home/airflow/.local/lib/python3.12/site-packages/airflow/example_dags/example_sensors.py
Sync 1 DAGs
Setting next_dagrun for example_sensors to None, run_after=None
Processing /home/airflow/.local/lib/python3.12/site-packages/airflow/example_dags/example_sensors.py took 0.146 seconds
Started process (PID=23017) to work on /home/airflow/.local/lib/python3.12/site-packages/airflow/example_dags/example_sensors.py
Processing file /home/airflow/.local/lib/python3.12/site-packages/airflow/example_dags/example_sensors.py for tasks to queue
Filling up the DagBag from /home/airflow/.local/lib/python3.12/site-packages/airflow/example_dags/example_sensors.py
DAG(s) 'example_sensors' retrieved from /home/airflow/.local/lib/python3.12/site-packages/airflow/example_dags/example_sensors.py
Sync 1 DAGs
Setting next_dagrun for example_sensors to None, run_after=None
Processing /home/airflow/.local/lib/python3.12/site-packages/airflow/example_dags/example_sensors.py took 0.171 seconds
Started process (PID=23101) to work on /home/airflow/.local/lib/python3.12/site-packages/airflow/example_dags/example_sensors.py
Processing file /home/airflow/.local/lib/python3.12/site-packages/airflow/example_dags/example_sensors.py for tasks to queue
Filling up the DagBag from /home/airflow/.local/lib/python3.12/site-packages/airflow/example_dags/example_sensors.py
DAG(s) 'example_sensors' retrieved from /home/airflow/.local/lib/python3.12/site-packages/airflow/example_dags/example_sensors.py
Sync 1 DAGs
Setting next_dagrun for example_sensors to None, run_after=None
Processing /home/airflow/.local/lib/python3.12/site-packages/airflow/example_dags/example_sensors.py took 0.047 seconds
Started process (PID=23185) to work on /home/airflow/.local/lib/python3.12/site-packages/airflow/example_dags/example_sensors.py
Processing file /home/airflow/.local/lib/python3.12/site-packages/airflow/example_dags/example_sensors.py for tasks to queue
Filling up the DagBag from /home/airflow/.local/lib/python3.12/site-packages/airflow/example_dags/example_sensors.py
DAG(s) 'example_sensors' retrieved from /home/airflow/.local/lib/python3.12/site-packages/airflow/example_dags/example_sensors.py
Sync 1 DAGs
Setting next_dagrun for example_sensors to None, run_after=None
Processing /home/airflow/.local/lib/python3.12/site-packages/airflow/example_dags/example_sensors.py took 0.053 seconds
Started process (PID=23262) to work on /home/airflow/.local/lib/python3.12/site-packages/airflow/example_dags/example_sensors.py
Processing file /home/airflow/.local/lib/python3.12/site-packages/airflow/example_dags/example_sensors.py for tasks to queue
Filling up the DagBag from /home/airflow/.local/lib/python3.12/site-packages/airflow/example_dags/example_sensors.py
DAG(s) 'example_sensors' retrieved from /home/airflow/.local/lib/python3.12/site-packages/airflow/example_dags/example_sensors.py
Sync 1 DAGs
Setting next_dagrun for example_sensors to None, run_after=None
Processing /home/airflow/.local/lib/python3.12/site-packages/airflow/example_dags/example_sensors.py took 0.049 seconds
Started process (PID=23346) to work on /home/airflow/.local/lib/python3.12/site-packages/airflow/example_dags/example_sensors.py
Processing file /home/airflow/.local/lib/python3.12/site-packages/airflow/example_dags/example_sensors.py for tasks to queue
Filling up the DagBag from /home/airflow/.local/lib/python3.12/site-packages/airflow/example_dags/example_sensors.py
DAG(s) 'example_sensors' retrieved from /home/airflow/.local/lib/python3.12/site-packages/airflow/example_dags/example_sensors.py
Sync 1 DAGs
Setting next_dagrun for example_sensors to None, run_after=None
Processing /home/airflow/.local/lib/python3.12/site-packages/airflow/example_dags/example_sensors.py took 6.456 seconds
Started process (PID=23434) to work on /home/airflow/.local/lib/python3.12/site-packages/airflow/example_dags/example_sensors.py
Processing file /home/airflow/.local/lib/python3.12/site-packages/airflow/example_dags/example_sensors.py for tasks to queue
Filling up the DagBag from /home/airflow/.local/lib/python3.12/site-packages/airflow/example_dags/example_sensors.py
DAG(s) 'example_sensors' retrieved from /home/airflow/.local/lib/python3.12/site-packages/airflow/example_dags/example_sensors.py
Sync 1 DAGs
Setting next_dagrun for example_sensors to None, run_after=None
Processing /home/airflow/.local/lib/python3.12/site-packages/airflow/example_dags/example_sensors.py took 0.053 seconds
Started process (PID=23518) to work on /home/airflow/.local/lib/python3.12/site-packages/airflow/example_dags/example_sensors.py
Processing file /home/airflow/.local/lib/python3.12/site-packages/airflow/example_dags/example_sensors.py for tasks to queue
Filling up the DagBag from /home/airflow/.local/lib/python3.12/site-packages/airflow/example_dags/example_sensors.py
DAG(s) 'example_sensors' retrieved from /home/airflow/.local/lib/python3.12/site-packages/airflow/example_dags/example_sensors.py
Sync 1 DAGs
Setting next_dagrun for example_sensors to None, run_after=None
Processing /home/airflow/.local/lib/python3.12/site-packages/airflow/example_dags/example_sensors.py took 0.057 seconds
Started process (PID=23602) to work on /home/airflow/.local/lib/python3.12/site-packages/airflow/example_dags/example_sensors.py
Processing file /home/airflow/.local/lib/python3.12/site-packages/airflow/example_dags/example_sensors.py for tasks to queue
Filling up the DagBag from /home/airflow/.local/lib/python3.12/site-packages/airflow/example_dags/example_sensors.py
DAG(s) 'example_sensors' retrieved from /home/airflow/.local/lib/python3.12/site-packages/airflow/example_dags/example_sensors.py
Sync 1 DAGs
Setting next_dagrun for example_sensors to None, run_after=None
Processing /home/airflow/.local/lib/python3.12/site-packages/airflow/example_dags/example_sensors.py took 0.049 seconds
Started process (PID=23679) to work on /home/airflow/.local/lib/python3.12/site-packages/airflow/example_dags/example_sensors.py
Processing file /home/airflow/.local/lib/python3.12/site-packages/airflow/example_dags/example_sensors.py for tasks to queue
Filling up the DagBag from /home/airflow/.local/lib/python3.12/site-packages/airflow/example_dags/example_sensors.py
DAG(s) 'example_sensors' retrieved from /home/airflow/.local/lib/python3.12/site-packages/airflow/example_dags/example_sensors.py
Sync 1 DAGs
Setting next_dagrun for example_sensors to None, run_after=None
Processing /home/airflow/.local/lib/python3.12/site-packages/airflow/example_dags/example_sensors.py took 0.049 seconds
Started process (PID=23763) to work on /home/airflow/.local/lib/python3.12/site-packages/airflow/example_dags/example_sensors.py
Processing file /home/airflow/.local/lib/python3.12/site-packages/airflow/example_dags/example_sensors.py for tasks to queue
Filling up the DagBag from /home/airflow/.local/lib/python3.12/site-packages/airflow/example_dags/example_sensors.py
DAG(s) 'example_sensors' retrieved from /home/airflow/.local/lib/python3.12/site-packages/airflow/example_dags/example_sensors.py
Sync 1 DAGs
Setting next_dagrun for example_sensors to None, run_after=None
Processing /home/airflow/.local/lib/python3.12/site-packages/airflow/example_dags/example_sensors.py took 0.049 seconds
Started process (PID=23845) to work on /home/airflow/.local/lib/python3.12/site-packages/airflow/example_dags/example_sensors.py
Processing file /home/airflow/.local/lib/python3.12/site-packages/airflow/example_dags/example_sensors.py for tasks to queue
Filling up the DagBag from /home/airflow/.local/lib/python3.12/site-packages/airflow/example_dags/example_sensors.py
DAG(s) 'example_sensors' retrieved from /home/airflow/.local/lib/python3.12/site-packages/airflow/example_dags/example_sensors.py
Sync 1 DAGs
Setting next_dagrun for example_sensors to None, run_after=None
Processing /home/airflow/.local/lib/python3.12/site-packages/airflow/example_dags/example_sensors.py took 0.048 seconds
Started process (PID=23929) to work on /home/airflow/.local/lib/python3.12/site-packages/airflow/example_dags/example_sensors.py
Processing file /home/airflow/.local/lib/python3.12/site-packages/airflow/example_dags/example_sensors.py for tasks to queue
Filling up the DagBag from /home/airflow/.local/lib/python3.12/site-packages/airflow/example_dags/example_sensors.py
DAG(s) 'example_sensors' retrieved from /home/airflow/.local/lib/python3.12/site-packages/airflow/example_dags/example_sensors.py
Sync 1 DAGs
Setting next_dagrun for example_sensors to None, run_after=None
Processing /home/airflow/.local/lib/python3.12/site-packages/airflow/example_dags/example_sensors.py took 0.046 seconds
Started process (PID=24006) to work on /home/airflow/.local/lib/python3.12/site-packages/airflow/example_dags/example_sensors.py
Processing file /home/airflow/.local/lib/python3.12/site-packages/airflow/example_dags/example_sensors.py for tasks to queue
Filling up the DagBag from /home/airflow/.local/lib/python3.12/site-packages/airflow/example_dags/example_sensors.py
DAG(s) 'example_sensors' retrieved from /home/airflow/.local/lib/python3.12/site-packages/airflow/example_dags/example_sensors.py
Sync 1 DAGs
Setting next_dagrun for example_sensors to None, run_after=None
Processing /home/airflow/.local/lib/python3.12/site-packages/airflow/example_dags/example_sensors.py took 0.051 seconds
Started process (PID=24091) to work on /home/airflow/.local/lib/python3.12/site-packages/airflow/example_dags/example_sensors.py
Processing file /home/airflow/.local/lib/python3.12/site-packages/airflow/example_dags/example_sensors.py for tasks to queue
Filling up the DagBag from /home/airflow/.local/lib/python3.12/site-packages/airflow/example_dags/example_sensors.py
DAG(s) 'example_sensors' retrieved from /home/airflow/.local/lib/python3.12/site-packages/airflow/example_dags/example_sensors.py
Sync 1 DAGs
Setting next_dagrun for example_sensors to None, run_after=None
Processing /home/airflow/.local/lib/python3.12/site-packages/airflow/example_dags/example_sensors.py took 0.047 seconds
Started process (PID=24169) to work on /home/airflow/.local/lib/python3.12/site-packages/airflow/example_dags/example_sensors.py
Processing file /home/airflow/.local/lib/python3.12/site-packages/airflow/example_dags/example_sensors.py for tasks to queue
Filling up the DagBag from /home/airflow/.local/lib/python3.12/site-packages/airflow/example_dags/example_sensors.py
DAG(s) 'example_sensors' retrieved from /home/airflow/.local/lib/python3.12/site-packages/airflow/example_dags/example_sensors.py
Sync 1 DAGs
Setting next_dagrun for example_sensors to None, run_after=None
Processing /home/airflow/.local/lib/python3.12/site-packages/airflow/example_dags/example_sensors.py took 0.048 seconds
Started process (PID=24253) to work on /home/airflow/.local/lib/python3.12/site-packages/airflow/example_dags/example_sensors.py
Processing file /home/airflow/.local/lib/python3.12/site-packages/airflow/example_dags/example_sensors.py for tasks to queue
Filling up the DagBag from /home/airflow/.local/lib/python3.12/site-packages/airflow/example_dags/example_sensors.py
DAG(s) 'example_sensors' retrieved from /home/airflow/.local/lib/python3.12/site-packages/airflow/example_dags/example_sensors.py
Sync 1 DAGs
Setting next_dagrun for example_sensors to None, run_after=None
Processing /home/airflow/.local/lib/python3.12/site-packages/airflow/example_dags/example_sensors.py took 0.053 seconds
Started process (PID=24331) to work on /home/airflow/.local/lib/python3.12/site-packages/airflow/example_dags/example_sensors.py
Processing file /home/airflow/.local/lib/python3.12/site-packages/airflow/example_dags/example_sensors.py for tasks to queue
Filling up the DagBag from /home/airflow/.local/lib/python3.12/site-packages/airflow/example_dags/example_sensors.py
DAG(s) 'example_sensors' retrieved from /home/airflow/.local/lib/python3.12/site-packages/airflow/example_dags/example_sensors.py
Sync 1 DAGs
Setting next_dagrun for example_sensors to None, run_after=None
Processing /home/airflow/.local/lib/python3.12/site-packages/airflow/example_dags/example_sensors.py took 0.049 seconds
Started process (PID=24415) to work on /home/airflow/.local/lib/python3.12/site-packages/airflow/example_dags/example_sensors.py
Processing file /home/airflow/.local/lib/python3.12/site-packages/airflow/example_dags/example_sensors.py for tasks to queue
Filling up the DagBag from /home/airflow/.local/lib/python3.12/site-packages/airflow/example_dags/example_sensors.py
DAG(s) 'example_sensors' retrieved from /home/airflow/.local/lib/python3.12/site-packages/airflow/example_dags/example_sensors.py
Sync 1 DAGs
Setting next_dagrun for example_sensors to None, run_after=None
Processing /home/airflow/.local/lib/python3.12/site-packages/airflow/example_dags/example_sensors.py took 0.047 seconds
Started process (PID=24499) to work on /home/airflow/.local/lib/python3.12/site-packages/airflow/example_dags/example_sensors.py
Processing file /home/airflow/.local/lib/python3.12/site-packages/airflow/example_dags/example_sensors.py for tasks to queue
Filling up the DagBag from /home/airflow/.local/lib/python3.12/site-packages/airflow/example_dags/example_sensors.py
DAG(s) 'example_sensors' retrieved from /home/airflow/.local/lib/python3.12/site-packages/airflow/example_dags/example_sensors.py
Sync 1 DAGs
Setting next_dagrun for example_sensors to None, run_after=None
Processing /home/airflow/.local/lib/python3.12/site-packages/airflow/example_dags/example_sensors.py took 0.051 seconds
Started process (PID=24576) to work on /home/airflow/.local/lib/python3.12/site-packages/airflow/example_dags/example_sensors.py
Processing file /home/airflow/.local/lib/python3.12/site-packages/airflow/example_dags/example_sensors.py for tasks to queue
Filling up the DagBag from /home/airflow/.local/lib/python3.12/site-packages/airflow/example_dags/example_sensors.py
DAG(s) 'example_sensors' retrieved from /home/airflow/.local/lib/python3.12/site-packages/airflow/example_dags/example_sensors.py
Sync 1 DAGs
Setting next_dagrun for example_sensors to None, run_after=None
Processing /home/airflow/.local/lib/python3.12/site-packages/airflow/example_dags/example_sensors.py took 0.048 seconds
Started process (PID=24660) to work on /home/airflow/.local/lib/python3.12/site-packages/airflow/example_dags/example_sensors.py
Processing file /home/airflow/.local/lib/python3.12/site-packages/airflow/example_dags/example_sensors.py for tasks to queue
Filling up the DagBag from /home/airflow/.local/lib/python3.12/site-packages/airflow/example_dags/example_sensors.py
DAG(s) 'example_sensors' retrieved from /home/airflow/.local/lib/python3.12/site-packages/airflow/example_dags/example_sensors.py
Sync 1 DAGs
Setting next_dagrun for example_sensors to None, run_after=None
Processing /home/airflow/.local/lib/python3.12/site-packages/airflow/example_dags/example_sensors.py took 0.048 seconds
Started process (PID=24737) to work on /home/airflow/.local/lib/python3.12/site-packages/airflow/example_dags/example_sensors.py
Processing file /home/airflow/.local/lib/python3.12/site-packages/airflow/example_dags/example_sensors.py for tasks to queue
Filling up the DagBag from /home/airflow/.local/lib/python3.12/site-packages/airflow/example_dags/example_sensors.py
DAG(s) 'example_sensors' retrieved from /home/airflow/.local/lib/python3.12/site-packages/airflow/example_dags/example_sensors.py
Sync 1 DAGs
Setting next_dagrun for example_sensors to None, run_after=None
Processing /home/airflow/.local/lib/python3.12/site-packages/airflow/example_dags/example_sensors.py took 0.047 seconds
Started process (PID=24821) to work on /home/airflow/.local/lib/python3.12/site-packages/airflow/example_dags/example_sensors.py
Processing file /home/airflow/.local/lib/python3.12/site-packages/airflow/example_dags/example_sensors.py for tasks to queue
Filling up the DagBag from /home/airflow/.local/lib/python3.12/site-packages/airflow/example_dags/example_sensors.py
DAG(s) 'example_sensors' retrieved from /home/airflow/.local/lib/python3.12/site-packages/airflow/example_dags/example_sensors.py
Sync 1 DAGs
Setting next_dagrun for example_sensors to None, run_after=None
Processing /home/airflow/.local/lib/python3.12/site-packages/airflow/example_dags/example_sensors.py took 0.047 seconds
Started process (PID=24899) to work on /home/airflow/.local/lib/python3.12/site-packages/airflow/example_dags/example_sensors.py
Processing file /home/airflow/.local/lib/python3.12/site-packages/airflow/example_dags/example_sensors.py for tasks to queue
Filling up the DagBag from /home/airflow/.local/lib/python3.12/site-packages/airflow/example_dags/example_sensors.py
DAG(s) 'example_sensors' retrieved from /home/airflow/.local/lib/python3.12/site-packages/airflow/example_dags/example_sensors.py
Sync 1 DAGs
Setting next_dagrun for example_sensors to None, run_after=None
Processing /home/airflow/.local/lib/python3.12/site-packages/airflow/example_dags/example_sensors.py took 0.050 seconds
Started process (PID=24983) to work on /home/airflow/.local/lib/python3.12/site-packages/airflow/example_dags/example_sensors.py
Processing file /home/airflow/.local/lib/python3.12/site-packages/airflow/example_dags/example_sensors.py for tasks to queue
Filling up the DagBag from /home/airflow/.local/lib/python3.12/site-packages/airflow/example_dags/example_sensors.py
DAG(s) 'example_sensors' retrieved from /home/airflow/.local/lib/python3.12/site-packages/airflow/example_dags/example_sensors.py
Sync 1 DAGs
Setting next_dagrun for example_sensors to None, run_after=None
Processing /home/airflow/.local/lib/python3.12/site-packages/airflow/example_dags/example_sensors.py took 0.053 seconds
Started process (PID=25068) to work on /home/airflow/.local/lib/python3.12/site-packages/airflow/example_dags/example_sensors.py
Processing file /home/airflow/.local/lib/python3.12/site-packages/airflow/example_dags/example_sensors.py for tasks to queue
Filling up the DagBag from /home/airflow/.local/lib/python3.12/site-packages/airflow/example_dags/example_sensors.py
DAG(s) 'example_sensors' retrieved from /home/airflow/.local/lib/python3.12/site-packages/airflow/example_dags/example_sensors.py
Sync 1 DAGs
Setting next_dagrun for example_sensors to None, run_after=None
Processing /home/airflow/.local/lib/python3.12/site-packages/airflow/example_dags/example_sensors.py took 0.050 seconds
Started process (PID=25145) to work on /home/airflow/.local/lib/python3.12/site-packages/airflow/example_dags/example_sensors.py
Processing file /home/airflow/.local/lib/python3.12/site-packages/airflow/example_dags/example_sensors.py for tasks to queue
Filling up the DagBag from /home/airflow/.local/lib/python3.12/site-packages/airflow/example_dags/example_sensors.py
DAG(s) 'example_sensors' retrieved from /home/airflow/.local/lib/python3.12/site-packages/airflow/example_dags/example_sensors.py
Sync 1 DAGs
Setting next_dagrun for example_sensors to None, run_after=None
Processing /home/airflow/.local/lib/python3.12/site-packages/airflow/example_dags/example_sensors.py took 0.046 seconds
Started process (PID=25222) to work on /home/airflow/.local/lib/python3.12/site-packages/airflow/example_dags/example_sensors.py
Processing file /home/airflow/.local/lib/python3.12/site-packages/airflow/example_dags/example_sensors.py for tasks to queue
Filling up the DagBag from /home/airflow/.local/lib/python3.12/site-packages/airflow/example_dags/example_sensors.py
DAG(s) 'example_sensors' retrieved from /home/airflow/.local/lib/python3.12/site-packages/airflow/example_dags/example_sensors.py
Sync 1 DAGs
Setting next_dagrun for example_sensors to None, run_after=None
Processing /home/airflow/.local/lib/python3.12/site-packages/airflow/example_dags/example_sensors.py took 0.052 seconds
Started process (PID=25306) to work on /home/airflow/.local/lib/python3.12/site-packages/airflow/example_dags/example_sensors.py
Processing file /home/airflow/.local/lib/python3.12/site-packages/airflow/example_dags/example_sensors.py for tasks to queue
Filling up the DagBag from /home/airflow/.local/lib/python3.12/site-packages/airflow/example_dags/example_sensors.py
DAG(s) 'example_sensors' retrieved from /home/airflow/.local/lib/python3.12/site-packages/airflow/example_dags/example_sensors.py
Sync 1 DAGs
Setting next_dagrun for example_sensors to None, run_after=None
Processing /home/airflow/.local/lib/python3.12/site-packages/airflow/example_dags/example_sensors.py took 0.047 seconds
Started process (PID=25390) to work on /home/airflow/.local/lib/python3.12/site-packages/airflow/example_dags/example_sensors.py
Processing file /home/airflow/.local/lib/python3.12/site-packages/airflow/example_dags/example_sensors.py for tasks to queue
Filling up the DagBag from /home/airflow/.local/lib/python3.12/site-packages/airflow/example_dags/example_sensors.py
DAG(s) 'example_sensors' retrieved from /home/airflow/.local/lib/python3.12/site-packages/airflow/example_dags/example_sensors.py
Sync 1 DAGs
Setting next_dagrun for example_sensors to None, run_after=None
Processing /home/airflow/.local/lib/python3.12/site-packages/airflow/example_dags/example_sensors.py took 0.050 seconds
Started process (PID=25467) to work on /home/airflow/.local/lib/python3.12/site-packages/airflow/example_dags/example_sensors.py
Processing file /home/airflow/.local/lib/python3.12/site-packages/airflow/example_dags/example_sensors.py for tasks to queue
Filling up the DagBag from /home/airflow/.local/lib/python3.12/site-packages/airflow/example_dags/example_sensors.py
DAG(s) 'example_sensors' retrieved from /home/airflow/.local/lib/python3.12/site-packages/airflow/example_dags/example_sensors.py
Sync 1 DAGs
Setting next_dagrun for example_sensors to None, run_after=None
Processing /home/airflow/.local/lib/python3.12/site-packages/airflow/example_dags/example_sensors.py took 0.046 seconds
Started process (PID=25551) to work on /home/airflow/.local/lib/python3.12/site-packages/airflow/example_dags/example_sensors.py
Processing file /home/airflow/.local/lib/python3.12/site-packages/airflow/example_dags/example_sensors.py for tasks to queue
Filling up the DagBag from /home/airflow/.local/lib/python3.12/site-packages/airflow/example_dags/example_sensors.py
DAG(s) 'example_sensors' retrieved from /home/airflow/.local/lib/python3.12/site-packages/airflow/example_dags/example_sensors.py
Sync 1 DAGs
Setting next_dagrun for example_sensors to None, run_after=None
Processing /home/airflow/.local/lib/python3.12/site-packages/airflow/example_dags/example_sensors.py took 0.049 seconds
Started process (PID=25628) to work on /home/airflow/.local/lib/python3.12/site-packages/airflow/example_dags/example_sensors.py
Processing file /home/airflow/.local/lib/python3.12/site-packages/airflow/example_dags/example_sensors.py for tasks to queue
Filling up the DagBag from /home/airflow/.local/lib/python3.12/site-packages/airflow/example_dags/example_sensors.py
DAG(s) 'example_sensors' retrieved from /home/airflow/.local/lib/python3.12/site-packages/airflow/example_dags/example_sensors.py
Sync 1 DAGs
Setting next_dagrun for example_sensors to None, run_after=None
Processing /home/airflow/.local/lib/python3.12/site-packages/airflow/example_dags/example_sensors.py took 0.048 seconds
Started process (PID=25712) to work on /home/airflow/.local/lib/python3.12/site-packages/airflow/example_dags/example_sensors.py
Processing file /home/airflow/.local/lib/python3.12/site-packages/airflow/example_dags/example_sensors.py for tasks to queue
Filling up the DagBag from /home/airflow/.local/lib/python3.12/site-packages/airflow/example_dags/example_sensors.py
DAG(s) 'example_sensors' retrieved from /home/airflow/.local/lib/python3.12/site-packages/airflow/example_dags/example_sensors.py
Sync 1 DAGs
Setting next_dagrun for example_sensors to None, run_after=None
Processing /home/airflow/.local/lib/python3.12/site-packages/airflow/example_dags/example_sensors.py took 0.047 seconds
Started process (PID=25789) to work on /home/airflow/.local/lib/python3.12/site-packages/airflow/example_dags/example_sensors.py
Processing file /home/airflow/.local/lib/python3.12/site-packages/airflow/example_dags/example_sensors.py for tasks to queue
Filling up the DagBag from /home/airflow/.local/lib/python3.12/site-packages/airflow/example_dags/example_sensors.py
DAG(s) 'example_sensors' retrieved from /home/airflow/.local/lib/python3.12/site-packages/airflow/example_dags/example_sensors.py
Sync 1 DAGs
Setting next_dagrun for example_sensors to None, run_after=None
Processing /home/airflow/.local/lib/python3.12/site-packages/airflow/example_dags/example_sensors.py took 0.047 seconds
Started process (PID=25873) to work on /home/airflow/.local/lib/python3.12/site-packages/airflow/example_dags/example_sensors.py
Processing file /home/airflow/.local/lib/python3.12/site-packages/airflow/example_dags/example_sensors.py for tasks to queue
Filling up the DagBag from /home/airflow/.local/lib/python3.12/site-packages/airflow/example_dags/example_sensors.py
DAG(s) 'example_sensors' retrieved from /home/airflow/.local/lib/python3.12/site-packages/airflow/example_dags/example_sensors.py
Sync 1 DAGs
Setting next_dagrun for example_sensors to None, run_after=None
Processing /home/airflow/.local/lib/python3.12/site-packages/airflow/example_dags/example_sensors.py took 0.048 seconds
Started process (PID=25950) to work on /home/airflow/.local/lib/python3.12/site-packages/airflow/example_dags/example_sensors.py
Processing file /home/airflow/.local/lib/python3.12/site-packages/airflow/example_dags/example_sensors.py for tasks to queue
Filling up the DagBag from /home/airflow/.local/lib/python3.12/site-packages/airflow/example_dags/example_sensors.py
DAG(s) 'example_sensors' retrieved from /home/airflow/.local/lib/python3.12/site-packages/airflow/example_dags/example_sensors.py
Sync 1 DAGs
Setting next_dagrun for example_sensors to None, run_after=None
Processing /home/airflow/.local/lib/python3.12/site-packages/airflow/example_dags/example_sensors.py took 0.047 seconds
Started process (PID=26034) to work on /home/airflow/.local/lib/python3.12/site-packages/airflow/example_dags/example_sensors.py
Processing file /home/airflow/.local/lib/python3.12/site-packages/airflow/example_dags/example_sensors.py for tasks to queue
Filling up the DagBag from /home/airflow/.local/lib/python3.12/site-packages/airflow/example_dags/example_sensors.py
DAG(s) 'example_sensors' retrieved from /home/airflow/.local/lib/python3.12/site-packages/airflow/example_dags/example_sensors.py
Sync 1 DAGs
Setting next_dagrun for example_sensors to None, run_after=None
Processing /home/airflow/.local/lib/python3.12/site-packages/airflow/example_dags/example_sensors.py took 0.046 seconds
Started process (PID=26118) to work on /home/airflow/.local/lib/python3.12/site-packages/airflow/example_dags/example_sensors.py
Processing file /home/airflow/.local/lib/python3.12/site-packages/airflow/example_dags/example_sensors.py for tasks to queue
Filling up the DagBag from /home/airflow/.local/lib/python3.12/site-packages/airflow/example_dags/example_sensors.py
DAG(s) 'example_sensors' retrieved from /home/airflow/.local/lib/python3.12/site-packages/airflow/example_dags/example_sensors.py
Sync 1 DAGs
Setting next_dagrun for example_sensors to None, run_after=None
Processing /home/airflow/.local/lib/python3.12/site-packages/airflow/example_dags/example_sensors.py took 0.048 seconds
Started process (PID=26195) to work on /home/airflow/.local/lib/python3.12/site-packages/airflow/example_dags/example_sensors.py
Processing file /home/airflow/.local/lib/python3.12/site-packages/airflow/example_dags/example_sensors.py for tasks to queue
Filling up the DagBag from /home/airflow/.local/lib/python3.12/site-packages/airflow/example_dags/example_sensors.py
DAG(s) 'example_sensors' retrieved from /home/airflow/.local/lib/python3.12/site-packages/airflow/example_dags/example_sensors.py
Sync 1 DAGs
Setting next_dagrun for example_sensors to None, run_after=None
Processing /home/airflow/.local/lib/python3.12/site-packages/airflow/example_dags/example_sensors.py took 0.048 seconds
Started process (PID=26279) to work on /home/airflow/.local/lib/python3.12/site-packages/airflow/example_dags/example_sensors.py
Processing file /home/airflow/.local/lib/python3.12/site-packages/airflow/example_dags/example_sensors.py for tasks to queue
Filling up the DagBag from /home/airflow/.local/lib/python3.12/site-packages/airflow/example_dags/example_sensors.py
DAG(s) 'example_sensors' retrieved from /home/airflow/.local/lib/python3.12/site-packages/airflow/example_dags/example_sensors.py
Sync 1 DAGs
Setting next_dagrun for example_sensors to None, run_after=None
Processing /home/airflow/.local/lib/python3.12/site-packages/airflow/example_dags/example_sensors.py took 0.054 seconds
Started process (PID=26356) to work on /home/airflow/.local/lib/python3.12/site-packages/airflow/example_dags/example_sensors.py
Processing file /home/airflow/.local/lib/python3.12/site-packages/airflow/example_dags/example_sensors.py for tasks to queue
Filling up the DagBag from /home/airflow/.local/lib/python3.12/site-packages/airflow/example_dags/example_sensors.py
DAG(s) 'example_sensors' retrieved from /home/airflow/.local/lib/python3.12/site-packages/airflow/example_dags/example_sensors.py
Sync 1 DAGs
Setting next_dagrun for example_sensors to None, run_after=None
Processing /home/airflow/.local/lib/python3.12/site-packages/airflow/example_dags/example_sensors.py took 0.051 seconds
Started process (PID=26440) to work on /home/airflow/.local/lib/python3.12/site-packages/airflow/example_dags/example_sensors.py
Processing file /home/airflow/.local/lib/python3.12/site-packages/airflow/example_dags/example_sensors.py for tasks to queue
Filling up the DagBag from /home/airflow/.local/lib/python3.12/site-packages/airflow/example_dags/example_sensors.py
DAG(s) 'example_sensors' retrieved from /home/airflow/.local/lib/python3.12/site-packages/airflow/example_dags/example_sensors.py
Sync 1 DAGs
Setting next_dagrun for example_sensors to None, run_after=None
Processing /home/airflow/.local/lib/python3.12/site-packages/airflow/example_dags/example_sensors.py took 0.047 seconds
Started process (PID=26517) to work on /home/airflow/.local/lib/python3.12/site-packages/airflow/example_dags/example_sensors.py
Processing file /home/airflow/.local/lib/python3.12/site-packages/airflow/example_dags/example_sensors.py for tasks to queue
Filling up the DagBag from /home/airflow/.local/lib/python3.12/site-packages/airflow/example_dags/example_sensors.py
DAG(s) 'example_sensors' retrieved from /home/airflow/.local/lib/python3.12/site-packages/airflow/example_dags/example_sensors.py
Sync 1 DAGs
Setting next_dagrun for example_sensors to None, run_after=None
Processing /home/airflow/.local/lib/python3.12/site-packages/airflow/example_dags/example_sensors.py took 0.049 seconds
Started process (PID=26601) to work on /home/airflow/.local/lib/python3.12/site-packages/airflow/example_dags/example_sensors.py
Processing file /home/airflow/.local/lib/python3.12/site-packages/airflow/example_dags/example_sensors.py for tasks to queue
Filling up the DagBag from /home/airflow/.local/lib/python3.12/site-packages/airflow/example_dags/example_sensors.py
DAG(s) 'example_sensors' retrieved from /home/airflow/.local/lib/python3.12/site-packages/airflow/example_dags/example_sensors.py
Sync 1 DAGs
Setting next_dagrun for example_sensors to None, run_after=None
Processing /home/airflow/.local/lib/python3.12/site-packages/airflow/example_dags/example_sensors.py took 0.047 seconds
Started process (PID=26685) to work on /home/airflow/.local/lib/python3.12/site-packages/airflow/example_dags/example_sensors.py
Processing file /home/airflow/.local/lib/python3.12/site-packages/airflow/example_dags/example_sensors.py for tasks to queue
Filling up the DagBag from /home/airflow/.local/lib/python3.12/site-packages/airflow/example_dags/example_sensors.py
DAG(s) 'example_sensors' retrieved from /home/airflow/.local/lib/python3.12/site-packages/airflow/example_dags/example_sensors.py
Sync 1 DAGs
Setting next_dagrun for example_sensors to None, run_after=None
Processing /home/airflow/.local/lib/python3.12/site-packages/airflow/example_dags/example_sensors.py took 0.048 seconds
Started process (PID=26762) to work on /home/airflow/.local/lib/python3.12/site-packages/airflow/example_dags/example_sensors.py
Processing file /home/airflow/.local/lib/python3.12/site-packages/airflow/example_dags/example_sensors.py for tasks to queue
Filling up the DagBag from /home/airflow/.local/lib/python3.12/site-packages/airflow/example_dags/example_sensors.py
DAG(s) 'example_sensors' retrieved from /home/airflow/.local/lib/python3.12/site-packages/airflow/example_dags/example_sensors.py
Sync 1 DAGs
Setting next_dagrun for example_sensors to None, run_after=None
Processing /home/airflow/.local/lib/python3.12/site-packages/airflow/example_dags/example_sensors.py took 0.050 seconds
Started process (PID=26846) to work on /home/airflow/.local/lib/python3.12/site-packages/airflow/example_dags/example_sensors.py
Processing file /home/airflow/.local/lib/python3.12/site-packages/airflow/example_dags/example_sensors.py for tasks to queue
Filling up the DagBag from /home/airflow/.local/lib/python3.12/site-packages/airflow/example_dags/example_sensors.py
DAG(s) 'example_sensors' retrieved from /home/airflow/.local/lib/python3.12/site-packages/airflow/example_dags/example_sensors.py
Sync 1 DAGs
Setting next_dagrun for example_sensors to None, run_after=None
Processing /home/airflow/.local/lib/python3.12/site-packages/airflow/example_dags/example_sensors.py took 0.046 seconds
Started process (PID=26923) to work on /home/airflow/.local/lib/python3.12/site-packages/airflow/example_dags/example_sensors.py
Processing file /home/airflow/.local/lib/python3.12/site-packages/airflow/example_dags/example_sensors.py for tasks to queue
Filling up the DagBag from /home/airflow/.local/lib/python3.12/site-packages/airflow/example_dags/example_sensors.py
DAG(s) 'example_sensors' retrieved from /home/airflow/.local/lib/python3.12/site-packages/airflow/example_dags/example_sensors.py
Sync 1 DAGs
Setting next_dagrun for example_sensors to None, run_after=None
Processing /home/airflow/.local/lib/python3.12/site-packages/airflow/example_dags/example_sensors.py took 0.107 seconds
Started process (PID=27000) to work on /home/airflow/.local/lib/python3.12/site-packages/airflow/example_dags/example_sensors.py
Processing file /home/airflow/.local/lib/python3.12/site-packages/airflow/example_dags/example_sensors.py for tasks to queue
Filling up the DagBag from /home/airflow/.local/lib/python3.12/site-packages/airflow/example_dags/example_sensors.py
DAG(s) 'example_sensors' retrieved from /home/airflow/.local/lib/python3.12/site-packages/airflow/example_dags/example_sensors.py
Sync 1 DAGs
Setting next_dagrun for example_sensors to None, run_after=None
Processing /home/airflow/.local/lib/python3.12/site-packages/airflow/example_dags/example_sensors.py took 0.047 seconds
Started process (PID=27084) to work on /home/airflow/.local/lib/python3.12/site-packages/airflow/example_dags/example_sensors.py
Processing file /home/airflow/.local/lib/python3.12/site-packages/airflow/example_dags/example_sensors.py for tasks to queue
Filling up the DagBag from /home/airflow/.local/lib/python3.12/site-packages/airflow/example_dags/example_sensors.py
DAG(s) 'example_sensors' retrieved from /home/airflow/.local/lib/python3.12/site-packages/airflow/example_dags/example_sensors.py
Sync 1 DAGs
Setting next_dagrun for example_sensors to None, run_after=None
Processing /home/airflow/.local/lib/python3.12/site-packages/airflow/example_dags/example_sensors.py took 0.053 seconds
Started process (PID=27161) to work on /home/airflow/.local/lib/python3.12/site-packages/airflow/example_dags/example_sensors.py
Processing file /home/airflow/.local/lib/python3.12/site-packages/airflow/example_dags/example_sensors.py for tasks to queue
Filling up the DagBag from /home/airflow/.local/lib/python3.12/site-packages/airflow/example_dags/example_sensors.py
DAG(s) 'example_sensors' retrieved from /home/airflow/.local/lib/python3.12/site-packages/airflow/example_dags/example_sensors.py
Sync 1 DAGs
Setting next_dagrun for example_sensors to None, run_after=None
Processing /home/airflow/.local/lib/python3.12/site-packages/airflow/example_dags/example_sensors.py took 0.049 seconds
Started process (PID=27245) to work on /home/airflow/.local/lib/python3.12/site-packages/airflow/example_dags/example_sensors.py
Processing file /home/airflow/.local/lib/python3.12/site-packages/airflow/example_dags/example_sensors.py for tasks to queue
Filling up the DagBag from /home/airflow/.local/lib/python3.12/site-packages/airflow/example_dags/example_sensors.py
DAG(s) 'example_sensors' retrieved from /home/airflow/.local/lib/python3.12/site-packages/airflow/example_dags/example_sensors.py
Sync 1 DAGs
Setting next_dagrun for example_sensors to None, run_after=None
Processing /home/airflow/.local/lib/python3.12/site-packages/airflow/example_dags/example_sensors.py took 0.054 seconds
Started process (PID=27330) to work on /home/airflow/.local/lib/python3.12/site-packages/airflow/example_dags/example_sensors.py
Processing file /home/airflow/.local/lib/python3.12/site-packages/airflow/example_dags/example_sensors.py for tasks to queue
Filling up the DagBag from /home/airflow/.local/lib/python3.12/site-packages/airflow/example_dags/example_sensors.py
DAG(s) 'example_sensors' retrieved from /home/airflow/.local/lib/python3.12/site-packages/airflow/example_dags/example_sensors.py
Sync 1 DAGs
Setting next_dagrun for example_sensors to None, run_after=None
Processing /home/airflow/.local/lib/python3.12/site-packages/airflow/example_dags/example_sensors.py took 0.055 seconds
Started process (PID=27407) to work on /home/airflow/.local/lib/python3.12/site-packages/airflow/example_dags/example_sensors.py
Processing file /home/airflow/.local/lib/python3.12/site-packages/airflow/example_dags/example_sensors.py for tasks to queue
Filling up the DagBag from /home/airflow/.local/lib/python3.12/site-packages/airflow/example_dags/example_sensors.py
DAG(s) 'example_sensors' retrieved from /home/airflow/.local/lib/python3.12/site-packages/airflow/example_dags/example_sensors.py
Sync 1 DAGs
Setting next_dagrun for example_sensors to None, run_after=None
Processing /home/airflow/.local/lib/python3.12/site-packages/airflow/example_dags/example_sensors.py took 0.048 seconds
Started process (PID=27484) to work on /home/airflow/.local/lib/python3.12/site-packages/airflow/example_dags/example_sensors.py
Processing file /home/airflow/.local/lib/python3.12/site-packages/airflow/example_dags/example_sensors.py for tasks to queue
Filling up the DagBag from /home/airflow/.local/lib/python3.12/site-packages/airflow/example_dags/example_sensors.py
DAG(s) 'example_sensors' retrieved from /home/airflow/.local/lib/python3.12/site-packages/airflow/example_dags/example_sensors.py
Sync 1 DAGs
Setting next_dagrun for example_sensors to None, run_after=None
Processing /home/airflow/.local/lib/python3.12/site-packages/airflow/example_dags/example_sensors.py took 0.050 seconds
Started process (PID=27568) to work on /home/airflow/.local/lib/python3.12/site-packages/airflow/example_dags/example_sensors.py
Processing file /home/airflow/.local/lib/python3.12/site-packages/airflow/example_dags/example_sensors.py for tasks to queue
Filling up the DagBag from /home/airflow/.local/lib/python3.12/site-packages/airflow/example_dags/example_sensors.py
DAG(s) 'example_sensors' retrieved from /home/airflow/.local/lib/python3.12/site-packages/airflow/example_dags/example_sensors.py
Sync 1 DAGs
Setting next_dagrun for example_sensors to None, run_after=None
Processing /home/airflow/.local/lib/python3.12/site-packages/airflow/example_dags/example_sensors.py took 0.047 seconds
Started process (PID=27644) to work on /home/airflow/.local/lib/python3.12/site-packages/airflow/example_dags/example_sensors.py
Processing file /home/airflow/.local/lib/python3.12/site-packages/airflow/example_dags/example_sensors.py for tasks to queue
Filling up the DagBag from /home/airflow/.local/lib/python3.12/site-packages/airflow/example_dags/example_sensors.py
DAG(s) 'example_sensors' retrieved from /home/airflow/.local/lib/python3.12/site-packages/airflow/example_dags/example_sensors.py
Sync 1 DAGs
Setting next_dagrun for example_sensors to None, run_after=None
Processing /home/airflow/.local/lib/python3.12/site-packages/airflow/example_dags/example_sensors.py took 0.047 seconds
Started process (PID=27728) to work on /home/airflow/.local/lib/python3.12/site-packages/airflow/example_dags/example_sensors.py
Processing file /home/airflow/.local/lib/python3.12/site-packages/airflow/example_dags/example_sensors.py for tasks to queue
Filling up the DagBag from /home/airflow/.local/lib/python3.12/site-packages/airflow/example_dags/example_sensors.py
DAG(s) 'example_sensors' retrieved from /home/airflow/.local/lib/python3.12/site-packages/airflow/example_dags/example_sensors.py
Sync 1 DAGs
Setting next_dagrun for example_sensors to None, run_after=None
Processing /home/airflow/.local/lib/python3.12/site-packages/airflow/example_dags/example_sensors.py took 0.057 seconds
Started process (PID=27805) to work on /home/airflow/.local/lib/python3.12/site-packages/airflow/example_dags/example_sensors.py
Processing file /home/airflow/.local/lib/python3.12/site-packages/airflow/example_dags/example_sensors.py for tasks to queue
Filling up the DagBag from /home/airflow/.local/lib/python3.12/site-packages/airflow/example_dags/example_sensors.py
DAG(s) 'example_sensors' retrieved from /home/airflow/.local/lib/python3.12/site-packages/airflow/example_dags/example_sensors.py
Sync 1 DAGs
Setting next_dagrun for example_sensors to None, run_after=None
Processing /home/airflow/.local/lib/python3.12/site-packages/airflow/example_dags/example_sensors.py took 0.052 seconds
Started process (PID=27889) to work on /home/airflow/.local/lib/python3.12/site-packages/airflow/example_dags/example_sensors.py
Processing file /home/airflow/.local/lib/python3.12/site-packages/airflow/example_dags/example_sensors.py for tasks to queue
Filling up the DagBag from /home/airflow/.local/lib/python3.12/site-packages/airflow/example_dags/example_sensors.py
DAG(s) 'example_sensors' retrieved from /home/airflow/.local/lib/python3.12/site-packages/airflow/example_dags/example_sensors.py
Sync 1 DAGs
Setting next_dagrun for example_sensors to None, run_after=None
Processing /home/airflow/.local/lib/python3.12/site-packages/airflow/example_dags/example_sensors.py took 0.050 seconds
Started process (PID=27974) to work on /home/airflow/.local/lib/python3.12/site-packages/airflow/example_dags/example_sensors.py
Processing file /home/airflow/.local/lib/python3.12/site-packages/airflow/example_dags/example_sensors.py for tasks to queue
Filling up the DagBag from /home/airflow/.local/lib/python3.12/site-packages/airflow/example_dags/example_sensors.py
DAG(s) 'example_sensors' retrieved from /home/airflow/.local/lib/python3.12/site-packages/airflow/example_dags/example_sensors.py
Sync 1 DAGs
Setting next_dagrun for example_sensors to None, run_after=None
Processing /home/airflow/.local/lib/python3.12/site-packages/airflow/example_dags/example_sensors.py took 0.048 seconds
Started process (PID=28051) to work on /home/airflow/.local/lib/python3.12/site-packages/airflow/example_dags/example_sensors.py
Processing file /home/airflow/.local/lib/python3.12/site-packages/airflow/example_dags/example_sensors.py for tasks to queue
Filling up the DagBag from /home/airflow/.local/lib/python3.12/site-packages/airflow/example_dags/example_sensors.py
DAG(s) 'example_sensors' retrieved from /home/airflow/.local/lib/python3.12/site-packages/airflow/example_dags/example_sensors.py
Sync 1 DAGs
Setting next_dagrun for example_sensors to None, run_after=None
Processing /home/airflow/.local/lib/python3.12/site-packages/airflow/example_dags/example_sensors.py took 0.079 seconds
Started process (PID=28135) to work on /home/airflow/.local/lib/python3.12/site-packages/airflow/example_dags/example_sensors.py
Processing file /home/airflow/.local/lib/python3.12/site-packages/airflow/example_dags/example_sensors.py for tasks to queue
Filling up the DagBag from /home/airflow/.local/lib/python3.12/site-packages/airflow/example_dags/example_sensors.py
DAG(s) 'example_sensors' retrieved from /home/airflow/.local/lib/python3.12/site-packages/airflow/example_dags/example_sensors.py
Sync 1 DAGs
Setting next_dagrun for example_sensors to None, run_after=None
Processing /home/airflow/.local/lib/python3.12/site-packages/airflow/example_dags/example_sensors.py took 0.048 seconds
Started process (PID=28212) to work on /home/airflow/.local/lib/python3.12/site-packages/airflow/example_dags/example_sensors.py
Processing file /home/airflow/.local/lib/python3.12/site-packages/airflow/example_dags/example_sensors.py for tasks to queue
Filling up the DagBag from /home/airflow/.local/lib/python3.12/site-packages/airflow/example_dags/example_sensors.py
DAG(s) 'example_sensors' retrieved from /home/airflow/.local/lib/python3.12/site-packages/airflow/example_dags/example_sensors.py
Sync 1 DAGs
Setting next_dagrun for example_sensors to None, run_after=None
Processing /home/airflow/.local/lib/python3.12/site-packages/airflow/example_dags/example_sensors.py took 0.048 seconds
Started process (PID=28296) to work on /home/airflow/.local/lib/python3.12/site-packages/airflow/example_dags/example_sensors.py
Processing file /home/airflow/.local/lib/python3.12/site-packages/airflow/example_dags/example_sensors.py for tasks to queue
Filling up the DagBag from /home/airflow/.local/lib/python3.12/site-packages/airflow/example_dags/example_sensors.py
DAG(s) 'example_sensors' retrieved from /home/airflow/.local/lib/python3.12/site-packages/airflow/example_dags/example_sensors.py
Sync 1 DAGs
Setting next_dagrun for example_sensors to None, run_after=None
Processing /home/airflow/.local/lib/python3.12/site-packages/airflow/example_dags/example_sensors.py took 0.047 seconds
