Started process (PID=40) to work on /home/airflow/.local/lib/python3.12/site-packages/airflow/example_dags/example_datasets.py
Processing file /home/airflow/.local/lib/python3.12/site-packages/airflow/example_dags/example_datasets.py for tasks to queue
Filling up the DagBag from /home/airflow/.local/lib/python3.12/site-packages/airflow/example_dags/example_datasets.py
DAG(s) 'consume_1_and_2_with_dataset_expressions', 'dataset_consumes_1_and_2', 'consume_1_or_both_2_and_3_with_dataset_expressions', 'dataset_consumes_1_never_scheduled', 'dataset_produces_1', 'dataset_consumes_1', 'conditional_dataset_and_time_based_timetable', 'dataset_produces_2', 'dataset_consumes_unknown_never_scheduled', 'consume_1_or_2_with_dataset_expressions' retrieved from /home/airflow/.local/lib/python3.12/site-packages/airflow/example_dags/example_datasets.py
Sync 10 DAGs
Setting next_dagrun for conditional_dataset_and_time_based_timetable to 2026-01-28 01:00:00+00:00, run_after=2026-01-28 01:00:00+00:00
Setting next_dagrun for consume_1_and_2_with_dataset_expressions to None, run_after=None
Setting next_dagrun for consume_1_or_2_with_dataset_expressions to None, run_after=None
Setting next_dagrun for consume_1_or_both_2_and_3_with_dataset_expressions to None, run_after=None
Setting next_dagrun for dataset_consumes_1 to None, run_after=None
Setting next_dagrun for dataset_consumes_1_and_2 to None, run_after=None
Setting next_dagrun for dataset_consumes_1_never_scheduled to None, run_after=None
Setting next_dagrun for dataset_consumes_unknown_never_scheduled to None, run_after=None
Setting next_dagrun for dataset_produces_1 to 2026-02-02 00:00:00+00:00, run_after=2026-02-02 00:00:00+00:00
Setting next_dagrun for dataset_produces_2 to None, run_after=None
Processing /home/airflow/.local/lib/python3.12/site-packages/airflow/example_dags/example_datasets.py took 2.047 seconds
Started process (PID=113) to work on /home/airflow/.local/lib/python3.12/site-packages/airflow/example_dags/example_datasets.py
Processing file /home/airflow/.local/lib/python3.12/site-packages/airflow/example_dags/example_datasets.py for tasks to queue
Filling up the DagBag from /home/airflow/.local/lib/python3.12/site-packages/airflow/example_dags/example_datasets.py
DAG(s) 'consume_1_or_both_2_and_3_with_dataset_expressions', 'dataset_produces_1', 'dataset_produces_2', 'dataset_consumes_1_and_2', 'dataset_consumes_1', 'dataset_consumes_unknown_never_scheduled', 'consume_1_or_2_with_dataset_expressions', 'conditional_dataset_and_time_based_timetable', 'consume_1_and_2_with_dataset_expressions', 'dataset_consumes_1_never_scheduled' retrieved from /home/airflow/.local/lib/python3.12/site-packages/airflow/example_dags/example_datasets.py
Sync 10 DAGs
Setting next_dagrun for conditional_dataset_and_time_based_timetable to 2026-01-28 01:00:00+00:00, run_after=2026-01-28 01:00:00+00:00
Setting next_dagrun for consume_1_and_2_with_dataset_expressions to None, run_after=None
Setting next_dagrun for consume_1_or_2_with_dataset_expressions to None, run_after=None
Setting next_dagrun for consume_1_or_both_2_and_3_with_dataset_expressions to None, run_after=None
Setting next_dagrun for dataset_consumes_1 to None, run_after=None
Setting next_dagrun for dataset_consumes_1_and_2 to None, run_after=None
Setting next_dagrun for dataset_consumes_1_never_scheduled to None, run_after=None
Setting next_dagrun for dataset_consumes_unknown_never_scheduled to None, run_after=None
Setting next_dagrun for dataset_produces_1 to 2026-02-02 00:00:00+00:00, run_after=2026-02-02 00:00:00+00:00
Setting next_dagrun for dataset_produces_2 to None, run_after=None
Processing /home/airflow/.local/lib/python3.12/site-packages/airflow/example_dags/example_datasets.py took 0.135 seconds
Started process (PID=180) to work on /home/airflow/.local/lib/python3.12/site-packages/airflow/example_dags/example_datasets.py
Processing file /home/airflow/.local/lib/python3.12/site-packages/airflow/example_dags/example_datasets.py for tasks to queue
Filling up the DagBag from /home/airflow/.local/lib/python3.12/site-packages/airflow/example_dags/example_datasets.py
DAG(s) 'consume_1_or_2_with_dataset_expressions', 'dataset_consumes_unknown_never_scheduled', 'dataset_consumes_1_and_2', 'dataset_consumes_1_never_scheduled', 'dataset_produces_1', 'conditional_dataset_and_time_based_timetable', 'consume_1_and_2_with_dataset_expressions', 'dataset_produces_2', 'dataset_consumes_1', 'consume_1_or_both_2_and_3_with_dataset_expressions' retrieved from /home/airflow/.local/lib/python3.12/site-packages/airflow/example_dags/example_datasets.py
Sync 10 DAGs
Setting next_dagrun for conditional_dataset_and_time_based_timetable to 2026-01-28 01:00:00+00:00, run_after=2026-01-28 01:00:00+00:00
Setting next_dagrun for consume_1_and_2_with_dataset_expressions to None, run_after=None
Setting next_dagrun for consume_1_or_2_with_dataset_expressions to None, run_after=None
Setting next_dagrun for consume_1_or_both_2_and_3_with_dataset_expressions to None, run_after=None
Setting next_dagrun for dataset_consumes_1 to None, run_after=None
Setting next_dagrun for dataset_consumes_1_and_2 to None, run_after=None
Setting next_dagrun for dataset_consumes_1_never_scheduled to None, run_after=None
Setting next_dagrun for dataset_consumes_unknown_never_scheduled to None, run_after=None
Setting next_dagrun for dataset_produces_1 to 2026-02-02 00:00:00+00:00, run_after=2026-02-02 00:00:00+00:00
Setting next_dagrun for dataset_produces_2 to None, run_after=None
Processing /home/airflow/.local/lib/python3.12/site-packages/airflow/example_dags/example_datasets.py took 0.103 seconds
Started process (PID=252) to work on /home/airflow/.local/lib/python3.12/site-packages/airflow/example_dags/example_datasets.py
Processing file /home/airflow/.local/lib/python3.12/site-packages/airflow/example_dags/example_datasets.py for tasks to queue
Filling up the DagBag from /home/airflow/.local/lib/python3.12/site-packages/airflow/example_dags/example_datasets.py
DAG(s) 'conditional_dataset_and_time_based_timetable', 'dataset_consumes_1_never_scheduled', 'dataset_produces_1', 'dataset_consumes_1', 'dataset_consumes_1_and_2', 'dataset_produces_2', 'consume_1_or_both_2_and_3_with_dataset_expressions', 'consume_1_and_2_with_dataset_expressions', 'consume_1_or_2_with_dataset_expressions', 'dataset_consumes_unknown_never_scheduled' retrieved from /home/airflow/.local/lib/python3.12/site-packages/airflow/example_dags/example_datasets.py
Sync 10 DAGs
Setting next_dagrun for conditional_dataset_and_time_based_timetable to 2026-01-28 01:00:00+00:00, run_after=2026-01-28 01:00:00+00:00
Setting next_dagrun for consume_1_and_2_with_dataset_expressions to None, run_after=None
Setting next_dagrun for consume_1_or_2_with_dataset_expressions to None, run_after=None
Setting next_dagrun for consume_1_or_both_2_and_3_with_dataset_expressions to None, run_after=None
Setting next_dagrun for dataset_consumes_1 to None, run_after=None
Setting next_dagrun for dataset_consumes_1_and_2 to None, run_after=None
Setting next_dagrun for dataset_consumes_1_never_scheduled to None, run_after=None
Setting next_dagrun for dataset_consumes_unknown_never_scheduled to None, run_after=None
Setting next_dagrun for dataset_produces_1 to 2026-02-02 00:00:00+00:00, run_after=2026-02-02 00:00:00+00:00
Setting next_dagrun for dataset_produces_2 to None, run_after=None
Processing /home/airflow/.local/lib/python3.12/site-packages/airflow/example_dags/example_datasets.py took 0.121 seconds
Started process (PID=318) to work on /home/airflow/.local/lib/python3.12/site-packages/airflow/example_dags/example_datasets.py
Processing file /home/airflow/.local/lib/python3.12/site-packages/airflow/example_dags/example_datasets.py for tasks to queue
Filling up the DagBag from /home/airflow/.local/lib/python3.12/site-packages/airflow/example_dags/example_datasets.py
DAG(s) 'dataset_consumes_1_never_scheduled', 'consume_1_and_2_with_dataset_expressions', 'dataset_produces_2', 'dataset_consumes_1_and_2', 'consume_1_or_2_with_dataset_expressions', 'dataset_consumes_unknown_never_scheduled', 'dataset_produces_1', 'dataset_consumes_1', 'conditional_dataset_and_time_based_timetable', 'consume_1_or_both_2_and_3_with_dataset_expressions' retrieved from /home/airflow/.local/lib/python3.12/site-packages/airflow/example_dags/example_datasets.py
Sync 10 DAGs
Setting next_dagrun for conditional_dataset_and_time_based_timetable to 2026-01-28 01:00:00+00:00, run_after=2026-01-28 01:00:00+00:00
Setting next_dagrun for consume_1_and_2_with_dataset_expressions to None, run_after=None
Setting next_dagrun for consume_1_or_2_with_dataset_expressions to None, run_after=None
Setting next_dagrun for consume_1_or_both_2_and_3_with_dataset_expressions to None, run_after=None
Setting next_dagrun for dataset_consumes_1 to None, run_after=None
Setting next_dagrun for dataset_consumes_1_and_2 to None, run_after=None
Setting next_dagrun for dataset_consumes_1_never_scheduled to None, run_after=None
Setting next_dagrun for dataset_consumes_unknown_never_scheduled to None, run_after=None
Setting next_dagrun for dataset_produces_1 to 2026-02-02 00:00:00+00:00, run_after=2026-02-02 00:00:00+00:00
Setting next_dagrun for dataset_produces_2 to None, run_after=None
Processing /home/airflow/.local/lib/python3.12/site-packages/airflow/example_dags/example_datasets.py took 0.102 seconds
Started process (PID=391) to work on /home/airflow/.local/lib/python3.12/site-packages/airflow/example_dags/example_datasets.py
Processing file /home/airflow/.local/lib/python3.12/site-packages/airflow/example_dags/example_datasets.py for tasks to queue
Filling up the DagBag from /home/airflow/.local/lib/python3.12/site-packages/airflow/example_dags/example_datasets.py
DAG(s) 'consume_1_and_2_with_dataset_expressions', 'dataset_consumes_unknown_never_scheduled', 'consume_1_or_2_with_dataset_expressions', 'dataset_produces_1', 'consume_1_or_both_2_and_3_with_dataset_expressions', 'dataset_produces_2', 'dataset_consumes_1_and_2', 'dataset_consumes_1_never_scheduled', 'conditional_dataset_and_time_based_timetable', 'dataset_consumes_1' retrieved from /home/airflow/.local/lib/python3.12/site-packages/airflow/example_dags/example_datasets.py
Sync 10 DAGs
Setting next_dagrun for conditional_dataset_and_time_based_timetable to 2026-01-28 01:00:00+00:00, run_after=2026-01-28 01:00:00+00:00
Setting next_dagrun for consume_1_and_2_with_dataset_expressions to None, run_after=None
Setting next_dagrun for consume_1_or_2_with_dataset_expressions to None, run_after=None
Setting next_dagrun for consume_1_or_both_2_and_3_with_dataset_expressions to None, run_after=None
Setting next_dagrun for dataset_consumes_1 to None, run_after=None
Setting next_dagrun for dataset_consumes_1_and_2 to None, run_after=None
Setting next_dagrun for dataset_consumes_1_never_scheduled to None, run_after=None
Setting next_dagrun for dataset_consumes_unknown_never_scheduled to None, run_after=None
Setting next_dagrun for dataset_produces_1 to 2026-02-02 00:00:00+00:00, run_after=2026-02-02 00:00:00+00:00
Setting next_dagrun for dataset_produces_2 to None, run_after=None
Processing /home/airflow/.local/lib/python3.12/site-packages/airflow/example_dags/example_datasets.py took 0.117 seconds
Started process (PID=457) to work on /home/airflow/.local/lib/python3.12/site-packages/airflow/example_dags/example_datasets.py
Processing file /home/airflow/.local/lib/python3.12/site-packages/airflow/example_dags/example_datasets.py for tasks to queue
Filling up the DagBag from /home/airflow/.local/lib/python3.12/site-packages/airflow/example_dags/example_datasets.py
DAG(s) 'consume_1_or_2_with_dataset_expressions', 'conditional_dataset_and_time_based_timetable', 'dataset_consumes_1', 'consume_1_and_2_with_dataset_expressions', 'consume_1_or_both_2_and_3_with_dataset_expressions', 'dataset_produces_1', 'dataset_consumes_1_never_scheduled', 'dataset_produces_2', 'dataset_consumes_1_and_2', 'dataset_consumes_unknown_never_scheduled' retrieved from /home/airflow/.local/lib/python3.12/site-packages/airflow/example_dags/example_datasets.py
Sync 10 DAGs
Setting next_dagrun for conditional_dataset_and_time_based_timetable to 2026-01-28 01:00:00+00:00, run_after=2026-01-28 01:00:00+00:00
Setting next_dagrun for consume_1_and_2_with_dataset_expressions to None, run_after=None
Setting next_dagrun for consume_1_or_2_with_dataset_expressions to None, run_after=None
Setting next_dagrun for consume_1_or_both_2_and_3_with_dataset_expressions to None, run_after=None
Setting next_dagrun for dataset_consumes_1 to None, run_after=None
Setting next_dagrun for dataset_consumes_1_and_2 to None, run_after=None
Setting next_dagrun for dataset_consumes_1_never_scheduled to None, run_after=None
Setting next_dagrun for dataset_consumes_unknown_never_scheduled to None, run_after=None
Setting next_dagrun for dataset_produces_1 to 2026-02-02 00:00:00+00:00, run_after=2026-02-02 00:00:00+00:00
Setting next_dagrun for dataset_produces_2 to None, run_after=None
Processing /home/airflow/.local/lib/python3.12/site-packages/airflow/example_dags/example_datasets.py took 0.103 seconds
Started process (PID=530) to work on /home/airflow/.local/lib/python3.12/site-packages/airflow/example_dags/example_datasets.py
Processing file /home/airflow/.local/lib/python3.12/site-packages/airflow/example_dags/example_datasets.py for tasks to queue
Filling up the DagBag from /home/airflow/.local/lib/python3.12/site-packages/airflow/example_dags/example_datasets.py
DAG(s) 'dataset_consumes_1_never_scheduled', 'dataset_produces_2', 'dataset_consumes_1_and_2', 'dataset_consumes_1', 'consume_1_or_2_with_dataset_expressions', 'dataset_produces_1', 'consume_1_or_both_2_and_3_with_dataset_expressions', 'dataset_consumes_unknown_never_scheduled', 'consume_1_and_2_with_dataset_expressions', 'conditional_dataset_and_time_based_timetable' retrieved from /home/airflow/.local/lib/python3.12/site-packages/airflow/example_dags/example_datasets.py
Sync 10 DAGs
Setting next_dagrun for conditional_dataset_and_time_based_timetable to 2026-01-28 01:00:00+00:00, run_after=2026-01-28 01:00:00+00:00
Setting next_dagrun for consume_1_and_2_with_dataset_expressions to None, run_after=None
Setting next_dagrun for consume_1_or_2_with_dataset_expressions to None, run_after=None
Setting next_dagrun for consume_1_or_both_2_and_3_with_dataset_expressions to None, run_after=None
Setting next_dagrun for dataset_consumes_1 to None, run_after=None
Setting next_dagrun for dataset_consumes_1_and_2 to None, run_after=None
Setting next_dagrun for dataset_consumes_1_never_scheduled to None, run_after=None
Setting next_dagrun for dataset_consumes_unknown_never_scheduled to None, run_after=None
Setting next_dagrun for dataset_produces_1 to 2026-02-02 00:00:00+00:00, run_after=2026-02-02 00:00:00+00:00
Setting next_dagrun for dataset_produces_2 to None, run_after=None
Processing /home/airflow/.local/lib/python3.12/site-packages/airflow/example_dags/example_datasets.py took 0.100 seconds
Started process (PID=598) to work on /home/airflow/.local/lib/python3.12/site-packages/airflow/example_dags/example_datasets.py
Processing file /home/airflow/.local/lib/python3.12/site-packages/airflow/example_dags/example_datasets.py for tasks to queue
Filling up the DagBag from /home/airflow/.local/lib/python3.12/site-packages/airflow/example_dags/example_datasets.py
DAG(s) 'conditional_dataset_and_time_based_timetable', 'consume_1_and_2_with_dataset_expressions', 'dataset_consumes_1_never_scheduled', 'dataset_consumes_unknown_never_scheduled', 'dataset_consumes_1_and_2', 'dataset_consumes_1', 'dataset_produces_1', 'consume_1_or_2_with_dataset_expressions', 'consume_1_or_both_2_and_3_with_dataset_expressions', 'dataset_produces_2' retrieved from /home/airflow/.local/lib/python3.12/site-packages/airflow/example_dags/example_datasets.py
Sync 10 DAGs
Setting next_dagrun for conditional_dataset_and_time_based_timetable to 2026-01-28 01:00:00+00:00, run_after=2026-01-28 01:00:00+00:00
Setting next_dagrun for consume_1_and_2_with_dataset_expressions to None, run_after=None
Setting next_dagrun for consume_1_or_2_with_dataset_expressions to None, run_after=None
Setting next_dagrun for consume_1_or_both_2_and_3_with_dataset_expressions to None, run_after=None
Setting next_dagrun for dataset_consumes_1 to None, run_after=None
Setting next_dagrun for dataset_consumes_1_and_2 to None, run_after=None
Setting next_dagrun for dataset_consumes_1_never_scheduled to None, run_after=None
Setting next_dagrun for dataset_consumes_unknown_never_scheduled to None, run_after=None
Setting next_dagrun for dataset_produces_1 to 2026-02-02 00:00:00+00:00, run_after=2026-02-02 00:00:00+00:00
Setting next_dagrun for dataset_produces_2 to None, run_after=None
Processing /home/airflow/.local/lib/python3.12/site-packages/airflow/example_dags/example_datasets.py took 0.107 seconds
Started process (PID=671) to work on /home/airflow/.local/lib/python3.12/site-packages/airflow/example_dags/example_datasets.py
Processing file /home/airflow/.local/lib/python3.12/site-packages/airflow/example_dags/example_datasets.py for tasks to queue
Filling up the DagBag from /home/airflow/.local/lib/python3.12/site-packages/airflow/example_dags/example_datasets.py
DAG(s) 'consume_1_and_2_with_dataset_expressions', 'dataset_produces_1', 'dataset_consumes_unknown_never_scheduled', 'consume_1_or_2_with_dataset_expressions', 'conditional_dataset_and_time_based_timetable', 'dataset_consumes_1_never_scheduled', 'dataset_produces_2', 'dataset_consumes_1_and_2', 'dataset_consumes_1', 'consume_1_or_both_2_and_3_with_dataset_expressions' retrieved from /home/airflow/.local/lib/python3.12/site-packages/airflow/example_dags/example_datasets.py
Sync 10 DAGs
Setting next_dagrun for conditional_dataset_and_time_based_timetable to 2026-01-28 01:00:00+00:00, run_after=2026-01-28 01:00:00+00:00
Setting next_dagrun for consume_1_and_2_with_dataset_expressions to None, run_after=None
Setting next_dagrun for consume_1_or_2_with_dataset_expressions to None, run_after=None
Setting next_dagrun for consume_1_or_both_2_and_3_with_dataset_expressions to None, run_after=None
Setting next_dagrun for dataset_consumes_1 to None, run_after=None
Setting next_dagrun for dataset_consumes_1_and_2 to None, run_after=None
Setting next_dagrun for dataset_consumes_1_never_scheduled to None, run_after=None
Setting next_dagrun for dataset_consumes_unknown_never_scheduled to None, run_after=None
Setting next_dagrun for dataset_produces_1 to 2026-02-02 00:00:00+00:00, run_after=2026-02-02 00:00:00+00:00
Setting next_dagrun for dataset_produces_2 to None, run_after=None
Processing /home/airflow/.local/lib/python3.12/site-packages/airflow/example_dags/example_datasets.py took 0.137 seconds
Started process (PID=737) to work on /home/airflow/.local/lib/python3.12/site-packages/airflow/example_dags/example_datasets.py
Processing file /home/airflow/.local/lib/python3.12/site-packages/airflow/example_dags/example_datasets.py for tasks to queue
Filling up the DagBag from /home/airflow/.local/lib/python3.12/site-packages/airflow/example_dags/example_datasets.py
DAG(s) 'dataset_consumes_1_never_scheduled', 'dataset_produces_1', 'dataset_consumes_1_and_2', 'dataset_consumes_1', 'consume_1_or_both_2_and_3_with_dataset_expressions', 'consume_1_or_2_with_dataset_expressions', 'dataset_consumes_unknown_never_scheduled', 'conditional_dataset_and_time_based_timetable', 'dataset_produces_2', 'consume_1_and_2_with_dataset_expressions' retrieved from /home/airflow/.local/lib/python3.12/site-packages/airflow/example_dags/example_datasets.py
Sync 10 DAGs
Setting next_dagrun for conditional_dataset_and_time_based_timetable to 2026-01-28 01:00:00+00:00, run_after=2026-01-28 01:00:00+00:00
Setting next_dagrun for consume_1_and_2_with_dataset_expressions to None, run_after=None
Setting next_dagrun for consume_1_or_2_with_dataset_expressions to None, run_after=None
Setting next_dagrun for consume_1_or_both_2_and_3_with_dataset_expressions to None, run_after=None
Setting next_dagrun for dataset_consumes_1 to None, run_after=None
Setting next_dagrun for dataset_consumes_1_and_2 to None, run_after=None
Setting next_dagrun for dataset_consumes_1_never_scheduled to None, run_after=None
Setting next_dagrun for dataset_consumes_unknown_never_scheduled to None, run_after=None
Setting next_dagrun for dataset_produces_1 to 2026-02-02 00:00:00+00:00, run_after=2026-02-02 00:00:00+00:00
Setting next_dagrun for dataset_produces_2 to None, run_after=None
Processing /home/airflow/.local/lib/python3.12/site-packages/airflow/example_dags/example_datasets.py took 0.108 seconds
Started process (PID=810) to work on /home/airflow/.local/lib/python3.12/site-packages/airflow/example_dags/example_datasets.py
Processing file /home/airflow/.local/lib/python3.12/site-packages/airflow/example_dags/example_datasets.py for tasks to queue
Filling up the DagBag from /home/airflow/.local/lib/python3.12/site-packages/airflow/example_dags/example_datasets.py
DAG(s) 'dataset_consumes_1', 'consume_1_and_2_with_dataset_expressions', 'dataset_consumes_unknown_never_scheduled', 'dataset_produces_2', 'dataset_produces_1', 'dataset_consumes_1_and_2', 'consume_1_or_2_with_dataset_expressions', 'consume_1_or_both_2_and_3_with_dataset_expressions', 'dataset_consumes_1_never_scheduled', 'conditional_dataset_and_time_based_timetable' retrieved from /home/airflow/.local/lib/python3.12/site-packages/airflow/example_dags/example_datasets.py
Sync 10 DAGs
Setting next_dagrun for conditional_dataset_and_time_based_timetable to 2026-01-28 01:00:00+00:00, run_after=2026-01-28 01:00:00+00:00
Setting next_dagrun for consume_1_and_2_with_dataset_expressions to None, run_after=None
Setting next_dagrun for consume_1_or_2_with_dataset_expressions to None, run_after=None
Setting next_dagrun for consume_1_or_both_2_and_3_with_dataset_expressions to None, run_after=None
Setting next_dagrun for dataset_consumes_1 to None, run_after=None
Setting next_dagrun for dataset_consumes_1_and_2 to None, run_after=None
Setting next_dagrun for dataset_consumes_1_never_scheduled to None, run_after=None
Setting next_dagrun for dataset_consumes_unknown_never_scheduled to None, run_after=None
Setting next_dagrun for dataset_produces_1 to 2026-02-02 00:00:00+00:00, run_after=2026-02-02 00:00:00+00:00
Setting next_dagrun for dataset_produces_2 to None, run_after=None
Processing /home/airflow/.local/lib/python3.12/site-packages/airflow/example_dags/example_datasets.py took 0.097 seconds
Started process (PID=876) to work on /home/airflow/.local/lib/python3.12/site-packages/airflow/example_dags/example_datasets.py
Processing file /home/airflow/.local/lib/python3.12/site-packages/airflow/example_dags/example_datasets.py for tasks to queue
Filling up the DagBag from /home/airflow/.local/lib/python3.12/site-packages/airflow/example_dags/example_datasets.py
DAG(s) 'consume_1_and_2_with_dataset_expressions', 'consume_1_or_both_2_and_3_with_dataset_expressions', 'conditional_dataset_and_time_based_timetable', 'consume_1_or_2_with_dataset_expressions', 'dataset_consumes_1', 'dataset_produces_2', 'dataset_produces_1', 'dataset_consumes_1_and_2', 'dataset_consumes_unknown_never_scheduled', 'dataset_consumes_1_never_scheduled' retrieved from /home/airflow/.local/lib/python3.12/site-packages/airflow/example_dags/example_datasets.py
Sync 10 DAGs
Setting next_dagrun for conditional_dataset_and_time_based_timetable to 2026-01-28 01:00:00+00:00, run_after=2026-01-28 01:00:00+00:00
Setting next_dagrun for consume_1_and_2_with_dataset_expressions to None, run_after=None
Setting next_dagrun for consume_1_or_2_with_dataset_expressions to None, run_after=None
Setting next_dagrun for consume_1_or_both_2_and_3_with_dataset_expressions to None, run_after=None
Setting next_dagrun for dataset_consumes_1 to None, run_after=None
Setting next_dagrun for dataset_consumes_1_and_2 to None, run_after=None
Setting next_dagrun for dataset_consumes_1_never_scheduled to None, run_after=None
Setting next_dagrun for dataset_consumes_unknown_never_scheduled to None, run_after=None
Setting next_dagrun for dataset_produces_1 to 2026-02-02 00:00:00+00:00, run_after=2026-02-02 00:00:00+00:00
Setting next_dagrun for dataset_produces_2 to None, run_after=None
Processing /home/airflow/.local/lib/python3.12/site-packages/airflow/example_dags/example_datasets.py took 0.111 seconds
Started process (PID=949) to work on /home/airflow/.local/lib/python3.12/site-packages/airflow/example_dags/example_datasets.py
Processing file /home/airflow/.local/lib/python3.12/site-packages/airflow/example_dags/example_datasets.py for tasks to queue
Filling up the DagBag from /home/airflow/.local/lib/python3.12/site-packages/airflow/example_dags/example_datasets.py
DAG(s) 'consume_1_or_both_2_and_3_with_dataset_expressions', 'dataset_produces_2', 'conditional_dataset_and_time_based_timetable', 'dataset_consumes_1_and_2', 'consume_1_and_2_with_dataset_expressions', 'dataset_produces_1', 'dataset_consumes_unknown_never_scheduled', 'dataset_consumes_1_never_scheduled', 'dataset_consumes_1', 'consume_1_or_2_with_dataset_expressions' retrieved from /home/airflow/.local/lib/python3.12/site-packages/airflow/example_dags/example_datasets.py
Sync 10 DAGs
Setting next_dagrun for conditional_dataset_and_time_based_timetable to 2026-01-28 01:00:00+00:00, run_after=2026-01-28 01:00:00+00:00
Setting next_dagrun for consume_1_and_2_with_dataset_expressions to None, run_after=None
Setting next_dagrun for consume_1_or_2_with_dataset_expressions to None, run_after=None
Setting next_dagrun for consume_1_or_both_2_and_3_with_dataset_expressions to None, run_after=None
Setting next_dagrun for dataset_consumes_1 to None, run_after=None
Setting next_dagrun for dataset_consumes_1_and_2 to None, run_after=None
Setting next_dagrun for dataset_consumes_1_never_scheduled to None, run_after=None
Setting next_dagrun for dataset_consumes_unknown_never_scheduled to None, run_after=None
Setting next_dagrun for dataset_produces_1 to 2026-02-02 00:00:00+00:00, run_after=2026-02-02 00:00:00+00:00
Setting next_dagrun for dataset_produces_2 to None, run_after=None
Processing /home/airflow/.local/lib/python3.12/site-packages/airflow/example_dags/example_datasets.py took 0.099 seconds
Started process (PID=1015) to work on /home/airflow/.local/lib/python3.12/site-packages/airflow/example_dags/example_datasets.py
Processing file /home/airflow/.local/lib/python3.12/site-packages/airflow/example_dags/example_datasets.py for tasks to queue
Filling up the DagBag from /home/airflow/.local/lib/python3.12/site-packages/airflow/example_dags/example_datasets.py
DAG(s) 'conditional_dataset_and_time_based_timetable', 'consume_1_or_2_with_dataset_expressions', 'dataset_consumes_1_and_2', 'consume_1_or_both_2_and_3_with_dataset_expressions', 'dataset_consumes_1', 'dataset_consumes_1_never_scheduled', 'dataset_produces_1', 'dataset_produces_2', 'dataset_consumes_unknown_never_scheduled', 'consume_1_and_2_with_dataset_expressions' retrieved from /home/airflow/.local/lib/python3.12/site-packages/airflow/example_dags/example_datasets.py
Sync 10 DAGs
Setting next_dagrun for conditional_dataset_and_time_based_timetable to 2026-01-28 01:00:00+00:00, run_after=2026-01-28 01:00:00+00:00
Setting next_dagrun for consume_1_and_2_with_dataset_expressions to None, run_after=None
Setting next_dagrun for consume_1_or_2_with_dataset_expressions to None, run_after=None
Setting next_dagrun for consume_1_or_both_2_and_3_with_dataset_expressions to None, run_after=None
Setting next_dagrun for dataset_consumes_1 to None, run_after=None
Setting next_dagrun for dataset_consumes_1_and_2 to None, run_after=None
Setting next_dagrun for dataset_consumes_1_never_scheduled to None, run_after=None
Setting next_dagrun for dataset_consumes_unknown_never_scheduled to None, run_after=None
Setting next_dagrun for dataset_produces_1 to 2026-02-02 00:00:00+00:00, run_after=2026-02-02 00:00:00+00:00
Setting next_dagrun for dataset_produces_2 to None, run_after=None
Processing /home/airflow/.local/lib/python3.12/site-packages/airflow/example_dags/example_datasets.py took 0.099 seconds
Started process (PID=1088) to work on /home/airflow/.local/lib/python3.12/site-packages/airflow/example_dags/example_datasets.py
Processing file /home/airflow/.local/lib/python3.12/site-packages/airflow/example_dags/example_datasets.py for tasks to queue
Filling up the DagBag from /home/airflow/.local/lib/python3.12/site-packages/airflow/example_dags/example_datasets.py
DAG(s) 'dataset_consumes_unknown_never_scheduled', 'dataset_consumes_1_and_2', 'consume_1_or_both_2_and_3_with_dataset_expressions', 'conditional_dataset_and_time_based_timetable', 'dataset_produces_2', 'dataset_produces_1', 'consume_1_or_2_with_dataset_expressions', 'consume_1_and_2_with_dataset_expressions', 'dataset_consumes_1', 'dataset_consumes_1_never_scheduled' retrieved from /home/airflow/.local/lib/python3.12/site-packages/airflow/example_dags/example_datasets.py
Sync 10 DAGs
Setting next_dagrun for conditional_dataset_and_time_based_timetable to 2026-01-28 01:00:00+00:00, run_after=2026-01-28 01:00:00+00:00
Setting next_dagrun for consume_1_and_2_with_dataset_expressions to None, run_after=None
Setting next_dagrun for consume_1_or_2_with_dataset_expressions to None, run_after=None
Setting next_dagrun for consume_1_or_both_2_and_3_with_dataset_expressions to None, run_after=None
Setting next_dagrun for dataset_consumes_1 to None, run_after=None
Setting next_dagrun for dataset_consumes_1_and_2 to None, run_after=None
Setting next_dagrun for dataset_consumes_1_never_scheduled to None, run_after=None
Setting next_dagrun for dataset_consumes_unknown_never_scheduled to None, run_after=None
Setting next_dagrun for dataset_produces_1 to 2026-02-02 00:00:00+00:00, run_after=2026-02-02 00:00:00+00:00
Setting next_dagrun for dataset_produces_2 to None, run_after=None
Processing /home/airflow/.local/lib/python3.12/site-packages/airflow/example_dags/example_datasets.py took 0.098 seconds
Started process (PID=1154) to work on /home/airflow/.local/lib/python3.12/site-packages/airflow/example_dags/example_datasets.py
Processing file /home/airflow/.local/lib/python3.12/site-packages/airflow/example_dags/example_datasets.py for tasks to queue
Filling up the DagBag from /home/airflow/.local/lib/python3.12/site-packages/airflow/example_dags/example_datasets.py
DAG(s) 'dataset_consumes_1_never_scheduled', 'dataset_produces_2', 'dataset_produces_1', 'consume_1_and_2_with_dataset_expressions', 'conditional_dataset_and_time_based_timetable', 'dataset_consumes_unknown_never_scheduled', 'dataset_consumes_1', 'consume_1_or_2_with_dataset_expressions', 'dataset_consumes_1_and_2', 'consume_1_or_both_2_and_3_with_dataset_expressions' retrieved from /home/airflow/.local/lib/python3.12/site-packages/airflow/example_dags/example_datasets.py
Sync 10 DAGs
Setting next_dagrun for conditional_dataset_and_time_based_timetable to 2026-01-28 01:00:00+00:00, run_after=2026-01-28 01:00:00+00:00
Setting next_dagrun for consume_1_and_2_with_dataset_expressions to None, run_after=None
Setting next_dagrun for consume_1_or_2_with_dataset_expressions to None, run_after=None
Setting next_dagrun for consume_1_or_both_2_and_3_with_dataset_expressions to None, run_after=None
Setting next_dagrun for dataset_consumes_1 to None, run_after=None
Setting next_dagrun for dataset_consumes_1_and_2 to None, run_after=None
Setting next_dagrun for dataset_consumes_1_never_scheduled to None, run_after=None
Setting next_dagrun for dataset_consumes_unknown_never_scheduled to None, run_after=None
Setting next_dagrun for dataset_produces_1 to 2026-02-02 00:00:00+00:00, run_after=2026-02-02 00:00:00+00:00
Setting next_dagrun for dataset_produces_2 to None, run_after=None
Processing /home/airflow/.local/lib/python3.12/site-packages/airflow/example_dags/example_datasets.py took 0.102 seconds
Started process (PID=1228) to work on /home/airflow/.local/lib/python3.12/site-packages/airflow/example_dags/example_datasets.py
Processing file /home/airflow/.local/lib/python3.12/site-packages/airflow/example_dags/example_datasets.py for tasks to queue
Filling up the DagBag from /home/airflow/.local/lib/python3.12/site-packages/airflow/example_dags/example_datasets.py
DAG(s) 'dataset_consumes_1_and_2', 'consume_1_or_2_with_dataset_expressions', 'dataset_produces_1', 'dataset_consumes_1_never_scheduled', 'conditional_dataset_and_time_based_timetable', 'dataset_consumes_unknown_never_scheduled', 'dataset_produces_2', 'dataset_consumes_1', 'consume_1_or_both_2_and_3_with_dataset_expressions', 'consume_1_and_2_with_dataset_expressions' retrieved from /home/airflow/.local/lib/python3.12/site-packages/airflow/example_dags/example_datasets.py
Sync 10 DAGs
Setting next_dagrun for conditional_dataset_and_time_based_timetable to 2026-01-28 01:00:00+00:00, run_after=2026-01-28 01:00:00+00:00
Setting next_dagrun for consume_1_and_2_with_dataset_expressions to None, run_after=None
Setting next_dagrun for consume_1_or_2_with_dataset_expressions to None, run_after=None
Setting next_dagrun for consume_1_or_both_2_and_3_with_dataset_expressions to None, run_after=None
Setting next_dagrun for dataset_consumes_1 to None, run_after=None
Setting next_dagrun for dataset_consumes_1_and_2 to None, run_after=None
Setting next_dagrun for dataset_consumes_1_never_scheduled to None, run_after=None
Setting next_dagrun for dataset_consumes_unknown_never_scheduled to None, run_after=None
Setting next_dagrun for dataset_produces_1 to 2026-02-02 00:00:00+00:00, run_after=2026-02-02 00:00:00+00:00
Setting next_dagrun for dataset_produces_2 to None, run_after=None
Processing /home/airflow/.local/lib/python3.12/site-packages/airflow/example_dags/example_datasets.py took 0.570 seconds
Started process (PID=1300) to work on /home/airflow/.local/lib/python3.12/site-packages/airflow/example_dags/example_datasets.py
Processing file /home/airflow/.local/lib/python3.12/site-packages/airflow/example_dags/example_datasets.py for tasks to queue
Filling up the DagBag from /home/airflow/.local/lib/python3.12/site-packages/airflow/example_dags/example_datasets.py
DAG(s) 'dataset_produces_1', 'conditional_dataset_and_time_based_timetable', 'dataset_consumes_1', 'dataset_consumes_1_and_2', 'consume_1_or_2_with_dataset_expressions', 'dataset_consumes_unknown_never_scheduled', 'dataset_produces_2', 'dataset_consumes_1_never_scheduled', 'consume_1_or_both_2_and_3_with_dataset_expressions', 'consume_1_and_2_with_dataset_expressions' retrieved from /home/airflow/.local/lib/python3.12/site-packages/airflow/example_dags/example_datasets.py
Sync 10 DAGs
Setting next_dagrun for conditional_dataset_and_time_based_timetable to 2026-01-28 01:00:00+00:00, run_after=2026-01-28 01:00:00+00:00
Setting next_dagrun for consume_1_and_2_with_dataset_expressions to None, run_after=None
Setting next_dagrun for consume_1_or_2_with_dataset_expressions to None, run_after=None
Setting next_dagrun for consume_1_or_both_2_and_3_with_dataset_expressions to None, run_after=None
Setting next_dagrun for dataset_consumes_1 to None, run_after=None
Setting next_dagrun for dataset_consumes_1_and_2 to None, run_after=None
Setting next_dagrun for dataset_consumes_1_never_scheduled to None, run_after=None
Setting next_dagrun for dataset_consumes_unknown_never_scheduled to None, run_after=None
Setting next_dagrun for dataset_produces_1 to 2026-02-02 00:00:00+00:00, run_after=2026-02-02 00:00:00+00:00
Setting next_dagrun for dataset_produces_2 to None, run_after=None
Processing /home/airflow/.local/lib/python3.12/site-packages/airflow/example_dags/example_datasets.py took 0.120 seconds
Started process (PID=1366) to work on /home/airflow/.local/lib/python3.12/site-packages/airflow/example_dags/example_datasets.py
Processing file /home/airflow/.local/lib/python3.12/site-packages/airflow/example_dags/example_datasets.py for tasks to queue
Filling up the DagBag from /home/airflow/.local/lib/python3.12/site-packages/airflow/example_dags/example_datasets.py
DAG(s) 'dataset_produces_1', 'dataset_consumes_1', 'consume_1_and_2_with_dataset_expressions', 'consume_1_or_both_2_and_3_with_dataset_expressions', 'dataset_consumes_1_never_scheduled', 'conditional_dataset_and_time_based_timetable', 'dataset_produces_2', 'consume_1_or_2_with_dataset_expressions', 'dataset_consumes_unknown_never_scheduled', 'dataset_consumes_1_and_2' retrieved from /home/airflow/.local/lib/python3.12/site-packages/airflow/example_dags/example_datasets.py
Sync 10 DAGs
Setting next_dagrun for conditional_dataset_and_time_based_timetable to 2026-01-28 01:00:00+00:00, run_after=2026-01-28 01:00:00+00:00
Setting next_dagrun for consume_1_and_2_with_dataset_expressions to None, run_after=None
Setting next_dagrun for consume_1_or_2_with_dataset_expressions to None, run_after=None
Setting next_dagrun for consume_1_or_both_2_and_3_with_dataset_expressions to None, run_after=None
Setting next_dagrun for dataset_consumes_1 to None, run_after=None
Setting next_dagrun for dataset_consumes_1_and_2 to None, run_after=None
Setting next_dagrun for dataset_consumes_1_never_scheduled to None, run_after=None
Setting next_dagrun for dataset_consumes_unknown_never_scheduled to None, run_after=None
Setting next_dagrun for dataset_produces_1 to 2026-02-02 00:00:00+00:00, run_after=2026-02-02 00:00:00+00:00
Setting next_dagrun for dataset_produces_2 to None, run_after=None
Processing /home/airflow/.local/lib/python3.12/site-packages/airflow/example_dags/example_datasets.py took 0.097 seconds
Started process (PID=1432) to work on /home/airflow/.local/lib/python3.12/site-packages/airflow/example_dags/example_datasets.py
Processing file /home/airflow/.local/lib/python3.12/site-packages/airflow/example_dags/example_datasets.py for tasks to queue
Filling up the DagBag from /home/airflow/.local/lib/python3.12/site-packages/airflow/example_dags/example_datasets.py
DAG(s) 'dataset_produces_1', 'dataset_consumes_1_never_scheduled', 'consume_1_or_2_with_dataset_expressions', 'consume_1_and_2_with_dataset_expressions', 'dataset_produces_2', 'dataset_consumes_1', 'dataset_consumes_unknown_never_scheduled', 'consume_1_or_both_2_and_3_with_dataset_expressions', 'dataset_consumes_1_and_2', 'conditional_dataset_and_time_based_timetable' retrieved from /home/airflow/.local/lib/python3.12/site-packages/airflow/example_dags/example_datasets.py
Sync 10 DAGs
Setting next_dagrun for conditional_dataset_and_time_based_timetable to 2026-01-28 01:00:00+00:00, run_after=2026-01-28 01:00:00+00:00
Setting next_dagrun for consume_1_and_2_with_dataset_expressions to None, run_after=None
Setting next_dagrun for consume_1_or_2_with_dataset_expressions to None, run_after=None
Setting next_dagrun for consume_1_or_both_2_and_3_with_dataset_expressions to None, run_after=None
Setting next_dagrun for dataset_consumes_1 to None, run_after=None
Setting next_dagrun for dataset_consumes_1_and_2 to None, run_after=None
Setting next_dagrun for dataset_consumes_1_never_scheduled to None, run_after=None
Setting next_dagrun for dataset_consumes_unknown_never_scheduled to None, run_after=None
Setting next_dagrun for dataset_produces_1 to 2026-02-02 00:00:00+00:00, run_after=2026-02-02 00:00:00+00:00
Setting next_dagrun for dataset_produces_2 to None, run_after=None
Processing /home/airflow/.local/lib/python3.12/site-packages/airflow/example_dags/example_datasets.py took 0.135 seconds
Started process (PID=1505) to work on /home/airflow/.local/lib/python3.12/site-packages/airflow/example_dags/example_datasets.py
Processing file /home/airflow/.local/lib/python3.12/site-packages/airflow/example_dags/example_datasets.py for tasks to queue
Filling up the DagBag from /home/airflow/.local/lib/python3.12/site-packages/airflow/example_dags/example_datasets.py
DAG(s) 'consume_1_or_2_with_dataset_expressions', 'consume_1_or_both_2_and_3_with_dataset_expressions', 'dataset_consumes_1', 'dataset_consumes_1_and_2', 'consume_1_and_2_with_dataset_expressions', 'conditional_dataset_and_time_based_timetable', 'dataset_consumes_1_never_scheduled', 'dataset_produces_2', 'dataset_produces_1', 'dataset_consumes_unknown_never_scheduled' retrieved from /home/airflow/.local/lib/python3.12/site-packages/airflow/example_dags/example_datasets.py
Sync 10 DAGs
Setting next_dagrun for conditional_dataset_and_time_based_timetable to 2026-01-28 01:00:00+00:00, run_after=2026-01-28 01:00:00+00:00
Setting next_dagrun for consume_1_and_2_with_dataset_expressions to None, run_after=None
Setting next_dagrun for consume_1_or_2_with_dataset_expressions to None, run_after=None
Setting next_dagrun for consume_1_or_both_2_and_3_with_dataset_expressions to None, run_after=None
Setting next_dagrun for dataset_consumes_1 to None, run_after=None
Setting next_dagrun for dataset_consumes_1_and_2 to None, run_after=None
Setting next_dagrun for dataset_consumes_1_never_scheduled to None, run_after=None
Setting next_dagrun for dataset_consumes_unknown_never_scheduled to None, run_after=None
Setting next_dagrun for dataset_produces_1 to 2026-02-02 00:00:00+00:00, run_after=2026-02-02 00:00:00+00:00
Setting next_dagrun for dataset_produces_2 to None, run_after=None
Processing /home/airflow/.local/lib/python3.12/site-packages/airflow/example_dags/example_datasets.py took 0.098 seconds
Started process (PID=1571) to work on /home/airflow/.local/lib/python3.12/site-packages/airflow/example_dags/example_datasets.py
Processing file /home/airflow/.local/lib/python3.12/site-packages/airflow/example_dags/example_datasets.py for tasks to queue
Filling up the DagBag from /home/airflow/.local/lib/python3.12/site-packages/airflow/example_dags/example_datasets.py
DAG(s) 'dataset_consumes_1_and_2', 'conditional_dataset_and_time_based_timetable', 'consume_1_or_2_with_dataset_expressions', 'consume_1_or_both_2_and_3_with_dataset_expressions', 'dataset_consumes_unknown_never_scheduled', 'dataset_consumes_1', 'dataset_produces_2', 'dataset_produces_1', 'consume_1_and_2_with_dataset_expressions', 'dataset_consumes_1_never_scheduled' retrieved from /home/airflow/.local/lib/python3.12/site-packages/airflow/example_dags/example_datasets.py
Sync 10 DAGs
Setting next_dagrun for conditional_dataset_and_time_based_timetable to 2026-01-28 01:00:00+00:00, run_after=2026-01-28 01:00:00+00:00
Setting next_dagrun for consume_1_and_2_with_dataset_expressions to None, run_after=None
Setting next_dagrun for consume_1_or_2_with_dataset_expressions to None, run_after=None
Setting next_dagrun for consume_1_or_both_2_and_3_with_dataset_expressions to None, run_after=None
Setting next_dagrun for dataset_consumes_1 to None, run_after=None
Setting next_dagrun for dataset_consumes_1_and_2 to None, run_after=None
Setting next_dagrun for dataset_consumes_1_never_scheduled to None, run_after=None
Setting next_dagrun for dataset_consumes_unknown_never_scheduled to None, run_after=None
Setting next_dagrun for dataset_produces_1 to 2026-02-02 00:00:00+00:00, run_after=2026-02-02 00:00:00+00:00
Setting next_dagrun for dataset_produces_2 to None, run_after=None
Processing /home/airflow/.local/lib/python3.12/site-packages/airflow/example_dags/example_datasets.py took 0.105 seconds
Started process (PID=1644) to work on /home/airflow/.local/lib/python3.12/site-packages/airflow/example_dags/example_datasets.py
Processing file /home/airflow/.local/lib/python3.12/site-packages/airflow/example_dags/example_datasets.py for tasks to queue
Filling up the DagBag from /home/airflow/.local/lib/python3.12/site-packages/airflow/example_dags/example_datasets.py
DAG(s) 'consume_1_or_both_2_and_3_with_dataset_expressions', 'dataset_produces_1', 'conditional_dataset_and_time_based_timetable', 'dataset_consumes_1_never_scheduled', 'dataset_consumes_unknown_never_scheduled', 'dataset_produces_2', 'dataset_consumes_1', 'consume_1_or_2_with_dataset_expressions', 'dataset_consumes_1_and_2', 'consume_1_and_2_with_dataset_expressions' retrieved from /home/airflow/.local/lib/python3.12/site-packages/airflow/example_dags/example_datasets.py
Sync 10 DAGs
Setting next_dagrun for conditional_dataset_and_time_based_timetable to 2026-01-28 01:00:00+00:00, run_after=2026-01-28 01:00:00+00:00
Setting next_dagrun for consume_1_and_2_with_dataset_expressions to None, run_after=None
Setting next_dagrun for consume_1_or_2_with_dataset_expressions to None, run_after=None
Setting next_dagrun for consume_1_or_both_2_and_3_with_dataset_expressions to None, run_after=None
Setting next_dagrun for dataset_consumes_1 to None, run_after=None
Setting next_dagrun for dataset_consumes_1_and_2 to None, run_after=None
Setting next_dagrun for dataset_consumes_1_never_scheduled to None, run_after=None
Setting next_dagrun for dataset_consumes_unknown_never_scheduled to None, run_after=None
Setting next_dagrun for dataset_produces_1 to 2026-02-02 00:00:00+00:00, run_after=2026-02-02 00:00:00+00:00
Setting next_dagrun for dataset_produces_2 to None, run_after=None
Processing /home/airflow/.local/lib/python3.12/site-packages/airflow/example_dags/example_datasets.py took 0.102 seconds
Started process (PID=1710) to work on /home/airflow/.local/lib/python3.12/site-packages/airflow/example_dags/example_datasets.py
Processing file /home/airflow/.local/lib/python3.12/site-packages/airflow/example_dags/example_datasets.py for tasks to queue
Filling up the DagBag from /home/airflow/.local/lib/python3.12/site-packages/airflow/example_dags/example_datasets.py
DAG(s) 'dataset_consumes_1', 'consume_1_or_both_2_and_3_with_dataset_expressions', 'dataset_consumes_1_and_2', 'dataset_produces_2', 'consume_1_and_2_with_dataset_expressions', 'dataset_consumes_unknown_never_scheduled', 'conditional_dataset_and_time_based_timetable', 'dataset_consumes_1_never_scheduled', 'dataset_produces_1', 'consume_1_or_2_with_dataset_expressions' retrieved from /home/airflow/.local/lib/python3.12/site-packages/airflow/example_dags/example_datasets.py
Sync 10 DAGs
Setting next_dagrun for conditional_dataset_and_time_based_timetable to 2026-01-28 01:00:00+00:00, run_after=2026-01-28 01:00:00+00:00
Setting next_dagrun for consume_1_and_2_with_dataset_expressions to None, run_after=None
Setting next_dagrun for consume_1_or_2_with_dataset_expressions to None, run_after=None
Setting next_dagrun for consume_1_or_both_2_and_3_with_dataset_expressions to None, run_after=None
Setting next_dagrun for dataset_consumes_1 to None, run_after=None
Setting next_dagrun for dataset_consumes_1_and_2 to None, run_after=None
Setting next_dagrun for dataset_consumes_1_never_scheduled to None, run_after=None
Setting next_dagrun for dataset_consumes_unknown_never_scheduled to None, run_after=None
Setting next_dagrun for dataset_produces_1 to 2026-02-02 00:00:00+00:00, run_after=2026-02-02 00:00:00+00:00
Setting next_dagrun for dataset_produces_2 to None, run_after=None
Processing /home/airflow/.local/lib/python3.12/site-packages/airflow/example_dags/example_datasets.py took 0.115 seconds
Started process (PID=1783) to work on /home/airflow/.local/lib/python3.12/site-packages/airflow/example_dags/example_datasets.py
Processing file /home/airflow/.local/lib/python3.12/site-packages/airflow/example_dags/example_datasets.py for tasks to queue
Filling up the DagBag from /home/airflow/.local/lib/python3.12/site-packages/airflow/example_dags/example_datasets.py
DAG(s) 'conditional_dataset_and_time_based_timetable', 'dataset_consumes_1_and_2', 'dataset_consumes_unknown_never_scheduled', 'dataset_produces_2', 'consume_1_or_2_with_dataset_expressions', 'consume_1_and_2_with_dataset_expressions', 'consume_1_or_both_2_and_3_with_dataset_expressions', 'dataset_consumes_1', 'dataset_consumes_1_never_scheduled', 'dataset_produces_1' retrieved from /home/airflow/.local/lib/python3.12/site-packages/airflow/example_dags/example_datasets.py
Sync 10 DAGs
Setting next_dagrun for conditional_dataset_and_time_based_timetable to 2026-01-28 01:00:00+00:00, run_after=2026-01-28 01:00:00+00:00
Setting next_dagrun for consume_1_and_2_with_dataset_expressions to None, run_after=None
Setting next_dagrun for consume_1_or_2_with_dataset_expressions to None, run_after=None
Setting next_dagrun for consume_1_or_both_2_and_3_with_dataset_expressions to None, run_after=None
Setting next_dagrun for dataset_consumes_1 to None, run_after=None
Setting next_dagrun for dataset_consumes_1_and_2 to None, run_after=None
Setting next_dagrun for dataset_consumes_1_never_scheduled to None, run_after=None
Setting next_dagrun for dataset_consumes_unknown_never_scheduled to None, run_after=None
Setting next_dagrun for dataset_produces_1 to 2026-02-02 00:00:00+00:00, run_after=2026-02-02 00:00:00+00:00
Setting next_dagrun for dataset_produces_2 to None, run_after=None
Processing /home/airflow/.local/lib/python3.12/site-packages/airflow/example_dags/example_datasets.py took 0.096 seconds
Started process (PID=1848) to work on /home/airflow/.local/lib/python3.12/site-packages/airflow/example_dags/example_datasets.py
Processing file /home/airflow/.local/lib/python3.12/site-packages/airflow/example_dags/example_datasets.py for tasks to queue
Filling up the DagBag from /home/airflow/.local/lib/python3.12/site-packages/airflow/example_dags/example_datasets.py
DAG(s) 'consume_1_or_2_with_dataset_expressions', 'dataset_consumes_unknown_never_scheduled', 'dataset_consumes_1', 'consume_1_or_both_2_and_3_with_dataset_expressions', 'dataset_produces_1', 'conditional_dataset_and_time_based_timetable', 'consume_1_and_2_with_dataset_expressions', 'dataset_consumes_1_and_2', 'dataset_produces_2', 'dataset_consumes_1_never_scheduled' retrieved from /home/airflow/.local/lib/python3.12/site-packages/airflow/example_dags/example_datasets.py
Sync 10 DAGs
Setting next_dagrun for conditional_dataset_and_time_based_timetable to 2026-01-28 01:00:00+00:00, run_after=2026-01-28 01:00:00+00:00
Setting next_dagrun for consume_1_and_2_with_dataset_expressions to None, run_after=None
Setting next_dagrun for consume_1_or_2_with_dataset_expressions to None, run_after=None
Setting next_dagrun for consume_1_or_both_2_and_3_with_dataset_expressions to None, run_after=None
Setting next_dagrun for dataset_consumes_1 to None, run_after=None
Setting next_dagrun for dataset_consumes_1_and_2 to None, run_after=None
Setting next_dagrun for dataset_consumes_1_never_scheduled to None, run_after=None
Setting next_dagrun for dataset_consumes_unknown_never_scheduled to None, run_after=None
Setting next_dagrun for dataset_produces_1 to 2026-02-02 00:00:00+00:00, run_after=2026-02-02 00:00:00+00:00
Setting next_dagrun for dataset_produces_2 to None, run_after=None
Processing /home/airflow/.local/lib/python3.12/site-packages/airflow/example_dags/example_datasets.py took 0.101 seconds
Started process (PID=1922) to work on /home/airflow/.local/lib/python3.12/site-packages/airflow/example_dags/example_datasets.py
Processing file /home/airflow/.local/lib/python3.12/site-packages/airflow/example_dags/example_datasets.py for tasks to queue
Filling up the DagBag from /home/airflow/.local/lib/python3.12/site-packages/airflow/example_dags/example_datasets.py
DAG(s) 'consume_1_or_2_with_dataset_expressions', 'dataset_consumes_unknown_never_scheduled', 'dataset_consumes_1_never_scheduled', 'dataset_consumes_1', 'conditional_dataset_and_time_based_timetable', 'consume_1_or_both_2_and_3_with_dataset_expressions', 'dataset_consumes_1_and_2', 'consume_1_and_2_with_dataset_expressions', 'dataset_produces_1', 'dataset_produces_2' retrieved from /home/airflow/.local/lib/python3.12/site-packages/airflow/example_dags/example_datasets.py
Sync 10 DAGs
Setting next_dagrun for conditional_dataset_and_time_based_timetable to 2026-01-28 01:00:00+00:00, run_after=2026-01-28 01:00:00+00:00
Setting next_dagrun for consume_1_and_2_with_dataset_expressions to None, run_after=None
Setting next_dagrun for consume_1_or_2_with_dataset_expressions to None, run_after=None
Setting next_dagrun for consume_1_or_both_2_and_3_with_dataset_expressions to None, run_after=None
Setting next_dagrun for dataset_consumes_1 to None, run_after=None
Setting next_dagrun for dataset_consumes_1_and_2 to None, run_after=None
Setting next_dagrun for dataset_consumes_1_never_scheduled to None, run_after=None
Setting next_dagrun for dataset_consumes_unknown_never_scheduled to None, run_after=None
Setting next_dagrun for dataset_produces_1 to 2026-02-02 00:00:00+00:00, run_after=2026-02-02 00:00:00+00:00
Setting next_dagrun for dataset_produces_2 to None, run_after=None
Processing /home/airflow/.local/lib/python3.12/site-packages/airflow/example_dags/example_datasets.py took 0.102 seconds
Started process (PID=1988) to work on /home/airflow/.local/lib/python3.12/site-packages/airflow/example_dags/example_datasets.py
Processing file /home/airflow/.local/lib/python3.12/site-packages/airflow/example_dags/example_datasets.py for tasks to queue
Filling up the DagBag from /home/airflow/.local/lib/python3.12/site-packages/airflow/example_dags/example_datasets.py
DAG(s) 'consume_1_or_both_2_and_3_with_dataset_expressions', 'dataset_consumes_1_and_2', 'consume_1_or_2_with_dataset_expressions', 'dataset_consumes_unknown_never_scheduled', 'dataset_produces_1', 'consume_1_and_2_with_dataset_expressions', 'dataset_produces_2', 'dataset_consumes_1_never_scheduled', 'conditional_dataset_and_time_based_timetable', 'dataset_consumes_1' retrieved from /home/airflow/.local/lib/python3.12/site-packages/airflow/example_dags/example_datasets.py
Sync 10 DAGs
Setting next_dagrun for conditional_dataset_and_time_based_timetable to 2026-01-28 01:00:00+00:00, run_after=2026-01-28 01:00:00+00:00
Setting next_dagrun for consume_1_and_2_with_dataset_expressions to None, run_after=None
Setting next_dagrun for consume_1_or_2_with_dataset_expressions to None, run_after=None
Setting next_dagrun for consume_1_or_both_2_and_3_with_dataset_expressions to None, run_after=None
Setting next_dagrun for dataset_consumes_1 to None, run_after=None
Setting next_dagrun for dataset_consumes_1_and_2 to None, run_after=None
Setting next_dagrun for dataset_consumes_1_never_scheduled to None, run_after=None
Setting next_dagrun for dataset_consumes_unknown_never_scheduled to None, run_after=None
Setting next_dagrun for dataset_produces_1 to 2026-02-02 00:00:00+00:00, run_after=2026-02-02 00:00:00+00:00
Setting next_dagrun for dataset_produces_2 to None, run_after=None
Processing /home/airflow/.local/lib/python3.12/site-packages/airflow/example_dags/example_datasets.py took 0.097 seconds
Started process (PID=39) to work on /home/airflow/.local/lib/python3.12/site-packages/airflow/example_dags/example_datasets.py
Processing file /home/airflow/.local/lib/python3.12/site-packages/airflow/example_dags/example_datasets.py for tasks to queue
Filling up the DagBag from /home/airflow/.local/lib/python3.12/site-packages/airflow/example_dags/example_datasets.py
DAG(s) 'dataset_consumes_unknown_never_scheduled', 'dataset_consumes_1_and_2', 'dataset_produces_2', 'consume_1_or_both_2_and_3_with_dataset_expressions', 'consume_1_and_2_with_dataset_expressions', 'dataset_consumes_1_never_scheduled', 'dataset_produces_1', 'consume_1_or_2_with_dataset_expressions', 'conditional_dataset_and_time_based_timetable', 'dataset_consumes_1' retrieved from /home/airflow/.local/lib/python3.12/site-packages/airflow/example_dags/example_datasets.py
Sync 10 DAGs
Setting next_dagrun for conditional_dataset_and_time_based_timetable to 2026-01-28 01:00:00+00:00, run_after=2026-01-28 01:00:00+00:00
Setting next_dagrun for consume_1_and_2_with_dataset_expressions to None, run_after=None
Setting next_dagrun for consume_1_or_2_with_dataset_expressions to None, run_after=None
Setting next_dagrun for consume_1_or_both_2_and_3_with_dataset_expressions to None, run_after=None
Setting next_dagrun for dataset_consumes_1 to None, run_after=None
Setting next_dagrun for dataset_consumes_1_and_2 to None, run_after=None
Setting next_dagrun for dataset_consumes_1_never_scheduled to None, run_after=None
Setting next_dagrun for dataset_consumes_unknown_never_scheduled to None, run_after=None
Setting next_dagrun for dataset_produces_1 to 2026-02-02 00:00:00+00:00, run_after=2026-02-02 00:00:00+00:00
Setting next_dagrun for dataset_produces_2 to None, run_after=None
Processing /home/airflow/.local/lib/python3.12/site-packages/airflow/example_dags/example_datasets.py took 0.424 seconds
Started process (PID=105) to work on /home/airflow/.local/lib/python3.12/site-packages/airflow/example_dags/example_datasets.py
Processing file /home/airflow/.local/lib/python3.12/site-packages/airflow/example_dags/example_datasets.py for tasks to queue
Filling up the DagBag from /home/airflow/.local/lib/python3.12/site-packages/airflow/example_dags/example_datasets.py
DAG(s) 'dataset_consumes_1_and_2', 'consume_1_and_2_with_dataset_expressions', 'dataset_produces_2', 'consume_1_or_both_2_and_3_with_dataset_expressions', 'conditional_dataset_and_time_based_timetable', 'dataset_consumes_1', 'dataset_consumes_1_never_scheduled', 'consume_1_or_2_with_dataset_expressions', 'dataset_produces_1', 'dataset_consumes_unknown_never_scheduled' retrieved from /home/airflow/.local/lib/python3.12/site-packages/airflow/example_dags/example_datasets.py
Sync 10 DAGs
Setting next_dagrun for conditional_dataset_and_time_based_timetable to 2026-01-28 01:00:00+00:00, run_after=2026-01-28 01:00:00+00:00
Setting next_dagrun for consume_1_and_2_with_dataset_expressions to None, run_after=None
Setting next_dagrun for consume_1_or_2_with_dataset_expressions to None, run_after=None
Setting next_dagrun for consume_1_or_both_2_and_3_with_dataset_expressions to None, run_after=None
Setting next_dagrun for dataset_consumes_1 to None, run_after=None
Setting next_dagrun for dataset_consumes_1_and_2 to None, run_after=None
Setting next_dagrun for dataset_consumes_1_never_scheduled to None, run_after=None
Setting next_dagrun for dataset_consumes_unknown_never_scheduled to None, run_after=None
Setting next_dagrun for dataset_produces_1 to 2026-02-02 00:00:00+00:00, run_after=2026-02-02 00:00:00+00:00
Setting next_dagrun for dataset_produces_2 to None, run_after=None
Processing /home/airflow/.local/lib/python3.12/site-packages/airflow/example_dags/example_datasets.py took 0.119 seconds
Started process (PID=171) to work on /home/airflow/.local/lib/python3.12/site-packages/airflow/example_dags/example_datasets.py
Processing file /home/airflow/.local/lib/python3.12/site-packages/airflow/example_dags/example_datasets.py for tasks to queue
Filling up the DagBag from /home/airflow/.local/lib/python3.12/site-packages/airflow/example_dags/example_datasets.py
DAG(s) 'conditional_dataset_and_time_based_timetable', 'dataset_produces_2', 'dataset_produces_1', 'dataset_consumes_unknown_never_scheduled', 'consume_1_or_both_2_and_3_with_dataset_expressions', 'consume_1_or_2_with_dataset_expressions', 'dataset_consumes_1_never_scheduled', 'dataset_consumes_1', 'consume_1_and_2_with_dataset_expressions', 'dataset_consumes_1_and_2' retrieved from /home/airflow/.local/lib/python3.12/site-packages/airflow/example_dags/example_datasets.py
Sync 10 DAGs
Setting next_dagrun for conditional_dataset_and_time_based_timetable to 2026-01-28 01:00:00+00:00, run_after=2026-01-28 01:00:00+00:00
Setting next_dagrun for consume_1_and_2_with_dataset_expressions to None, run_after=None
Setting next_dagrun for consume_1_or_2_with_dataset_expressions to None, run_after=None
Setting next_dagrun for consume_1_or_both_2_and_3_with_dataset_expressions to None, run_after=None
Setting next_dagrun for dataset_consumes_1 to None, run_after=None
Setting next_dagrun for dataset_consumes_1_and_2 to None, run_after=None
Setting next_dagrun for dataset_consumes_1_never_scheduled to None, run_after=None
Setting next_dagrun for dataset_consumes_unknown_never_scheduled to None, run_after=None
Setting next_dagrun for dataset_produces_1 to 2026-02-02 00:00:00+00:00, run_after=2026-02-02 00:00:00+00:00
Setting next_dagrun for dataset_produces_2 to None, run_after=None
Processing /home/airflow/.local/lib/python3.12/site-packages/airflow/example_dags/example_datasets.py took 0.124 seconds
Started process (PID=244) to work on /home/airflow/.local/lib/python3.12/site-packages/airflow/example_dags/example_datasets.py
Processing file /home/airflow/.local/lib/python3.12/site-packages/airflow/example_dags/example_datasets.py for tasks to queue
Filling up the DagBag from /home/airflow/.local/lib/python3.12/site-packages/airflow/example_dags/example_datasets.py
DAG(s) 'dataset_consumes_1_and_2', 'dataset_produces_2', 'dataset_consumes_unknown_never_scheduled', 'conditional_dataset_and_time_based_timetable', 'dataset_consumes_1_never_scheduled', 'consume_1_or_2_with_dataset_expressions', 'dataset_produces_1', 'consume_1_or_both_2_and_3_with_dataset_expressions', 'dataset_consumes_1', 'consume_1_and_2_with_dataset_expressions' retrieved from /home/airflow/.local/lib/python3.12/site-packages/airflow/example_dags/example_datasets.py
Sync 10 DAGs
Setting next_dagrun for conditional_dataset_and_time_based_timetable to 2026-01-28 01:00:00+00:00, run_after=2026-01-28 01:00:00+00:00
Setting next_dagrun for consume_1_and_2_with_dataset_expressions to None, run_after=None
Setting next_dagrun for consume_1_or_2_with_dataset_expressions to None, run_after=None
Setting next_dagrun for consume_1_or_both_2_and_3_with_dataset_expressions to None, run_after=None
Setting next_dagrun for dataset_consumes_1 to None, run_after=None
Setting next_dagrun for dataset_consumes_1_and_2 to None, run_after=None
Setting next_dagrun for dataset_consumes_1_never_scheduled to None, run_after=None
Setting next_dagrun for dataset_consumes_unknown_never_scheduled to None, run_after=None
Setting next_dagrun for dataset_produces_1 to 2026-02-02 00:00:00+00:00, run_after=2026-02-02 00:00:00+00:00
Setting next_dagrun for dataset_produces_2 to None, run_after=None
Processing /home/airflow/.local/lib/python3.12/site-packages/airflow/example_dags/example_datasets.py took 0.100 seconds
Started process (PID=317) to work on /home/airflow/.local/lib/python3.12/site-packages/airflow/example_dags/example_datasets.py
Processing file /home/airflow/.local/lib/python3.12/site-packages/airflow/example_dags/example_datasets.py for tasks to queue
Filling up the DagBag from /home/airflow/.local/lib/python3.12/site-packages/airflow/example_dags/example_datasets.py
DAG(s) 'dataset_produces_2', 'consume_1_or_both_2_and_3_with_dataset_expressions', 'dataset_consumes_1', 'dataset_produces_1', 'dataset_consumes_unknown_never_scheduled', 'conditional_dataset_and_time_based_timetable', 'dataset_consumes_1_and_2', 'dataset_consumes_1_never_scheduled', 'consume_1_and_2_with_dataset_expressions', 'consume_1_or_2_with_dataset_expressions' retrieved from /home/airflow/.local/lib/python3.12/site-packages/airflow/example_dags/example_datasets.py
Sync 10 DAGs
Setting next_dagrun for conditional_dataset_and_time_based_timetable to 2026-01-28 01:00:00+00:00, run_after=2026-01-28 01:00:00+00:00
Setting next_dagrun for consume_1_and_2_with_dataset_expressions to None, run_after=None
Setting next_dagrun for consume_1_or_2_with_dataset_expressions to None, run_after=None
Setting next_dagrun for consume_1_or_both_2_and_3_with_dataset_expressions to None, run_after=None
Setting next_dagrun for dataset_consumes_1 to None, run_after=None
Setting next_dagrun for dataset_consumes_1_and_2 to None, run_after=None
Setting next_dagrun for dataset_consumes_1_never_scheduled to None, run_after=None
Setting next_dagrun for dataset_consumes_unknown_never_scheduled to None, run_after=None
Setting next_dagrun for dataset_produces_1 to 2026-02-02 00:00:00+00:00, run_after=2026-02-02 00:00:00+00:00
Setting next_dagrun for dataset_produces_2 to None, run_after=None
Processing /home/airflow/.local/lib/python3.12/site-packages/airflow/example_dags/example_datasets.py took 0.119 seconds
Started process (PID=383) to work on /home/airflow/.local/lib/python3.12/site-packages/airflow/example_dags/example_datasets.py
Processing file /home/airflow/.local/lib/python3.12/site-packages/airflow/example_dags/example_datasets.py for tasks to queue
Filling up the DagBag from /home/airflow/.local/lib/python3.12/site-packages/airflow/example_dags/example_datasets.py
DAG(s) 'consume_1_or_both_2_and_3_with_dataset_expressions', 'dataset_consumes_1_and_2', 'dataset_produces_1', 'dataset_consumes_1_never_scheduled', 'consume_1_and_2_with_dataset_expressions', 'dataset_produces_2', 'consume_1_or_2_with_dataset_expressions', 'dataset_consumes_unknown_never_scheduled', 'conditional_dataset_and_time_based_timetable', 'dataset_consumes_1' retrieved from /home/airflow/.local/lib/python3.12/site-packages/airflow/example_dags/example_datasets.py
Sync 10 DAGs
Setting next_dagrun for conditional_dataset_and_time_based_timetable to 2026-01-28 01:00:00+00:00, run_after=2026-01-28 01:00:00+00:00
Setting next_dagrun for consume_1_and_2_with_dataset_expressions to None, run_after=None
Setting next_dagrun for consume_1_or_2_with_dataset_expressions to None, run_after=None
Setting next_dagrun for consume_1_or_both_2_and_3_with_dataset_expressions to None, run_after=None
Setting next_dagrun for dataset_consumes_1 to None, run_after=None
Setting next_dagrun for dataset_consumes_1_and_2 to None, run_after=None
Setting next_dagrun for dataset_consumes_1_never_scheduled to None, run_after=None
Setting next_dagrun for dataset_consumes_unknown_never_scheduled to None, run_after=None
Setting next_dagrun for dataset_produces_1 to 2026-02-02 00:00:00+00:00, run_after=2026-02-02 00:00:00+00:00
Setting next_dagrun for dataset_produces_2 to None, run_after=None
Processing /home/airflow/.local/lib/python3.12/site-packages/airflow/example_dags/example_datasets.py took 0.098 seconds
Started process (PID=456) to work on /home/airflow/.local/lib/python3.12/site-packages/airflow/example_dags/example_datasets.py
Processing file /home/airflow/.local/lib/python3.12/site-packages/airflow/example_dags/example_datasets.py for tasks to queue
Filling up the DagBag from /home/airflow/.local/lib/python3.12/site-packages/airflow/example_dags/example_datasets.py
DAG(s) 'dataset_consumes_1_never_scheduled', 'dataset_produces_2', 'dataset_consumes_1', 'consume_1_or_both_2_and_3_with_dataset_expressions', 'conditional_dataset_and_time_based_timetable', 'dataset_consumes_unknown_never_scheduled', 'dataset_consumes_1_and_2', 'consume_1_and_2_with_dataset_expressions', 'dataset_produces_1', 'consume_1_or_2_with_dataset_expressions' retrieved from /home/airflow/.local/lib/python3.12/site-packages/airflow/example_dags/example_datasets.py
Sync 10 DAGs
Setting next_dagrun for conditional_dataset_and_time_based_timetable to 2026-01-28 01:00:00+00:00, run_after=2026-01-28 01:00:00+00:00
Setting next_dagrun for consume_1_and_2_with_dataset_expressions to None, run_after=None
Setting next_dagrun for consume_1_or_2_with_dataset_expressions to None, run_after=None
Setting next_dagrun for consume_1_or_both_2_and_3_with_dataset_expressions to None, run_after=None
Setting next_dagrun for dataset_consumes_1 to None, run_after=None
Setting next_dagrun for dataset_consumes_1_and_2 to None, run_after=None
Setting next_dagrun for dataset_consumes_1_never_scheduled to None, run_after=None
Setting next_dagrun for dataset_consumes_unknown_never_scheduled to None, run_after=None
Setting next_dagrun for dataset_produces_1 to 2026-02-02 00:00:00+00:00, run_after=2026-02-02 00:00:00+00:00
Setting next_dagrun for dataset_produces_2 to None, run_after=None
Processing /home/airflow/.local/lib/python3.12/site-packages/airflow/example_dags/example_datasets.py took 0.104 seconds
Started process (PID=522) to work on /home/airflow/.local/lib/python3.12/site-packages/airflow/example_dags/example_datasets.py
Processing file /home/airflow/.local/lib/python3.12/site-packages/airflow/example_dags/example_datasets.py for tasks to queue
Filling up the DagBag from /home/airflow/.local/lib/python3.12/site-packages/airflow/example_dags/example_datasets.py
DAG(s) 'conditional_dataset_and_time_based_timetable', 'dataset_produces_2', 'dataset_consumes_unknown_never_scheduled', 'consume_1_or_both_2_and_3_with_dataset_expressions', 'dataset_consumes_1', 'dataset_produces_1', 'consume_1_or_2_with_dataset_expressions', 'dataset_consumes_1_never_scheduled', 'consume_1_and_2_with_dataset_expressions', 'dataset_consumes_1_and_2' retrieved from /home/airflow/.local/lib/python3.12/site-packages/airflow/example_dags/example_datasets.py
Sync 10 DAGs
Setting next_dagrun for conditional_dataset_and_time_based_timetable to 2026-01-28 01:00:00+00:00, run_after=2026-01-28 01:00:00+00:00
Setting next_dagrun for consume_1_and_2_with_dataset_expressions to None, run_after=None
Setting next_dagrun for consume_1_or_2_with_dataset_expressions to None, run_after=None
Setting next_dagrun for consume_1_or_both_2_and_3_with_dataset_expressions to None, run_after=None
Setting next_dagrun for dataset_consumes_1 to None, run_after=None
Setting next_dagrun for dataset_consumes_1_and_2 to None, run_after=None
Setting next_dagrun for dataset_consumes_1_never_scheduled to None, run_after=None
Setting next_dagrun for dataset_consumes_unknown_never_scheduled to None, run_after=None
Setting next_dagrun for dataset_produces_1 to 2026-02-02 00:00:00+00:00, run_after=2026-02-02 00:00:00+00:00
Setting next_dagrun for dataset_produces_2 to None, run_after=None
Processing /home/airflow/.local/lib/python3.12/site-packages/airflow/example_dags/example_datasets.py took 0.099 seconds
Started process (PID=595) to work on /home/airflow/.local/lib/python3.12/site-packages/airflow/example_dags/example_datasets.py
Processing file /home/airflow/.local/lib/python3.12/site-packages/airflow/example_dags/example_datasets.py for tasks to queue
Filling up the DagBag from /home/airflow/.local/lib/python3.12/site-packages/airflow/example_dags/example_datasets.py
DAG(s) 'consume_1_or_both_2_and_3_with_dataset_expressions', 'consume_1_and_2_with_dataset_expressions', 'dataset_consumes_1_and_2', 'dataset_consumes_1_never_scheduled', 'dataset_consumes_1', 'conditional_dataset_and_time_based_timetable', 'dataset_consumes_unknown_never_scheduled', 'dataset_produces_1', 'consume_1_or_2_with_dataset_expressions', 'dataset_produces_2' retrieved from /home/airflow/.local/lib/python3.12/site-packages/airflow/example_dags/example_datasets.py
Sync 10 DAGs
Setting next_dagrun for conditional_dataset_and_time_based_timetable to 2026-01-28 01:00:00+00:00, run_after=2026-01-28 01:00:00+00:00
Setting next_dagrun for consume_1_and_2_with_dataset_expressions to None, run_after=None
Setting next_dagrun for consume_1_or_2_with_dataset_expressions to None, run_after=None
Setting next_dagrun for consume_1_or_both_2_and_3_with_dataset_expressions to None, run_after=None
Setting next_dagrun for dataset_consumes_1 to None, run_after=None
Setting next_dagrun for dataset_consumes_1_and_2 to None, run_after=None
Setting next_dagrun for dataset_consumes_1_never_scheduled to None, run_after=None
Setting next_dagrun for dataset_consumes_unknown_never_scheduled to None, run_after=None
Setting next_dagrun for dataset_produces_1 to 2026-02-02 00:00:00+00:00, run_after=2026-02-02 00:00:00+00:00
Setting next_dagrun for dataset_produces_2 to None, run_after=None
Processing /home/airflow/.local/lib/python3.12/site-packages/airflow/example_dags/example_datasets.py took 0.108 seconds
Started process (PID=661) to work on /home/airflow/.local/lib/python3.12/site-packages/airflow/example_dags/example_datasets.py
Processing file /home/airflow/.local/lib/python3.12/site-packages/airflow/example_dags/example_datasets.py for tasks to queue
Filling up the DagBag from /home/airflow/.local/lib/python3.12/site-packages/airflow/example_dags/example_datasets.py
DAG(s) 'dataset_produces_1', 'consume_1_and_2_with_dataset_expressions', 'consume_1_or_2_with_dataset_expressions', 'dataset_consumes_unknown_never_scheduled', 'conditional_dataset_and_time_based_timetable', 'dataset_consumes_1', 'dataset_consumes_1_never_scheduled', 'dataset_consumes_1_and_2', 'dataset_produces_2', 'consume_1_or_both_2_and_3_with_dataset_expressions' retrieved from /home/airflow/.local/lib/python3.12/site-packages/airflow/example_dags/example_datasets.py
Sync 10 DAGs
Setting next_dagrun for conditional_dataset_and_time_based_timetable to 2026-01-28 01:00:00+00:00, run_after=2026-01-28 01:00:00+00:00
Setting next_dagrun for consume_1_and_2_with_dataset_expressions to None, run_after=None
Setting next_dagrun for consume_1_or_2_with_dataset_expressions to None, run_after=None
Setting next_dagrun for consume_1_or_both_2_and_3_with_dataset_expressions to None, run_after=None
Setting next_dagrun for dataset_consumes_1 to None, run_after=None
Setting next_dagrun for dataset_consumes_1_and_2 to None, run_after=None
Setting next_dagrun for dataset_consumes_1_never_scheduled to None, run_after=None
Setting next_dagrun for dataset_consumes_unknown_never_scheduled to None, run_after=None
Setting next_dagrun for dataset_produces_1 to 2026-02-02 00:00:00+00:00, run_after=2026-02-02 00:00:00+00:00
Setting next_dagrun for dataset_produces_2 to None, run_after=None
Processing /home/airflow/.local/lib/python3.12/site-packages/airflow/example_dags/example_datasets.py took 0.101 seconds
Started process (PID=734) to work on /home/airflow/.local/lib/python3.12/site-packages/airflow/example_dags/example_datasets.py
Processing file /home/airflow/.local/lib/python3.12/site-packages/airflow/example_dags/example_datasets.py for tasks to queue
Filling up the DagBag from /home/airflow/.local/lib/python3.12/site-packages/airflow/example_dags/example_datasets.py
DAG(s) 'consume_1_or_2_with_dataset_expressions', 'dataset_consumes_unknown_never_scheduled', 'dataset_produces_2', 'dataset_produces_1', 'consume_1_and_2_with_dataset_expressions', 'dataset_consumes_1_and_2', 'dataset_consumes_1_never_scheduled', 'dataset_consumes_1', 'consume_1_or_both_2_and_3_with_dataset_expressions', 'conditional_dataset_and_time_based_timetable' retrieved from /home/airflow/.local/lib/python3.12/site-packages/airflow/example_dags/example_datasets.py
Sync 10 DAGs
Setting next_dagrun for conditional_dataset_and_time_based_timetable to 2026-01-28 01:00:00+00:00, run_after=2026-01-28 01:00:00+00:00
Setting next_dagrun for consume_1_and_2_with_dataset_expressions to None, run_after=None
Setting next_dagrun for consume_1_or_2_with_dataset_expressions to None, run_after=None
Setting next_dagrun for consume_1_or_both_2_and_3_with_dataset_expressions to None, run_after=None
Setting next_dagrun for dataset_consumes_1 to None, run_after=None
Setting next_dagrun for dataset_consumes_1_and_2 to None, run_after=None
Setting next_dagrun for dataset_consumes_1_never_scheduled to None, run_after=None
Setting next_dagrun for dataset_consumes_unknown_never_scheduled to None, run_after=None
Setting next_dagrun for dataset_produces_1 to 2026-02-02 00:00:00+00:00, run_after=2026-02-02 00:00:00+00:00
Setting next_dagrun for dataset_produces_2 to None, run_after=None
Processing /home/airflow/.local/lib/python3.12/site-packages/airflow/example_dags/example_datasets.py took 0.118 seconds
Started process (PID=800) to work on /home/airflow/.local/lib/python3.12/site-packages/airflow/example_dags/example_datasets.py
Processing file /home/airflow/.local/lib/python3.12/site-packages/airflow/example_dags/example_datasets.py for tasks to queue
Filling up the DagBag from /home/airflow/.local/lib/python3.12/site-packages/airflow/example_dags/example_datasets.py
DAG(s) 'dataset_consumes_1_never_scheduled', 'dataset_consumes_1', 'conditional_dataset_and_time_based_timetable', 'dataset_produces_2', 'dataset_produces_1', 'consume_1_or_both_2_and_3_with_dataset_expressions', 'dataset_consumes_1_and_2', 'consume_1_and_2_with_dataset_expressions', 'consume_1_or_2_with_dataset_expressions', 'dataset_consumes_unknown_never_scheduled' retrieved from /home/airflow/.local/lib/python3.12/site-packages/airflow/example_dags/example_datasets.py
Sync 10 DAGs
Setting next_dagrun for conditional_dataset_and_time_based_timetable to 2026-01-28 01:00:00+00:00, run_after=2026-01-28 01:00:00+00:00
Setting next_dagrun for consume_1_and_2_with_dataset_expressions to None, run_after=None
Setting next_dagrun for consume_1_or_2_with_dataset_expressions to None, run_after=None
Setting next_dagrun for consume_1_or_both_2_and_3_with_dataset_expressions to None, run_after=None
Setting next_dagrun for dataset_consumes_1 to None, run_after=None
Setting next_dagrun for dataset_consumes_1_and_2 to None, run_after=None
Setting next_dagrun for dataset_consumes_1_never_scheduled to None, run_after=None
Setting next_dagrun for dataset_consumes_unknown_never_scheduled to None, run_after=None
Setting next_dagrun for dataset_produces_1 to 2026-02-02 00:00:00+00:00, run_after=2026-02-02 00:00:00+00:00
Setting next_dagrun for dataset_produces_2 to None, run_after=None
Processing /home/airflow/.local/lib/python3.12/site-packages/airflow/example_dags/example_datasets.py took 0.102 seconds
Started process (PID=866) to work on /home/airflow/.local/lib/python3.12/site-packages/airflow/example_dags/example_datasets.py
Processing file /home/airflow/.local/lib/python3.12/site-packages/airflow/example_dags/example_datasets.py for tasks to queue
Filling up the DagBag from /home/airflow/.local/lib/python3.12/site-packages/airflow/example_dags/example_datasets.py
DAG(s) 'dataset_produces_1', 'dataset_consumes_1', 'consume_1_or_both_2_and_3_with_dataset_expressions', 'dataset_produces_2', 'consume_1_and_2_with_dataset_expressions', 'consume_1_or_2_with_dataset_expressions', 'dataset_consumes_unknown_never_scheduled', 'conditional_dataset_and_time_based_timetable', 'dataset_consumes_1_never_scheduled', 'dataset_consumes_1_and_2' retrieved from /home/airflow/.local/lib/python3.12/site-packages/airflow/example_dags/example_datasets.py
Sync 10 DAGs
Setting next_dagrun for conditional_dataset_and_time_based_timetable to 2026-01-28 01:00:00+00:00, run_after=2026-01-28 01:00:00+00:00
Setting next_dagrun for consume_1_and_2_with_dataset_expressions to None, run_after=None
Setting next_dagrun for consume_1_or_2_with_dataset_expressions to None, run_after=None
Setting next_dagrun for consume_1_or_both_2_and_3_with_dataset_expressions to None, run_after=None
Setting next_dagrun for dataset_consumes_1 to None, run_after=None
Setting next_dagrun for dataset_consumes_1_and_2 to None, run_after=None
Setting next_dagrun for dataset_consumes_1_never_scheduled to None, run_after=None
Setting next_dagrun for dataset_consumes_unknown_never_scheduled to None, run_after=None
Setting next_dagrun for dataset_produces_1 to 2026-02-02 00:00:00+00:00, run_after=2026-02-02 00:00:00+00:00
Setting next_dagrun for dataset_produces_2 to None, run_after=None
Processing /home/airflow/.local/lib/python3.12/site-packages/airflow/example_dags/example_datasets.py took 0.108 seconds
Started process (PID=939) to work on /home/airflow/.local/lib/python3.12/site-packages/airflow/example_dags/example_datasets.py
Processing file /home/airflow/.local/lib/python3.12/site-packages/airflow/example_dags/example_datasets.py for tasks to queue
Filling up the DagBag from /home/airflow/.local/lib/python3.12/site-packages/airflow/example_dags/example_datasets.py
DAG(s) 'conditional_dataset_and_time_based_timetable', 'consume_1_and_2_with_dataset_expressions', 'dataset_produces_2', 'dataset_consumes_1_never_scheduled', 'dataset_consumes_unknown_never_scheduled', 'consume_1_or_2_with_dataset_expressions', 'dataset_consumes_1', 'consume_1_or_both_2_and_3_with_dataset_expressions', 'dataset_consumes_1_and_2', 'dataset_produces_1' retrieved from /home/airflow/.local/lib/python3.12/site-packages/airflow/example_dags/example_datasets.py
Sync 10 DAGs
Setting next_dagrun for conditional_dataset_and_time_based_timetable to 2026-01-28 01:00:00+00:00, run_after=2026-01-28 01:00:00+00:00
Setting next_dagrun for consume_1_and_2_with_dataset_expressions to None, run_after=None
Setting next_dagrun for consume_1_or_2_with_dataset_expressions to None, run_after=None
Setting next_dagrun for consume_1_or_both_2_and_3_with_dataset_expressions to None, run_after=None
Setting next_dagrun for dataset_consumes_1 to None, run_after=None
Setting next_dagrun for dataset_consumes_1_and_2 to None, run_after=None
Setting next_dagrun for dataset_consumes_1_never_scheduled to None, run_after=None
Setting next_dagrun for dataset_consumes_unknown_never_scheduled to None, run_after=None
Setting next_dagrun for dataset_produces_1 to 2026-02-02 00:00:00+00:00, run_after=2026-02-02 00:00:00+00:00
Setting next_dagrun for dataset_produces_2 to None, run_after=None
Processing /home/airflow/.local/lib/python3.12/site-packages/airflow/example_dags/example_datasets.py took 0.103 seconds
Started process (PID=1013) to work on /home/airflow/.local/lib/python3.12/site-packages/airflow/example_dags/example_datasets.py
Processing file /home/airflow/.local/lib/python3.12/site-packages/airflow/example_dags/example_datasets.py for tasks to queue
Filling up the DagBag from /home/airflow/.local/lib/python3.12/site-packages/airflow/example_dags/example_datasets.py
DAG(s) 'consume_1_or_both_2_and_3_with_dataset_expressions', 'dataset_produces_1', 'dataset_consumes_1_never_scheduled', 'dataset_consumes_unknown_never_scheduled', 'dataset_consumes_1_and_2', 'dataset_consumes_1', 'conditional_dataset_and_time_based_timetable', 'consume_1_and_2_with_dataset_expressions', 'dataset_produces_2', 'consume_1_or_2_with_dataset_expressions' retrieved from /home/airflow/.local/lib/python3.12/site-packages/airflow/example_dags/example_datasets.py
Sync 10 DAGs
Setting next_dagrun for conditional_dataset_and_time_based_timetable to 2026-01-28 01:00:00+00:00, run_after=2026-01-28 01:00:00+00:00
Setting next_dagrun for consume_1_and_2_with_dataset_expressions to None, run_after=None
Setting next_dagrun for consume_1_or_2_with_dataset_expressions to None, run_after=None
Setting next_dagrun for consume_1_or_both_2_and_3_with_dataset_expressions to None, run_after=None
Setting next_dagrun for dataset_consumes_1 to None, run_after=None
Setting next_dagrun for dataset_consumes_1_and_2 to None, run_after=None
Setting next_dagrun for dataset_consumes_1_never_scheduled to None, run_after=None
Setting next_dagrun for dataset_consumes_unknown_never_scheduled to None, run_after=None
Setting next_dagrun for dataset_produces_1 to 2026-02-02 00:00:00+00:00, run_after=2026-02-02 00:00:00+00:00
Setting next_dagrun for dataset_produces_2 to None, run_after=None
Processing /home/airflow/.local/lib/python3.12/site-packages/airflow/example_dags/example_datasets.py took 0.103 seconds
Started process (PID=1079) to work on /home/airflow/.local/lib/python3.12/site-packages/airflow/example_dags/example_datasets.py
Processing file /home/airflow/.local/lib/python3.12/site-packages/airflow/example_dags/example_datasets.py for tasks to queue
Filling up the DagBag from /home/airflow/.local/lib/python3.12/site-packages/airflow/example_dags/example_datasets.py
DAG(s) 'conditional_dataset_and_time_based_timetable', 'consume_1_and_2_with_dataset_expressions', 'consume_1_or_both_2_and_3_with_dataset_expressions', 'dataset_consumes_1_and_2', 'dataset_produces_2', 'consume_1_or_2_with_dataset_expressions', 'dataset_consumes_1_never_scheduled', 'dataset_consumes_unknown_never_scheduled', 'dataset_consumes_1', 'dataset_produces_1' retrieved from /home/airflow/.local/lib/python3.12/site-packages/airflow/example_dags/example_datasets.py
Sync 10 DAGs
Setting next_dagrun for conditional_dataset_and_time_based_timetable to 2026-01-28 01:00:00+00:00, run_after=2026-01-28 01:00:00+00:00
Setting next_dagrun for consume_1_and_2_with_dataset_expressions to None, run_after=None
Setting next_dagrun for consume_1_or_2_with_dataset_expressions to None, run_after=None
Setting next_dagrun for consume_1_or_both_2_and_3_with_dataset_expressions to None, run_after=None
Setting next_dagrun for dataset_consumes_1 to None, run_after=None
Setting next_dagrun for dataset_consumes_1_and_2 to None, run_after=None
Setting next_dagrun for dataset_consumes_1_never_scheduled to None, run_after=None
Setting next_dagrun for dataset_consumes_unknown_never_scheduled to None, run_after=None
Setting next_dagrun for dataset_produces_1 to 2026-02-02 00:00:00+00:00, run_after=2026-02-02 00:00:00+00:00
Setting next_dagrun for dataset_produces_2 to None, run_after=None
Processing /home/airflow/.local/lib/python3.12/site-packages/airflow/example_dags/example_datasets.py took 0.105 seconds
Started process (PID=1152) to work on /home/airflow/.local/lib/python3.12/site-packages/airflow/example_dags/example_datasets.py
Processing file /home/airflow/.local/lib/python3.12/site-packages/airflow/example_dags/example_datasets.py for tasks to queue
Filling up the DagBag from /home/airflow/.local/lib/python3.12/site-packages/airflow/example_dags/example_datasets.py
DAG(s) 'dataset_consumes_unknown_never_scheduled', 'dataset_produces_1', 'dataset_consumes_1', 'consume_1_or_2_with_dataset_expressions', 'consume_1_or_both_2_and_3_with_dataset_expressions', 'consume_1_and_2_with_dataset_expressions', 'dataset_produces_2', 'dataset_consumes_1_never_scheduled', 'conditional_dataset_and_time_based_timetable', 'dataset_consumes_1_and_2' retrieved from /home/airflow/.local/lib/python3.12/site-packages/airflow/example_dags/example_datasets.py
Sync 10 DAGs
Setting next_dagrun for conditional_dataset_and_time_based_timetable to 2026-01-28 01:00:00+00:00, run_after=2026-01-28 01:00:00+00:00
Setting next_dagrun for consume_1_and_2_with_dataset_expressions to None, run_after=None
Setting next_dagrun for consume_1_or_2_with_dataset_expressions to None, run_after=None
Setting next_dagrun for consume_1_or_both_2_and_3_with_dataset_expressions to None, run_after=None
Setting next_dagrun for dataset_consumes_1 to None, run_after=None
Setting next_dagrun for dataset_consumes_1_and_2 to None, run_after=None
Setting next_dagrun for dataset_consumes_1_never_scheduled to None, run_after=None
Setting next_dagrun for dataset_consumes_unknown_never_scheduled to None, run_after=None
Setting next_dagrun for dataset_produces_1 to 2026-02-02 00:00:00+00:00, run_after=2026-02-02 00:00:00+00:00
Setting next_dagrun for dataset_produces_2 to None, run_after=None
Processing /home/airflow/.local/lib/python3.12/site-packages/airflow/example_dags/example_datasets.py took 0.107 seconds
Started process (PID=1218) to work on /home/airflow/.local/lib/python3.12/site-packages/airflow/example_dags/example_datasets.py
Processing file /home/airflow/.local/lib/python3.12/site-packages/airflow/example_dags/example_datasets.py for tasks to queue
Filling up the DagBag from /home/airflow/.local/lib/python3.12/site-packages/airflow/example_dags/example_datasets.py
DAG(s) 'consume_1_or_2_with_dataset_expressions', 'dataset_consumes_1_and_2', 'conditional_dataset_and_time_based_timetable', 'dataset_produces_1', 'dataset_consumes_unknown_never_scheduled', 'consume_1_and_2_with_dataset_expressions', 'dataset_consumes_1', 'dataset_consumes_1_never_scheduled', 'dataset_produces_2', 'consume_1_or_both_2_and_3_with_dataset_expressions' retrieved from /home/airflow/.local/lib/python3.12/site-packages/airflow/example_dags/example_datasets.py
Sync 10 DAGs
Setting next_dagrun for conditional_dataset_and_time_based_timetable to 2026-01-28 01:00:00+00:00, run_after=2026-01-28 01:00:00+00:00
Setting next_dagrun for consume_1_and_2_with_dataset_expressions to None, run_after=None
Setting next_dagrun for consume_1_or_2_with_dataset_expressions to None, run_after=None
Setting next_dagrun for consume_1_or_both_2_and_3_with_dataset_expressions to None, run_after=None
Setting next_dagrun for dataset_consumes_1 to None, run_after=None
Setting next_dagrun for dataset_consumes_1_and_2 to None, run_after=None
Setting next_dagrun for dataset_consumes_1_never_scheduled to None, run_after=None
Setting next_dagrun for dataset_consumes_unknown_never_scheduled to None, run_after=None
Setting next_dagrun for dataset_produces_1 to 2026-02-02 00:00:00+00:00, run_after=2026-02-02 00:00:00+00:00
Setting next_dagrun for dataset_produces_2 to None, run_after=None
Processing /home/airflow/.local/lib/python3.12/site-packages/airflow/example_dags/example_datasets.py took 0.100 seconds
Started process (PID=1291) to work on /home/airflow/.local/lib/python3.12/site-packages/airflow/example_dags/example_datasets.py
Processing file /home/airflow/.local/lib/python3.12/site-packages/airflow/example_dags/example_datasets.py for tasks to queue
Filling up the DagBag from /home/airflow/.local/lib/python3.12/site-packages/airflow/example_dags/example_datasets.py
DAG(s) 'conditional_dataset_and_time_based_timetable', 'dataset_produces_1', 'dataset_consumes_1_and_2', 'consume_1_or_2_with_dataset_expressions', 'dataset_consumes_unknown_never_scheduled', 'consume_1_or_both_2_and_3_with_dataset_expressions', 'dataset_consumes_1', 'dataset_produces_2', 'consume_1_and_2_with_dataset_expressions', 'dataset_consumes_1_never_scheduled' retrieved from /home/airflow/.local/lib/python3.12/site-packages/airflow/example_dags/example_datasets.py
Sync 10 DAGs
Setting next_dagrun for conditional_dataset_and_time_based_timetable to 2026-01-28 01:00:00+00:00, run_after=2026-01-28 01:00:00+00:00
Setting next_dagrun for consume_1_and_2_with_dataset_expressions to None, run_after=None
Setting next_dagrun for consume_1_or_2_with_dataset_expressions to None, run_after=None
Setting next_dagrun for consume_1_or_both_2_and_3_with_dataset_expressions to None, run_after=None
Setting next_dagrun for dataset_consumes_1 to None, run_after=None
Setting next_dagrun for dataset_consumes_1_and_2 to None, run_after=None
Setting next_dagrun for dataset_consumes_1_never_scheduled to None, run_after=None
Setting next_dagrun for dataset_consumes_unknown_never_scheduled to None, run_after=None
Setting next_dagrun for dataset_produces_1 to 2026-02-02 00:00:00+00:00, run_after=2026-02-02 00:00:00+00:00
Setting next_dagrun for dataset_produces_2 to None, run_after=None
Processing /home/airflow/.local/lib/python3.12/site-packages/airflow/example_dags/example_datasets.py took 0.115 seconds
Started process (PID=1357) to work on /home/airflow/.local/lib/python3.12/site-packages/airflow/example_dags/example_datasets.py
Processing file /home/airflow/.local/lib/python3.12/site-packages/airflow/example_dags/example_datasets.py for tasks to queue
Filling up the DagBag from /home/airflow/.local/lib/python3.12/site-packages/airflow/example_dags/example_datasets.py
DAG(s) 'consume_1_and_2_with_dataset_expressions', 'dataset_consumes_1', 'consume_1_or_2_with_dataset_expressions', 'consume_1_or_both_2_and_3_with_dataset_expressions', 'dataset_consumes_unknown_never_scheduled', 'dataset_consumes_1_never_scheduled', 'dataset_consumes_1_and_2', 'dataset_produces_2', 'dataset_produces_1', 'conditional_dataset_and_time_based_timetable' retrieved from /home/airflow/.local/lib/python3.12/site-packages/airflow/example_dags/example_datasets.py
Sync 10 DAGs
Setting next_dagrun for conditional_dataset_and_time_based_timetable to 2026-01-28 01:00:00+00:00, run_after=2026-01-28 01:00:00+00:00
Setting next_dagrun for consume_1_and_2_with_dataset_expressions to None, run_after=None
Setting next_dagrun for consume_1_or_2_with_dataset_expressions to None, run_after=None
Setting next_dagrun for consume_1_or_both_2_and_3_with_dataset_expressions to None, run_after=None
Setting next_dagrun for dataset_consumes_1 to None, run_after=None
Setting next_dagrun for dataset_consumes_1_and_2 to None, run_after=None
Setting next_dagrun for dataset_consumes_1_never_scheduled to None, run_after=None
Setting next_dagrun for dataset_consumes_unknown_never_scheduled to None, run_after=None
Setting next_dagrun for dataset_produces_1 to 2026-02-02 00:00:00+00:00, run_after=2026-02-02 00:00:00+00:00
Setting next_dagrun for dataset_produces_2 to None, run_after=None
Processing /home/airflow/.local/lib/python3.12/site-packages/airflow/example_dags/example_datasets.py took 0.154 seconds
Started process (PID=1430) to work on /home/airflow/.local/lib/python3.12/site-packages/airflow/example_dags/example_datasets.py
Processing file /home/airflow/.local/lib/python3.12/site-packages/airflow/example_dags/example_datasets.py for tasks to queue
Filling up the DagBag from /home/airflow/.local/lib/python3.12/site-packages/airflow/example_dags/example_datasets.py
DAG(s) 'dataset_consumes_1', 'consume_1_or_both_2_and_3_with_dataset_expressions', 'consume_1_and_2_with_dataset_expressions', 'dataset_produces_1', 'dataset_consumes_1_never_scheduled', 'consume_1_or_2_with_dataset_expressions', 'dataset_consumes_1_and_2', 'dataset_produces_2', 'dataset_consumes_unknown_never_scheduled', 'conditional_dataset_and_time_based_timetable' retrieved from /home/airflow/.local/lib/python3.12/site-packages/airflow/example_dags/example_datasets.py
Sync 10 DAGs
Setting next_dagrun for conditional_dataset_and_time_based_timetable to 2026-01-28 01:00:00+00:00, run_after=2026-01-28 01:00:00+00:00
Setting next_dagrun for consume_1_and_2_with_dataset_expressions to None, run_after=None
Setting next_dagrun for consume_1_or_2_with_dataset_expressions to None, run_after=None
Setting next_dagrun for consume_1_or_both_2_and_3_with_dataset_expressions to None, run_after=None
Setting next_dagrun for dataset_consumes_1 to None, run_after=None
Setting next_dagrun for dataset_consumes_1_and_2 to None, run_after=None
Setting next_dagrun for dataset_consumes_1_never_scheduled to None, run_after=None
Setting next_dagrun for dataset_consumes_unknown_never_scheduled to None, run_after=None
Setting next_dagrun for dataset_produces_1 to 2026-02-02 00:00:00+00:00, run_after=2026-02-02 00:00:00+00:00
Setting next_dagrun for dataset_produces_2 to None, run_after=None
Processing /home/airflow/.local/lib/python3.12/site-packages/airflow/example_dags/example_datasets.py took 0.105 seconds
Started process (PID=1496) to work on /home/airflow/.local/lib/python3.12/site-packages/airflow/example_dags/example_datasets.py
Processing file /home/airflow/.local/lib/python3.12/site-packages/airflow/example_dags/example_datasets.py for tasks to queue
Filling up the DagBag from /home/airflow/.local/lib/python3.12/site-packages/airflow/example_dags/example_datasets.py
DAG(s) 'conditional_dataset_and_time_based_timetable', 'consume_1_or_both_2_and_3_with_dataset_expressions', 'consume_1_and_2_with_dataset_expressions', 'consume_1_or_2_with_dataset_expressions', 'dataset_consumes_1', 'dataset_consumes_unknown_never_scheduled', 'dataset_consumes_1_never_scheduled', 'dataset_produces_2', 'dataset_produces_1', 'dataset_consumes_1_and_2' retrieved from /home/airflow/.local/lib/python3.12/site-packages/airflow/example_dags/example_datasets.py
Sync 10 DAGs
Setting next_dagrun for conditional_dataset_and_time_based_timetable to 2026-01-28 01:00:00+00:00, run_after=2026-01-28 01:00:00+00:00
Setting next_dagrun for consume_1_and_2_with_dataset_expressions to None, run_after=None
Setting next_dagrun for consume_1_or_2_with_dataset_expressions to None, run_after=None
Setting next_dagrun for consume_1_or_both_2_and_3_with_dataset_expressions to None, run_after=None
Setting next_dagrun for dataset_consumes_1 to None, run_after=None
Setting next_dagrun for dataset_consumes_1_and_2 to None, run_after=None
Setting next_dagrun for dataset_consumes_1_never_scheduled to None, run_after=None
Setting next_dagrun for dataset_consumes_unknown_never_scheduled to None, run_after=None
Setting next_dagrun for dataset_produces_1 to 2026-02-02 00:00:00+00:00, run_after=2026-02-02 00:00:00+00:00
Setting next_dagrun for dataset_produces_2 to None, run_after=None
Processing /home/airflow/.local/lib/python3.12/site-packages/airflow/example_dags/example_datasets.py took 0.104 seconds
Started process (PID=1569) to work on /home/airflow/.local/lib/python3.12/site-packages/airflow/example_dags/example_datasets.py
Processing file /home/airflow/.local/lib/python3.12/site-packages/airflow/example_dags/example_datasets.py for tasks to queue
Filling up the DagBag from /home/airflow/.local/lib/python3.12/site-packages/airflow/example_dags/example_datasets.py
DAG(s) 'dataset_produces_2', 'dataset_consumes_1', 'dataset_consumes_unknown_never_scheduled', 'consume_1_or_both_2_and_3_with_dataset_expressions', 'consume_1_or_2_with_dataset_expressions', 'dataset_consumes_1_and_2', 'dataset_consumes_1_never_scheduled', 'conditional_dataset_and_time_based_timetable', 'dataset_produces_1', 'consume_1_and_2_with_dataset_expressions' retrieved from /home/airflow/.local/lib/python3.12/site-packages/airflow/example_dags/example_datasets.py
Sync 10 DAGs
Setting next_dagrun for conditional_dataset_and_time_based_timetable to 2026-01-28 01:00:00+00:00, run_after=2026-01-28 01:00:00+00:00
Setting next_dagrun for consume_1_and_2_with_dataset_expressions to None, run_after=None
Setting next_dagrun for consume_1_or_2_with_dataset_expressions to None, run_after=None
Setting next_dagrun for consume_1_or_both_2_and_3_with_dataset_expressions to None, run_after=None
Setting next_dagrun for dataset_consumes_1 to None, run_after=None
Setting next_dagrun for dataset_consumes_1_and_2 to None, run_after=None
Setting next_dagrun for dataset_consumes_1_never_scheduled to None, run_after=None
Setting next_dagrun for dataset_consumes_unknown_never_scheduled to None, run_after=None
Setting next_dagrun for dataset_produces_1 to 2026-02-02 00:00:00+00:00, run_after=2026-02-02 00:00:00+00:00
Setting next_dagrun for dataset_produces_2 to None, run_after=None
Processing /home/airflow/.local/lib/python3.12/site-packages/airflow/example_dags/example_datasets.py took 0.110 seconds
Started process (PID=1635) to work on /home/airflow/.local/lib/python3.12/site-packages/airflow/example_dags/example_datasets.py
Processing file /home/airflow/.local/lib/python3.12/site-packages/airflow/example_dags/example_datasets.py for tasks to queue
Filling up the DagBag from /home/airflow/.local/lib/python3.12/site-packages/airflow/example_dags/example_datasets.py
DAG(s) 'consume_1_and_2_with_dataset_expressions', 'conditional_dataset_and_time_based_timetable', 'dataset_consumes_1', 'dataset_consumes_1_never_scheduled', 'consume_1_or_2_with_dataset_expressions', 'dataset_produces_2', 'consume_1_or_both_2_and_3_with_dataset_expressions', 'dataset_consumes_unknown_never_scheduled', 'dataset_consumes_1_and_2', 'dataset_produces_1' retrieved from /home/airflow/.local/lib/python3.12/site-packages/airflow/example_dags/example_datasets.py
Sync 10 DAGs
Setting next_dagrun for conditional_dataset_and_time_based_timetable to 2026-01-28 01:00:00+00:00, run_after=2026-01-28 01:00:00+00:00
Setting next_dagrun for consume_1_and_2_with_dataset_expressions to None, run_after=None
Setting next_dagrun for consume_1_or_2_with_dataset_expressions to None, run_after=None
Setting next_dagrun for consume_1_or_both_2_and_3_with_dataset_expressions to None, run_after=None
Setting next_dagrun for dataset_consumes_1 to None, run_after=None
Setting next_dagrun for dataset_consumes_1_and_2 to None, run_after=None
Setting next_dagrun for dataset_consumes_1_never_scheduled to None, run_after=None
Setting next_dagrun for dataset_consumes_unknown_never_scheduled to None, run_after=None
Setting next_dagrun for dataset_produces_1 to 2026-02-02 00:00:00+00:00, run_after=2026-02-02 00:00:00+00:00
Setting next_dagrun for dataset_produces_2 to None, run_after=None
Processing /home/airflow/.local/lib/python3.12/site-packages/airflow/example_dags/example_datasets.py took 0.100 seconds
Started process (PID=1708) to work on /home/airflow/.local/lib/python3.12/site-packages/airflow/example_dags/example_datasets.py
Processing file /home/airflow/.local/lib/python3.12/site-packages/airflow/example_dags/example_datasets.py for tasks to queue
Filling up the DagBag from /home/airflow/.local/lib/python3.12/site-packages/airflow/example_dags/example_datasets.py
DAG(s) 'dataset_consumes_1_and_2', 'dataset_produces_1', 'consume_1_and_2_with_dataset_expressions', 'dataset_produces_2', 'consume_1_or_both_2_and_3_with_dataset_expressions', 'dataset_consumes_1', 'dataset_consumes_1_never_scheduled', 'dataset_consumes_unknown_never_scheduled', 'conditional_dataset_and_time_based_timetable', 'consume_1_or_2_with_dataset_expressions' retrieved from /home/airflow/.local/lib/python3.12/site-packages/airflow/example_dags/example_datasets.py
Sync 10 DAGs
Setting next_dagrun for conditional_dataset_and_time_based_timetable to 2026-01-28 01:00:00+00:00, run_after=2026-01-28 01:00:00+00:00
Setting next_dagrun for consume_1_and_2_with_dataset_expressions to None, run_after=None
Setting next_dagrun for consume_1_or_2_with_dataset_expressions to None, run_after=None
Setting next_dagrun for consume_1_or_both_2_and_3_with_dataset_expressions to None, run_after=None
Setting next_dagrun for dataset_consumes_1 to None, run_after=None
Setting next_dagrun for dataset_consumes_1_and_2 to None, run_after=None
Setting next_dagrun for dataset_consumes_1_never_scheduled to None, run_after=None
Setting next_dagrun for dataset_consumes_unknown_never_scheduled to None, run_after=None
Setting next_dagrun for dataset_produces_1 to 2026-02-02 00:00:00+00:00, run_after=2026-02-02 00:00:00+00:00
Setting next_dagrun for dataset_produces_2 to None, run_after=None
Processing /home/airflow/.local/lib/python3.12/site-packages/airflow/example_dags/example_datasets.py took 0.100 seconds
Started process (PID=1774) to work on /home/airflow/.local/lib/python3.12/site-packages/airflow/example_dags/example_datasets.py
Processing file /home/airflow/.local/lib/python3.12/site-packages/airflow/example_dags/example_datasets.py for tasks to queue
Filling up the DagBag from /home/airflow/.local/lib/python3.12/site-packages/airflow/example_dags/example_datasets.py
DAG(s) 'dataset_produces_1', 'consume_1_and_2_with_dataset_expressions', 'dataset_consumes_1_never_scheduled', 'dataset_consumes_1_and_2', 'dataset_produces_2', 'dataset_consumes_unknown_never_scheduled', 'consume_1_or_2_with_dataset_expressions', 'dataset_consumes_1', 'consume_1_or_both_2_and_3_with_dataset_expressions', 'conditional_dataset_and_time_based_timetable' retrieved from /home/airflow/.local/lib/python3.12/site-packages/airflow/example_dags/example_datasets.py
Sync 10 DAGs
Setting next_dagrun for conditional_dataset_and_time_based_timetable to 2026-01-28 01:00:00+00:00, run_after=2026-01-28 01:00:00+00:00
Setting next_dagrun for consume_1_and_2_with_dataset_expressions to None, run_after=None
Setting next_dagrun for consume_1_or_2_with_dataset_expressions to None, run_after=None
Setting next_dagrun for consume_1_or_both_2_and_3_with_dataset_expressions to None, run_after=None
Setting next_dagrun for dataset_consumes_1 to None, run_after=None
Setting next_dagrun for dataset_consumes_1_and_2 to None, run_after=None
Setting next_dagrun for dataset_consumes_1_never_scheduled to None, run_after=None
Setting next_dagrun for dataset_consumes_unknown_never_scheduled to None, run_after=None
Setting next_dagrun for dataset_produces_1 to 2026-02-02 00:00:00+00:00, run_after=2026-02-02 00:00:00+00:00
Setting next_dagrun for dataset_produces_2 to None, run_after=None
Processing /home/airflow/.local/lib/python3.12/site-packages/airflow/example_dags/example_datasets.py took 0.098 seconds
Started process (PID=1847) to work on /home/airflow/.local/lib/python3.12/site-packages/airflow/example_dags/example_datasets.py
Processing file /home/airflow/.local/lib/python3.12/site-packages/airflow/example_dags/example_datasets.py for tasks to queue
Filling up the DagBag from /home/airflow/.local/lib/python3.12/site-packages/airflow/example_dags/example_datasets.py
DAG(s) 'conditional_dataset_and_time_based_timetable', 'consume_1_or_both_2_and_3_with_dataset_expressions', 'dataset_consumes_1', 'consume_1_or_2_with_dataset_expressions', 'dataset_produces_2', 'dataset_produces_1', 'dataset_consumes_1_never_scheduled', 'consume_1_and_2_with_dataset_expressions', 'dataset_consumes_1_and_2', 'dataset_consumes_unknown_never_scheduled' retrieved from /home/airflow/.local/lib/python3.12/site-packages/airflow/example_dags/example_datasets.py
Sync 10 DAGs
Setting next_dagrun for conditional_dataset_and_time_based_timetable to 2026-01-28 01:00:00+00:00, run_after=2026-01-28 01:00:00+00:00
Setting next_dagrun for consume_1_and_2_with_dataset_expressions to None, run_after=None
Setting next_dagrun for consume_1_or_2_with_dataset_expressions to None, run_after=None
Setting next_dagrun for consume_1_or_both_2_and_3_with_dataset_expressions to None, run_after=None
Setting next_dagrun for dataset_consumes_1 to None, run_after=None
Setting next_dagrun for dataset_consumes_1_and_2 to None, run_after=None
Setting next_dagrun for dataset_consumes_1_never_scheduled to None, run_after=None
Setting next_dagrun for dataset_consumes_unknown_never_scheduled to None, run_after=None
Setting next_dagrun for dataset_produces_1 to 2026-02-02 00:00:00+00:00, run_after=2026-02-02 00:00:00+00:00
Setting next_dagrun for dataset_produces_2 to None, run_after=None
Processing /home/airflow/.local/lib/python3.12/site-packages/airflow/example_dags/example_datasets.py took 0.097 seconds
Started process (PID=1913) to work on /home/airflow/.local/lib/python3.12/site-packages/airflow/example_dags/example_datasets.py
Processing file /home/airflow/.local/lib/python3.12/site-packages/airflow/example_dags/example_datasets.py for tasks to queue
Filling up the DagBag from /home/airflow/.local/lib/python3.12/site-packages/airflow/example_dags/example_datasets.py
DAG(s) 'dataset_produces_1', 'conditional_dataset_and_time_based_timetable', 'consume_1_and_2_with_dataset_expressions', 'dataset_consumes_1_and_2', 'consume_1_or_both_2_and_3_with_dataset_expressions', 'dataset_consumes_1_never_scheduled', 'dataset_consumes_1', 'dataset_produces_2', 'consume_1_or_2_with_dataset_expressions', 'dataset_consumes_unknown_never_scheduled' retrieved from /home/airflow/.local/lib/python3.12/site-packages/airflow/example_dags/example_datasets.py
Sync 10 DAGs
Setting next_dagrun for conditional_dataset_and_time_based_timetable to 2026-01-28 01:00:00+00:00, run_after=2026-01-28 01:00:00+00:00
Setting next_dagrun for consume_1_and_2_with_dataset_expressions to None, run_after=None
Setting next_dagrun for consume_1_or_2_with_dataset_expressions to None, run_after=None
Setting next_dagrun for consume_1_or_both_2_and_3_with_dataset_expressions to None, run_after=None
Setting next_dagrun for dataset_consumes_1 to None, run_after=None
Setting next_dagrun for dataset_consumes_1_and_2 to None, run_after=None
Setting next_dagrun for dataset_consumes_1_never_scheduled to None, run_after=None
Setting next_dagrun for dataset_consumes_unknown_never_scheduled to None, run_after=None
Setting next_dagrun for dataset_produces_1 to 2026-02-02 00:00:00+00:00, run_after=2026-02-02 00:00:00+00:00
Setting next_dagrun for dataset_produces_2 to None, run_after=None
Processing /home/airflow/.local/lib/python3.12/site-packages/airflow/example_dags/example_datasets.py took 0.097 seconds
Started process (PID=1986) to work on /home/airflow/.local/lib/python3.12/site-packages/airflow/example_dags/example_datasets.py
Processing file /home/airflow/.local/lib/python3.12/site-packages/airflow/example_dags/example_datasets.py for tasks to queue
Filling up the DagBag from /home/airflow/.local/lib/python3.12/site-packages/airflow/example_dags/example_datasets.py
DAG(s) 'dataset_consumes_1_and_2', 'conditional_dataset_and_time_based_timetable', 'consume_1_and_2_with_dataset_expressions', 'dataset_consumes_unknown_never_scheduled', 'dataset_produces_2', 'dataset_produces_1', 'dataset_consumes_1_never_scheduled', 'dataset_consumes_1', 'consume_1_or_2_with_dataset_expressions', 'consume_1_or_both_2_and_3_with_dataset_expressions' retrieved from /home/airflow/.local/lib/python3.12/site-packages/airflow/example_dags/example_datasets.py
Sync 10 DAGs
Setting next_dagrun for conditional_dataset_and_time_based_timetable to 2026-01-28 01:00:00+00:00, run_after=2026-01-28 01:00:00+00:00
Setting next_dagrun for consume_1_and_2_with_dataset_expressions to None, run_after=None
Setting next_dagrun for consume_1_or_2_with_dataset_expressions to None, run_after=None
Setting next_dagrun for consume_1_or_both_2_and_3_with_dataset_expressions to None, run_after=None
Setting next_dagrun for dataset_consumes_1 to None, run_after=None
Setting next_dagrun for dataset_consumes_1_and_2 to None, run_after=None
Setting next_dagrun for dataset_consumes_1_never_scheduled to None, run_after=None
Setting next_dagrun for dataset_consumes_unknown_never_scheduled to None, run_after=None
Setting next_dagrun for dataset_produces_1 to 2026-02-02 00:00:00+00:00, run_after=2026-02-02 00:00:00+00:00
Setting next_dagrun for dataset_produces_2 to None, run_after=None
Processing /home/airflow/.local/lib/python3.12/site-packages/airflow/example_dags/example_datasets.py took 0.126 seconds
Started process (PID=2052) to work on /home/airflow/.local/lib/python3.12/site-packages/airflow/example_dags/example_datasets.py
Processing file /home/airflow/.local/lib/python3.12/site-packages/airflow/example_dags/example_datasets.py for tasks to queue
Filling up the DagBag from /home/airflow/.local/lib/python3.12/site-packages/airflow/example_dags/example_datasets.py
DAG(s) 'conditional_dataset_and_time_based_timetable', 'dataset_produces_2', 'dataset_consumes_1_never_scheduled', 'dataset_consumes_1_and_2', 'dataset_produces_1', 'consume_1_or_both_2_and_3_with_dataset_expressions', 'consume_1_or_2_with_dataset_expressions', 'dataset_consumes_unknown_never_scheduled', 'dataset_consumes_1', 'consume_1_and_2_with_dataset_expressions' retrieved from /home/airflow/.local/lib/python3.12/site-packages/airflow/example_dags/example_datasets.py
Sync 10 DAGs
Setting next_dagrun for conditional_dataset_and_time_based_timetable to 2026-01-28 01:00:00+00:00, run_after=2026-01-28 01:00:00+00:00
Setting next_dagrun for consume_1_and_2_with_dataset_expressions to None, run_after=None
Setting next_dagrun for consume_1_or_2_with_dataset_expressions to None, run_after=None
Setting next_dagrun for consume_1_or_both_2_and_3_with_dataset_expressions to None, run_after=None
Setting next_dagrun for dataset_consumes_1 to None, run_after=None
Setting next_dagrun for dataset_consumes_1_and_2 to None, run_after=None
Setting next_dagrun for dataset_consumes_1_never_scheduled to None, run_after=None
Setting next_dagrun for dataset_consumes_unknown_never_scheduled to None, run_after=None
Setting next_dagrun for dataset_produces_1 to 2026-02-02 00:00:00+00:00, run_after=2026-02-02 00:00:00+00:00
Setting next_dagrun for dataset_produces_2 to None, run_after=None
Processing /home/airflow/.local/lib/python3.12/site-packages/airflow/example_dags/example_datasets.py took 0.099 seconds
Started process (PID=2125) to work on /home/airflow/.local/lib/python3.12/site-packages/airflow/example_dags/example_datasets.py
Processing file /home/airflow/.local/lib/python3.12/site-packages/airflow/example_dags/example_datasets.py for tasks to queue
Filling up the DagBag from /home/airflow/.local/lib/python3.12/site-packages/airflow/example_dags/example_datasets.py
DAG(s) 'consume_1_or_2_with_dataset_expressions', 'dataset_consumes_1_and_2', 'dataset_produces_1', 'conditional_dataset_and_time_based_timetable', 'dataset_consumes_unknown_never_scheduled', 'dataset_consumes_1_never_scheduled', 'consume_1_and_2_with_dataset_expressions', 'dataset_consumes_1', 'dataset_produces_2', 'consume_1_or_both_2_and_3_with_dataset_expressions' retrieved from /home/airflow/.local/lib/python3.12/site-packages/airflow/example_dags/example_datasets.py
Sync 10 DAGs
Setting next_dagrun for conditional_dataset_and_time_based_timetable to 2026-01-28 01:00:00+00:00, run_after=2026-01-28 01:00:00+00:00
Setting next_dagrun for consume_1_and_2_with_dataset_expressions to None, run_after=None
Setting next_dagrun for consume_1_or_2_with_dataset_expressions to None, run_after=None
Setting next_dagrun for consume_1_or_both_2_and_3_with_dataset_expressions to None, run_after=None
Setting next_dagrun for dataset_consumes_1 to None, run_after=None
Setting next_dagrun for dataset_consumes_1_and_2 to None, run_after=None
Setting next_dagrun for dataset_consumes_1_never_scheduled to None, run_after=None
Setting next_dagrun for dataset_consumes_unknown_never_scheduled to None, run_after=None
Setting next_dagrun for dataset_produces_1 to 2026-02-02 00:00:00+00:00, run_after=2026-02-02 00:00:00+00:00
Setting next_dagrun for dataset_produces_2 to None, run_after=None
Processing /home/airflow/.local/lib/python3.12/site-packages/airflow/example_dags/example_datasets.py took 0.181 seconds
Started process (PID=2191) to work on /home/airflow/.local/lib/python3.12/site-packages/airflow/example_dags/example_datasets.py
Processing file /home/airflow/.local/lib/python3.12/site-packages/airflow/example_dags/example_datasets.py for tasks to queue
Filling up the DagBag from /home/airflow/.local/lib/python3.12/site-packages/airflow/example_dags/example_datasets.py
DAG(s) 'consume_1_and_2_with_dataset_expressions', 'dataset_consumes_unknown_never_scheduled', 'conditional_dataset_and_time_based_timetable', 'consume_1_or_both_2_and_3_with_dataset_expressions', 'dataset_consumes_1', 'dataset_consumes_1_and_2', 'dataset_consumes_1_never_scheduled', 'dataset_produces_1', 'dataset_produces_2', 'consume_1_or_2_with_dataset_expressions' retrieved from /home/airflow/.local/lib/python3.12/site-packages/airflow/example_dags/example_datasets.py
Sync 10 DAGs
Setting next_dagrun for conditional_dataset_and_time_based_timetable to 2026-01-28 01:00:00+00:00, run_after=2026-01-28 01:00:00+00:00
Setting next_dagrun for consume_1_and_2_with_dataset_expressions to None, run_after=None
Setting next_dagrun for consume_1_or_2_with_dataset_expressions to None, run_after=None
Setting next_dagrun for consume_1_or_both_2_and_3_with_dataset_expressions to None, run_after=None
Setting next_dagrun for dataset_consumes_1 to None, run_after=None
Setting next_dagrun for dataset_consumes_1_and_2 to None, run_after=None
Setting next_dagrun for dataset_consumes_1_never_scheduled to None, run_after=None
Setting next_dagrun for dataset_consumes_unknown_never_scheduled to None, run_after=None
Setting next_dagrun for dataset_produces_1 to 2026-02-02 00:00:00+00:00, run_after=2026-02-02 00:00:00+00:00
Setting next_dagrun for dataset_produces_2 to None, run_after=None
Processing /home/airflow/.local/lib/python3.12/site-packages/airflow/example_dags/example_datasets.py took 0.101 seconds
Started process (PID=2264) to work on /home/airflow/.local/lib/python3.12/site-packages/airflow/example_dags/example_datasets.py
Processing file /home/airflow/.local/lib/python3.12/site-packages/airflow/example_dags/example_datasets.py for tasks to queue
Filling up the DagBag from /home/airflow/.local/lib/python3.12/site-packages/airflow/example_dags/example_datasets.py
DAG(s) 'dataset_consumes_unknown_never_scheduled', 'consume_1_or_2_with_dataset_expressions', 'dataset_consumes_1_and_2', 'dataset_consumes_1', 'consume_1_or_both_2_and_3_with_dataset_expressions', 'conditional_dataset_and_time_based_timetable', 'dataset_produces_1', 'consume_1_and_2_with_dataset_expressions', 'dataset_consumes_1_never_scheduled', 'dataset_produces_2' retrieved from /home/airflow/.local/lib/python3.12/site-packages/airflow/example_dags/example_datasets.py
Sync 10 DAGs
Setting next_dagrun for conditional_dataset_and_time_based_timetable to 2026-01-28 01:00:00+00:00, run_after=2026-01-28 01:00:00+00:00
Setting next_dagrun for consume_1_and_2_with_dataset_expressions to None, run_after=None
Setting next_dagrun for consume_1_or_2_with_dataset_expressions to None, run_after=None
Setting next_dagrun for consume_1_or_both_2_and_3_with_dataset_expressions to None, run_after=None
Setting next_dagrun for dataset_consumes_1 to None, run_after=None
Setting next_dagrun for dataset_consumes_1_and_2 to None, run_after=None
Setting next_dagrun for dataset_consumes_1_never_scheduled to None, run_after=None
Setting next_dagrun for dataset_consumes_unknown_never_scheduled to None, run_after=None
Setting next_dagrun for dataset_produces_1 to 2026-02-02 00:00:00+00:00, run_after=2026-02-02 00:00:00+00:00
Setting next_dagrun for dataset_produces_2 to None, run_after=None
Processing /home/airflow/.local/lib/python3.12/site-packages/airflow/example_dags/example_datasets.py took 0.196 seconds
Started process (PID=2330) to work on /home/airflow/.local/lib/python3.12/site-packages/airflow/example_dags/example_datasets.py
Processing file /home/airflow/.local/lib/python3.12/site-packages/airflow/example_dags/example_datasets.py for tasks to queue
Filling up the DagBag from /home/airflow/.local/lib/python3.12/site-packages/airflow/example_dags/example_datasets.py
DAG(s) 'dataset_produces_1', 'dataset_consumes_1_and_2', 'conditional_dataset_and_time_based_timetable', 'consume_1_and_2_with_dataset_expressions', 'dataset_consumes_1', 'consume_1_or_2_with_dataset_expressions', 'consume_1_or_both_2_and_3_with_dataset_expressions', 'dataset_consumes_unknown_never_scheduled', 'dataset_consumes_1_never_scheduled', 'dataset_produces_2' retrieved from /home/airflow/.local/lib/python3.12/site-packages/airflow/example_dags/example_datasets.py
Sync 10 DAGs
Setting next_dagrun for conditional_dataset_and_time_based_timetable to 2026-01-28 01:00:00+00:00, run_after=2026-01-28 01:00:00+00:00
Setting next_dagrun for consume_1_and_2_with_dataset_expressions to None, run_after=None
Setting next_dagrun for consume_1_or_2_with_dataset_expressions to None, run_after=None
Setting next_dagrun for consume_1_or_both_2_and_3_with_dataset_expressions to None, run_after=None
Setting next_dagrun for dataset_consumes_1 to None, run_after=None
Setting next_dagrun for dataset_consumes_1_and_2 to None, run_after=None
Setting next_dagrun for dataset_consumes_1_never_scheduled to None, run_after=None
Setting next_dagrun for dataset_consumes_unknown_never_scheduled to None, run_after=None
Setting next_dagrun for dataset_produces_1 to 2026-02-02 00:00:00+00:00, run_after=2026-02-02 00:00:00+00:00
Setting next_dagrun for dataset_produces_2 to None, run_after=None
Processing /home/airflow/.local/lib/python3.12/site-packages/airflow/example_dags/example_datasets.py took 0.100 seconds
Started process (PID=2403) to work on /home/airflow/.local/lib/python3.12/site-packages/airflow/example_dags/example_datasets.py
Processing file /home/airflow/.local/lib/python3.12/site-packages/airflow/example_dags/example_datasets.py for tasks to queue
Filling up the DagBag from /home/airflow/.local/lib/python3.12/site-packages/airflow/example_dags/example_datasets.py
DAG(s) 'conditional_dataset_and_time_based_timetable', 'dataset_consumes_1', 'consume_1_or_2_with_dataset_expressions', 'consume_1_or_both_2_and_3_with_dataset_expressions', 'dataset_consumes_unknown_never_scheduled', 'dataset_produces_1', 'dataset_produces_2', 'dataset_consumes_1_never_scheduled', 'consume_1_and_2_with_dataset_expressions', 'dataset_consumes_1_and_2' retrieved from /home/airflow/.local/lib/python3.12/site-packages/airflow/example_dags/example_datasets.py
Sync 10 DAGs
Setting next_dagrun for conditional_dataset_and_time_based_timetable to 2026-01-28 01:00:00+00:00, run_after=2026-01-28 01:00:00+00:00
Setting next_dagrun for consume_1_and_2_with_dataset_expressions to None, run_after=None
Setting next_dagrun for consume_1_or_2_with_dataset_expressions to None, run_after=None
Setting next_dagrun for consume_1_or_both_2_and_3_with_dataset_expressions to None, run_after=None
Setting next_dagrun for dataset_consumes_1 to None, run_after=None
Setting next_dagrun for dataset_consumes_1_and_2 to None, run_after=None
Setting next_dagrun for dataset_consumes_1_never_scheduled to None, run_after=None
Setting next_dagrun for dataset_consumes_unknown_never_scheduled to None, run_after=None
Setting next_dagrun for dataset_produces_1 to 2026-02-02 00:00:00+00:00, run_after=2026-02-02 00:00:00+00:00
Setting next_dagrun for dataset_produces_2 to None, run_after=None
Processing /home/airflow/.local/lib/python3.12/site-packages/airflow/example_dags/example_datasets.py took 0.110 seconds
Started process (PID=2469) to work on /home/airflow/.local/lib/python3.12/site-packages/airflow/example_dags/example_datasets.py
Processing file /home/airflow/.local/lib/python3.12/site-packages/airflow/example_dags/example_datasets.py for tasks to queue
Filling up the DagBag from /home/airflow/.local/lib/python3.12/site-packages/airflow/example_dags/example_datasets.py
DAG(s) 'consume_1_or_both_2_and_3_with_dataset_expressions', 'consume_1_or_2_with_dataset_expressions', 'dataset_produces_2', 'dataset_consumes_1', 'consume_1_and_2_with_dataset_expressions', 'dataset_produces_1', 'conditional_dataset_and_time_based_timetable', 'dataset_consumes_unknown_never_scheduled', 'dataset_consumes_1_and_2', 'dataset_consumes_1_never_scheduled' retrieved from /home/airflow/.local/lib/python3.12/site-packages/airflow/example_dags/example_datasets.py
Sync 10 DAGs
Setting next_dagrun for conditional_dataset_and_time_based_timetable to 2026-01-28 01:00:00+00:00, run_after=2026-01-28 01:00:00+00:00
Setting next_dagrun for consume_1_and_2_with_dataset_expressions to None, run_after=None
Setting next_dagrun for consume_1_or_2_with_dataset_expressions to None, run_after=None
Setting next_dagrun for consume_1_or_both_2_and_3_with_dataset_expressions to None, run_after=None
Setting next_dagrun for dataset_consumes_1 to None, run_after=None
Setting next_dagrun for dataset_consumes_1_and_2 to None, run_after=None
Setting next_dagrun for dataset_consumes_1_never_scheduled to None, run_after=None
Setting next_dagrun for dataset_consumes_unknown_never_scheduled to None, run_after=None
Setting next_dagrun for dataset_produces_1 to 2026-02-02 00:00:00+00:00, run_after=2026-02-02 00:00:00+00:00
Setting next_dagrun for dataset_produces_2 to None, run_after=None
Processing /home/airflow/.local/lib/python3.12/site-packages/airflow/example_dags/example_datasets.py took 0.096 seconds
Started process (PID=2542) to work on /home/airflow/.local/lib/python3.12/site-packages/airflow/example_dags/example_datasets.py
Processing file /home/airflow/.local/lib/python3.12/site-packages/airflow/example_dags/example_datasets.py for tasks to queue
Filling up the DagBag from /home/airflow/.local/lib/python3.12/site-packages/airflow/example_dags/example_datasets.py
DAG(s) 'dataset_consumes_unknown_never_scheduled', 'conditional_dataset_and_time_based_timetable', 'dataset_produces_1', 'dataset_consumes_1_and_2', 'consume_1_and_2_with_dataset_expressions', 'dataset_consumes_1', 'consume_1_or_2_with_dataset_expressions', 'consume_1_or_both_2_and_3_with_dataset_expressions', 'dataset_produces_2', 'dataset_consumes_1_never_scheduled' retrieved from /home/airflow/.local/lib/python3.12/site-packages/airflow/example_dags/example_datasets.py
Sync 10 DAGs
Setting next_dagrun for conditional_dataset_and_time_based_timetable to 2026-01-28 01:00:00+00:00, run_after=2026-01-28 01:00:00+00:00
Setting next_dagrun for consume_1_and_2_with_dataset_expressions to None, run_after=None
Setting next_dagrun for consume_1_or_2_with_dataset_expressions to None, run_after=None
Setting next_dagrun for consume_1_or_both_2_and_3_with_dataset_expressions to None, run_after=None
Setting next_dagrun for dataset_consumes_1 to None, run_after=None
Setting next_dagrun for dataset_consumes_1_and_2 to None, run_after=None
Setting next_dagrun for dataset_consumes_1_never_scheduled to None, run_after=None
Setting next_dagrun for dataset_consumes_unknown_never_scheduled to None, run_after=None
Setting next_dagrun for dataset_produces_1 to 2026-02-02 00:00:00+00:00, run_after=2026-02-02 00:00:00+00:00
Setting next_dagrun for dataset_produces_2 to None, run_after=None
Processing /home/airflow/.local/lib/python3.12/site-packages/airflow/example_dags/example_datasets.py took 0.107 seconds
Started process (PID=2608) to work on /home/airflow/.local/lib/python3.12/site-packages/airflow/example_dags/example_datasets.py
Processing file /home/airflow/.local/lib/python3.12/site-packages/airflow/example_dags/example_datasets.py for tasks to queue
Filling up the DagBag from /home/airflow/.local/lib/python3.12/site-packages/airflow/example_dags/example_datasets.py
DAG(s) 'consume_1_or_2_with_dataset_expressions', 'dataset_consumes_1', 'dataset_produces_2', 'conditional_dataset_and_time_based_timetable', 'dataset_produces_1', 'consume_1_and_2_with_dataset_expressions', 'dataset_consumes_1_never_scheduled', 'dataset_consumes_unknown_never_scheduled', 'dataset_consumes_1_and_2', 'consume_1_or_both_2_and_3_with_dataset_expressions' retrieved from /home/airflow/.local/lib/python3.12/site-packages/airflow/example_dags/example_datasets.py
Sync 10 DAGs
Setting next_dagrun for conditional_dataset_and_time_based_timetable to 2026-01-28 01:00:00+00:00, run_after=2026-01-28 01:00:00+00:00
Setting next_dagrun for consume_1_and_2_with_dataset_expressions to None, run_after=None
Setting next_dagrun for consume_1_or_2_with_dataset_expressions to None, run_after=None
Setting next_dagrun for consume_1_or_both_2_and_3_with_dataset_expressions to None, run_after=None
Setting next_dagrun for dataset_consumes_1 to None, run_after=None
Setting next_dagrun for dataset_consumes_1_and_2 to None, run_after=None
Setting next_dagrun for dataset_consumes_1_never_scheduled to None, run_after=None
Setting next_dagrun for dataset_consumes_unknown_never_scheduled to None, run_after=None
Setting next_dagrun for dataset_produces_1 to 2026-02-02 00:00:00+00:00, run_after=2026-02-02 00:00:00+00:00
Setting next_dagrun for dataset_produces_2 to None, run_after=None
Processing /home/airflow/.local/lib/python3.12/site-packages/airflow/example_dags/example_datasets.py took 0.661 seconds
Started process (PID=2681) to work on /home/airflow/.local/lib/python3.12/site-packages/airflow/example_dags/example_datasets.py
Processing file /home/airflow/.local/lib/python3.12/site-packages/airflow/example_dags/example_datasets.py for tasks to queue
Filling up the DagBag from /home/airflow/.local/lib/python3.12/site-packages/airflow/example_dags/example_datasets.py
DAG(s) 'consume_1_and_2_with_dataset_expressions', 'dataset_consumes_1_and_2', 'consume_1_or_both_2_and_3_with_dataset_expressions', 'dataset_consumes_1', 'dataset_produces_2', 'consume_1_or_2_with_dataset_expressions', 'dataset_produces_1', 'conditional_dataset_and_time_based_timetable', 'dataset_consumes_unknown_never_scheduled', 'dataset_consumes_1_never_scheduled' retrieved from /home/airflow/.local/lib/python3.12/site-packages/airflow/example_dags/example_datasets.py
Sync 10 DAGs
Setting next_dagrun for conditional_dataset_and_time_based_timetable to 2026-01-28 01:00:00+00:00, run_after=2026-01-28 01:00:00+00:00
Setting next_dagrun for consume_1_and_2_with_dataset_expressions to None, run_after=None
Setting next_dagrun for consume_1_or_2_with_dataset_expressions to None, run_after=None
Setting next_dagrun for consume_1_or_both_2_and_3_with_dataset_expressions to None, run_after=None
Setting next_dagrun for dataset_consumes_1 to None, run_after=None
Setting next_dagrun for dataset_consumes_1_and_2 to None, run_after=None
Setting next_dagrun for dataset_consumes_1_never_scheduled to None, run_after=None
Setting next_dagrun for dataset_consumes_unknown_never_scheduled to None, run_after=None
Setting next_dagrun for dataset_produces_1 to 2026-02-02 00:00:00+00:00, run_after=2026-02-02 00:00:00+00:00
Setting next_dagrun for dataset_produces_2 to None, run_after=None
Processing /home/airflow/.local/lib/python3.12/site-packages/airflow/example_dags/example_datasets.py took 0.102 seconds
Started process (PID=2747) to work on /home/airflow/.local/lib/python3.12/site-packages/airflow/example_dags/example_datasets.py
Processing file /home/airflow/.local/lib/python3.12/site-packages/airflow/example_dags/example_datasets.py for tasks to queue
Filling up the DagBag from /home/airflow/.local/lib/python3.12/site-packages/airflow/example_dags/example_datasets.py
DAG(s) 'dataset_consumes_1_never_scheduled', 'dataset_produces_1', 'dataset_produces_2', 'consume_1_and_2_with_dataset_expressions', 'consume_1_or_both_2_and_3_with_dataset_expressions', 'conditional_dataset_and_time_based_timetable', 'dataset_consumes_1', 'dataset_consumes_1_and_2', 'dataset_consumes_unknown_never_scheduled', 'consume_1_or_2_with_dataset_expressions' retrieved from /home/airflow/.local/lib/python3.12/site-packages/airflow/example_dags/example_datasets.py
Sync 10 DAGs
Setting next_dagrun for conditional_dataset_and_time_based_timetable to 2026-01-28 01:00:00+00:00, run_after=2026-01-28 01:00:00+00:00
Setting next_dagrun for consume_1_and_2_with_dataset_expressions to None, run_after=None
Setting next_dagrun for consume_1_or_2_with_dataset_expressions to None, run_after=None
Setting next_dagrun for consume_1_or_both_2_and_3_with_dataset_expressions to None, run_after=None
Setting next_dagrun for dataset_consumes_1 to None, run_after=None
Setting next_dagrun for dataset_consumes_1_and_2 to None, run_after=None
Setting next_dagrun for dataset_consumes_1_never_scheduled to None, run_after=None
Setting next_dagrun for dataset_consumes_unknown_never_scheduled to None, run_after=None
Setting next_dagrun for dataset_produces_1 to 2026-02-02 00:00:00+00:00, run_after=2026-02-02 00:00:00+00:00
Setting next_dagrun for dataset_produces_2 to None, run_after=None
Processing /home/airflow/.local/lib/python3.12/site-packages/airflow/example_dags/example_datasets.py took 0.098 seconds
Started process (PID=2820) to work on /home/airflow/.local/lib/python3.12/site-packages/airflow/example_dags/example_datasets.py
Processing file /home/airflow/.local/lib/python3.12/site-packages/airflow/example_dags/example_datasets.py for tasks to queue
Filling up the DagBag from /home/airflow/.local/lib/python3.12/site-packages/airflow/example_dags/example_datasets.py
DAG(s) 'dataset_consumes_unknown_never_scheduled', 'consume_1_and_2_with_dataset_expressions', 'dataset_produces_2', 'dataset_produces_1', 'consume_1_or_2_with_dataset_expressions', 'dataset_consumes_1', 'dataset_consumes_1_and_2', 'consume_1_or_both_2_and_3_with_dataset_expressions', 'conditional_dataset_and_time_based_timetable', 'dataset_consumes_1_never_scheduled' retrieved from /home/airflow/.local/lib/python3.12/site-packages/airflow/example_dags/example_datasets.py
Sync 10 DAGs
Setting next_dagrun for conditional_dataset_and_time_based_timetable to 2026-01-28 01:00:00+00:00, run_after=2026-01-28 01:00:00+00:00
Setting next_dagrun for consume_1_and_2_with_dataset_expressions to None, run_after=None
Setting next_dagrun for consume_1_or_2_with_dataset_expressions to None, run_after=None
Setting next_dagrun for consume_1_or_both_2_and_3_with_dataset_expressions to None, run_after=None
Setting next_dagrun for dataset_consumes_1 to None, run_after=None
Setting next_dagrun for dataset_consumes_1_and_2 to None, run_after=None
Setting next_dagrun for dataset_consumes_1_never_scheduled to None, run_after=None
Setting next_dagrun for dataset_consumes_unknown_never_scheduled to None, run_after=None
Setting next_dagrun for dataset_produces_1 to 2026-02-02 00:00:00+00:00, run_after=2026-02-02 00:00:00+00:00
Setting next_dagrun for dataset_produces_2 to None, run_after=None
Processing /home/airflow/.local/lib/python3.12/site-packages/airflow/example_dags/example_datasets.py took 0.098 seconds
Started process (PID=2886) to work on /home/airflow/.local/lib/python3.12/site-packages/airflow/example_dags/example_datasets.py
Processing file /home/airflow/.local/lib/python3.12/site-packages/airflow/example_dags/example_datasets.py for tasks to queue
Filling up the DagBag from /home/airflow/.local/lib/python3.12/site-packages/airflow/example_dags/example_datasets.py
DAG(s) 'dataset_produces_2', 'dataset_produces_1', 'dataset_consumes_1', 'dataset_consumes_1_never_scheduled', 'consume_1_or_2_with_dataset_expressions', 'dataset_consumes_unknown_never_scheduled', 'dataset_consumes_1_and_2', 'consume_1_or_both_2_and_3_with_dataset_expressions', 'conditional_dataset_and_time_based_timetable', 'consume_1_and_2_with_dataset_expressions' retrieved from /home/airflow/.local/lib/python3.12/site-packages/airflow/example_dags/example_datasets.py
Sync 10 DAGs
Setting next_dagrun for conditional_dataset_and_time_based_timetable to 2026-01-28 01:00:00+00:00, run_after=2026-01-28 01:00:00+00:00
Setting next_dagrun for consume_1_and_2_with_dataset_expressions to None, run_after=None
Setting next_dagrun for consume_1_or_2_with_dataset_expressions to None, run_after=None
Setting next_dagrun for consume_1_or_both_2_and_3_with_dataset_expressions to None, run_after=None
Setting next_dagrun for dataset_consumes_1 to None, run_after=None
Setting next_dagrun for dataset_consumes_1_and_2 to None, run_after=None
Setting next_dagrun for dataset_consumes_1_never_scheduled to None, run_after=None
Setting next_dagrun for dataset_consumes_unknown_never_scheduled to None, run_after=None
Setting next_dagrun for dataset_produces_1 to 2026-02-02 00:00:00+00:00, run_after=2026-02-02 00:00:00+00:00
Setting next_dagrun for dataset_produces_2 to None, run_after=None
Processing /home/airflow/.local/lib/python3.12/site-packages/airflow/example_dags/example_datasets.py took 0.099 seconds
Started process (PID=2959) to work on /home/airflow/.local/lib/python3.12/site-packages/airflow/example_dags/example_datasets.py
Processing file /home/airflow/.local/lib/python3.12/site-packages/airflow/example_dags/example_datasets.py for tasks to queue
Filling up the DagBag from /home/airflow/.local/lib/python3.12/site-packages/airflow/example_dags/example_datasets.py
DAG(s) 'consume_1_or_2_with_dataset_expressions', 'dataset_produces_2', 'dataset_consumes_1', 'dataset_consumes_1_and_2', 'consume_1_and_2_with_dataset_expressions', 'dataset_consumes_1_never_scheduled', 'dataset_produces_1', 'consume_1_or_both_2_and_3_with_dataset_expressions', 'dataset_consumes_unknown_never_scheduled', 'conditional_dataset_and_time_based_timetable' retrieved from /home/airflow/.local/lib/python3.12/site-packages/airflow/example_dags/example_datasets.py
Sync 10 DAGs
Setting next_dagrun for conditional_dataset_and_time_based_timetable to 2026-01-28 01:00:00+00:00, run_after=2026-01-28 01:00:00+00:00
Setting next_dagrun for consume_1_and_2_with_dataset_expressions to None, run_after=None
Setting next_dagrun for consume_1_or_2_with_dataset_expressions to None, run_after=None
Setting next_dagrun for consume_1_or_both_2_and_3_with_dataset_expressions to None, run_after=None
Setting next_dagrun for dataset_consumes_1 to None, run_after=None
Setting next_dagrun for dataset_consumes_1_and_2 to None, run_after=None
Setting next_dagrun for dataset_consumes_1_never_scheduled to None, run_after=None
Setting next_dagrun for dataset_consumes_unknown_never_scheduled to None, run_after=None
Setting next_dagrun for dataset_produces_1 to 2026-02-02 00:00:00+00:00, run_after=2026-02-02 00:00:00+00:00
Setting next_dagrun for dataset_produces_2 to None, run_after=None
Processing /home/airflow/.local/lib/python3.12/site-packages/airflow/example_dags/example_datasets.py took 0.100 seconds
Started process (PID=3025) to work on /home/airflow/.local/lib/python3.12/site-packages/airflow/example_dags/example_datasets.py
Processing file /home/airflow/.local/lib/python3.12/site-packages/airflow/example_dags/example_datasets.py for tasks to queue
Filling up the DagBag from /home/airflow/.local/lib/python3.12/site-packages/airflow/example_dags/example_datasets.py
DAG(s) 'dataset_consumes_1_never_scheduled', 'consume_1_or_2_with_dataset_expressions', 'consume_1_or_both_2_and_3_with_dataset_expressions', 'conditional_dataset_and_time_based_timetable', 'dataset_consumes_unknown_never_scheduled', 'dataset_produces_2', 'dataset_consumes_1', 'dataset_produces_1', 'dataset_consumes_1_and_2', 'consume_1_and_2_with_dataset_expressions' retrieved from /home/airflow/.local/lib/python3.12/site-packages/airflow/example_dags/example_datasets.py
Sync 10 DAGs
Setting next_dagrun for conditional_dataset_and_time_based_timetable to 2026-01-28 01:00:00+00:00, run_after=2026-01-28 01:00:00+00:00
Setting next_dagrun for consume_1_and_2_with_dataset_expressions to None, run_after=None
Setting next_dagrun for consume_1_or_2_with_dataset_expressions to None, run_after=None
Setting next_dagrun for consume_1_or_both_2_and_3_with_dataset_expressions to None, run_after=None
Setting next_dagrun for dataset_consumes_1 to None, run_after=None
Setting next_dagrun for dataset_consumes_1_and_2 to None, run_after=None
Setting next_dagrun for dataset_consumes_1_never_scheduled to None, run_after=None
Setting next_dagrun for dataset_consumes_unknown_never_scheduled to None, run_after=None
Setting next_dagrun for dataset_produces_1 to 2026-02-02 00:00:00+00:00, run_after=2026-02-02 00:00:00+00:00
Setting next_dagrun for dataset_produces_2 to None, run_after=None
Processing /home/airflow/.local/lib/python3.12/site-packages/airflow/example_dags/example_datasets.py took 0.210 seconds
Started process (PID=3097) to work on /home/airflow/.local/lib/python3.12/site-packages/airflow/example_dags/example_datasets.py
Processing file /home/airflow/.local/lib/python3.12/site-packages/airflow/example_dags/example_datasets.py for tasks to queue
Filling up the DagBag from /home/airflow/.local/lib/python3.12/site-packages/airflow/example_dags/example_datasets.py
DAG(s) 'consume_1_or_both_2_and_3_with_dataset_expressions', 'consume_1_and_2_with_dataset_expressions', 'dataset_consumes_1_and_2', 'dataset_produces_1', 'consume_1_or_2_with_dataset_expressions', 'dataset_consumes_unknown_never_scheduled', 'dataset_consumes_1', 'dataset_consumes_1_never_scheduled', 'conditional_dataset_and_time_based_timetable', 'dataset_produces_2' retrieved from /home/airflow/.local/lib/python3.12/site-packages/airflow/example_dags/example_datasets.py
Sync 10 DAGs
Setting next_dagrun for conditional_dataset_and_time_based_timetable to 2026-01-28 01:00:00+00:00, run_after=2026-01-28 01:00:00+00:00
Setting next_dagrun for consume_1_and_2_with_dataset_expressions to None, run_after=None
Setting next_dagrun for consume_1_or_2_with_dataset_expressions to None, run_after=None
Setting next_dagrun for consume_1_or_both_2_and_3_with_dataset_expressions to None, run_after=None
Setting next_dagrun for dataset_consumes_1 to None, run_after=None
Setting next_dagrun for dataset_consumes_1_and_2 to None, run_after=None
Setting next_dagrun for dataset_consumes_1_never_scheduled to None, run_after=None
Setting next_dagrun for dataset_consumes_unknown_never_scheduled to None, run_after=None
Setting next_dagrun for dataset_produces_1 to 2026-02-02 00:00:00+00:00, run_after=2026-02-02 00:00:00+00:00
Setting next_dagrun for dataset_produces_2 to None, run_after=None
Processing /home/airflow/.local/lib/python3.12/site-packages/airflow/example_dags/example_datasets.py took 0.202 seconds
Started process (PID=3163) to work on /home/airflow/.local/lib/python3.12/site-packages/airflow/example_dags/example_datasets.py
Processing file /home/airflow/.local/lib/python3.12/site-packages/airflow/example_dags/example_datasets.py for tasks to queue
Filling up the DagBag from /home/airflow/.local/lib/python3.12/site-packages/airflow/example_dags/example_datasets.py
DAG(s) 'consume_1_or_2_with_dataset_expressions', 'dataset_produces_1', 'consume_1_or_both_2_and_3_with_dataset_expressions', 'dataset_consumes_1_and_2', 'dataset_produces_2', 'dataset_consumes_unknown_never_scheduled', 'conditional_dataset_and_time_based_timetable', 'consume_1_and_2_with_dataset_expressions', 'dataset_consumes_1', 'dataset_consumes_1_never_scheduled' retrieved from /home/airflow/.local/lib/python3.12/site-packages/airflow/example_dags/example_datasets.py
Sync 10 DAGs
Setting next_dagrun for conditional_dataset_and_time_based_timetable to 2026-01-28 01:00:00+00:00, run_after=2026-01-28 01:00:00+00:00
Setting next_dagrun for consume_1_and_2_with_dataset_expressions to None, run_after=None
Setting next_dagrun for consume_1_or_2_with_dataset_expressions to None, run_after=None
Setting next_dagrun for consume_1_or_both_2_and_3_with_dataset_expressions to None, run_after=None
Setting next_dagrun for dataset_consumes_1 to None, run_after=None
Setting next_dagrun for dataset_consumes_1_and_2 to None, run_after=None
Setting next_dagrun for dataset_consumes_1_never_scheduled to None, run_after=None
Setting next_dagrun for dataset_consumes_unknown_never_scheduled to None, run_after=None
Setting next_dagrun for dataset_produces_1 to 2026-02-02 00:00:00+00:00, run_after=2026-02-02 00:00:00+00:00
Setting next_dagrun for dataset_produces_2 to None, run_after=None
Processing /home/airflow/.local/lib/python3.12/site-packages/airflow/example_dags/example_datasets.py took 0.098 seconds
Started process (PID=3236) to work on /home/airflow/.local/lib/python3.12/site-packages/airflow/example_dags/example_datasets.py
Processing file /home/airflow/.local/lib/python3.12/site-packages/airflow/example_dags/example_datasets.py for tasks to queue
Filling up the DagBag from /home/airflow/.local/lib/python3.12/site-packages/airflow/example_dags/example_datasets.py
DAG(s) 'dataset_produces_2', 'conditional_dataset_and_time_based_timetable', 'dataset_consumes_1_never_scheduled', 'dataset_consumes_unknown_never_scheduled', 'consume_1_or_2_with_dataset_expressions', 'dataset_consumes_1', 'dataset_produces_1', 'consume_1_and_2_with_dataset_expressions', 'dataset_consumes_1_and_2', 'consume_1_or_both_2_and_3_with_dataset_expressions' retrieved from /home/airflow/.local/lib/python3.12/site-packages/airflow/example_dags/example_datasets.py
Sync 10 DAGs
Setting next_dagrun for conditional_dataset_and_time_based_timetable to 2026-01-28 01:00:00+00:00, run_after=2026-01-28 01:00:00+00:00
Setting next_dagrun for consume_1_and_2_with_dataset_expressions to None, run_after=None
Setting next_dagrun for consume_1_or_2_with_dataset_expressions to None, run_after=None
Setting next_dagrun for consume_1_or_both_2_and_3_with_dataset_expressions to None, run_after=None
Setting next_dagrun for dataset_consumes_1 to None, run_after=None
Setting next_dagrun for dataset_consumes_1_and_2 to None, run_after=None
Setting next_dagrun for dataset_consumes_1_never_scheduled to None, run_after=None
Setting next_dagrun for dataset_consumes_unknown_never_scheduled to None, run_after=None
Setting next_dagrun for dataset_produces_1 to 2026-02-02 00:00:00+00:00, run_after=2026-02-02 00:00:00+00:00
Setting next_dagrun for dataset_produces_2 to None, run_after=None
Processing /home/airflow/.local/lib/python3.12/site-packages/airflow/example_dags/example_datasets.py took 0.105 seconds
Started process (PID=3302) to work on /home/airflow/.local/lib/python3.12/site-packages/airflow/example_dags/example_datasets.py
Processing file /home/airflow/.local/lib/python3.12/site-packages/airflow/example_dags/example_datasets.py for tasks to queue
Filling up the DagBag from /home/airflow/.local/lib/python3.12/site-packages/airflow/example_dags/example_datasets.py
DAG(s) 'dataset_produces_1', 'dataset_consumes_1', 'conditional_dataset_and_time_based_timetable', 'consume_1_or_2_with_dataset_expressions', 'dataset_consumes_unknown_never_scheduled', 'consume_1_and_2_with_dataset_expressions', 'consume_1_or_both_2_and_3_with_dataset_expressions', 'dataset_consumes_1_never_scheduled', 'dataset_produces_2', 'dataset_consumes_1_and_2' retrieved from /home/airflow/.local/lib/python3.12/site-packages/airflow/example_dags/example_datasets.py
Sync 10 DAGs
Setting next_dagrun for conditional_dataset_and_time_based_timetable to 2026-01-28 01:00:00+00:00, run_after=2026-01-28 01:00:00+00:00
Setting next_dagrun for consume_1_and_2_with_dataset_expressions to None, run_after=None
Setting next_dagrun for consume_1_or_2_with_dataset_expressions to None, run_after=None
Setting next_dagrun for consume_1_or_both_2_and_3_with_dataset_expressions to None, run_after=None
Setting next_dagrun for dataset_consumes_1 to None, run_after=None
Setting next_dagrun for dataset_consumes_1_and_2 to None, run_after=None
Setting next_dagrun for dataset_consumes_1_never_scheduled to None, run_after=None
Setting next_dagrun for dataset_consumes_unknown_never_scheduled to None, run_after=None
Setting next_dagrun for dataset_produces_1 to 2026-02-02 00:00:00+00:00, run_after=2026-02-02 00:00:00+00:00
Setting next_dagrun for dataset_produces_2 to None, run_after=None
Processing /home/airflow/.local/lib/python3.12/site-packages/airflow/example_dags/example_datasets.py took 0.099 seconds
Started process (PID=3375) to work on /home/airflow/.local/lib/python3.12/site-packages/airflow/example_dags/example_datasets.py
Processing file /home/airflow/.local/lib/python3.12/site-packages/airflow/example_dags/example_datasets.py for tasks to queue
Filling up the DagBag from /home/airflow/.local/lib/python3.12/site-packages/airflow/example_dags/example_datasets.py
DAG(s) 'dataset_consumes_1_and_2', 'consume_1_or_2_with_dataset_expressions', 'consume_1_and_2_with_dataset_expressions', 'consume_1_or_both_2_and_3_with_dataset_expressions', 'dataset_consumes_1_never_scheduled', 'dataset_consumes_1', 'conditional_dataset_and_time_based_timetable', 'dataset_consumes_unknown_never_scheduled', 'dataset_produces_1', 'dataset_produces_2' retrieved from /home/airflow/.local/lib/python3.12/site-packages/airflow/example_dags/example_datasets.py
Sync 10 DAGs
Setting next_dagrun for conditional_dataset_and_time_based_timetable to 2026-01-28 01:00:00+00:00, run_after=2026-01-28 01:00:00+00:00
Setting next_dagrun for consume_1_and_2_with_dataset_expressions to None, run_after=None
Setting next_dagrun for consume_1_or_2_with_dataset_expressions to None, run_after=None
Setting next_dagrun for consume_1_or_both_2_and_3_with_dataset_expressions to None, run_after=None
Setting next_dagrun for dataset_consumes_1 to None, run_after=None
Setting next_dagrun for dataset_consumes_1_and_2 to None, run_after=None
Setting next_dagrun for dataset_consumes_1_never_scheduled to None, run_after=None
Setting next_dagrun for dataset_consumes_unknown_never_scheduled to None, run_after=None
Setting next_dagrun for dataset_produces_1 to 2026-02-02 00:00:00+00:00, run_after=2026-02-02 00:00:00+00:00
Setting next_dagrun for dataset_produces_2 to None, run_after=None
Processing /home/airflow/.local/lib/python3.12/site-packages/airflow/example_dags/example_datasets.py took 0.110 seconds
Started process (PID=3442) to work on /home/airflow/.local/lib/python3.12/site-packages/airflow/example_dags/example_datasets.py
Processing file /home/airflow/.local/lib/python3.12/site-packages/airflow/example_dags/example_datasets.py for tasks to queue
Filling up the DagBag from /home/airflow/.local/lib/python3.12/site-packages/airflow/example_dags/example_datasets.py
DAG(s) 'dataset_consumes_1_never_scheduled', 'dataset_produces_2', 'conditional_dataset_and_time_based_timetable', 'dataset_consumes_1', 'dataset_produces_1', 'dataset_consumes_1_and_2', 'consume_1_or_2_with_dataset_expressions', 'consume_1_and_2_with_dataset_expressions', 'consume_1_or_both_2_and_3_with_dataset_expressions', 'dataset_consumes_unknown_never_scheduled' retrieved from /home/airflow/.local/lib/python3.12/site-packages/airflow/example_dags/example_datasets.py
Sync 10 DAGs
Setting next_dagrun for conditional_dataset_and_time_based_timetable to 2026-01-28 01:00:00+00:00, run_after=2026-01-28 01:00:00+00:00
Setting next_dagrun for consume_1_and_2_with_dataset_expressions to None, run_after=None
Setting next_dagrun for consume_1_or_2_with_dataset_expressions to None, run_after=None
Setting next_dagrun for consume_1_or_both_2_and_3_with_dataset_expressions to None, run_after=None
Setting next_dagrun for dataset_consumes_1 to None, run_after=None
Setting next_dagrun for dataset_consumes_1_and_2 to None, run_after=None
Setting next_dagrun for dataset_consumes_1_never_scheduled to None, run_after=None
Setting next_dagrun for dataset_consumes_unknown_never_scheduled to None, run_after=None
Setting next_dagrun for dataset_produces_1 to 2026-02-02 00:00:00+00:00, run_after=2026-02-02 00:00:00+00:00
Setting next_dagrun for dataset_produces_2 to None, run_after=None
Processing /home/airflow/.local/lib/python3.12/site-packages/airflow/example_dags/example_datasets.py took 0.198 seconds
Started process (PID=3515) to work on /home/airflow/.local/lib/python3.12/site-packages/airflow/example_dags/example_datasets.py
Processing file /home/airflow/.local/lib/python3.12/site-packages/airflow/example_dags/example_datasets.py for tasks to queue
Filling up the DagBag from /home/airflow/.local/lib/python3.12/site-packages/airflow/example_dags/example_datasets.py
DAG(s) 'dataset_produces_1', 'conditional_dataset_and_time_based_timetable', 'dataset_produces_2', 'consume_1_and_2_with_dataset_expressions', 'dataset_consumes_1', 'dataset_consumes_1_and_2', 'consume_1_or_2_with_dataset_expressions', 'consume_1_or_both_2_and_3_with_dataset_expressions', 'dataset_consumes_unknown_never_scheduled', 'dataset_consumes_1_never_scheduled' retrieved from /home/airflow/.local/lib/python3.12/site-packages/airflow/example_dags/example_datasets.py
Sync 10 DAGs
Setting next_dagrun for conditional_dataset_and_time_based_timetable to 2026-01-28 01:00:00+00:00, run_after=2026-01-28 01:00:00+00:00
Setting next_dagrun for consume_1_and_2_with_dataset_expressions to None, run_after=None
Setting next_dagrun for consume_1_or_2_with_dataset_expressions to None, run_after=None
Setting next_dagrun for consume_1_or_both_2_and_3_with_dataset_expressions to None, run_after=None
Setting next_dagrun for dataset_consumes_1 to None, run_after=None
Setting next_dagrun for dataset_consumes_1_and_2 to None, run_after=None
Setting next_dagrun for dataset_consumes_1_never_scheduled to None, run_after=None
Setting next_dagrun for dataset_consumes_unknown_never_scheduled to None, run_after=None
Setting next_dagrun for dataset_produces_1 to 2026-02-02 00:00:00+00:00, run_after=2026-02-02 00:00:00+00:00
Setting next_dagrun for dataset_produces_2 to None, run_after=None
Processing /home/airflow/.local/lib/python3.12/site-packages/airflow/example_dags/example_datasets.py took 0.198 seconds
Started process (PID=3581) to work on /home/airflow/.local/lib/python3.12/site-packages/airflow/example_dags/example_datasets.py
Processing file /home/airflow/.local/lib/python3.12/site-packages/airflow/example_dags/example_datasets.py for tasks to queue
Filling up the DagBag from /home/airflow/.local/lib/python3.12/site-packages/airflow/example_dags/example_datasets.py
DAG(s) 'dataset_consumes_1_never_scheduled', 'dataset_consumes_1', 'consume_1_or_both_2_and_3_with_dataset_expressions', 'conditional_dataset_and_time_based_timetable', 'consume_1_or_2_with_dataset_expressions', 'dataset_consumes_unknown_never_scheduled', 'consume_1_and_2_with_dataset_expressions', 'dataset_produces_2', 'dataset_produces_1', 'dataset_consumes_1_and_2' retrieved from /home/airflow/.local/lib/python3.12/site-packages/airflow/example_dags/example_datasets.py
Sync 10 DAGs
Setting next_dagrun for conditional_dataset_and_time_based_timetable to 2026-01-28 01:00:00+00:00, run_after=2026-01-28 01:00:00+00:00
Setting next_dagrun for consume_1_and_2_with_dataset_expressions to None, run_after=None
Setting next_dagrun for consume_1_or_2_with_dataset_expressions to None, run_after=None
Setting next_dagrun for consume_1_or_both_2_and_3_with_dataset_expressions to None, run_after=None
Setting next_dagrun for dataset_consumes_1 to None, run_after=None
Setting next_dagrun for dataset_consumes_1_and_2 to None, run_after=None
Setting next_dagrun for dataset_consumes_1_never_scheduled to None, run_after=None
Setting next_dagrun for dataset_consumes_unknown_never_scheduled to None, run_after=None
Setting next_dagrun for dataset_produces_1 to 2026-02-02 00:00:00+00:00, run_after=2026-02-02 00:00:00+00:00
Setting next_dagrun for dataset_produces_2 to None, run_after=None
Processing /home/airflow/.local/lib/python3.12/site-packages/airflow/example_dags/example_datasets.py took 0.103 seconds
Started process (PID=3651) to work on /home/airflow/.local/lib/python3.12/site-packages/airflow/example_dags/example_datasets.py
Processing file /home/airflow/.local/lib/python3.12/site-packages/airflow/example_dags/example_datasets.py for tasks to queue
Filling up the DagBag from /home/airflow/.local/lib/python3.12/site-packages/airflow/example_dags/example_datasets.py
DAG(s) 'dataset_produces_1', 'consume_1_or_2_with_dataset_expressions', 'conditional_dataset_and_time_based_timetable', 'dataset_consumes_1_never_scheduled', 'dataset_produces_2', 'consume_1_or_both_2_and_3_with_dataset_expressions', 'dataset_consumes_1_and_2', 'dataset_consumes_unknown_never_scheduled', 'consume_1_and_2_with_dataset_expressions', 'dataset_consumes_1' retrieved from /home/airflow/.local/lib/python3.12/site-packages/airflow/example_dags/example_datasets.py
Sync 10 DAGs
Setting next_dagrun for conditional_dataset_and_time_based_timetable to 2026-01-28 01:00:00+00:00, run_after=2026-01-28 01:00:00+00:00
Setting next_dagrun for consume_1_and_2_with_dataset_expressions to None, run_after=None
Setting next_dagrun for consume_1_or_2_with_dataset_expressions to None, run_after=None
Setting next_dagrun for consume_1_or_both_2_and_3_with_dataset_expressions to None, run_after=None
Setting next_dagrun for dataset_consumes_1 to None, run_after=None
Setting next_dagrun for dataset_consumes_1_and_2 to None, run_after=None
Setting next_dagrun for dataset_consumes_1_never_scheduled to None, run_after=None
Setting next_dagrun for dataset_consumes_unknown_never_scheduled to None, run_after=None
Setting next_dagrun for dataset_produces_1 to 2026-02-02 00:00:00+00:00, run_after=2026-02-02 00:00:00+00:00
Setting next_dagrun for dataset_produces_2 to None, run_after=None
Processing /home/airflow/.local/lib/python3.12/site-packages/airflow/example_dags/example_datasets.py took 0.099 seconds
Started process (PID=3718) to work on /home/airflow/.local/lib/python3.12/site-packages/airflow/example_dags/example_datasets.py
Processing file /home/airflow/.local/lib/python3.12/site-packages/airflow/example_dags/example_datasets.py for tasks to queue
Filling up the DagBag from /home/airflow/.local/lib/python3.12/site-packages/airflow/example_dags/example_datasets.py
DAG(s) 'dataset_consumes_unknown_never_scheduled', 'dataset_produces_1', 'consume_1_and_2_with_dataset_expressions', 'dataset_consumes_1', 'dataset_produces_2', 'consume_1_or_2_with_dataset_expressions', 'dataset_consumes_1_and_2', 'consume_1_or_both_2_and_3_with_dataset_expressions', 'dataset_consumes_1_never_scheduled', 'conditional_dataset_and_time_based_timetable' retrieved from /home/airflow/.local/lib/python3.12/site-packages/airflow/example_dags/example_datasets.py
Sync 10 DAGs
Setting next_dagrun for conditional_dataset_and_time_based_timetable to 2026-01-28 01:00:00+00:00, run_after=2026-01-28 01:00:00+00:00
Setting next_dagrun for consume_1_and_2_with_dataset_expressions to None, run_after=None
Setting next_dagrun for consume_1_or_2_with_dataset_expressions to None, run_after=None
Setting next_dagrun for consume_1_or_both_2_and_3_with_dataset_expressions to None, run_after=None
Setting next_dagrun for dataset_consumes_1 to None, run_after=None
Setting next_dagrun for dataset_consumes_1_and_2 to None, run_after=None
Setting next_dagrun for dataset_consumes_1_never_scheduled to None, run_after=None
Setting next_dagrun for dataset_consumes_unknown_never_scheduled to None, run_after=None
Setting next_dagrun for dataset_produces_1 to 2026-02-02 00:00:00+00:00, run_after=2026-02-02 00:00:00+00:00
Setting next_dagrun for dataset_produces_2 to None, run_after=None
Processing /home/airflow/.local/lib/python3.12/site-packages/airflow/example_dags/example_datasets.py took 0.099 seconds
Started process (PID=3791) to work on /home/airflow/.local/lib/python3.12/site-packages/airflow/example_dags/example_datasets.py
Processing file /home/airflow/.local/lib/python3.12/site-packages/airflow/example_dags/example_datasets.py for tasks to queue
Filling up the DagBag from /home/airflow/.local/lib/python3.12/site-packages/airflow/example_dags/example_datasets.py
DAG(s) 'dataset_produces_2', 'dataset_consumes_unknown_never_scheduled', 'consume_1_and_2_with_dataset_expressions', 'consume_1_or_both_2_and_3_with_dataset_expressions', 'conditional_dataset_and_time_based_timetable', 'dataset_consumes_1', 'consume_1_or_2_with_dataset_expressions', 'dataset_consumes_1_never_scheduled', 'dataset_produces_1', 'dataset_consumes_1_and_2' retrieved from /home/airflow/.local/lib/python3.12/site-packages/airflow/example_dags/example_datasets.py
Sync 10 DAGs
Setting next_dagrun for conditional_dataset_and_time_based_timetable to 2026-01-28 01:00:00+00:00, run_after=2026-01-28 01:00:00+00:00
Setting next_dagrun for consume_1_and_2_with_dataset_expressions to None, run_after=None
Setting next_dagrun for consume_1_or_2_with_dataset_expressions to None, run_after=None
Setting next_dagrun for consume_1_or_both_2_and_3_with_dataset_expressions to None, run_after=None
Setting next_dagrun for dataset_consumes_1 to None, run_after=None
Setting next_dagrun for dataset_consumes_1_and_2 to None, run_after=None
Setting next_dagrun for dataset_consumes_1_never_scheduled to None, run_after=None
Setting next_dagrun for dataset_consumes_unknown_never_scheduled to None, run_after=None
Setting next_dagrun for dataset_produces_1 to 2026-02-02 00:00:00+00:00, run_after=2026-02-02 00:00:00+00:00
Setting next_dagrun for dataset_produces_2 to None, run_after=None
Processing /home/airflow/.local/lib/python3.12/site-packages/airflow/example_dags/example_datasets.py took 0.111 seconds
Started process (PID=3858) to work on /home/airflow/.local/lib/python3.12/site-packages/airflow/example_dags/example_datasets.py
Processing file /home/airflow/.local/lib/python3.12/site-packages/airflow/example_dags/example_datasets.py for tasks to queue
Filling up the DagBag from /home/airflow/.local/lib/python3.12/site-packages/airflow/example_dags/example_datasets.py
DAG(s) 'dataset_consumes_1', 'consume_1_and_2_with_dataset_expressions', 'dataset_produces_1', 'consume_1_or_2_with_dataset_expressions', 'dataset_consumes_unknown_never_scheduled', 'dataset_consumes_1_and_2', 'dataset_produces_2', 'conditional_dataset_and_time_based_timetable', 'consume_1_or_both_2_and_3_with_dataset_expressions', 'dataset_consumes_1_never_scheduled' retrieved from /home/airflow/.local/lib/python3.12/site-packages/airflow/example_dags/example_datasets.py
Sync 10 DAGs
Setting next_dagrun for conditional_dataset_and_time_based_timetable to 2026-01-28 01:00:00+00:00, run_after=2026-01-28 01:00:00+00:00
Setting next_dagrun for consume_1_and_2_with_dataset_expressions to None, run_after=None
Setting next_dagrun for consume_1_or_2_with_dataset_expressions to None, run_after=None
Setting next_dagrun for consume_1_or_both_2_and_3_with_dataset_expressions to None, run_after=None
Setting next_dagrun for dataset_consumes_1 to None, run_after=None
Setting next_dagrun for dataset_consumes_1_and_2 to None, run_after=None
Setting next_dagrun for dataset_consumes_1_never_scheduled to None, run_after=None
Setting next_dagrun for dataset_consumes_unknown_never_scheduled to None, run_after=None
Setting next_dagrun for dataset_produces_1 to 2026-02-02 00:00:00+00:00, run_after=2026-02-02 00:00:00+00:00
Setting next_dagrun for dataset_produces_2 to None, run_after=None
Processing /home/airflow/.local/lib/python3.12/site-packages/airflow/example_dags/example_datasets.py took 0.103 seconds
Started process (PID=3931) to work on /home/airflow/.local/lib/python3.12/site-packages/airflow/example_dags/example_datasets.py
Processing file /home/airflow/.local/lib/python3.12/site-packages/airflow/example_dags/example_datasets.py for tasks to queue
Filling up the DagBag from /home/airflow/.local/lib/python3.12/site-packages/airflow/example_dags/example_datasets.py
DAG(s) 'consume_1_or_both_2_and_3_with_dataset_expressions', 'dataset_consumes_unknown_never_scheduled', 'consume_1_and_2_with_dataset_expressions', 'dataset_produces_1', 'dataset_produces_2', 'conditional_dataset_and_time_based_timetable', 'dataset_consumes_1_and_2', 'dataset_consumes_1', 'consume_1_or_2_with_dataset_expressions', 'dataset_consumes_1_never_scheduled' retrieved from /home/airflow/.local/lib/python3.12/site-packages/airflow/example_dags/example_datasets.py
Sync 10 DAGs
Setting next_dagrun for conditional_dataset_and_time_based_timetable to 2026-01-28 01:00:00+00:00, run_after=2026-01-28 01:00:00+00:00
Setting next_dagrun for consume_1_and_2_with_dataset_expressions to None, run_after=None
Setting next_dagrun for consume_1_or_2_with_dataset_expressions to None, run_after=None
Setting next_dagrun for consume_1_or_both_2_and_3_with_dataset_expressions to None, run_after=None
Setting next_dagrun for dataset_consumes_1 to None, run_after=None
Setting next_dagrun for dataset_consumes_1_and_2 to None, run_after=None
Setting next_dagrun for dataset_consumes_1_never_scheduled to None, run_after=None
Setting next_dagrun for dataset_consumes_unknown_never_scheduled to None, run_after=None
Setting next_dagrun for dataset_produces_1 to 2026-02-02 00:00:00+00:00, run_after=2026-02-02 00:00:00+00:00
Setting next_dagrun for dataset_produces_2 to None, run_after=None
Processing /home/airflow/.local/lib/python3.12/site-packages/airflow/example_dags/example_datasets.py took 0.117 seconds
Started process (PID=3997) to work on /home/airflow/.local/lib/python3.12/site-packages/airflow/example_dags/example_datasets.py
Processing file /home/airflow/.local/lib/python3.12/site-packages/airflow/example_dags/example_datasets.py for tasks to queue
Filling up the DagBag from /home/airflow/.local/lib/python3.12/site-packages/airflow/example_dags/example_datasets.py
DAG(s) 'conditional_dataset_and_time_based_timetable', 'dataset_consumes_1_never_scheduled', 'consume_1_and_2_with_dataset_expressions', 'dataset_consumes_unknown_never_scheduled', 'dataset_produces_1', 'dataset_produces_2', 'dataset_consumes_1_and_2', 'consume_1_or_both_2_and_3_with_dataset_expressions', 'consume_1_or_2_with_dataset_expressions', 'dataset_consumes_1' retrieved from /home/airflow/.local/lib/python3.12/site-packages/airflow/example_dags/example_datasets.py
Sync 10 DAGs
Setting next_dagrun for conditional_dataset_and_time_based_timetable to 2026-01-28 01:00:00+00:00, run_after=2026-01-28 01:00:00+00:00
Setting next_dagrun for consume_1_and_2_with_dataset_expressions to None, run_after=None
Setting next_dagrun for consume_1_or_2_with_dataset_expressions to None, run_after=None
Setting next_dagrun for consume_1_or_both_2_and_3_with_dataset_expressions to None, run_after=None
Setting next_dagrun for dataset_consumes_1 to None, run_after=None
Setting next_dagrun for dataset_consumes_1_and_2 to None, run_after=None
Setting next_dagrun for dataset_consumes_1_never_scheduled to None, run_after=None
Setting next_dagrun for dataset_consumes_unknown_never_scheduled to None, run_after=None
Setting next_dagrun for dataset_produces_1 to 2026-02-02 00:00:00+00:00, run_after=2026-02-02 00:00:00+00:00
Setting next_dagrun for dataset_produces_2 to None, run_after=None
Processing /home/airflow/.local/lib/python3.12/site-packages/airflow/example_dags/example_datasets.py took 0.103 seconds
Started process (PID=4071) to work on /home/airflow/.local/lib/python3.12/site-packages/airflow/example_dags/example_datasets.py
Processing file /home/airflow/.local/lib/python3.12/site-packages/airflow/example_dags/example_datasets.py for tasks to queue
Filling up the DagBag from /home/airflow/.local/lib/python3.12/site-packages/airflow/example_dags/example_datasets.py
DAG(s) 'dataset_produces_2', 'dataset_consumes_1_and_2', 'dataset_consumes_unknown_never_scheduled', 'consume_1_or_both_2_and_3_with_dataset_expressions', 'dataset_produces_1', 'dataset_consumes_1', 'consume_1_or_2_with_dataset_expressions', 'dataset_consumes_1_never_scheduled', 'consume_1_and_2_with_dataset_expressions', 'conditional_dataset_and_time_based_timetable' retrieved from /home/airflow/.local/lib/python3.12/site-packages/airflow/example_dags/example_datasets.py
Sync 10 DAGs
Setting next_dagrun for conditional_dataset_and_time_based_timetable to 2026-01-28 01:00:00+00:00, run_after=2026-01-28 01:00:00+00:00
Setting next_dagrun for consume_1_and_2_with_dataset_expressions to None, run_after=None
Setting next_dagrun for consume_1_or_2_with_dataset_expressions to None, run_after=None
Setting next_dagrun for consume_1_or_both_2_and_3_with_dataset_expressions to None, run_after=None
Setting next_dagrun for dataset_consumes_1 to None, run_after=None
Setting next_dagrun for dataset_consumes_1_and_2 to None, run_after=None
Setting next_dagrun for dataset_consumes_1_never_scheduled to None, run_after=None
Setting next_dagrun for dataset_consumes_unknown_never_scheduled to None, run_after=None
Setting next_dagrun for dataset_produces_1 to 2026-02-02 00:00:00+00:00, run_after=2026-02-02 00:00:00+00:00
Setting next_dagrun for dataset_produces_2 to None, run_after=None
Processing /home/airflow/.local/lib/python3.12/site-packages/airflow/example_dags/example_datasets.py took 0.171 seconds
Started process (PID=4138) to work on /home/airflow/.local/lib/python3.12/site-packages/airflow/example_dags/example_datasets.py
Processing file /home/airflow/.local/lib/python3.12/site-packages/airflow/example_dags/example_datasets.py for tasks to queue
Filling up the DagBag from /home/airflow/.local/lib/python3.12/site-packages/airflow/example_dags/example_datasets.py
DAG(s) 'dataset_produces_1', 'consume_1_or_both_2_and_3_with_dataset_expressions', 'dataset_consumes_1_and_2', 'consume_1_and_2_with_dataset_expressions', 'dataset_consumes_1', 'dataset_consumes_unknown_never_scheduled', 'consume_1_or_2_with_dataset_expressions', 'dataset_consumes_1_never_scheduled', 'dataset_produces_2', 'conditional_dataset_and_time_based_timetable' retrieved from /home/airflow/.local/lib/python3.12/site-packages/airflow/example_dags/example_datasets.py
Sync 10 DAGs
Setting next_dagrun for conditional_dataset_and_time_based_timetable to 2026-01-28 01:00:00+00:00, run_after=2026-01-28 01:00:00+00:00
Setting next_dagrun for consume_1_and_2_with_dataset_expressions to None, run_after=None
Setting next_dagrun for consume_1_or_2_with_dataset_expressions to None, run_after=None
Setting next_dagrun for consume_1_or_both_2_and_3_with_dataset_expressions to None, run_after=None
Setting next_dagrun for dataset_consumes_1 to None, run_after=None
Setting next_dagrun for dataset_consumes_1_and_2 to None, run_after=None
Setting next_dagrun for dataset_consumes_1_never_scheduled to None, run_after=None
Setting next_dagrun for dataset_consumes_unknown_never_scheduled to None, run_after=None
Setting next_dagrun for dataset_produces_1 to 2026-02-02 00:00:00+00:00, run_after=2026-02-02 00:00:00+00:00
Setting next_dagrun for dataset_produces_2 to None, run_after=None
Processing /home/airflow/.local/lib/python3.12/site-packages/airflow/example_dags/example_datasets.py took 0.103 seconds
Started process (PID=4202) to work on /home/airflow/.local/lib/python3.12/site-packages/airflow/example_dags/example_datasets.py
Processing file /home/airflow/.local/lib/python3.12/site-packages/airflow/example_dags/example_datasets.py for tasks to queue
Filling up the DagBag from /home/airflow/.local/lib/python3.12/site-packages/airflow/example_dags/example_datasets.py
DAG(s) 'consume_1_or_2_with_dataset_expressions', 'conditional_dataset_and_time_based_timetable', 'dataset_produces_1', 'dataset_consumes_1_never_scheduled', 'consume_1_or_both_2_and_3_with_dataset_expressions', 'consume_1_and_2_with_dataset_expressions', 'dataset_consumes_unknown_never_scheduled', 'dataset_produces_2', 'dataset_consumes_1_and_2', 'dataset_consumes_1' retrieved from /home/airflow/.local/lib/python3.12/site-packages/airflow/example_dags/example_datasets.py
Sync 10 DAGs
Setting next_dagrun for conditional_dataset_and_time_based_timetable to 2026-01-28 01:00:00+00:00, run_after=2026-01-28 01:00:00+00:00
Setting next_dagrun for consume_1_and_2_with_dataset_expressions to None, run_after=None
Setting next_dagrun for consume_1_or_2_with_dataset_expressions to None, run_after=None
Setting next_dagrun for consume_1_or_both_2_and_3_with_dataset_expressions to None, run_after=None
Setting next_dagrun for dataset_consumes_1 to None, run_after=None
Setting next_dagrun for dataset_consumes_1_and_2 to None, run_after=None
Setting next_dagrun for dataset_consumes_1_never_scheduled to None, run_after=None
Setting next_dagrun for dataset_consumes_unknown_never_scheduled to None, run_after=None
Setting next_dagrun for dataset_produces_1 to 2026-02-02 00:00:00+00:00, run_after=2026-02-02 00:00:00+00:00
Setting next_dagrun for dataset_produces_2 to None, run_after=None
Processing /home/airflow/.local/lib/python3.12/site-packages/airflow/example_dags/example_datasets.py took 0.135 seconds
Started process (PID=33) to work on /home/airflow/.local/lib/python3.12/site-packages/airflow/example_dags/example_datasets.py
Processing file /home/airflow/.local/lib/python3.12/site-packages/airflow/example_dags/example_datasets.py for tasks to queue
Filling up the DagBag from /home/airflow/.local/lib/python3.12/site-packages/airflow/example_dags/example_datasets.py
DAG(s) 'dataset_consumes_1_and_2', 'consume_1_or_both_2_and_3_with_dataset_expressions', 'dataset_consumes_1_never_scheduled', 'dataset_consumes_1', 'dataset_consumes_unknown_never_scheduled', 'conditional_dataset_and_time_based_timetable', 'dataset_produces_2', 'consume_1_or_2_with_dataset_expressions', 'dataset_produces_1', 'consume_1_and_2_with_dataset_expressions' retrieved from /home/airflow/.local/lib/python3.12/site-packages/airflow/example_dags/example_datasets.py
Sync 10 DAGs
Setting next_dagrun for conditional_dataset_and_time_based_timetable to 2026-01-28 01:00:00+00:00, run_after=2026-01-28 01:00:00+00:00
Setting next_dagrun for consume_1_and_2_with_dataset_expressions to None, run_after=None
Setting next_dagrun for consume_1_or_2_with_dataset_expressions to None, run_after=None
Setting next_dagrun for consume_1_or_both_2_and_3_with_dataset_expressions to None, run_after=None
Setting next_dagrun for dataset_consumes_1 to None, run_after=None
Setting next_dagrun for dataset_consumes_1_and_2 to None, run_after=None
Setting next_dagrun for dataset_consumes_1_never_scheduled to None, run_after=None
Setting next_dagrun for dataset_consumes_unknown_never_scheduled to None, run_after=None
Setting next_dagrun for dataset_produces_1 to 2026-02-02 00:00:00+00:00, run_after=2026-02-02 00:00:00+00:00
Setting next_dagrun for dataset_produces_2 to None, run_after=None
Processing /home/airflow/.local/lib/python3.12/site-packages/airflow/example_dags/example_datasets.py took 0.108 seconds
Started process (PID=33) to work on /home/airflow/.local/lib/python3.12/site-packages/airflow/example_dags/example_datasets.py
Processing file /home/airflow/.local/lib/python3.12/site-packages/airflow/example_dags/example_datasets.py for tasks to queue
Filling up the DagBag from /home/airflow/.local/lib/python3.12/site-packages/airflow/example_dags/example_datasets.py
DAG(s) 'dataset_consumes_1', 'dataset_consumes_unknown_never_scheduled', 'consume_1_or_2_with_dataset_expressions', 'dataset_produces_2', 'consume_1_and_2_with_dataset_expressions', 'consume_1_or_both_2_and_3_with_dataset_expressions', 'dataset_consumes_1_and_2', 'dataset_consumes_1_never_scheduled', 'conditional_dataset_and_time_based_timetable', 'dataset_produces_1' retrieved from /home/airflow/.local/lib/python3.12/site-packages/airflow/example_dags/example_datasets.py
Sync 10 DAGs
Setting next_dagrun for conditional_dataset_and_time_based_timetable to 2026-01-28 01:00:00+00:00, run_after=2026-01-28 01:00:00+00:00
Setting next_dagrun for consume_1_and_2_with_dataset_expressions to None, run_after=None
Setting next_dagrun for consume_1_or_2_with_dataset_expressions to None, run_after=None
Setting next_dagrun for consume_1_or_both_2_and_3_with_dataset_expressions to None, run_after=None
Setting next_dagrun for dataset_consumes_1 to None, run_after=None
Setting next_dagrun for dataset_consumes_1_and_2 to None, run_after=None
Setting next_dagrun for dataset_consumes_1_never_scheduled to None, run_after=None
Setting next_dagrun for dataset_consumes_unknown_never_scheduled to None, run_after=None
Setting next_dagrun for dataset_produces_1 to 2026-02-02 00:00:00+00:00, run_after=2026-02-02 00:00:00+00:00
Setting next_dagrun for dataset_produces_2 to None, run_after=None
Processing /home/airflow/.local/lib/python3.12/site-packages/airflow/example_dags/example_datasets.py took 0.284 seconds
Started process (PID=99) to work on /home/airflow/.local/lib/python3.12/site-packages/airflow/example_dags/example_datasets.py
Processing file /home/airflow/.local/lib/python3.12/site-packages/airflow/example_dags/example_datasets.py for tasks to queue
Filling up the DagBag from /home/airflow/.local/lib/python3.12/site-packages/airflow/example_dags/example_datasets.py
DAG(s) 'dataset_consumes_unknown_never_scheduled', 'conditional_dataset_and_time_based_timetable', 'dataset_consumes_1_never_scheduled', 'dataset_consumes_1', 'dataset_consumes_1_and_2', 'consume_1_or_2_with_dataset_expressions', 'dataset_produces_2', 'consume_1_or_both_2_and_3_with_dataset_expressions', 'consume_1_and_2_with_dataset_expressions', 'dataset_produces_1' retrieved from /home/airflow/.local/lib/python3.12/site-packages/airflow/example_dags/example_datasets.py
Sync 10 DAGs
Setting next_dagrun for conditional_dataset_and_time_based_timetable to 2026-01-28 01:00:00+00:00, run_after=2026-01-28 01:00:00+00:00
Setting next_dagrun for consume_1_and_2_with_dataset_expressions to None, run_after=None
Setting next_dagrun for consume_1_or_2_with_dataset_expressions to None, run_after=None
Setting next_dagrun for consume_1_or_both_2_and_3_with_dataset_expressions to None, run_after=None
Setting next_dagrun for dataset_consumes_1 to None, run_after=None
Setting next_dagrun for dataset_consumes_1_and_2 to None, run_after=None
Setting next_dagrun for dataset_consumes_1_never_scheduled to None, run_after=None
Setting next_dagrun for dataset_consumes_unknown_never_scheduled to None, run_after=None
Setting next_dagrun for dataset_produces_1 to 2026-02-02 00:00:00+00:00, run_after=2026-02-02 00:00:00+00:00
Setting next_dagrun for dataset_produces_2 to None, run_after=None
Processing /home/airflow/.local/lib/python3.12/site-packages/airflow/example_dags/example_datasets.py took 0.117 seconds
Started process (PID=172) to work on /home/airflow/.local/lib/python3.12/site-packages/airflow/example_dags/example_datasets.py
Processing file /home/airflow/.local/lib/python3.12/site-packages/airflow/example_dags/example_datasets.py for tasks to queue
Filling up the DagBag from /home/airflow/.local/lib/python3.12/site-packages/airflow/example_dags/example_datasets.py
DAG(s) 'dataset_produces_1', 'dataset_produces_2', 'consume_1_or_2_with_dataset_expressions', 'dataset_consumes_unknown_never_scheduled', 'dataset_consumes_1_never_scheduled', 'conditional_dataset_and_time_based_timetable', 'consume_1_or_both_2_and_3_with_dataset_expressions', 'dataset_consumes_1_and_2', 'dataset_consumes_1', 'consume_1_and_2_with_dataset_expressions' retrieved from /home/airflow/.local/lib/python3.12/site-packages/airflow/example_dags/example_datasets.py
Sync 10 DAGs
Setting next_dagrun for conditional_dataset_and_time_based_timetable to 2026-01-28 01:00:00+00:00, run_after=2026-01-28 01:00:00+00:00
Setting next_dagrun for consume_1_and_2_with_dataset_expressions to None, run_after=None
Setting next_dagrun for consume_1_or_2_with_dataset_expressions to None, run_after=None
Setting next_dagrun for consume_1_or_both_2_and_3_with_dataset_expressions to None, run_after=None
Setting next_dagrun for dataset_consumes_1 to None, run_after=None
Setting next_dagrun for dataset_consumes_1_and_2 to None, run_after=None
Setting next_dagrun for dataset_consumes_1_never_scheduled to None, run_after=None
Setting next_dagrun for dataset_consumes_unknown_never_scheduled to None, run_after=None
Setting next_dagrun for dataset_produces_1 to 2026-02-02 00:00:00+00:00, run_after=2026-02-02 00:00:00+00:00
Setting next_dagrun for dataset_produces_2 to None, run_after=None
Processing /home/airflow/.local/lib/python3.12/site-packages/airflow/example_dags/example_datasets.py took 0.115 seconds
Started process (PID=237) to work on /home/airflow/.local/lib/python3.12/site-packages/airflow/example_dags/example_datasets.py
Processing file /home/airflow/.local/lib/python3.12/site-packages/airflow/example_dags/example_datasets.py for tasks to queue
Filling up the DagBag from /home/airflow/.local/lib/python3.12/site-packages/airflow/example_dags/example_datasets.py
DAG(s) 'dataset_produces_1', 'dataset_consumes_1_and_2', 'conditional_dataset_and_time_based_timetable', 'dataset_consumes_1', 'consume_1_and_2_with_dataset_expressions', 'dataset_consumes_unknown_never_scheduled', 'consume_1_or_2_with_dataset_expressions', 'consume_1_or_both_2_and_3_with_dataset_expressions', 'dataset_produces_2', 'dataset_consumes_1_never_scheduled' retrieved from /home/airflow/.local/lib/python3.12/site-packages/airflow/example_dags/example_datasets.py
Sync 10 DAGs
Setting next_dagrun for conditional_dataset_and_time_based_timetable to 2026-01-28 01:00:00+00:00, run_after=2026-01-28 01:00:00+00:00
Setting next_dagrun for consume_1_and_2_with_dataset_expressions to None, run_after=None
Setting next_dagrun for consume_1_or_2_with_dataset_expressions to None, run_after=None
Setting next_dagrun for consume_1_or_both_2_and_3_with_dataset_expressions to None, run_after=None
Setting next_dagrun for dataset_consumes_1 to None, run_after=None
Setting next_dagrun for dataset_consumes_1_and_2 to None, run_after=None
Setting next_dagrun for dataset_consumes_1_never_scheduled to None, run_after=None
Setting next_dagrun for dataset_consumes_unknown_never_scheduled to None, run_after=None
Setting next_dagrun for dataset_produces_1 to 2026-02-02 00:00:00+00:00, run_after=2026-02-02 00:00:00+00:00
Setting next_dagrun for dataset_produces_2 to None, run_after=None
Processing /home/airflow/.local/lib/python3.12/site-packages/airflow/example_dags/example_datasets.py took 0.100 seconds
Started process (PID=310) to work on /home/airflow/.local/lib/python3.12/site-packages/airflow/example_dags/example_datasets.py
Processing file /home/airflow/.local/lib/python3.12/site-packages/airflow/example_dags/example_datasets.py for tasks to queue
Filling up the DagBag from /home/airflow/.local/lib/python3.12/site-packages/airflow/example_dags/example_datasets.py
DAG(s) 'conditional_dataset_and_time_based_timetable', 'dataset_produces_1', 'consume_1_or_2_with_dataset_expressions', 'consume_1_or_both_2_and_3_with_dataset_expressions', 'dataset_consumes_1', 'dataset_consumes_1_and_2', 'consume_1_and_2_with_dataset_expressions', 'dataset_consumes_1_never_scheduled', 'dataset_produces_2', 'dataset_consumes_unknown_never_scheduled' retrieved from /home/airflow/.local/lib/python3.12/site-packages/airflow/example_dags/example_datasets.py
Sync 10 DAGs
Setting next_dagrun for conditional_dataset_and_time_based_timetable to 2026-01-28 01:00:00+00:00, run_after=2026-01-28 01:00:00+00:00
Setting next_dagrun for consume_1_and_2_with_dataset_expressions to None, run_after=None
Setting next_dagrun for consume_1_or_2_with_dataset_expressions to None, run_after=None
Setting next_dagrun for consume_1_or_both_2_and_3_with_dataset_expressions to None, run_after=None
Setting next_dagrun for dataset_consumes_1 to None, run_after=None
Setting next_dagrun for dataset_consumes_1_and_2 to None, run_after=None
Setting next_dagrun for dataset_consumes_1_never_scheduled to None, run_after=None
Setting next_dagrun for dataset_consumes_unknown_never_scheduled to None, run_after=None
Setting next_dagrun for dataset_produces_1 to 2026-02-02 00:00:00+00:00, run_after=2026-02-02 00:00:00+00:00
Setting next_dagrun for dataset_produces_2 to None, run_after=None
Processing /home/airflow/.local/lib/python3.12/site-packages/airflow/example_dags/example_datasets.py took 0.103 seconds
Started process (PID=33) to work on /home/airflow/.local/lib/python3.12/site-packages/airflow/example_dags/example_datasets.py
Processing file /home/airflow/.local/lib/python3.12/site-packages/airflow/example_dags/example_datasets.py for tasks to queue
Filling up the DagBag from /home/airflow/.local/lib/python3.12/site-packages/airflow/example_dags/example_datasets.py
DAG(s) 'dataset_produces_2', 'consume_1_or_2_with_dataset_expressions', 'consume_1_and_2_with_dataset_expressions', 'conditional_dataset_and_time_based_timetable', 'consume_1_or_both_2_and_3_with_dataset_expressions', 'dataset_consumes_unknown_never_scheduled', 'dataset_produces_1', 'dataset_consumes_1_and_2', 'dataset_consumes_1', 'dataset_consumes_1_never_scheduled' retrieved from /home/airflow/.local/lib/python3.12/site-packages/airflow/example_dags/example_datasets.py
Sync 10 DAGs
Setting next_dagrun for conditional_dataset_and_time_based_timetable to 2026-01-28 01:00:00+00:00, run_after=2026-01-28 01:00:00+00:00
Setting next_dagrun for consume_1_and_2_with_dataset_expressions to None, run_after=None
Setting next_dagrun for consume_1_or_2_with_dataset_expressions to None, run_after=None
Setting next_dagrun for consume_1_or_both_2_and_3_with_dataset_expressions to None, run_after=None
Setting next_dagrun for dataset_consumes_1 to None, run_after=None
Setting next_dagrun for dataset_consumes_1_and_2 to None, run_after=None
Setting next_dagrun for dataset_consumes_1_never_scheduled to None, run_after=None
Setting next_dagrun for dataset_consumes_unknown_never_scheduled to None, run_after=None
Setting next_dagrun for dataset_produces_1 to 2026-02-02 00:00:00+00:00, run_after=2026-02-02 00:00:00+00:00
Setting next_dagrun for dataset_produces_2 to None, run_after=None
Processing /home/airflow/.local/lib/python3.12/site-packages/airflow/example_dags/example_datasets.py took 0.111 seconds
Started process (PID=106) to work on /home/airflow/.local/lib/python3.12/site-packages/airflow/example_dags/example_datasets.py
Processing file /home/airflow/.local/lib/python3.12/site-packages/airflow/example_dags/example_datasets.py for tasks to queue
Filling up the DagBag from /home/airflow/.local/lib/python3.12/site-packages/airflow/example_dags/example_datasets.py
DAG(s) 'consume_1_or_2_with_dataset_expressions', 'dataset_consumes_1_and_2', 'dataset_consumes_1_never_scheduled', 'dataset_produces_1', 'dataset_consumes_unknown_never_scheduled', 'dataset_consumes_1', 'dataset_produces_2', 'consume_1_and_2_with_dataset_expressions', 'conditional_dataset_and_time_based_timetable', 'consume_1_or_both_2_and_3_with_dataset_expressions' retrieved from /home/airflow/.local/lib/python3.12/site-packages/airflow/example_dags/example_datasets.py
Sync 10 DAGs
Setting next_dagrun for conditional_dataset_and_time_based_timetable to 2026-01-28 01:00:00+00:00, run_after=2026-01-28 01:00:00+00:00
Setting next_dagrun for consume_1_and_2_with_dataset_expressions to None, run_after=None
Setting next_dagrun for consume_1_or_2_with_dataset_expressions to None, run_after=None
Setting next_dagrun for consume_1_or_both_2_and_3_with_dataset_expressions to None, run_after=None
Setting next_dagrun for dataset_consumes_1 to None, run_after=None
Setting next_dagrun for dataset_consumes_1_and_2 to None, run_after=None
Setting next_dagrun for dataset_consumes_1_never_scheduled to None, run_after=None
Setting next_dagrun for dataset_consumes_unknown_never_scheduled to None, run_after=None
Setting next_dagrun for dataset_produces_1 to 2026-02-02 00:00:00+00:00, run_after=2026-02-02 00:00:00+00:00
Setting next_dagrun for dataset_produces_2 to None, run_after=None
Processing /home/airflow/.local/lib/python3.12/site-packages/airflow/example_dags/example_datasets.py took 0.208 seconds
Started process (PID=173) to work on /home/airflow/.local/lib/python3.12/site-packages/airflow/example_dags/example_datasets.py
Processing file /home/airflow/.local/lib/python3.12/site-packages/airflow/example_dags/example_datasets.py for tasks to queue
Filling up the DagBag from /home/airflow/.local/lib/python3.12/site-packages/airflow/example_dags/example_datasets.py
DAG(s) 'dataset_consumes_1_and_2', 'dataset_produces_1', 'consume_1_or_2_with_dataset_expressions', 'conditional_dataset_and_time_based_timetable', 'consume_1_and_2_with_dataset_expressions', 'dataset_consumes_1', 'consume_1_or_both_2_and_3_with_dataset_expressions', 'dataset_consumes_unknown_never_scheduled', 'dataset_produces_2', 'dataset_consumes_1_never_scheduled' retrieved from /home/airflow/.local/lib/python3.12/site-packages/airflow/example_dags/example_datasets.py
Sync 10 DAGs
Setting next_dagrun for conditional_dataset_and_time_based_timetable to 2026-01-28 01:00:00+00:00, run_after=2026-01-28 01:00:00+00:00
Setting next_dagrun for consume_1_and_2_with_dataset_expressions to None, run_after=None
Setting next_dagrun for consume_1_or_2_with_dataset_expressions to None, run_after=None
Setting next_dagrun for consume_1_or_both_2_and_3_with_dataset_expressions to None, run_after=None
Setting next_dagrun for dataset_consumes_1 to None, run_after=None
Setting next_dagrun for dataset_consumes_1_and_2 to None, run_after=None
Setting next_dagrun for dataset_consumes_1_never_scheduled to None, run_after=None
Setting next_dagrun for dataset_consumes_unknown_never_scheduled to None, run_after=None
Setting next_dagrun for dataset_produces_1 to 2026-02-02 00:00:00+00:00, run_after=2026-02-02 00:00:00+00:00
Setting next_dagrun for dataset_produces_2 to None, run_after=None
Processing /home/airflow/.local/lib/python3.12/site-packages/airflow/example_dags/example_datasets.py took 0.113 seconds
Started process (PID=246) to work on /home/airflow/.local/lib/python3.12/site-packages/airflow/example_dags/example_datasets.py
Processing file /home/airflow/.local/lib/python3.12/site-packages/airflow/example_dags/example_datasets.py for tasks to queue
Filling up the DagBag from /home/airflow/.local/lib/python3.12/site-packages/airflow/example_dags/example_datasets.py
DAG(s) 'conditional_dataset_and_time_based_timetable', 'dataset_produces_1', 'dataset_consumes_unknown_never_scheduled', 'consume_1_or_2_with_dataset_expressions', 'dataset_consumes_1_never_scheduled', 'dataset_produces_2', 'dataset_consumes_1_and_2', 'consume_1_or_both_2_and_3_with_dataset_expressions', 'dataset_consumes_1', 'consume_1_and_2_with_dataset_expressions' retrieved from /home/airflow/.local/lib/python3.12/site-packages/airflow/example_dags/example_datasets.py
Sync 10 DAGs
Setting next_dagrun for conditional_dataset_and_time_based_timetable to 2026-01-28 01:00:00+00:00, run_after=2026-01-28 01:00:00+00:00
Setting next_dagrun for consume_1_and_2_with_dataset_expressions to None, run_after=None
Setting next_dagrun for consume_1_or_2_with_dataset_expressions to None, run_after=None
Setting next_dagrun for consume_1_or_both_2_and_3_with_dataset_expressions to None, run_after=None
Setting next_dagrun for dataset_consumes_1 to None, run_after=None
Setting next_dagrun for dataset_consumes_1_and_2 to None, run_after=None
Setting next_dagrun for dataset_consumes_1_never_scheduled to None, run_after=None
Setting next_dagrun for dataset_consumes_unknown_never_scheduled to None, run_after=None
Setting next_dagrun for dataset_produces_1 to 2026-02-02 00:00:00+00:00, run_after=2026-02-02 00:00:00+00:00
Setting next_dagrun for dataset_produces_2 to None, run_after=None
Processing /home/airflow/.local/lib/python3.12/site-packages/airflow/example_dags/example_datasets.py took 0.103 seconds
Started process (PID=312) to work on /home/airflow/.local/lib/python3.12/site-packages/airflow/example_dags/example_datasets.py
Processing file /home/airflow/.local/lib/python3.12/site-packages/airflow/example_dags/example_datasets.py for tasks to queue
Filling up the DagBag from /home/airflow/.local/lib/python3.12/site-packages/airflow/example_dags/example_datasets.py
DAG(s) 'dataset_produces_2', 'consume_1_or_2_with_dataset_expressions', 'dataset_consumes_1', 'consume_1_or_both_2_and_3_with_dataset_expressions', 'conditional_dataset_and_time_based_timetable', 'dataset_produces_1', 'dataset_consumes_1_never_scheduled', 'dataset_consumes_1_and_2', 'dataset_consumes_unknown_never_scheduled', 'consume_1_and_2_with_dataset_expressions' retrieved from /home/airflow/.local/lib/python3.12/site-packages/airflow/example_dags/example_datasets.py
Sync 10 DAGs
Setting next_dagrun for conditional_dataset_and_time_based_timetable to 2026-01-28 01:00:00+00:00, run_after=2026-01-28 01:00:00+00:00
Setting next_dagrun for consume_1_and_2_with_dataset_expressions to None, run_after=None
Setting next_dagrun for consume_1_or_2_with_dataset_expressions to None, run_after=None
Setting next_dagrun for consume_1_or_both_2_and_3_with_dataset_expressions to None, run_after=None
Setting next_dagrun for dataset_consumes_1 to None, run_after=None
Setting next_dagrun for dataset_consumes_1_and_2 to None, run_after=None
Setting next_dagrun for dataset_consumes_1_never_scheduled to None, run_after=None
Setting next_dagrun for dataset_consumes_unknown_never_scheduled to None, run_after=None
Setting next_dagrun for dataset_produces_1 to 2026-02-02 00:00:00+00:00, run_after=2026-02-02 00:00:00+00:00
Setting next_dagrun for dataset_produces_2 to None, run_after=None
Processing /home/airflow/.local/lib/python3.12/site-packages/airflow/example_dags/example_datasets.py took 0.107 seconds
Started process (PID=385) to work on /home/airflow/.local/lib/python3.12/site-packages/airflow/example_dags/example_datasets.py
Processing file /home/airflow/.local/lib/python3.12/site-packages/airflow/example_dags/example_datasets.py for tasks to queue
Filling up the DagBag from /home/airflow/.local/lib/python3.12/site-packages/airflow/example_dags/example_datasets.py
DAG(s) 'dataset_produces_2', 'dataset_consumes_1_and_2', 'dataset_consumes_unknown_never_scheduled', 'conditional_dataset_and_time_based_timetable', 'consume_1_or_2_with_dataset_expressions', 'dataset_consumes_1', 'consume_1_or_both_2_and_3_with_dataset_expressions', 'consume_1_and_2_with_dataset_expressions', 'dataset_consumes_1_never_scheduled', 'dataset_produces_1' retrieved from /home/airflow/.local/lib/python3.12/site-packages/airflow/example_dags/example_datasets.py
Sync 10 DAGs
Setting next_dagrun for conditional_dataset_and_time_based_timetable to 2026-01-28 01:00:00+00:00, run_after=2026-01-28 01:00:00+00:00
Setting next_dagrun for consume_1_and_2_with_dataset_expressions to None, run_after=None
Setting next_dagrun for consume_1_or_2_with_dataset_expressions to None, run_after=None
Setting next_dagrun for consume_1_or_both_2_and_3_with_dataset_expressions to None, run_after=None
Setting next_dagrun for dataset_consumes_1 to None, run_after=None
Setting next_dagrun for dataset_consumes_1_and_2 to None, run_after=None
Setting next_dagrun for dataset_consumes_1_never_scheduled to None, run_after=None
Setting next_dagrun for dataset_consumes_unknown_never_scheduled to None, run_after=None
Setting next_dagrun for dataset_produces_1 to 2026-02-02 00:00:00+00:00, run_after=2026-02-02 00:00:00+00:00
Setting next_dagrun for dataset_produces_2 to None, run_after=None
Processing /home/airflow/.local/lib/python3.12/site-packages/airflow/example_dags/example_datasets.py took 0.104 seconds
Started process (PID=458) to work on /home/airflow/.local/lib/python3.12/site-packages/airflow/example_dags/example_datasets.py
Processing file /home/airflow/.local/lib/python3.12/site-packages/airflow/example_dags/example_datasets.py for tasks to queue
Filling up the DagBag from /home/airflow/.local/lib/python3.12/site-packages/airflow/example_dags/example_datasets.py
DAG(s) 'consume_1_or_2_with_dataset_expressions', 'dataset_consumes_1_never_scheduled', 'conditional_dataset_and_time_based_timetable', 'dataset_produces_2', 'dataset_consumes_1', 'consume_1_or_both_2_and_3_with_dataset_expressions', 'dataset_produces_1', 'dataset_consumes_1_and_2', 'consume_1_and_2_with_dataset_expressions', 'dataset_consumes_unknown_never_scheduled' retrieved from /home/airflow/.local/lib/python3.12/site-packages/airflow/example_dags/example_datasets.py
Sync 10 DAGs
Setting next_dagrun for conditional_dataset_and_time_based_timetable to 2026-01-28 01:00:00+00:00, run_after=2026-01-28 01:00:00+00:00
Setting next_dagrun for consume_1_and_2_with_dataset_expressions to None, run_after=None
Setting next_dagrun for consume_1_or_2_with_dataset_expressions to None, run_after=None
Setting next_dagrun for consume_1_or_both_2_and_3_with_dataset_expressions to None, run_after=None
Setting next_dagrun for dataset_consumes_1 to None, run_after=None
Setting next_dagrun for dataset_consumes_1_and_2 to None, run_after=None
Setting next_dagrun for dataset_consumes_1_never_scheduled to None, run_after=None
Setting next_dagrun for dataset_consumes_unknown_never_scheduled to None, run_after=None
Setting next_dagrun for dataset_produces_1 to 2026-02-02 00:00:00+00:00, run_after=2026-02-02 00:00:00+00:00
Setting next_dagrun for dataset_produces_2 to None, run_after=None
Processing /home/airflow/.local/lib/python3.12/site-packages/airflow/example_dags/example_datasets.py took 0.113 seconds
Started process (PID=525) to work on /home/airflow/.local/lib/python3.12/site-packages/airflow/example_dags/example_datasets.py
Processing file /home/airflow/.local/lib/python3.12/site-packages/airflow/example_dags/example_datasets.py for tasks to queue
Filling up the DagBag from /home/airflow/.local/lib/python3.12/site-packages/airflow/example_dags/example_datasets.py
DAG(s) 'dataset_produces_1', 'dataset_consumes_1_and_2', 'consume_1_and_2_with_dataset_expressions', 'dataset_consumes_unknown_never_scheduled', 'consume_1_or_both_2_and_3_with_dataset_expressions', 'dataset_consumes_1', 'consume_1_or_2_with_dataset_expressions', 'dataset_produces_2', 'conditional_dataset_and_time_based_timetable', 'dataset_consumes_1_never_scheduled' retrieved from /home/airflow/.local/lib/python3.12/site-packages/airflow/example_dags/example_datasets.py
Sync 10 DAGs
Setting next_dagrun for conditional_dataset_and_time_based_timetable to 2026-01-28 01:00:00+00:00, run_after=2026-01-28 01:00:00+00:00
Setting next_dagrun for consume_1_and_2_with_dataset_expressions to None, run_after=None
Setting next_dagrun for consume_1_or_2_with_dataset_expressions to None, run_after=None
Setting next_dagrun for consume_1_or_both_2_and_3_with_dataset_expressions to None, run_after=None
Setting next_dagrun for dataset_consumes_1 to None, run_after=None
Setting next_dagrun for dataset_consumes_1_and_2 to None, run_after=None
Setting next_dagrun for dataset_consumes_1_never_scheduled to None, run_after=None
Setting next_dagrun for dataset_consumes_unknown_never_scheduled to None, run_after=None
Setting next_dagrun for dataset_produces_1 to 2026-02-02 00:00:00+00:00, run_after=2026-02-02 00:00:00+00:00
Setting next_dagrun for dataset_produces_2 to None, run_after=None
Processing /home/airflow/.local/lib/python3.12/site-packages/airflow/example_dags/example_datasets.py took 0.102 seconds
Started process (PID=599) to work on /home/airflow/.local/lib/python3.12/site-packages/airflow/example_dags/example_datasets.py
Processing file /home/airflow/.local/lib/python3.12/site-packages/airflow/example_dags/example_datasets.py for tasks to queue
Filling up the DagBag from /home/airflow/.local/lib/python3.12/site-packages/airflow/example_dags/example_datasets.py
DAG(s) 'consume_1_or_both_2_and_3_with_dataset_expressions', 'consume_1_or_2_with_dataset_expressions', 'consume_1_and_2_with_dataset_expressions', 'dataset_consumes_unknown_never_scheduled', 'dataset_consumes_1_and_2', 'conditional_dataset_and_time_based_timetable', 'dataset_produces_1', 'dataset_consumes_1', 'dataset_produces_2', 'dataset_consumes_1_never_scheduled' retrieved from /home/airflow/.local/lib/python3.12/site-packages/airflow/example_dags/example_datasets.py
Sync 10 DAGs
Setting next_dagrun for conditional_dataset_and_time_based_timetable to 2026-01-28 01:00:00+00:00, run_after=2026-01-28 01:00:00+00:00
Setting next_dagrun for consume_1_and_2_with_dataset_expressions to None, run_after=None
Setting next_dagrun for consume_1_or_2_with_dataset_expressions to None, run_after=None
Setting next_dagrun for consume_1_or_both_2_and_3_with_dataset_expressions to None, run_after=None
Setting next_dagrun for dataset_consumes_1 to None, run_after=None
Setting next_dagrun for dataset_consumes_1_and_2 to None, run_after=None
Setting next_dagrun for dataset_consumes_1_never_scheduled to None, run_after=None
Setting next_dagrun for dataset_consumes_unknown_never_scheduled to None, run_after=None
Setting next_dagrun for dataset_produces_1 to 2026-02-02 00:00:00+00:00, run_after=2026-02-02 00:00:00+00:00
Setting next_dagrun for dataset_produces_2 to None, run_after=None
Processing /home/airflow/.local/lib/python3.12/site-packages/airflow/example_dags/example_datasets.py took 0.134 seconds
Started process (PID=663) to work on /home/airflow/.local/lib/python3.12/site-packages/airflow/example_dags/example_datasets.py
Processing file /home/airflow/.local/lib/python3.12/site-packages/airflow/example_dags/example_datasets.py for tasks to queue
Filling up the DagBag from /home/airflow/.local/lib/python3.12/site-packages/airflow/example_dags/example_datasets.py
DAG(s) 'dataset_consumes_1_never_scheduled', 'conditional_dataset_and_time_based_timetable', 'dataset_consumes_1', 'dataset_produces_1', 'dataset_produces_2', 'dataset_consumes_1_and_2', 'consume_1_or_both_2_and_3_with_dataset_expressions', 'consume_1_and_2_with_dataset_expressions', 'consume_1_or_2_with_dataset_expressions', 'dataset_consumes_unknown_never_scheduled' retrieved from /home/airflow/.local/lib/python3.12/site-packages/airflow/example_dags/example_datasets.py
Sync 10 DAGs
Setting next_dagrun for conditional_dataset_and_time_based_timetable to 2026-01-28 01:00:00+00:00, run_after=2026-01-28 01:00:00+00:00
Setting next_dagrun for consume_1_and_2_with_dataset_expressions to None, run_after=None
Setting next_dagrun for consume_1_or_2_with_dataset_expressions to None, run_after=None
Setting next_dagrun for consume_1_or_both_2_and_3_with_dataset_expressions to None, run_after=None
Setting next_dagrun for dataset_consumes_1 to None, run_after=None
Setting next_dagrun for dataset_consumes_1_and_2 to None, run_after=None
Setting next_dagrun for dataset_consumes_1_never_scheduled to None, run_after=None
Setting next_dagrun for dataset_consumes_unknown_never_scheduled to None, run_after=None
Setting next_dagrun for dataset_produces_1 to 2026-02-02 00:00:00+00:00, run_after=2026-02-02 00:00:00+00:00
Setting next_dagrun for dataset_produces_2 to None, run_after=None
Processing /home/airflow/.local/lib/python3.12/site-packages/airflow/example_dags/example_datasets.py took 0.100 seconds
Started process (PID=40) to work on /home/airflow/.local/lib/python3.12/site-packages/airflow/example_dags/example_datasets.py
Processing file /home/airflow/.local/lib/python3.12/site-packages/airflow/example_dags/example_datasets.py for tasks to queue
Filling up the DagBag from /home/airflow/.local/lib/python3.12/site-packages/airflow/example_dags/example_datasets.py
DAG(s) 'dataset_consumes_unknown_never_scheduled', 'dataset_consumes_1_never_scheduled', 'consume_1_or_both_2_and_3_with_dataset_expressions', 'dataset_produces_2', 'consume_1_or_2_with_dataset_expressions', 'dataset_consumes_1', 'dataset_produces_1', 'conditional_dataset_and_time_based_timetable', 'consume_1_and_2_with_dataset_expressions', 'dataset_consumes_1_and_2' retrieved from /home/airflow/.local/lib/python3.12/site-packages/airflow/example_dags/example_datasets.py
Sync 10 DAGs
Setting next_dagrun for conditional_dataset_and_time_based_timetable to 2026-01-28 01:00:00+00:00, run_after=2026-01-28 01:00:00+00:00
Setting next_dagrun for consume_1_and_2_with_dataset_expressions to None, run_after=None
Setting next_dagrun for consume_1_or_2_with_dataset_expressions to None, run_after=None
Setting next_dagrun for consume_1_or_both_2_and_3_with_dataset_expressions to None, run_after=None
Setting next_dagrun for dataset_consumes_1 to None, run_after=None
Setting next_dagrun for dataset_consumes_1_and_2 to None, run_after=None
Setting next_dagrun for dataset_consumes_1_never_scheduled to None, run_after=None
Setting next_dagrun for dataset_consumes_unknown_never_scheduled to None, run_after=None
Setting next_dagrun for dataset_produces_1 to 2026-02-02 00:00:00+00:00, run_after=2026-02-02 00:00:00+00:00
Setting next_dagrun for dataset_produces_2 to None, run_after=None
Processing /home/airflow/.local/lib/python3.12/site-packages/airflow/example_dags/example_datasets.py took 0.134 seconds
Started process (PID=107) to work on /home/airflow/.local/lib/python3.12/site-packages/airflow/example_dags/example_datasets.py
Processing file /home/airflow/.local/lib/python3.12/site-packages/airflow/example_dags/example_datasets.py for tasks to queue
Filling up the DagBag from /home/airflow/.local/lib/python3.12/site-packages/airflow/example_dags/example_datasets.py
DAG(s) 'dataset_consumes_1_and_2', 'dataset_consumes_1', 'dataset_produces_1', 'conditional_dataset_and_time_based_timetable', 'consume_1_or_2_with_dataset_expressions', 'dataset_consumes_1_never_scheduled', 'dataset_produces_2', 'dataset_consumes_unknown_never_scheduled', 'consume_1_and_2_with_dataset_expressions', 'consume_1_or_both_2_and_3_with_dataset_expressions' retrieved from /home/airflow/.local/lib/python3.12/site-packages/airflow/example_dags/example_datasets.py
Sync 10 DAGs
Setting next_dagrun for conditional_dataset_and_time_based_timetable to 2026-01-28 01:00:00+00:00, run_after=2026-01-28 01:00:00+00:00
Setting next_dagrun for consume_1_and_2_with_dataset_expressions to None, run_after=None
Setting next_dagrun for consume_1_or_2_with_dataset_expressions to None, run_after=None
Setting next_dagrun for consume_1_or_both_2_and_3_with_dataset_expressions to None, run_after=None
Setting next_dagrun for dataset_consumes_1 to None, run_after=None
Setting next_dagrun for dataset_consumes_1_and_2 to None, run_after=None
Setting next_dagrun for dataset_consumes_1_never_scheduled to None, run_after=None
Setting next_dagrun for dataset_consumes_unknown_never_scheduled to None, run_after=None
Setting next_dagrun for dataset_produces_1 to 2026-02-02 00:00:00+00:00, run_after=2026-02-02 00:00:00+00:00
Setting next_dagrun for dataset_produces_2 to None, run_after=None
Processing /home/airflow/.local/lib/python3.12/site-packages/airflow/example_dags/example_datasets.py took 0.250 seconds
Started process (PID=174) to work on /home/airflow/.local/lib/python3.12/site-packages/airflow/example_dags/example_datasets.py
Processing file /home/airflow/.local/lib/python3.12/site-packages/airflow/example_dags/example_datasets.py for tasks to queue
Filling up the DagBag from /home/airflow/.local/lib/python3.12/site-packages/airflow/example_dags/example_datasets.py
DAG(s) 'dataset_produces_2', 'dataset_consumes_unknown_never_scheduled', 'dataset_consumes_1', 'dataset_produces_1', 'consume_1_or_both_2_and_3_with_dataset_expressions', 'conditional_dataset_and_time_based_timetable', 'dataset_consumes_1_never_scheduled', 'dataset_consumes_1_and_2', 'consume_1_or_2_with_dataset_expressions', 'consume_1_and_2_with_dataset_expressions' retrieved from /home/airflow/.local/lib/python3.12/site-packages/airflow/example_dags/example_datasets.py
Sync 10 DAGs
Setting next_dagrun for conditional_dataset_and_time_based_timetable to 2026-01-28 01:00:00+00:00, run_after=2026-01-28 01:00:00+00:00
Setting next_dagrun for consume_1_and_2_with_dataset_expressions to None, run_after=None
Setting next_dagrun for consume_1_or_2_with_dataset_expressions to None, run_after=None
Setting next_dagrun for consume_1_or_both_2_and_3_with_dataset_expressions to None, run_after=None
Setting next_dagrun for dataset_consumes_1 to None, run_after=None
Setting next_dagrun for dataset_consumes_1_and_2 to None, run_after=None
Setting next_dagrun for dataset_consumes_1_never_scheduled to None, run_after=None
Setting next_dagrun for dataset_consumes_unknown_never_scheduled to None, run_after=None
Setting next_dagrun for dataset_produces_1 to 2026-02-02 00:00:00+00:00, run_after=2026-02-02 00:00:00+00:00
Setting next_dagrun for dataset_produces_2 to None, run_after=None
Processing /home/airflow/.local/lib/python3.12/site-packages/airflow/example_dags/example_datasets.py took 0.095 seconds
Started process (PID=246) to work on /home/airflow/.local/lib/python3.12/site-packages/airflow/example_dags/example_datasets.py
Processing file /home/airflow/.local/lib/python3.12/site-packages/airflow/example_dags/example_datasets.py for tasks to queue
Filling up the DagBag from /home/airflow/.local/lib/python3.12/site-packages/airflow/example_dags/example_datasets.py
DAG(s) 'dataset_consumes_1_and_2', 'conditional_dataset_and_time_based_timetable', 'dataset_consumes_unknown_never_scheduled', 'dataset_consumes_1', 'dataset_consumes_1_never_scheduled', 'consume_1_or_both_2_and_3_with_dataset_expressions', 'dataset_produces_1', 'dataset_produces_2', 'consume_1_and_2_with_dataset_expressions', 'consume_1_or_2_with_dataset_expressions' retrieved from /home/airflow/.local/lib/python3.12/site-packages/airflow/example_dags/example_datasets.py
Sync 10 DAGs
Setting next_dagrun for conditional_dataset_and_time_based_timetable to 2026-01-28 01:00:00+00:00, run_after=2026-01-28 01:00:00+00:00
Setting next_dagrun for consume_1_and_2_with_dataset_expressions to None, run_after=None
Setting next_dagrun for consume_1_or_2_with_dataset_expressions to None, run_after=None
Setting next_dagrun for consume_1_or_both_2_and_3_with_dataset_expressions to None, run_after=None
Setting next_dagrun for dataset_consumes_1 to None, run_after=None
Setting next_dagrun for dataset_consumes_1_and_2 to None, run_after=None
Setting next_dagrun for dataset_consumes_1_never_scheduled to None, run_after=None
Setting next_dagrun for dataset_consumes_unknown_never_scheduled to None, run_after=None
Setting next_dagrun for dataset_produces_1 to 2026-02-02 00:00:00+00:00, run_after=2026-02-02 00:00:00+00:00
Setting next_dagrun for dataset_produces_2 to None, run_after=None
Processing /home/airflow/.local/lib/python3.12/site-packages/airflow/example_dags/example_datasets.py took 0.098 seconds
Started process (PID=312) to work on /home/airflow/.local/lib/python3.12/site-packages/airflow/example_dags/example_datasets.py
Processing file /home/airflow/.local/lib/python3.12/site-packages/airflow/example_dags/example_datasets.py for tasks to queue
Filling up the DagBag from /home/airflow/.local/lib/python3.12/site-packages/airflow/example_dags/example_datasets.py
DAG(s) 'dataset_produces_1', 'dataset_consumes_1_never_scheduled', 'dataset_consumes_1_and_2', 'consume_1_or_both_2_and_3_with_dataset_expressions', 'dataset_consumes_1', 'consume_1_and_2_with_dataset_expressions', 'consume_1_or_2_with_dataset_expressions', 'conditional_dataset_and_time_based_timetable', 'dataset_consumes_unknown_never_scheduled', 'dataset_produces_2' retrieved from /home/airflow/.local/lib/python3.12/site-packages/airflow/example_dags/example_datasets.py
Sync 10 DAGs
Setting next_dagrun for conditional_dataset_and_time_based_timetable to 2026-01-28 01:00:00+00:00, run_after=2026-01-28 01:00:00+00:00
Setting next_dagrun for consume_1_and_2_with_dataset_expressions to None, run_after=None
Setting next_dagrun for consume_1_or_2_with_dataset_expressions to None, run_after=None
Setting next_dagrun for consume_1_or_both_2_and_3_with_dataset_expressions to None, run_after=None
Setting next_dagrun for dataset_consumes_1 to None, run_after=None
Setting next_dagrun for dataset_consumes_1_and_2 to None, run_after=None
Setting next_dagrun for dataset_consumes_1_never_scheduled to None, run_after=None
Setting next_dagrun for dataset_consumes_unknown_never_scheduled to None, run_after=None
Setting next_dagrun for dataset_produces_1 to 2026-02-02 00:00:00+00:00, run_after=2026-02-02 00:00:00+00:00
Setting next_dagrun for dataset_produces_2 to None, run_after=None
Processing /home/airflow/.local/lib/python3.12/site-packages/airflow/example_dags/example_datasets.py took 0.102 seconds
Started process (PID=385) to work on /home/airflow/.local/lib/python3.12/site-packages/airflow/example_dags/example_datasets.py
Processing file /home/airflow/.local/lib/python3.12/site-packages/airflow/example_dags/example_datasets.py for tasks to queue
Filling up the DagBag from /home/airflow/.local/lib/python3.12/site-packages/airflow/example_dags/example_datasets.py
DAG(s) 'consume_1_or_2_with_dataset_expressions', 'dataset_produces_2', 'conditional_dataset_and_time_based_timetable', 'dataset_consumes_1', 'dataset_consumes_1_and_2', 'consume_1_or_both_2_and_3_with_dataset_expressions', 'dataset_produces_1', 'dataset_consumes_unknown_never_scheduled', 'dataset_consumes_1_never_scheduled', 'consume_1_and_2_with_dataset_expressions' retrieved from /home/airflow/.local/lib/python3.12/site-packages/airflow/example_dags/example_datasets.py
Sync 10 DAGs
Setting next_dagrun for conditional_dataset_and_time_based_timetable to 2026-01-28 01:00:00+00:00, run_after=2026-01-28 01:00:00+00:00
Setting next_dagrun for consume_1_and_2_with_dataset_expressions to None, run_after=None
Setting next_dagrun for consume_1_or_2_with_dataset_expressions to None, run_after=None
Setting next_dagrun for consume_1_or_both_2_and_3_with_dataset_expressions to None, run_after=None
Setting next_dagrun for dataset_consumes_1 to None, run_after=None
Setting next_dagrun for dataset_consumes_1_and_2 to None, run_after=None
Setting next_dagrun for dataset_consumes_1_never_scheduled to None, run_after=None
Setting next_dagrun for dataset_consumes_unknown_never_scheduled to None, run_after=None
Setting next_dagrun for dataset_produces_1 to 2026-02-02 00:00:00+00:00, run_after=2026-02-02 00:00:00+00:00
Setting next_dagrun for dataset_produces_2 to None, run_after=None
Processing /home/airflow/.local/lib/python3.12/site-packages/airflow/example_dags/example_datasets.py took 0.098 seconds
Started process (PID=451) to work on /home/airflow/.local/lib/python3.12/site-packages/airflow/example_dags/example_datasets.py
Processing file /home/airflow/.local/lib/python3.12/site-packages/airflow/example_dags/example_datasets.py for tasks to queue
Filling up the DagBag from /home/airflow/.local/lib/python3.12/site-packages/airflow/example_dags/example_datasets.py
DAG(s) 'dataset_produces_2', 'consume_1_or_both_2_and_3_with_dataset_expressions', 'dataset_produces_1', 'consume_1_and_2_with_dataset_expressions', 'dataset_consumes_1', 'conditional_dataset_and_time_based_timetable', 'dataset_consumes_1_never_scheduled', 'dataset_consumes_unknown_never_scheduled', 'consume_1_or_2_with_dataset_expressions', 'dataset_consumes_1_and_2' retrieved from /home/airflow/.local/lib/python3.12/site-packages/airflow/example_dags/example_datasets.py
Sync 10 DAGs
Setting next_dagrun for conditional_dataset_and_time_based_timetable to 2026-01-28 01:00:00+00:00, run_after=2026-01-28 01:00:00+00:00
Setting next_dagrun for consume_1_and_2_with_dataset_expressions to None, run_after=None
Setting next_dagrun for consume_1_or_2_with_dataset_expressions to None, run_after=None
Setting next_dagrun for consume_1_or_both_2_and_3_with_dataset_expressions to None, run_after=None
Setting next_dagrun for dataset_consumes_1 to None, run_after=None
Setting next_dagrun for dataset_consumes_1_and_2 to None, run_after=None
Setting next_dagrun for dataset_consumes_1_never_scheduled to None, run_after=None
Setting next_dagrun for dataset_consumes_unknown_never_scheduled to None, run_after=None
Setting next_dagrun for dataset_produces_1 to 2026-02-02 00:00:00+00:00, run_after=2026-02-02 00:00:00+00:00
Setting next_dagrun for dataset_produces_2 to None, run_after=None
Processing /home/airflow/.local/lib/python3.12/site-packages/airflow/example_dags/example_datasets.py took 0.095 seconds
Started process (PID=524) to work on /home/airflow/.local/lib/python3.12/site-packages/airflow/example_dags/example_datasets.py
Processing file /home/airflow/.local/lib/python3.12/site-packages/airflow/example_dags/example_datasets.py for tasks to queue
Filling up the DagBag from /home/airflow/.local/lib/python3.12/site-packages/airflow/example_dags/example_datasets.py
DAG(s) 'dataset_produces_2', 'dataset_produces_1', 'dataset_consumes_1_and_2', 'consume_1_or_2_with_dataset_expressions', 'dataset_consumes_1_never_scheduled', 'dataset_consumes_1', 'consume_1_and_2_with_dataset_expressions', 'consume_1_or_both_2_and_3_with_dataset_expressions', 'conditional_dataset_and_time_based_timetable', 'dataset_consumes_unknown_never_scheduled' retrieved from /home/airflow/.local/lib/python3.12/site-packages/airflow/example_dags/example_datasets.py
Sync 10 DAGs
Setting next_dagrun for conditional_dataset_and_time_based_timetable to 2026-01-28 01:00:00+00:00, run_after=2026-01-28 01:00:00+00:00
Setting next_dagrun for consume_1_and_2_with_dataset_expressions to None, run_after=None
Setting next_dagrun for consume_1_or_2_with_dataset_expressions to None, run_after=None
Setting next_dagrun for consume_1_or_both_2_and_3_with_dataset_expressions to None, run_after=None
Setting next_dagrun for dataset_consumes_1 to None, run_after=None
Setting next_dagrun for dataset_consumes_1_and_2 to None, run_after=None
Setting next_dagrun for dataset_consumes_1_never_scheduled to None, run_after=None
Setting next_dagrun for dataset_consumes_unknown_never_scheduled to None, run_after=None
Setting next_dagrun for dataset_produces_1 to 2026-02-02 00:00:00+00:00, run_after=2026-02-02 00:00:00+00:00
Setting next_dagrun for dataset_produces_2 to None, run_after=None
Processing /home/airflow/.local/lib/python3.12/site-packages/airflow/example_dags/example_datasets.py took 0.105 seconds
Started process (PID=591) to work on /home/airflow/.local/lib/python3.12/site-packages/airflow/example_dags/example_datasets.py
Processing file /home/airflow/.local/lib/python3.12/site-packages/airflow/example_dags/example_datasets.py for tasks to queue
Filling up the DagBag from /home/airflow/.local/lib/python3.12/site-packages/airflow/example_dags/example_datasets.py
DAG(s) 'dataset_consumes_1_never_scheduled', 'consume_1_or_2_with_dataset_expressions', 'dataset_consumes_1_and_2', 'dataset_produces_1', 'dataset_produces_2', 'consume_1_or_both_2_and_3_with_dataset_expressions', 'dataset_consumes_1', 'dataset_consumes_unknown_never_scheduled', 'consume_1_and_2_with_dataset_expressions', 'conditional_dataset_and_time_based_timetable' retrieved from /home/airflow/.local/lib/python3.12/site-packages/airflow/example_dags/example_datasets.py
Sync 10 DAGs
Setting next_dagrun for conditional_dataset_and_time_based_timetable to 2026-01-28 01:00:00+00:00, run_after=2026-01-28 01:00:00+00:00
Setting next_dagrun for consume_1_and_2_with_dataset_expressions to None, run_after=None
Setting next_dagrun for consume_1_or_2_with_dataset_expressions to None, run_after=None
Setting next_dagrun for consume_1_or_both_2_and_3_with_dataset_expressions to None, run_after=None
Setting next_dagrun for dataset_consumes_1 to None, run_after=None
Setting next_dagrun for dataset_consumes_1_and_2 to None, run_after=None
Setting next_dagrun for dataset_consumes_1_never_scheduled to None, run_after=None
Setting next_dagrun for dataset_consumes_unknown_never_scheduled to None, run_after=None
Setting next_dagrun for dataset_produces_1 to 2026-02-02 00:00:00+00:00, run_after=2026-02-02 00:00:00+00:00
Setting next_dagrun for dataset_produces_2 to None, run_after=None
Processing /home/airflow/.local/lib/python3.12/site-packages/airflow/example_dags/example_datasets.py took 0.100 seconds
Started process (PID=33) to work on /home/airflow/.local/lib/python3.12/site-packages/airflow/example_dags/example_datasets.py
Processing file /home/airflow/.local/lib/python3.12/site-packages/airflow/example_dags/example_datasets.py for tasks to queue
Filling up the DagBag from /home/airflow/.local/lib/python3.12/site-packages/airflow/example_dags/example_datasets.py
DAG(s) 'dataset_produces_1', 'consume_1_and_2_with_dataset_expressions', 'dataset_consumes_1_and_2', 'dataset_consumes_1', 'consume_1_or_both_2_and_3_with_dataset_expressions', 'dataset_produces_2', 'dataset_consumes_1_never_scheduled', 'consume_1_or_2_with_dataset_expressions', 'dataset_consumes_unknown_never_scheduled', 'conditional_dataset_and_time_based_timetable' retrieved from /home/airflow/.local/lib/python3.12/site-packages/airflow/example_dags/example_datasets.py
Sync 10 DAGs
Setting next_dagrun for conditional_dataset_and_time_based_timetable to 2026-01-28 01:00:00+00:00, run_after=2026-01-28 01:00:00+00:00
Setting next_dagrun for consume_1_and_2_with_dataset_expressions to None, run_after=None
Setting next_dagrun for consume_1_or_2_with_dataset_expressions to None, run_after=None
Setting next_dagrun for consume_1_or_both_2_and_3_with_dataset_expressions to None, run_after=None
Setting next_dagrun for dataset_consumes_1 to None, run_after=None
Setting next_dagrun for dataset_consumes_1_and_2 to None, run_after=None
Setting next_dagrun for dataset_consumes_1_never_scheduled to None, run_after=None
Setting next_dagrun for dataset_consumes_unknown_never_scheduled to None, run_after=None
Setting next_dagrun for dataset_produces_1 to 2026-02-02 00:00:00+00:00, run_after=2026-02-02 00:00:00+00:00
Setting next_dagrun for dataset_produces_2 to None, run_after=None
Processing /home/airflow/.local/lib/python3.12/site-packages/airflow/example_dags/example_datasets.py took 0.277 seconds
Started process (PID=107) to work on /home/airflow/.local/lib/python3.12/site-packages/airflow/example_dags/example_datasets.py
Processing file /home/airflow/.local/lib/python3.12/site-packages/airflow/example_dags/example_datasets.py for tasks to queue
Filling up the DagBag from /home/airflow/.local/lib/python3.12/site-packages/airflow/example_dags/example_datasets.py
DAG(s) 'conditional_dataset_and_time_based_timetable', 'dataset_produces_2', 'dataset_consumes_1_never_scheduled', 'dataset_consumes_1_and_2', 'dataset_produces_1', 'dataset_consumes_unknown_never_scheduled', 'consume_1_or_2_with_dataset_expressions', 'dataset_consumes_1', 'consume_1_or_both_2_and_3_with_dataset_expressions', 'consume_1_and_2_with_dataset_expressions' retrieved from /home/airflow/.local/lib/python3.12/site-packages/airflow/example_dags/example_datasets.py
Sync 10 DAGs
Setting next_dagrun for conditional_dataset_and_time_based_timetable to 2026-01-28 01:00:00+00:00, run_after=2026-01-28 01:00:00+00:00
Setting next_dagrun for consume_1_and_2_with_dataset_expressions to None, run_after=None
Setting next_dagrun for consume_1_or_2_with_dataset_expressions to None, run_after=None
Setting next_dagrun for consume_1_or_both_2_and_3_with_dataset_expressions to None, run_after=None
Setting next_dagrun for dataset_consumes_1 to None, run_after=None
Setting next_dagrun for dataset_consumes_1_and_2 to None, run_after=None
Setting next_dagrun for dataset_consumes_1_never_scheduled to None, run_after=None
Setting next_dagrun for dataset_consumes_unknown_never_scheduled to None, run_after=None
Setting next_dagrun for dataset_produces_1 to 2026-02-02 00:00:00+00:00, run_after=2026-02-02 00:00:00+00:00
Setting next_dagrun for dataset_produces_2 to None, run_after=None
Processing /home/airflow/.local/lib/python3.12/site-packages/airflow/example_dags/example_datasets.py took 0.097 seconds
Started process (PID=174) to work on /home/airflow/.local/lib/python3.12/site-packages/airflow/example_dags/example_datasets.py
Processing file /home/airflow/.local/lib/python3.12/site-packages/airflow/example_dags/example_datasets.py for tasks to queue
Filling up the DagBag from /home/airflow/.local/lib/python3.12/site-packages/airflow/example_dags/example_datasets.py
DAG(s) 'dataset_produces_1', 'consume_1_or_2_with_dataset_expressions', 'dataset_consumes_1', 'dataset_produces_2', 'consume_1_or_both_2_and_3_with_dataset_expressions', 'dataset_consumes_1_and_2', 'conditional_dataset_and_time_based_timetable', 'dataset_consumes_1_never_scheduled', 'consume_1_and_2_with_dataset_expressions', 'dataset_consumes_unknown_never_scheduled' retrieved from /home/airflow/.local/lib/python3.12/site-packages/airflow/example_dags/example_datasets.py
Sync 10 DAGs
Setting next_dagrun for conditional_dataset_and_time_based_timetable to 2026-01-28 01:00:00+00:00, run_after=2026-01-28 01:00:00+00:00
Setting next_dagrun for consume_1_and_2_with_dataset_expressions to None, run_after=None
Setting next_dagrun for consume_1_or_2_with_dataset_expressions to None, run_after=None
Setting next_dagrun for consume_1_or_both_2_and_3_with_dataset_expressions to None, run_after=None
Setting next_dagrun for dataset_consumes_1 to None, run_after=None
Setting next_dagrun for dataset_consumes_1_and_2 to None, run_after=None
Setting next_dagrun for dataset_consumes_1_never_scheduled to None, run_after=None
Setting next_dagrun for dataset_consumes_unknown_never_scheduled to None, run_after=None
Setting next_dagrun for dataset_produces_1 to 2026-02-02 00:00:00+00:00, run_after=2026-02-02 00:00:00+00:00
Setting next_dagrun for dataset_produces_2 to None, run_after=None
Processing /home/airflow/.local/lib/python3.12/site-packages/airflow/example_dags/example_datasets.py took 0.099 seconds
Started process (PID=246) to work on /home/airflow/.local/lib/python3.12/site-packages/airflow/example_dags/example_datasets.py
Processing file /home/airflow/.local/lib/python3.12/site-packages/airflow/example_dags/example_datasets.py for tasks to queue
Filling up the DagBag from /home/airflow/.local/lib/python3.12/site-packages/airflow/example_dags/example_datasets.py
DAG(s) 'dataset_consumes_unknown_never_scheduled', 'conditional_dataset_and_time_based_timetable', 'dataset_consumes_1_and_2', 'dataset_consumes_1', 'dataset_consumes_1_never_scheduled', 'consume_1_or_both_2_and_3_with_dataset_expressions', 'dataset_produces_1', 'consume_1_and_2_with_dataset_expressions', 'consume_1_or_2_with_dataset_expressions', 'dataset_produces_2' retrieved from /home/airflow/.local/lib/python3.12/site-packages/airflow/example_dags/example_datasets.py
Sync 10 DAGs
Setting next_dagrun for conditional_dataset_and_time_based_timetable to 2026-01-28 01:00:00+00:00, run_after=2026-01-28 01:00:00+00:00
Setting next_dagrun for consume_1_and_2_with_dataset_expressions to None, run_after=None
Setting next_dagrun for consume_1_or_2_with_dataset_expressions to None, run_after=None
Setting next_dagrun for consume_1_or_both_2_and_3_with_dataset_expressions to None, run_after=None
Setting next_dagrun for dataset_consumes_1 to None, run_after=None
Setting next_dagrun for dataset_consumes_1_and_2 to None, run_after=None
Setting next_dagrun for dataset_consumes_1_never_scheduled to None, run_after=None
Setting next_dagrun for dataset_consumes_unknown_never_scheduled to None, run_after=None
Setting next_dagrun for dataset_produces_1 to 2026-02-02 00:00:00+00:00, run_after=2026-02-02 00:00:00+00:00
Setting next_dagrun for dataset_produces_2 to None, run_after=None
Processing /home/airflow/.local/lib/python3.12/site-packages/airflow/example_dags/example_datasets.py took 0.096 seconds
Started process (PID=313) to work on /home/airflow/.local/lib/python3.12/site-packages/airflow/example_dags/example_datasets.py
Processing file /home/airflow/.local/lib/python3.12/site-packages/airflow/example_dags/example_datasets.py for tasks to queue
Filling up the DagBag from /home/airflow/.local/lib/python3.12/site-packages/airflow/example_dags/example_datasets.py
DAG(s) 'dataset_produces_1', 'consume_1_or_both_2_and_3_with_dataset_expressions', 'dataset_consumes_1_and_2', 'dataset_produces_2', 'consume_1_and_2_with_dataset_expressions', 'conditional_dataset_and_time_based_timetable', 'consume_1_or_2_with_dataset_expressions', 'dataset_consumes_1', 'dataset_consumes_1_never_scheduled', 'dataset_consumes_unknown_never_scheduled' retrieved from /home/airflow/.local/lib/python3.12/site-packages/airflow/example_dags/example_datasets.py
Sync 10 DAGs
Setting next_dagrun for conditional_dataset_and_time_based_timetable to 2026-01-28 01:00:00+00:00, run_after=2026-01-28 01:00:00+00:00
Setting next_dagrun for consume_1_and_2_with_dataset_expressions to None, run_after=None
Setting next_dagrun for consume_1_or_2_with_dataset_expressions to None, run_after=None
Setting next_dagrun for consume_1_or_both_2_and_3_with_dataset_expressions to None, run_after=None
Setting next_dagrun for dataset_consumes_1 to None, run_after=None
Setting next_dagrun for dataset_consumes_1_and_2 to None, run_after=None
Setting next_dagrun for dataset_consumes_1_never_scheduled to None, run_after=None
Setting next_dagrun for dataset_consumes_unknown_never_scheduled to None, run_after=None
Setting next_dagrun for dataset_produces_1 to 2026-02-02 00:00:00+00:00, run_after=2026-02-02 00:00:00+00:00
Setting next_dagrun for dataset_produces_2 to None, run_after=None
Processing /home/airflow/.local/lib/python3.12/site-packages/airflow/example_dags/example_datasets.py took 0.106 seconds
Started process (PID=385) to work on /home/airflow/.local/lib/python3.12/site-packages/airflow/example_dags/example_datasets.py
Processing file /home/airflow/.local/lib/python3.12/site-packages/airflow/example_dags/example_datasets.py for tasks to queue
Filling up the DagBag from /home/airflow/.local/lib/python3.12/site-packages/airflow/example_dags/example_datasets.py
DAG(s) 'consume_1_or_2_with_dataset_expressions', 'dataset_consumes_unknown_never_scheduled', 'dataset_consumes_1_never_scheduled', 'consume_1_or_both_2_and_3_with_dataset_expressions', 'consume_1_and_2_with_dataset_expressions', 'conditional_dataset_and_time_based_timetable', 'dataset_produces_2', 'dataset_consumes_1', 'dataset_produces_1', 'dataset_consumes_1_and_2' retrieved from /home/airflow/.local/lib/python3.12/site-packages/airflow/example_dags/example_datasets.py
Sync 10 DAGs
Setting next_dagrun for conditional_dataset_and_time_based_timetable to 2026-01-28 01:00:00+00:00, run_after=2026-01-28 01:00:00+00:00
Setting next_dagrun for consume_1_and_2_with_dataset_expressions to None, run_after=None
Setting next_dagrun for consume_1_or_2_with_dataset_expressions to None, run_after=None
Setting next_dagrun for consume_1_or_both_2_and_3_with_dataset_expressions to None, run_after=None
Setting next_dagrun for dataset_consumes_1 to None, run_after=None
Setting next_dagrun for dataset_consumes_1_and_2 to None, run_after=None
Setting next_dagrun for dataset_consumes_1_never_scheduled to None, run_after=None
Setting next_dagrun for dataset_consumes_unknown_never_scheduled to None, run_after=None
Setting next_dagrun for dataset_produces_1 to 2026-02-02 00:00:00+00:00, run_after=2026-02-02 00:00:00+00:00
Setting next_dagrun for dataset_produces_2 to None, run_after=None
Processing /home/airflow/.local/lib/python3.12/site-packages/airflow/example_dags/example_datasets.py took 0.101 seconds
Started process (PID=451) to work on /home/airflow/.local/lib/python3.12/site-packages/airflow/example_dags/example_datasets.py
Processing file /home/airflow/.local/lib/python3.12/site-packages/airflow/example_dags/example_datasets.py for tasks to queue
Filling up the DagBag from /home/airflow/.local/lib/python3.12/site-packages/airflow/example_dags/example_datasets.py
DAG(s) 'dataset_consumes_1_and_2', 'consume_1_or_2_with_dataset_expressions', 'consume_1_and_2_with_dataset_expressions', 'dataset_consumes_1', 'dataset_produces_2', 'conditional_dataset_and_time_based_timetable', 'dataset_produces_1', 'dataset_consumes_unknown_never_scheduled', 'consume_1_or_both_2_and_3_with_dataset_expressions', 'dataset_consumes_1_never_scheduled' retrieved from /home/airflow/.local/lib/python3.12/site-packages/airflow/example_dags/example_datasets.py
Sync 10 DAGs
Setting next_dagrun for conditional_dataset_and_time_based_timetable to 2026-01-28 01:00:00+00:00, run_after=2026-01-28 01:00:00+00:00
Setting next_dagrun for consume_1_and_2_with_dataset_expressions to None, run_after=None
Setting next_dagrun for consume_1_or_2_with_dataset_expressions to None, run_after=None
Setting next_dagrun for consume_1_or_both_2_and_3_with_dataset_expressions to None, run_after=None
Setting next_dagrun for dataset_consumes_1 to None, run_after=None
Setting next_dagrun for dataset_consumes_1_and_2 to None, run_after=None
Setting next_dagrun for dataset_consumes_1_never_scheduled to None, run_after=None
Setting next_dagrun for dataset_consumes_unknown_never_scheduled to None, run_after=None
Setting next_dagrun for dataset_produces_1 to 2026-02-02 00:00:00+00:00, run_after=2026-02-02 00:00:00+00:00
Setting next_dagrun for dataset_produces_2 to None, run_after=None
Processing /home/airflow/.local/lib/python3.12/site-packages/airflow/example_dags/example_datasets.py took 0.101 seconds
Started process (PID=524) to work on /home/airflow/.local/lib/python3.12/site-packages/airflow/example_dags/example_datasets.py
Processing file /home/airflow/.local/lib/python3.12/site-packages/airflow/example_dags/example_datasets.py for tasks to queue
Filling up the DagBag from /home/airflow/.local/lib/python3.12/site-packages/airflow/example_dags/example_datasets.py
DAG(s) 'dataset_produces_1', 'dataset_consumes_unknown_never_scheduled', 'dataset_produces_2', 'conditional_dataset_and_time_based_timetable', 'consume_1_or_2_with_dataset_expressions', 'dataset_consumes_1_and_2', 'consume_1_or_both_2_and_3_with_dataset_expressions', 'dataset_consumes_1_never_scheduled', 'dataset_consumes_1', 'consume_1_and_2_with_dataset_expressions' retrieved from /home/airflow/.local/lib/python3.12/site-packages/airflow/example_dags/example_datasets.py
Sync 10 DAGs
Setting next_dagrun for conditional_dataset_and_time_based_timetable to 2026-01-28 01:00:00+00:00, run_after=2026-01-28 01:00:00+00:00
Setting next_dagrun for consume_1_and_2_with_dataset_expressions to None, run_after=None
Setting next_dagrun for consume_1_or_2_with_dataset_expressions to None, run_after=None
Setting next_dagrun for consume_1_or_both_2_and_3_with_dataset_expressions to None, run_after=None
Setting next_dagrun for dataset_consumes_1 to None, run_after=None
Setting next_dagrun for dataset_consumes_1_and_2 to None, run_after=None
Setting next_dagrun for dataset_consumes_1_never_scheduled to None, run_after=None
Setting next_dagrun for dataset_consumes_unknown_never_scheduled to None, run_after=None
Setting next_dagrun for dataset_produces_1 to 2026-02-02 00:00:00+00:00, run_after=2026-02-02 00:00:00+00:00
Setting next_dagrun for dataset_produces_2 to None, run_after=None
Processing /home/airflow/.local/lib/python3.12/site-packages/airflow/example_dags/example_datasets.py took 0.098 seconds
Started process (PID=590) to work on /home/airflow/.local/lib/python3.12/site-packages/airflow/example_dags/example_datasets.py
Processing file /home/airflow/.local/lib/python3.12/site-packages/airflow/example_dags/example_datasets.py for tasks to queue
Filling up the DagBag from /home/airflow/.local/lib/python3.12/site-packages/airflow/example_dags/example_datasets.py
DAG(s) 'dataset_consumes_1', 'dataset_produces_2', 'consume_1_and_2_with_dataset_expressions', 'consume_1_or_both_2_and_3_with_dataset_expressions', 'conditional_dataset_and_time_based_timetable', 'dataset_consumes_unknown_never_scheduled', 'dataset_consumes_1_never_scheduled', 'dataset_consumes_1_and_2', 'dataset_produces_1', 'consume_1_or_2_with_dataset_expressions' retrieved from /home/airflow/.local/lib/python3.12/site-packages/airflow/example_dags/example_datasets.py
Sync 10 DAGs
Setting next_dagrun for conditional_dataset_and_time_based_timetable to 2026-01-28 01:00:00+00:00, run_after=2026-01-28 01:00:00+00:00
Setting next_dagrun for consume_1_and_2_with_dataset_expressions to None, run_after=None
Setting next_dagrun for consume_1_or_2_with_dataset_expressions to None, run_after=None
Setting next_dagrun for consume_1_or_both_2_and_3_with_dataset_expressions to None, run_after=None
Setting next_dagrun for dataset_consumes_1 to None, run_after=None
Setting next_dagrun for dataset_consumes_1_and_2 to None, run_after=None
Setting next_dagrun for dataset_consumes_1_never_scheduled to None, run_after=None
Setting next_dagrun for dataset_consumes_unknown_never_scheduled to None, run_after=None
Setting next_dagrun for dataset_produces_1 to 2026-02-02 00:00:00+00:00, run_after=2026-02-02 00:00:00+00:00
Setting next_dagrun for dataset_produces_2 to None, run_after=None
Processing /home/airflow/.local/lib/python3.12/site-packages/airflow/example_dags/example_datasets.py took 0.141 seconds
Started process (PID=663) to work on /home/airflow/.local/lib/python3.12/site-packages/airflow/example_dags/example_datasets.py
Processing file /home/airflow/.local/lib/python3.12/site-packages/airflow/example_dags/example_datasets.py for tasks to queue
Filling up the DagBag from /home/airflow/.local/lib/python3.12/site-packages/airflow/example_dags/example_datasets.py
DAG(s) 'consume_1_and_2_with_dataset_expressions', 'dataset_consumes_1_and_2', 'dataset_produces_1', 'dataset_produces_2', 'conditional_dataset_and_time_based_timetable', 'consume_1_or_both_2_and_3_with_dataset_expressions', 'dataset_consumes_unknown_never_scheduled', 'consume_1_or_2_with_dataset_expressions', 'dataset_consumes_1', 'dataset_consumes_1_never_scheduled' retrieved from /home/airflow/.local/lib/python3.12/site-packages/airflow/example_dags/example_datasets.py
Sync 10 DAGs
Setting next_dagrun for conditional_dataset_and_time_based_timetable to 2026-01-28 01:00:00+00:00, run_after=2026-01-28 01:00:00+00:00
Setting next_dagrun for consume_1_and_2_with_dataset_expressions to None, run_after=None
Setting next_dagrun for consume_1_or_2_with_dataset_expressions to None, run_after=None
Setting next_dagrun for consume_1_or_both_2_and_3_with_dataset_expressions to None, run_after=None
Setting next_dagrun for dataset_consumes_1 to None, run_after=None
Setting next_dagrun for dataset_consumes_1_and_2 to None, run_after=None
Setting next_dagrun for dataset_consumes_1_never_scheduled to None, run_after=None
Setting next_dagrun for dataset_consumes_unknown_never_scheduled to None, run_after=None
Setting next_dagrun for dataset_produces_1 to 2026-02-02 00:00:00+00:00, run_after=2026-02-02 00:00:00+00:00
Setting next_dagrun for dataset_produces_2 to None, run_after=None
Processing /home/airflow/.local/lib/python3.12/site-packages/airflow/example_dags/example_datasets.py took 0.104 seconds
Started process (PID=729) to work on /home/airflow/.local/lib/python3.12/site-packages/airflow/example_dags/example_datasets.py
Processing file /home/airflow/.local/lib/python3.12/site-packages/airflow/example_dags/example_datasets.py for tasks to queue
Filling up the DagBag from /home/airflow/.local/lib/python3.12/site-packages/airflow/example_dags/example_datasets.py
DAG(s) 'dataset_produces_1', 'dataset_consumes_1_and_2', 'dataset_consumes_1_never_scheduled', 'conditional_dataset_and_time_based_timetable', 'dataset_consumes_1', 'consume_1_or_both_2_and_3_with_dataset_expressions', 'consume_1_and_2_with_dataset_expressions', 'dataset_consumes_unknown_never_scheduled', 'consume_1_or_2_with_dataset_expressions', 'dataset_produces_2' retrieved from /home/airflow/.local/lib/python3.12/site-packages/airflow/example_dags/example_datasets.py
Sync 10 DAGs
Setting next_dagrun for conditional_dataset_and_time_based_timetable to 2026-01-28 01:00:00+00:00, run_after=2026-01-28 01:00:00+00:00
Setting next_dagrun for consume_1_and_2_with_dataset_expressions to None, run_after=None
Setting next_dagrun for consume_1_or_2_with_dataset_expressions to None, run_after=None
Setting next_dagrun for consume_1_or_both_2_and_3_with_dataset_expressions to None, run_after=None
Setting next_dagrun for dataset_consumes_1 to None, run_after=None
Setting next_dagrun for dataset_consumes_1_and_2 to None, run_after=None
Setting next_dagrun for dataset_consumes_1_never_scheduled to None, run_after=None
Setting next_dagrun for dataset_consumes_unknown_never_scheduled to None, run_after=None
Setting next_dagrun for dataset_produces_1 to 2026-02-02 00:00:00+00:00, run_after=2026-02-02 00:00:00+00:00
Setting next_dagrun for dataset_produces_2 to None, run_after=None
Processing /home/airflow/.local/lib/python3.12/site-packages/airflow/example_dags/example_datasets.py took 0.103 seconds
Started process (PID=802) to work on /home/airflow/.local/lib/python3.12/site-packages/airflow/example_dags/example_datasets.py
Processing file /home/airflow/.local/lib/python3.12/site-packages/airflow/example_dags/example_datasets.py for tasks to queue
Filling up the DagBag from /home/airflow/.local/lib/python3.12/site-packages/airflow/example_dags/example_datasets.py
DAG(s) 'dataset_produces_2', 'dataset_produces_1', 'dataset_consumes_1', 'dataset_consumes_1_and_2', 'consume_1_or_2_with_dataset_expressions', 'conditional_dataset_and_time_based_timetable', 'consume_1_or_both_2_and_3_with_dataset_expressions', 'dataset_consumes_1_never_scheduled', 'consume_1_and_2_with_dataset_expressions', 'dataset_consumes_unknown_never_scheduled' retrieved from /home/airflow/.local/lib/python3.12/site-packages/airflow/example_dags/example_datasets.py
Sync 10 DAGs
Setting next_dagrun for conditional_dataset_and_time_based_timetable to 2026-01-28 01:00:00+00:00, run_after=2026-01-28 01:00:00+00:00
Setting next_dagrun for consume_1_and_2_with_dataset_expressions to None, run_after=None
Setting next_dagrun for consume_1_or_2_with_dataset_expressions to None, run_after=None
Setting next_dagrun for consume_1_or_both_2_and_3_with_dataset_expressions to None, run_after=None
Setting next_dagrun for dataset_consumes_1 to None, run_after=None
Setting next_dagrun for dataset_consumes_1_and_2 to None, run_after=None
Setting next_dagrun for dataset_consumes_1_never_scheduled to None, run_after=None
Setting next_dagrun for dataset_consumes_unknown_never_scheduled to None, run_after=None
Setting next_dagrun for dataset_produces_1 to 2026-02-02 00:00:00+00:00, run_after=2026-02-02 00:00:00+00:00
Setting next_dagrun for dataset_produces_2 to None, run_after=None
Processing /home/airflow/.local/lib/python3.12/site-packages/airflow/example_dags/example_datasets.py took 0.106 seconds
Started process (PID=868) to work on /home/airflow/.local/lib/python3.12/site-packages/airflow/example_dags/example_datasets.py
Processing file /home/airflow/.local/lib/python3.12/site-packages/airflow/example_dags/example_datasets.py for tasks to queue
Filling up the DagBag from /home/airflow/.local/lib/python3.12/site-packages/airflow/example_dags/example_datasets.py
DAG(s) 'dataset_produces_1', 'dataset_consumes_1', 'consume_1_and_2_with_dataset_expressions', 'consume_1_or_2_with_dataset_expressions', 'consume_1_or_both_2_and_3_with_dataset_expressions', 'conditional_dataset_and_time_based_timetable', 'dataset_produces_2', 'dataset_consumes_unknown_never_scheduled', 'dataset_consumes_1_and_2', 'dataset_consumes_1_never_scheduled' retrieved from /home/airflow/.local/lib/python3.12/site-packages/airflow/example_dags/example_datasets.py
Sync 10 DAGs
Setting next_dagrun for conditional_dataset_and_time_based_timetable to 2026-01-28 01:00:00+00:00, run_after=2026-01-28 01:00:00+00:00
Setting next_dagrun for consume_1_and_2_with_dataset_expressions to None, run_after=None
Setting next_dagrun for consume_1_or_2_with_dataset_expressions to None, run_after=None
Setting next_dagrun for consume_1_or_both_2_and_3_with_dataset_expressions to None, run_after=None
Setting next_dagrun for dataset_consumes_1 to None, run_after=None
Setting next_dagrun for dataset_consumes_1_and_2 to None, run_after=None
Setting next_dagrun for dataset_consumes_1_never_scheduled to None, run_after=None
Setting next_dagrun for dataset_consumes_unknown_never_scheduled to None, run_after=None
Setting next_dagrun for dataset_produces_1 to 2026-02-02 00:00:00+00:00, run_after=2026-02-02 00:00:00+00:00
Setting next_dagrun for dataset_produces_2 to None, run_after=None
Processing /home/airflow/.local/lib/python3.12/site-packages/airflow/example_dags/example_datasets.py took 0.103 seconds
Started process (PID=941) to work on /home/airflow/.local/lib/python3.12/site-packages/airflow/example_dags/example_datasets.py
Processing file /home/airflow/.local/lib/python3.12/site-packages/airflow/example_dags/example_datasets.py for tasks to queue
Filling up the DagBag from /home/airflow/.local/lib/python3.12/site-packages/airflow/example_dags/example_datasets.py
DAG(s) 'dataset_consumes_1_and_2', 'dataset_produces_2', 'dataset_produces_1', 'dataset_consumes_unknown_never_scheduled', 'dataset_consumes_1_never_scheduled', 'dataset_consumes_1', 'consume_1_or_both_2_and_3_with_dataset_expressions', 'consume_1_and_2_with_dataset_expressions', 'conditional_dataset_and_time_based_timetable', 'consume_1_or_2_with_dataset_expressions' retrieved from /home/airflow/.local/lib/python3.12/site-packages/airflow/example_dags/example_datasets.py
Sync 10 DAGs
Setting next_dagrun for conditional_dataset_and_time_based_timetable to 2026-01-28 01:00:00+00:00, run_after=2026-01-28 01:00:00+00:00
Setting next_dagrun for consume_1_and_2_with_dataset_expressions to None, run_after=None
Setting next_dagrun for consume_1_or_2_with_dataset_expressions to None, run_after=None
Setting next_dagrun for consume_1_or_both_2_and_3_with_dataset_expressions to None, run_after=None
Setting next_dagrun for dataset_consumes_1 to None, run_after=None
Setting next_dagrun for dataset_consumes_1_and_2 to None, run_after=None
Setting next_dagrun for dataset_consumes_1_never_scheduled to None, run_after=None
Setting next_dagrun for dataset_consumes_unknown_never_scheduled to None, run_after=None
Setting next_dagrun for dataset_produces_1 to 2026-02-02 00:00:00+00:00, run_after=2026-02-02 00:00:00+00:00
Setting next_dagrun for dataset_produces_2 to None, run_after=None
Processing /home/airflow/.local/lib/python3.12/site-packages/airflow/example_dags/example_datasets.py took 0.105 seconds
Started process (PID=1007) to work on /home/airflow/.local/lib/python3.12/site-packages/airflow/example_dags/example_datasets.py
Processing file /home/airflow/.local/lib/python3.12/site-packages/airflow/example_dags/example_datasets.py for tasks to queue
Filling up the DagBag from /home/airflow/.local/lib/python3.12/site-packages/airflow/example_dags/example_datasets.py
DAG(s) 'conditional_dataset_and_time_based_timetable', 'dataset_consumes_unknown_never_scheduled', 'consume_1_or_2_with_dataset_expressions', 'dataset_consumes_1_never_scheduled', 'dataset_consumes_1_and_2', 'dataset_produces_2', 'dataset_produces_1', 'consume_1_or_both_2_and_3_with_dataset_expressions', 'consume_1_and_2_with_dataset_expressions', 'dataset_consumes_1' retrieved from /home/airflow/.local/lib/python3.12/site-packages/airflow/example_dags/example_datasets.py
Sync 10 DAGs
Setting next_dagrun for conditional_dataset_and_time_based_timetable to 2026-01-28 01:00:00+00:00, run_after=2026-01-28 01:00:00+00:00
Setting next_dagrun for consume_1_and_2_with_dataset_expressions to None, run_after=None
Setting next_dagrun for consume_1_or_2_with_dataset_expressions to None, run_after=None
Setting next_dagrun for consume_1_or_both_2_and_3_with_dataset_expressions to None, run_after=None
Setting next_dagrun for dataset_consumes_1 to None, run_after=None
Setting next_dagrun for dataset_consumes_1_and_2 to None, run_after=None
Setting next_dagrun for dataset_consumes_1_never_scheduled to None, run_after=None
Setting next_dagrun for dataset_consumes_unknown_never_scheduled to None, run_after=None
Setting next_dagrun for dataset_produces_1 to 2026-02-02 00:00:00+00:00, run_after=2026-02-02 00:00:00+00:00
Setting next_dagrun for dataset_produces_2 to None, run_after=None
Processing /home/airflow/.local/lib/python3.12/site-packages/airflow/example_dags/example_datasets.py took 0.100 seconds
Started process (PID=1080) to work on /home/airflow/.local/lib/python3.12/site-packages/airflow/example_dags/example_datasets.py
Processing file /home/airflow/.local/lib/python3.12/site-packages/airflow/example_dags/example_datasets.py for tasks to queue
Filling up the DagBag from /home/airflow/.local/lib/python3.12/site-packages/airflow/example_dags/example_datasets.py
DAG(s) 'dataset_consumes_1', 'dataset_produces_2', 'dataset_produces_1', 'consume_1_or_2_with_dataset_expressions', 'consume_1_or_both_2_and_3_with_dataset_expressions', 'conditional_dataset_and_time_based_timetable', 'dataset_consumes_1_never_scheduled', 'consume_1_and_2_with_dataset_expressions', 'dataset_consumes_unknown_never_scheduled', 'dataset_consumes_1_and_2' retrieved from /home/airflow/.local/lib/python3.12/site-packages/airflow/example_dags/example_datasets.py
Sync 10 DAGs
Setting next_dagrun for conditional_dataset_and_time_based_timetable to 2026-01-28 01:00:00+00:00, run_after=2026-01-28 01:00:00+00:00
Setting next_dagrun for consume_1_and_2_with_dataset_expressions to None, run_after=None
Setting next_dagrun for consume_1_or_2_with_dataset_expressions to None, run_after=None
Setting next_dagrun for consume_1_or_both_2_and_3_with_dataset_expressions to None, run_after=None
Setting next_dagrun for dataset_consumes_1 to None, run_after=None
Setting next_dagrun for dataset_consumes_1_and_2 to None, run_after=None
Setting next_dagrun for dataset_consumes_1_never_scheduled to None, run_after=None
Setting next_dagrun for dataset_consumes_unknown_never_scheduled to None, run_after=None
Setting next_dagrun for dataset_produces_1 to 2026-02-02 00:00:00+00:00, run_after=2026-02-02 00:00:00+00:00
Setting next_dagrun for dataset_produces_2 to None, run_after=None
Processing /home/airflow/.local/lib/python3.12/site-packages/airflow/example_dags/example_datasets.py took 0.101 seconds
Started process (PID=1146) to work on /home/airflow/.local/lib/python3.12/site-packages/airflow/example_dags/example_datasets.py
Processing file /home/airflow/.local/lib/python3.12/site-packages/airflow/example_dags/example_datasets.py for tasks to queue
Filling up the DagBag from /home/airflow/.local/lib/python3.12/site-packages/airflow/example_dags/example_datasets.py
DAG(s) 'consume_1_and_2_with_dataset_expressions', 'dataset_produces_1', 'dataset_consumes_1', 'consume_1_or_both_2_and_3_with_dataset_expressions', 'consume_1_or_2_with_dataset_expressions', 'conditional_dataset_and_time_based_timetable', 'dataset_produces_2', 'dataset_consumes_1_never_scheduled', 'dataset_consumes_1_and_2', 'dataset_consumes_unknown_never_scheduled' retrieved from /home/airflow/.local/lib/python3.12/site-packages/airflow/example_dags/example_datasets.py
Sync 10 DAGs
Setting next_dagrun for conditional_dataset_and_time_based_timetable to 2026-01-28 01:00:00+00:00, run_after=2026-01-28 01:00:00+00:00
Setting next_dagrun for consume_1_and_2_with_dataset_expressions to None, run_after=None
Setting next_dagrun for consume_1_or_2_with_dataset_expressions to None, run_after=None
Setting next_dagrun for consume_1_or_both_2_and_3_with_dataset_expressions to None, run_after=None
Setting next_dagrun for dataset_consumes_1 to None, run_after=None
Setting next_dagrun for dataset_consumes_1_and_2 to None, run_after=None
Setting next_dagrun for dataset_consumes_1_never_scheduled to None, run_after=None
Setting next_dagrun for dataset_consumes_unknown_never_scheduled to None, run_after=None
Setting next_dagrun for dataset_produces_1 to 2026-02-02 00:00:00+00:00, run_after=2026-02-02 00:00:00+00:00
Setting next_dagrun for dataset_produces_2 to None, run_after=None
Processing /home/airflow/.local/lib/python3.12/site-packages/airflow/example_dags/example_datasets.py took 0.106 seconds
Started process (PID=1219) to work on /home/airflow/.local/lib/python3.12/site-packages/airflow/example_dags/example_datasets.py
Processing file /home/airflow/.local/lib/python3.12/site-packages/airflow/example_dags/example_datasets.py for tasks to queue
Filling up the DagBag from /home/airflow/.local/lib/python3.12/site-packages/airflow/example_dags/example_datasets.py
DAG(s) 'dataset_produces_2', 'consume_1_or_2_with_dataset_expressions', 'conditional_dataset_and_time_based_timetable', 'dataset_consumes_1_and_2', 'dataset_consumes_1', 'dataset_consumes_1_never_scheduled', 'dataset_consumes_unknown_never_scheduled', 'consume_1_or_both_2_and_3_with_dataset_expressions', 'consume_1_and_2_with_dataset_expressions', 'dataset_produces_1' retrieved from /home/airflow/.local/lib/python3.12/site-packages/airflow/example_dags/example_datasets.py
Sync 10 DAGs
Setting next_dagrun for conditional_dataset_and_time_based_timetable to 2026-01-28 01:00:00+00:00, run_after=2026-01-28 01:00:00+00:00
Setting next_dagrun for consume_1_and_2_with_dataset_expressions to None, run_after=None
Setting next_dagrun for consume_1_or_2_with_dataset_expressions to None, run_after=None
Setting next_dagrun for consume_1_or_both_2_and_3_with_dataset_expressions to None, run_after=None
Setting next_dagrun for dataset_consumes_1 to None, run_after=None
Setting next_dagrun for dataset_consumes_1_and_2 to None, run_after=None
Setting next_dagrun for dataset_consumes_1_never_scheduled to None, run_after=None
Setting next_dagrun for dataset_consumes_unknown_never_scheduled to None, run_after=None
Setting next_dagrun for dataset_produces_1 to 2026-02-02 00:00:00+00:00, run_after=2026-02-02 00:00:00+00:00
Setting next_dagrun for dataset_produces_2 to None, run_after=None
Processing /home/airflow/.local/lib/python3.12/site-packages/airflow/example_dags/example_datasets.py took 0.112 seconds
Started process (PID=1285) to work on /home/airflow/.local/lib/python3.12/site-packages/airflow/example_dags/example_datasets.py
Processing file /home/airflow/.local/lib/python3.12/site-packages/airflow/example_dags/example_datasets.py for tasks to queue
Filling up the DagBag from /home/airflow/.local/lib/python3.12/site-packages/airflow/example_dags/example_datasets.py
DAG(s) 'dataset_consumes_1', 'dataset_produces_1', 'conditional_dataset_and_time_based_timetable', 'dataset_produces_2', 'consume_1_and_2_with_dataset_expressions', 'consume_1_or_2_with_dataset_expressions', 'consume_1_or_both_2_and_3_with_dataset_expressions', 'dataset_consumes_1_never_scheduled', 'dataset_consumes_unknown_never_scheduled', 'dataset_consumes_1_and_2' retrieved from /home/airflow/.local/lib/python3.12/site-packages/airflow/example_dags/example_datasets.py
Sync 10 DAGs
Setting next_dagrun for conditional_dataset_and_time_based_timetable to 2026-01-28 01:00:00+00:00, run_after=2026-01-28 01:00:00+00:00
Setting next_dagrun for consume_1_and_2_with_dataset_expressions to None, run_after=None
Setting next_dagrun for consume_1_or_2_with_dataset_expressions to None, run_after=None
Setting next_dagrun for consume_1_or_both_2_and_3_with_dataset_expressions to None, run_after=None
Setting next_dagrun for dataset_consumes_1 to None, run_after=None
Setting next_dagrun for dataset_consumes_1_and_2 to None, run_after=None
Setting next_dagrun for dataset_consumes_1_never_scheduled to None, run_after=None
Setting next_dagrun for dataset_consumes_unknown_never_scheduled to None, run_after=None
Setting next_dagrun for dataset_produces_1 to 2026-02-02 00:00:00+00:00, run_after=2026-02-02 00:00:00+00:00
Setting next_dagrun for dataset_produces_2 to None, run_after=None
Processing /home/airflow/.local/lib/python3.12/site-packages/airflow/example_dags/example_datasets.py took 0.098 seconds
Started process (PID=1358) to work on /home/airflow/.local/lib/python3.12/site-packages/airflow/example_dags/example_datasets.py
Processing file /home/airflow/.local/lib/python3.12/site-packages/airflow/example_dags/example_datasets.py for tasks to queue
Filling up the DagBag from /home/airflow/.local/lib/python3.12/site-packages/airflow/example_dags/example_datasets.py
DAG(s) 'conditional_dataset_and_time_based_timetable', 'dataset_consumes_unknown_never_scheduled', 'dataset_produces_2', 'dataset_consumes_1_never_scheduled', 'dataset_consumes_1_and_2', 'consume_1_and_2_with_dataset_expressions', 'dataset_consumes_1', 'consume_1_or_2_with_dataset_expressions', 'dataset_produces_1', 'consume_1_or_both_2_and_3_with_dataset_expressions' retrieved from /home/airflow/.local/lib/python3.12/site-packages/airflow/example_dags/example_datasets.py
Sync 10 DAGs
Setting next_dagrun for conditional_dataset_and_time_based_timetable to 2026-01-28 01:00:00+00:00, run_after=2026-01-28 01:00:00+00:00
Setting next_dagrun for consume_1_and_2_with_dataset_expressions to None, run_after=None
Setting next_dagrun for consume_1_or_2_with_dataset_expressions to None, run_after=None
Setting next_dagrun for consume_1_or_both_2_and_3_with_dataset_expressions to None, run_after=None
Setting next_dagrun for dataset_consumes_1 to None, run_after=None
Setting next_dagrun for dataset_consumes_1_and_2 to None, run_after=None
Setting next_dagrun for dataset_consumes_1_never_scheduled to None, run_after=None
Setting next_dagrun for dataset_consumes_unknown_never_scheduled to None, run_after=None
Setting next_dagrun for dataset_produces_1 to 2026-02-02 00:00:00+00:00, run_after=2026-02-02 00:00:00+00:00
Setting next_dagrun for dataset_produces_2 to None, run_after=None
Processing /home/airflow/.local/lib/python3.12/site-packages/airflow/example_dags/example_datasets.py took 0.099 seconds
Started process (PID=1424) to work on /home/airflow/.local/lib/python3.12/site-packages/airflow/example_dags/example_datasets.py
Processing file /home/airflow/.local/lib/python3.12/site-packages/airflow/example_dags/example_datasets.py for tasks to queue
Filling up the DagBag from /home/airflow/.local/lib/python3.12/site-packages/airflow/example_dags/example_datasets.py
DAG(s) 'consume_1_or_2_with_dataset_expressions', 'consume_1_and_2_with_dataset_expressions', 'dataset_consumes_1_and_2', 'consume_1_or_both_2_and_3_with_dataset_expressions', 'dataset_consumes_unknown_never_scheduled', 'dataset_produces_1', 'dataset_produces_2', 'conditional_dataset_and_time_based_timetable', 'dataset_consumes_1', 'dataset_consumes_1_never_scheduled' retrieved from /home/airflow/.local/lib/python3.12/site-packages/airflow/example_dags/example_datasets.py
Sync 10 DAGs
Setting next_dagrun for conditional_dataset_and_time_based_timetable to 2026-01-28 01:00:00+00:00, run_after=2026-01-28 01:00:00+00:00
Setting next_dagrun for consume_1_and_2_with_dataset_expressions to None, run_after=None
Setting next_dagrun for consume_1_or_2_with_dataset_expressions to None, run_after=None
Setting next_dagrun for consume_1_or_both_2_and_3_with_dataset_expressions to None, run_after=None
Setting next_dagrun for dataset_consumes_1 to None, run_after=None
Setting next_dagrun for dataset_consumes_1_and_2 to None, run_after=None
Setting next_dagrun for dataset_consumes_1_never_scheduled to None, run_after=None
Setting next_dagrun for dataset_consumes_unknown_never_scheduled to None, run_after=None
Setting next_dagrun for dataset_produces_1 to 2026-02-02 00:00:00+00:00, run_after=2026-02-02 00:00:00+00:00
Setting next_dagrun for dataset_produces_2 to None, run_after=None
Processing /home/airflow/.local/lib/python3.12/site-packages/airflow/example_dags/example_datasets.py took 0.102 seconds
Started process (PID=1498) to work on /home/airflow/.local/lib/python3.12/site-packages/airflow/example_dags/example_datasets.py
Processing file /home/airflow/.local/lib/python3.12/site-packages/airflow/example_dags/example_datasets.py for tasks to queue
Filling up the DagBag from /home/airflow/.local/lib/python3.12/site-packages/airflow/example_dags/example_datasets.py
DAG(s) 'dataset_consumes_unknown_never_scheduled', 'dataset_consumes_1_never_scheduled', 'consume_1_or_2_with_dataset_expressions', 'dataset_produces_1', 'dataset_produces_2', 'dataset_consumes_1', 'conditional_dataset_and_time_based_timetable', 'consume_1_or_both_2_and_3_with_dataset_expressions', 'dataset_consumes_1_and_2', 'consume_1_and_2_with_dataset_expressions' retrieved from /home/airflow/.local/lib/python3.12/site-packages/airflow/example_dags/example_datasets.py
Sync 10 DAGs
Setting next_dagrun for conditional_dataset_and_time_based_timetable to 2026-01-28 01:00:00+00:00, run_after=2026-01-28 01:00:00+00:00
Setting next_dagrun for consume_1_and_2_with_dataset_expressions to None, run_after=None
Setting next_dagrun for consume_1_or_2_with_dataset_expressions to None, run_after=None
Setting next_dagrun for consume_1_or_both_2_and_3_with_dataset_expressions to None, run_after=None
Setting next_dagrun for dataset_consumes_1 to None, run_after=None
Setting next_dagrun for dataset_consumes_1_and_2 to None, run_after=None
Setting next_dagrun for dataset_consumes_1_never_scheduled to None, run_after=None
Setting next_dagrun for dataset_consumes_unknown_never_scheduled to None, run_after=None
Setting next_dagrun for dataset_produces_1 to 2026-02-02 00:00:00+00:00, run_after=2026-02-02 00:00:00+00:00
Setting next_dagrun for dataset_produces_2 to None, run_after=None
Processing /home/airflow/.local/lib/python3.12/site-packages/airflow/example_dags/example_datasets.py took 0.095 seconds
Started process (PID=1563) to work on /home/airflow/.local/lib/python3.12/site-packages/airflow/example_dags/example_datasets.py
Processing file /home/airflow/.local/lib/python3.12/site-packages/airflow/example_dags/example_datasets.py for tasks to queue
Filling up the DagBag from /home/airflow/.local/lib/python3.12/site-packages/airflow/example_dags/example_datasets.py
DAG(s) 'conditional_dataset_and_time_based_timetable', 'consume_1_or_2_with_dataset_expressions', 'dataset_produces_2', 'dataset_consumes_1_and_2', 'consume_1_and_2_with_dataset_expressions', 'consume_1_or_both_2_and_3_with_dataset_expressions', 'dataset_consumes_1_never_scheduled', 'dataset_produces_1', 'dataset_consumes_unknown_never_scheduled', 'dataset_consumes_1' retrieved from /home/airflow/.local/lib/python3.12/site-packages/airflow/example_dags/example_datasets.py
Sync 10 DAGs
Setting next_dagrun for conditional_dataset_and_time_based_timetable to 2026-01-28 01:00:00+00:00, run_after=2026-01-28 01:00:00+00:00
Setting next_dagrun for consume_1_and_2_with_dataset_expressions to None, run_after=None
Setting next_dagrun for consume_1_or_2_with_dataset_expressions to None, run_after=None
Setting next_dagrun for consume_1_or_both_2_and_3_with_dataset_expressions to None, run_after=None
Setting next_dagrun for dataset_consumes_1 to None, run_after=None
Setting next_dagrun for dataset_consumes_1_and_2 to None, run_after=None
Setting next_dagrun for dataset_consumes_1_never_scheduled to None, run_after=None
Setting next_dagrun for dataset_consumes_unknown_never_scheduled to None, run_after=None
Setting next_dagrun for dataset_produces_1 to 2026-02-02 00:00:00+00:00, run_after=2026-02-02 00:00:00+00:00
Setting next_dagrun for dataset_produces_2 to None, run_after=None
Processing /home/airflow/.local/lib/python3.12/site-packages/airflow/example_dags/example_datasets.py took 0.106 seconds
Started process (PID=1637) to work on /home/airflow/.local/lib/python3.12/site-packages/airflow/example_dags/example_datasets.py
Processing file /home/airflow/.local/lib/python3.12/site-packages/airflow/example_dags/example_datasets.py for tasks to queue
Filling up the DagBag from /home/airflow/.local/lib/python3.12/site-packages/airflow/example_dags/example_datasets.py
DAG(s) 'consume_1_or_2_with_dataset_expressions', 'consume_1_and_2_with_dataset_expressions', 'dataset_consumes_1_never_scheduled', 'conditional_dataset_and_time_based_timetable', 'dataset_consumes_unknown_never_scheduled', 'dataset_produces_1', 'dataset_consumes_1_and_2', 'dataset_produces_2', 'dataset_consumes_1', 'consume_1_or_both_2_and_3_with_dataset_expressions' retrieved from /home/airflow/.local/lib/python3.12/site-packages/airflow/example_dags/example_datasets.py
Sync 10 DAGs
Setting next_dagrun for conditional_dataset_and_time_based_timetable to 2026-01-28 01:00:00+00:00, run_after=2026-01-28 01:00:00+00:00
Setting next_dagrun for consume_1_and_2_with_dataset_expressions to None, run_after=None
Setting next_dagrun for consume_1_or_2_with_dataset_expressions to None, run_after=None
Setting next_dagrun for consume_1_or_both_2_and_3_with_dataset_expressions to None, run_after=None
Setting next_dagrun for dataset_consumes_1 to None, run_after=None
Setting next_dagrun for dataset_consumes_1_and_2 to None, run_after=None
Setting next_dagrun for dataset_consumes_1_never_scheduled to None, run_after=None
Setting next_dagrun for dataset_consumes_unknown_never_scheduled to None, run_after=None
Setting next_dagrun for dataset_produces_1 to 2026-02-02 00:00:00+00:00, run_after=2026-02-02 00:00:00+00:00
Setting next_dagrun for dataset_produces_2 to None, run_after=None
Processing /home/airflow/.local/lib/python3.12/site-packages/airflow/example_dags/example_datasets.py took 0.098 seconds
Started process (PID=1702) to work on /home/airflow/.local/lib/python3.12/site-packages/airflow/example_dags/example_datasets.py
Processing file /home/airflow/.local/lib/python3.12/site-packages/airflow/example_dags/example_datasets.py for tasks to queue
Filling up the DagBag from /home/airflow/.local/lib/python3.12/site-packages/airflow/example_dags/example_datasets.py
DAG(s) 'dataset_produces_2', 'dataset_consumes_1_and_2', 'dataset_produces_1', 'dataset_consumes_1_never_scheduled', 'consume_1_or_2_with_dataset_expressions', 'conditional_dataset_and_time_based_timetable', 'dataset_consumes_unknown_never_scheduled', 'consume_1_and_2_with_dataset_expressions', 'consume_1_or_both_2_and_3_with_dataset_expressions', 'dataset_consumes_1' retrieved from /home/airflow/.local/lib/python3.12/site-packages/airflow/example_dags/example_datasets.py
Sync 10 DAGs
Setting next_dagrun for conditional_dataset_and_time_based_timetable to 2026-01-28 01:00:00+00:00, run_after=2026-01-28 01:00:00+00:00
Setting next_dagrun for consume_1_and_2_with_dataset_expressions to None, run_after=None
Setting next_dagrun for consume_1_or_2_with_dataset_expressions to None, run_after=None
Setting next_dagrun for consume_1_or_both_2_and_3_with_dataset_expressions to None, run_after=None
Setting next_dagrun for dataset_consumes_1 to None, run_after=None
Setting next_dagrun for dataset_consumes_1_and_2 to None, run_after=None
Setting next_dagrun for dataset_consumes_1_never_scheduled to None, run_after=None
Setting next_dagrun for dataset_consumes_unknown_never_scheduled to None, run_after=None
Setting next_dagrun for dataset_produces_1 to 2026-02-02 00:00:00+00:00, run_after=2026-02-02 00:00:00+00:00
Setting next_dagrun for dataset_produces_2 to None, run_after=None
Processing /home/airflow/.local/lib/python3.12/site-packages/airflow/example_dags/example_datasets.py took 0.097 seconds
Started process (PID=1775) to work on /home/airflow/.local/lib/python3.12/site-packages/airflow/example_dags/example_datasets.py
Processing file /home/airflow/.local/lib/python3.12/site-packages/airflow/example_dags/example_datasets.py for tasks to queue
Filling up the DagBag from /home/airflow/.local/lib/python3.12/site-packages/airflow/example_dags/example_datasets.py
DAG(s) 'conditional_dataset_and_time_based_timetable', 'dataset_consumes_1_never_scheduled', 'dataset_consumes_1', 'dataset_produces_1', 'consume_1_and_2_with_dataset_expressions', 'dataset_consumes_unknown_never_scheduled', 'consume_1_or_2_with_dataset_expressions', 'consume_1_or_both_2_and_3_with_dataset_expressions', 'dataset_produces_2', 'dataset_consumes_1_and_2' retrieved from /home/airflow/.local/lib/python3.12/site-packages/airflow/example_dags/example_datasets.py
Sync 10 DAGs
Setting next_dagrun for conditional_dataset_and_time_based_timetable to 2026-01-28 01:00:00+00:00, run_after=2026-01-28 01:00:00+00:00
Setting next_dagrun for consume_1_and_2_with_dataset_expressions to None, run_after=None
Setting next_dagrun for consume_1_or_2_with_dataset_expressions to None, run_after=None
Setting next_dagrun for consume_1_or_both_2_and_3_with_dataset_expressions to None, run_after=None
Setting next_dagrun for dataset_consumes_1 to None, run_after=None
Setting next_dagrun for dataset_consumes_1_and_2 to None, run_after=None
Setting next_dagrun for dataset_consumes_1_never_scheduled to None, run_after=None
Setting next_dagrun for dataset_consumes_unknown_never_scheduled to None, run_after=None
Setting next_dagrun for dataset_produces_1 to 2026-02-02 00:00:00+00:00, run_after=2026-02-02 00:00:00+00:00
Setting next_dagrun for dataset_produces_2 to None, run_after=None
Processing /home/airflow/.local/lib/python3.12/site-packages/airflow/example_dags/example_datasets.py took 0.098 seconds
Started process (PID=1842) to work on /home/airflow/.local/lib/python3.12/site-packages/airflow/example_dags/example_datasets.py
Processing file /home/airflow/.local/lib/python3.12/site-packages/airflow/example_dags/example_datasets.py for tasks to queue
Filling up the DagBag from /home/airflow/.local/lib/python3.12/site-packages/airflow/example_dags/example_datasets.py
DAG(s) 'dataset_consumes_1', 'dataset_produces_2', 'dataset_consumes_1_never_scheduled', 'dataset_consumes_unknown_never_scheduled', 'consume_1_or_2_with_dataset_expressions', 'conditional_dataset_and_time_based_timetable', 'dataset_consumes_1_and_2', 'consume_1_and_2_with_dataset_expressions', 'consume_1_or_both_2_and_3_with_dataset_expressions', 'dataset_produces_1' retrieved from /home/airflow/.local/lib/python3.12/site-packages/airflow/example_dags/example_datasets.py
Sync 10 DAGs
Setting next_dagrun for conditional_dataset_and_time_based_timetable to 2026-01-28 01:00:00+00:00, run_after=2026-01-28 01:00:00+00:00
Setting next_dagrun for consume_1_and_2_with_dataset_expressions to None, run_after=None
Setting next_dagrun for consume_1_or_2_with_dataset_expressions to None, run_after=None
Setting next_dagrun for consume_1_or_both_2_and_3_with_dataset_expressions to None, run_after=None
Setting next_dagrun for dataset_consumes_1 to None, run_after=None
Setting next_dagrun for dataset_consumes_1_and_2 to None, run_after=None
Setting next_dagrun for dataset_consumes_1_never_scheduled to None, run_after=None
Setting next_dagrun for dataset_consumes_unknown_never_scheduled to None, run_after=None
Setting next_dagrun for dataset_produces_1 to 2026-02-02 00:00:00+00:00, run_after=2026-02-02 00:00:00+00:00
Setting next_dagrun for dataset_produces_2 to None, run_after=None
Processing /home/airflow/.local/lib/python3.12/site-packages/airflow/example_dags/example_datasets.py took 0.100 seconds
Started process (PID=1914) to work on /home/airflow/.local/lib/python3.12/site-packages/airflow/example_dags/example_datasets.py
Processing file /home/airflow/.local/lib/python3.12/site-packages/airflow/example_dags/example_datasets.py for tasks to queue
Filling up the DagBag from /home/airflow/.local/lib/python3.12/site-packages/airflow/example_dags/example_datasets.py
DAG(s) 'dataset_consumes_1_never_scheduled', 'consume_1_or_both_2_and_3_with_dataset_expressions', 'dataset_consumes_1', 'dataset_consumes_1_and_2', 'dataset_produces_2', 'conditional_dataset_and_time_based_timetable', 'dataset_consumes_unknown_never_scheduled', 'consume_1_or_2_with_dataset_expressions', 'dataset_produces_1', 'consume_1_and_2_with_dataset_expressions' retrieved from /home/airflow/.local/lib/python3.12/site-packages/airflow/example_dags/example_datasets.py
Sync 10 DAGs
Setting next_dagrun for conditional_dataset_and_time_based_timetable to 2026-01-28 01:00:00+00:00, run_after=2026-01-28 01:00:00+00:00
Setting next_dagrun for consume_1_and_2_with_dataset_expressions to None, run_after=None
Setting next_dagrun for consume_1_or_2_with_dataset_expressions to None, run_after=None
Setting next_dagrun for consume_1_or_both_2_and_3_with_dataset_expressions to None, run_after=None
Setting next_dagrun for dataset_consumes_1 to None, run_after=None
Setting next_dagrun for dataset_consumes_1_and_2 to None, run_after=None
Setting next_dagrun for dataset_consumes_1_never_scheduled to None, run_after=None
Setting next_dagrun for dataset_consumes_unknown_never_scheduled to None, run_after=None
Setting next_dagrun for dataset_produces_1 to 2026-02-02 00:00:00+00:00, run_after=2026-02-02 00:00:00+00:00
Setting next_dagrun for dataset_produces_2 to None, run_after=None
Processing /home/airflow/.local/lib/python3.12/site-packages/airflow/example_dags/example_datasets.py took 0.105 seconds
Started process (PID=1980) to work on /home/airflow/.local/lib/python3.12/site-packages/airflow/example_dags/example_datasets.py
Processing file /home/airflow/.local/lib/python3.12/site-packages/airflow/example_dags/example_datasets.py for tasks to queue
Filling up the DagBag from /home/airflow/.local/lib/python3.12/site-packages/airflow/example_dags/example_datasets.py
DAG(s) 'dataset_consumes_1_and_2', 'consume_1_or_both_2_and_3_with_dataset_expressions', 'conditional_dataset_and_time_based_timetable', 'dataset_produces_1', 'consume_1_or_2_with_dataset_expressions', 'consume_1_and_2_with_dataset_expressions', 'dataset_consumes_unknown_never_scheduled', 'dataset_consumes_1_never_scheduled', 'dataset_produces_2', 'dataset_consumes_1' retrieved from /home/airflow/.local/lib/python3.12/site-packages/airflow/example_dags/example_datasets.py
Sync 10 DAGs
Setting next_dagrun for conditional_dataset_and_time_based_timetable to 2026-01-28 01:00:00+00:00, run_after=2026-01-28 01:00:00+00:00
Setting next_dagrun for consume_1_and_2_with_dataset_expressions to None, run_after=None
Setting next_dagrun for consume_1_or_2_with_dataset_expressions to None, run_after=None
Setting next_dagrun for consume_1_or_both_2_and_3_with_dataset_expressions to None, run_after=None
Setting next_dagrun for dataset_consumes_1 to None, run_after=None
Setting next_dagrun for dataset_consumes_1_and_2 to None, run_after=None
Setting next_dagrun for dataset_consumes_1_never_scheduled to None, run_after=None
Setting next_dagrun for dataset_consumes_unknown_never_scheduled to None, run_after=None
Setting next_dagrun for dataset_produces_1 to 2026-02-02 00:00:00+00:00, run_after=2026-02-02 00:00:00+00:00
Setting next_dagrun for dataset_produces_2 to None, run_after=None
Processing /home/airflow/.local/lib/python3.12/site-packages/airflow/example_dags/example_datasets.py took 0.098 seconds
Started process (PID=2053) to work on /home/airflow/.local/lib/python3.12/site-packages/airflow/example_dags/example_datasets.py
Processing file /home/airflow/.local/lib/python3.12/site-packages/airflow/example_dags/example_datasets.py for tasks to queue
Filling up the DagBag from /home/airflow/.local/lib/python3.12/site-packages/airflow/example_dags/example_datasets.py
DAG(s) 'dataset_produces_2', 'consume_1_or_2_with_dataset_expressions', 'dataset_consumes_1', 'consume_1_and_2_with_dataset_expressions', 'conditional_dataset_and_time_based_timetable', 'dataset_consumes_unknown_never_scheduled', 'consume_1_or_both_2_and_3_with_dataset_expressions', 'dataset_consumes_1_never_scheduled', 'dataset_consumes_1_and_2', 'dataset_produces_1' retrieved from /home/airflow/.local/lib/python3.12/site-packages/airflow/example_dags/example_datasets.py
Sync 10 DAGs
Setting next_dagrun for conditional_dataset_and_time_based_timetable to 2026-01-28 01:00:00+00:00, run_after=2026-01-28 01:00:00+00:00
Setting next_dagrun for consume_1_and_2_with_dataset_expressions to None, run_after=None
Setting next_dagrun for consume_1_or_2_with_dataset_expressions to None, run_after=None
Setting next_dagrun for consume_1_or_both_2_and_3_with_dataset_expressions to None, run_after=None
Setting next_dagrun for dataset_consumes_1 to None, run_after=None
Setting next_dagrun for dataset_consumes_1_and_2 to None, run_after=None
Setting next_dagrun for dataset_consumes_1_never_scheduled to None, run_after=None
Setting next_dagrun for dataset_consumes_unknown_never_scheduled to None, run_after=None
Setting next_dagrun for dataset_produces_1 to 2026-02-02 00:00:00+00:00, run_after=2026-02-02 00:00:00+00:00
Setting next_dagrun for dataset_produces_2 to None, run_after=None
Processing /home/airflow/.local/lib/python3.12/site-packages/airflow/example_dags/example_datasets.py took 0.102 seconds
Started process (PID=2120) to work on /home/airflow/.local/lib/python3.12/site-packages/airflow/example_dags/example_datasets.py
Processing file /home/airflow/.local/lib/python3.12/site-packages/airflow/example_dags/example_datasets.py for tasks to queue
Filling up the DagBag from /home/airflow/.local/lib/python3.12/site-packages/airflow/example_dags/example_datasets.py
DAG(s) 'dataset_produces_2', 'dataset_produces_1', 'dataset_consumes_1_never_scheduled', 'dataset_consumes_unknown_never_scheduled', 'dataset_consumes_1', 'conditional_dataset_and_time_based_timetable', 'dataset_consumes_1_and_2', 'consume_1_and_2_with_dataset_expressions', 'consume_1_or_both_2_and_3_with_dataset_expressions', 'consume_1_or_2_with_dataset_expressions' retrieved from /home/airflow/.local/lib/python3.12/site-packages/airflow/example_dags/example_datasets.py
Sync 10 DAGs
Setting next_dagrun for conditional_dataset_and_time_based_timetable to 2026-01-28 01:00:00+00:00, run_after=2026-01-28 01:00:00+00:00
Setting next_dagrun for consume_1_and_2_with_dataset_expressions to None, run_after=None
Setting next_dagrun for consume_1_or_2_with_dataset_expressions to None, run_after=None
Setting next_dagrun for consume_1_or_both_2_and_3_with_dataset_expressions to None, run_after=None
Setting next_dagrun for dataset_consumes_1 to None, run_after=None
Setting next_dagrun for dataset_consumes_1_and_2 to None, run_after=None
Setting next_dagrun for dataset_consumes_1_never_scheduled to None, run_after=None
Setting next_dagrun for dataset_consumes_unknown_never_scheduled to None, run_after=None
Setting next_dagrun for dataset_produces_1 to 2026-02-02 00:00:00+00:00, run_after=2026-02-02 00:00:00+00:00
Setting next_dagrun for dataset_produces_2 to None, run_after=None
Processing /home/airflow/.local/lib/python3.12/site-packages/airflow/example_dags/example_datasets.py took 0.101 seconds
Started process (PID=2192) to work on /home/airflow/.local/lib/python3.12/site-packages/airflow/example_dags/example_datasets.py
Processing file /home/airflow/.local/lib/python3.12/site-packages/airflow/example_dags/example_datasets.py for tasks to queue
Filling up the DagBag from /home/airflow/.local/lib/python3.12/site-packages/airflow/example_dags/example_datasets.py
DAG(s) 'consume_1_and_2_with_dataset_expressions', 'dataset_consumes_1', 'consume_1_or_2_with_dataset_expressions', 'consume_1_or_both_2_and_3_with_dataset_expressions', 'dataset_consumes_1_and_2', 'conditional_dataset_and_time_based_timetable', 'dataset_consumes_1_never_scheduled', 'dataset_consumes_unknown_never_scheduled', 'dataset_produces_2', 'dataset_produces_1' retrieved from /home/airflow/.local/lib/python3.12/site-packages/airflow/example_dags/example_datasets.py
Sync 10 DAGs
Setting next_dagrun for conditional_dataset_and_time_based_timetable to 2026-01-28 01:00:00+00:00, run_after=2026-01-28 01:00:00+00:00
Setting next_dagrun for consume_1_and_2_with_dataset_expressions to None, run_after=None
Setting next_dagrun for consume_1_or_2_with_dataset_expressions to None, run_after=None
Setting next_dagrun for consume_1_or_both_2_and_3_with_dataset_expressions to None, run_after=None
Setting next_dagrun for dataset_consumes_1 to None, run_after=None
Setting next_dagrun for dataset_consumes_1_and_2 to None, run_after=None
Setting next_dagrun for dataset_consumes_1_never_scheduled to None, run_after=None
Setting next_dagrun for dataset_consumes_unknown_never_scheduled to None, run_after=None
Setting next_dagrun for dataset_produces_1 to 2026-02-02 00:00:00+00:00, run_after=2026-02-02 00:00:00+00:00
Setting next_dagrun for dataset_produces_2 to None, run_after=None
Processing /home/airflow/.local/lib/python3.12/site-packages/airflow/example_dags/example_datasets.py took 0.136 seconds
Started process (PID=2258) to work on /home/airflow/.local/lib/python3.12/site-packages/airflow/example_dags/example_datasets.py
Processing file /home/airflow/.local/lib/python3.12/site-packages/airflow/example_dags/example_datasets.py for tasks to queue
Filling up the DagBag from /home/airflow/.local/lib/python3.12/site-packages/airflow/example_dags/example_datasets.py
DAG(s) 'consume_1_and_2_with_dataset_expressions', 'conditional_dataset_and_time_based_timetable', 'consume_1_or_both_2_and_3_with_dataset_expressions', 'dataset_consumes_unknown_never_scheduled', 'consume_1_or_2_with_dataset_expressions', 'dataset_produces_1', 'dataset_produces_2', 'dataset_consumes_1_never_scheduled', 'dataset_consumes_1', 'dataset_consumes_1_and_2' retrieved from /home/airflow/.local/lib/python3.12/site-packages/airflow/example_dags/example_datasets.py
Sync 10 DAGs
Setting next_dagrun for conditional_dataset_and_time_based_timetable to 2026-01-28 01:00:00+00:00, run_after=2026-01-28 01:00:00+00:00
Setting next_dagrun for consume_1_and_2_with_dataset_expressions to None, run_after=None
Setting next_dagrun for consume_1_or_2_with_dataset_expressions to None, run_after=None
Setting next_dagrun for consume_1_or_both_2_and_3_with_dataset_expressions to None, run_after=None
Setting next_dagrun for dataset_consumes_1 to None, run_after=None
Setting next_dagrun for dataset_consumes_1_and_2 to None, run_after=None
Setting next_dagrun for dataset_consumes_1_never_scheduled to None, run_after=None
Setting next_dagrun for dataset_consumes_unknown_never_scheduled to None, run_after=None
Setting next_dagrun for dataset_produces_1 to 2026-02-02 00:00:00+00:00, run_after=2026-02-02 00:00:00+00:00
Setting next_dagrun for dataset_produces_2 to None, run_after=None
Processing /home/airflow/.local/lib/python3.12/site-packages/airflow/example_dags/example_datasets.py took 0.106 seconds
Started process (PID=2331) to work on /home/airflow/.local/lib/python3.12/site-packages/airflow/example_dags/example_datasets.py
Processing file /home/airflow/.local/lib/python3.12/site-packages/airflow/example_dags/example_datasets.py for tasks to queue
Filling up the DagBag from /home/airflow/.local/lib/python3.12/site-packages/airflow/example_dags/example_datasets.py
DAG(s) 'dataset_consumes_unknown_never_scheduled', 'dataset_consumes_1_and_2', 'consume_1_or_both_2_and_3_with_dataset_expressions', 'dataset_produces_1', 'dataset_consumes_1_never_scheduled', 'consume_1_and_2_with_dataset_expressions', 'dataset_consumes_1', 'dataset_produces_2', 'consume_1_or_2_with_dataset_expressions', 'conditional_dataset_and_time_based_timetable' retrieved from /home/airflow/.local/lib/python3.12/site-packages/airflow/example_dags/example_datasets.py
Sync 10 DAGs
Setting next_dagrun for conditional_dataset_and_time_based_timetable to 2026-01-28 01:00:00+00:00, run_after=2026-01-28 01:00:00+00:00
Setting next_dagrun for consume_1_and_2_with_dataset_expressions to None, run_after=None
Setting next_dagrun for consume_1_or_2_with_dataset_expressions to None, run_after=None
Setting next_dagrun for consume_1_or_both_2_and_3_with_dataset_expressions to None, run_after=None
Setting next_dagrun for dataset_consumes_1 to None, run_after=None
Setting next_dagrun for dataset_consumes_1_and_2 to None, run_after=None
Setting next_dagrun for dataset_consumes_1_never_scheduled to None, run_after=None
Setting next_dagrun for dataset_consumes_unknown_never_scheduled to None, run_after=None
Setting next_dagrun for dataset_produces_1 to 2026-02-02 00:00:00+00:00, run_after=2026-02-02 00:00:00+00:00
Setting next_dagrun for dataset_produces_2 to None, run_after=None
Processing /home/airflow/.local/lib/python3.12/site-packages/airflow/example_dags/example_datasets.py took 0.099 seconds
Started process (PID=2397) to work on /home/airflow/.local/lib/python3.12/site-packages/airflow/example_dags/example_datasets.py
Processing file /home/airflow/.local/lib/python3.12/site-packages/airflow/example_dags/example_datasets.py for tasks to queue
Filling up the DagBag from /home/airflow/.local/lib/python3.12/site-packages/airflow/example_dags/example_datasets.py
DAG(s) 'dataset_produces_1', 'consume_1_or_2_with_dataset_expressions', 'dataset_consumes_1_and_2', 'dataset_consumes_1_never_scheduled', 'consume_1_and_2_with_dataset_expressions', 'dataset_consumes_unknown_never_scheduled', 'consume_1_or_both_2_and_3_with_dataset_expressions', 'conditional_dataset_and_time_based_timetable', 'dataset_consumes_1', 'dataset_produces_2' retrieved from /home/airflow/.local/lib/python3.12/site-packages/airflow/example_dags/example_datasets.py
Sync 10 DAGs
Setting next_dagrun for conditional_dataset_and_time_based_timetable to 2026-01-28 01:00:00+00:00, run_after=2026-01-28 01:00:00+00:00
Setting next_dagrun for consume_1_and_2_with_dataset_expressions to None, run_after=None
Setting next_dagrun for consume_1_or_2_with_dataset_expressions to None, run_after=None
Setting next_dagrun for consume_1_or_both_2_and_3_with_dataset_expressions to None, run_after=None
Setting next_dagrun for dataset_consumes_1 to None, run_after=None
Setting next_dagrun for dataset_consumes_1_and_2 to None, run_after=None
Setting next_dagrun for dataset_consumes_1_never_scheduled to None, run_after=None
Setting next_dagrun for dataset_consumes_unknown_never_scheduled to None, run_after=None
Setting next_dagrun for dataset_produces_1 to 2026-02-02 00:00:00+00:00, run_after=2026-02-02 00:00:00+00:00
Setting next_dagrun for dataset_produces_2 to None, run_after=None
Processing /home/airflow/.local/lib/python3.12/site-packages/airflow/example_dags/example_datasets.py took 0.109 seconds
Started process (PID=2470) to work on /home/airflow/.local/lib/python3.12/site-packages/airflow/example_dags/example_datasets.py
Processing file /home/airflow/.local/lib/python3.12/site-packages/airflow/example_dags/example_datasets.py for tasks to queue
Filling up the DagBag from /home/airflow/.local/lib/python3.12/site-packages/airflow/example_dags/example_datasets.py
DAG(s) 'dataset_produces_2', 'consume_1_or_2_with_dataset_expressions', 'dataset_produces_1', 'consume_1_and_2_with_dataset_expressions', 'dataset_consumes_1', 'dataset_consumes_1_never_scheduled', 'dataset_consumes_1_and_2', 'dataset_consumes_unknown_never_scheduled', 'conditional_dataset_and_time_based_timetable', 'consume_1_or_both_2_and_3_with_dataset_expressions' retrieved from /home/airflow/.local/lib/python3.12/site-packages/airflow/example_dags/example_datasets.py
Sync 10 DAGs
Setting next_dagrun for conditional_dataset_and_time_based_timetable to 2026-01-28 01:00:00+00:00, run_after=2026-01-28 01:00:00+00:00
Setting next_dagrun for consume_1_and_2_with_dataset_expressions to None, run_after=None
Setting next_dagrun for consume_1_or_2_with_dataset_expressions to None, run_after=None
Setting next_dagrun for consume_1_or_both_2_and_3_with_dataset_expressions to None, run_after=None
Setting next_dagrun for dataset_consumes_1 to None, run_after=None
Setting next_dagrun for dataset_consumes_1_and_2 to None, run_after=None
Setting next_dagrun for dataset_consumes_1_never_scheduled to None, run_after=None
Setting next_dagrun for dataset_consumes_unknown_never_scheduled to None, run_after=None
Setting next_dagrun for dataset_produces_1 to 2026-02-02 00:00:00+00:00, run_after=2026-02-02 00:00:00+00:00
Setting next_dagrun for dataset_produces_2 to None, run_after=None
Processing /home/airflow/.local/lib/python3.12/site-packages/airflow/example_dags/example_datasets.py took 0.099 seconds
Started process (PID=2536) to work on /home/airflow/.local/lib/python3.12/site-packages/airflow/example_dags/example_datasets.py
Processing file /home/airflow/.local/lib/python3.12/site-packages/airflow/example_dags/example_datasets.py for tasks to queue
Filling up the DagBag from /home/airflow/.local/lib/python3.12/site-packages/airflow/example_dags/example_datasets.py
DAG(s) 'dataset_consumes_1_and_2', 'dataset_consumes_1_never_scheduled', 'dataset_consumes_1', 'dataset_produces_2', 'dataset_produces_1', 'consume_1_and_2_with_dataset_expressions', 'consume_1_or_2_with_dataset_expressions', 'consume_1_or_both_2_and_3_with_dataset_expressions', 'dataset_consumes_unknown_never_scheduled', 'conditional_dataset_and_time_based_timetable' retrieved from /home/airflow/.local/lib/python3.12/site-packages/airflow/example_dags/example_datasets.py
Sync 10 DAGs
Setting next_dagrun for conditional_dataset_and_time_based_timetable to 2026-01-28 01:00:00+00:00, run_after=2026-01-28 01:00:00+00:00
Setting next_dagrun for consume_1_and_2_with_dataset_expressions to None, run_after=None
Setting next_dagrun for consume_1_or_2_with_dataset_expressions to None, run_after=None
Setting next_dagrun for consume_1_or_both_2_and_3_with_dataset_expressions to None, run_after=None
Setting next_dagrun for dataset_consumes_1 to None, run_after=None
Setting next_dagrun for dataset_consumes_1_and_2 to None, run_after=None
Setting next_dagrun for dataset_consumes_1_never_scheduled to None, run_after=None
Setting next_dagrun for dataset_consumes_unknown_never_scheduled to None, run_after=None
Setting next_dagrun for dataset_produces_1 to 2026-02-02 00:00:00+00:00, run_after=2026-02-02 00:00:00+00:00
Setting next_dagrun for dataset_produces_2 to None, run_after=None
Processing /home/airflow/.local/lib/python3.12/site-packages/airflow/example_dags/example_datasets.py took 0.097 seconds
Started process (PID=2609) to work on /home/airflow/.local/lib/python3.12/site-packages/airflow/example_dags/example_datasets.py
Processing file /home/airflow/.local/lib/python3.12/site-packages/airflow/example_dags/example_datasets.py for tasks to queue
Filling up the DagBag from /home/airflow/.local/lib/python3.12/site-packages/airflow/example_dags/example_datasets.py
DAG(s) 'dataset_produces_2', 'dataset_consumes_unknown_never_scheduled', 'dataset_consumes_1_and_2', 'dataset_consumes_1_never_scheduled', 'conditional_dataset_and_time_based_timetable', 'consume_1_or_2_with_dataset_expressions', 'consume_1_or_both_2_and_3_with_dataset_expressions', 'consume_1_and_2_with_dataset_expressions', 'dataset_consumes_1', 'dataset_produces_1' retrieved from /home/airflow/.local/lib/python3.12/site-packages/airflow/example_dags/example_datasets.py
Sync 10 DAGs
Setting next_dagrun for conditional_dataset_and_time_based_timetable to 2026-01-28 01:00:00+00:00, run_after=2026-01-28 01:00:00+00:00
Setting next_dagrun for consume_1_and_2_with_dataset_expressions to None, run_after=None
Setting next_dagrun for consume_1_or_2_with_dataset_expressions to None, run_after=None
Setting next_dagrun for consume_1_or_both_2_and_3_with_dataset_expressions to None, run_after=None
Setting next_dagrun for dataset_consumes_1 to None, run_after=None
Setting next_dagrun for dataset_consumes_1_and_2 to None, run_after=None
Setting next_dagrun for dataset_consumes_1_never_scheduled to None, run_after=None
Setting next_dagrun for dataset_consumes_unknown_never_scheduled to None, run_after=None
Setting next_dagrun for dataset_produces_1 to 2026-02-02 00:00:00+00:00, run_after=2026-02-02 00:00:00+00:00
Setting next_dagrun for dataset_produces_2 to None, run_after=None
Processing /home/airflow/.local/lib/python3.12/site-packages/airflow/example_dags/example_datasets.py took 0.100 seconds
Started process (PID=2675) to work on /home/airflow/.local/lib/python3.12/site-packages/airflow/example_dags/example_datasets.py
Processing file /home/airflow/.local/lib/python3.12/site-packages/airflow/example_dags/example_datasets.py for tasks to queue
Filling up the DagBag from /home/airflow/.local/lib/python3.12/site-packages/airflow/example_dags/example_datasets.py
DAG(s) 'dataset_consumes_1_and_2', 'dataset_consumes_unknown_never_scheduled', 'dataset_consumes_1', 'dataset_produces_1', 'dataset_produces_2', 'consume_1_or_2_with_dataset_expressions', 'dataset_consumes_1_never_scheduled', 'conditional_dataset_and_time_based_timetable', 'consume_1_or_both_2_and_3_with_dataset_expressions', 'consume_1_and_2_with_dataset_expressions' retrieved from /home/airflow/.local/lib/python3.12/site-packages/airflow/example_dags/example_datasets.py
Sync 10 DAGs
Setting next_dagrun for conditional_dataset_and_time_based_timetable to 2026-01-28 01:00:00+00:00, run_after=2026-01-28 01:00:00+00:00
Setting next_dagrun for consume_1_and_2_with_dataset_expressions to None, run_after=None
Setting next_dagrun for consume_1_or_2_with_dataset_expressions to None, run_after=None
Setting next_dagrun for consume_1_or_both_2_and_3_with_dataset_expressions to None, run_after=None
Setting next_dagrun for dataset_consumes_1 to None, run_after=None
Setting next_dagrun for dataset_consumes_1_and_2 to None, run_after=None
Setting next_dagrun for dataset_consumes_1_never_scheduled to None, run_after=None
Setting next_dagrun for dataset_consumes_unknown_never_scheduled to None, run_after=None
Setting next_dagrun for dataset_produces_1 to 2026-02-02 00:00:00+00:00, run_after=2026-02-02 00:00:00+00:00
Setting next_dagrun for dataset_produces_2 to None, run_after=None
Processing /home/airflow/.local/lib/python3.12/site-packages/airflow/example_dags/example_datasets.py took 0.102 seconds
Started process (PID=2748) to work on /home/airflow/.local/lib/python3.12/site-packages/airflow/example_dags/example_datasets.py
Processing file /home/airflow/.local/lib/python3.12/site-packages/airflow/example_dags/example_datasets.py for tasks to queue
Filling up the DagBag from /home/airflow/.local/lib/python3.12/site-packages/airflow/example_dags/example_datasets.py
DAG(s) 'dataset_consumes_unknown_never_scheduled', 'consume_1_and_2_with_dataset_expressions', 'dataset_consumes_1_and_2', 'dataset_produces_2', 'dataset_consumes_1_never_scheduled', 'consume_1_or_2_with_dataset_expressions', 'conditional_dataset_and_time_based_timetable', 'dataset_consumes_1', 'consume_1_or_both_2_and_3_with_dataset_expressions', 'dataset_produces_1' retrieved from /home/airflow/.local/lib/python3.12/site-packages/airflow/example_dags/example_datasets.py
Sync 10 DAGs
Setting next_dagrun for conditional_dataset_and_time_based_timetable to 2026-01-28 01:00:00+00:00, run_after=2026-01-28 01:00:00+00:00
Setting next_dagrun for consume_1_and_2_with_dataset_expressions to None, run_after=None
Setting next_dagrun for consume_1_or_2_with_dataset_expressions to None, run_after=None
Setting next_dagrun for consume_1_or_both_2_and_3_with_dataset_expressions to None, run_after=None
Setting next_dagrun for dataset_consumes_1 to None, run_after=None
Setting next_dagrun for dataset_consumes_1_and_2 to None, run_after=None
Setting next_dagrun for dataset_consumes_1_never_scheduled to None, run_after=None
Setting next_dagrun for dataset_consumes_unknown_never_scheduled to None, run_after=None
Setting next_dagrun for dataset_produces_1 to 2026-02-02 00:00:00+00:00, run_after=2026-02-02 00:00:00+00:00
Setting next_dagrun for dataset_produces_2 to None, run_after=None
Processing /home/airflow/.local/lib/python3.12/site-packages/airflow/example_dags/example_datasets.py took 0.102 seconds
Started process (PID=2814) to work on /home/airflow/.local/lib/python3.12/site-packages/airflow/example_dags/example_datasets.py
Processing file /home/airflow/.local/lib/python3.12/site-packages/airflow/example_dags/example_datasets.py for tasks to queue
Filling up the DagBag from /home/airflow/.local/lib/python3.12/site-packages/airflow/example_dags/example_datasets.py
DAG(s) 'consume_1_and_2_with_dataset_expressions', 'dataset_consumes_1_and_2', 'dataset_produces_2', 'dataset_consumes_1_never_scheduled', 'dataset_produces_1', 'dataset_consumes_1', 'consume_1_or_2_with_dataset_expressions', 'conditional_dataset_and_time_based_timetable', 'consume_1_or_both_2_and_3_with_dataset_expressions', 'dataset_consumes_unknown_never_scheduled' retrieved from /home/airflow/.local/lib/python3.12/site-packages/airflow/example_dags/example_datasets.py
Sync 10 DAGs
Setting next_dagrun for conditional_dataset_and_time_based_timetable to 2026-01-28 01:00:00+00:00, run_after=2026-01-28 01:00:00+00:00
Setting next_dagrun for consume_1_and_2_with_dataset_expressions to None, run_after=None
Setting next_dagrun for consume_1_or_2_with_dataset_expressions to None, run_after=None
Setting next_dagrun for consume_1_or_both_2_and_3_with_dataset_expressions to None, run_after=None
Setting next_dagrun for dataset_consumes_1 to None, run_after=None
Setting next_dagrun for dataset_consumes_1_and_2 to None, run_after=None
Setting next_dagrun for dataset_consumes_1_never_scheduled to None, run_after=None
Setting next_dagrun for dataset_consumes_unknown_never_scheduled to None, run_after=None
Setting next_dagrun for dataset_produces_1 to 2026-02-02 00:00:00+00:00, run_after=2026-02-02 00:00:00+00:00
Setting next_dagrun for dataset_produces_2 to None, run_after=None
Processing /home/airflow/.local/lib/python3.12/site-packages/airflow/example_dags/example_datasets.py took 0.102 seconds
Started process (PID=2888) to work on /home/airflow/.local/lib/python3.12/site-packages/airflow/example_dags/example_datasets.py
Processing file /home/airflow/.local/lib/python3.12/site-packages/airflow/example_dags/example_datasets.py for tasks to queue
Filling up the DagBag from /home/airflow/.local/lib/python3.12/site-packages/airflow/example_dags/example_datasets.py
DAG(s) 'dataset_consumes_1_never_scheduled', 'consume_1_and_2_with_dataset_expressions', 'conditional_dataset_and_time_based_timetable', 'dataset_consumes_1', 'consume_1_or_2_with_dataset_expressions', 'dataset_consumes_unknown_never_scheduled', 'dataset_produces_2', 'dataset_consumes_1_and_2', 'dataset_produces_1', 'consume_1_or_both_2_and_3_with_dataset_expressions' retrieved from /home/airflow/.local/lib/python3.12/site-packages/airflow/example_dags/example_datasets.py
Sync 10 DAGs
Setting next_dagrun for conditional_dataset_and_time_based_timetable to 2026-01-28 01:00:00+00:00, run_after=2026-01-28 01:00:00+00:00
Setting next_dagrun for consume_1_and_2_with_dataset_expressions to None, run_after=None
Setting next_dagrun for consume_1_or_2_with_dataset_expressions to None, run_after=None
Setting next_dagrun for consume_1_or_both_2_and_3_with_dataset_expressions to None, run_after=None
Setting next_dagrun for dataset_consumes_1 to None, run_after=None
Setting next_dagrun for dataset_consumes_1_and_2 to None, run_after=None
Setting next_dagrun for dataset_consumes_1_never_scheduled to None, run_after=None
Setting next_dagrun for dataset_consumes_unknown_never_scheduled to None, run_after=None
Setting next_dagrun for dataset_produces_1 to 2026-02-02 00:00:00+00:00, run_after=2026-02-02 00:00:00+00:00
Setting next_dagrun for dataset_produces_2 to None, run_after=None
Processing /home/airflow/.local/lib/python3.12/site-packages/airflow/example_dags/example_datasets.py took 0.128 seconds
Started process (PID=2954) to work on /home/airflow/.local/lib/python3.12/site-packages/airflow/example_dags/example_datasets.py
Processing file /home/airflow/.local/lib/python3.12/site-packages/airflow/example_dags/example_datasets.py for tasks to queue
Filling up the DagBag from /home/airflow/.local/lib/python3.12/site-packages/airflow/example_dags/example_datasets.py
DAG(s) 'conditional_dataset_and_time_based_timetable', 'dataset_consumes_1_never_scheduled', 'consume_1_or_both_2_and_3_with_dataset_expressions', 'dataset_produces_2', 'dataset_consumes_1_and_2', 'dataset_consumes_unknown_never_scheduled', 'dataset_produces_1', 'consume_1_or_2_with_dataset_expressions', 'dataset_consumes_1', 'consume_1_and_2_with_dataset_expressions' retrieved from /home/airflow/.local/lib/python3.12/site-packages/airflow/example_dags/example_datasets.py
Sync 10 DAGs
Setting next_dagrun for conditional_dataset_and_time_based_timetable to 2026-01-28 01:00:00+00:00, run_after=2026-01-28 01:00:00+00:00
Setting next_dagrun for consume_1_and_2_with_dataset_expressions to None, run_after=None
Setting next_dagrun for consume_1_or_2_with_dataset_expressions to None, run_after=None
Setting next_dagrun for consume_1_or_both_2_and_3_with_dataset_expressions to None, run_after=None
Setting next_dagrun for dataset_consumes_1 to None, run_after=None
Setting next_dagrun for dataset_consumes_1_and_2 to None, run_after=None
Setting next_dagrun for dataset_consumes_1_never_scheduled to None, run_after=None
Setting next_dagrun for dataset_consumes_unknown_never_scheduled to None, run_after=None
Setting next_dagrun for dataset_produces_1 to 2026-02-02 00:00:00+00:00, run_after=2026-02-02 00:00:00+00:00
Setting next_dagrun for dataset_produces_2 to None, run_after=None
Processing /home/airflow/.local/lib/python3.12/site-packages/airflow/example_dags/example_datasets.py took 0.098 seconds
Started process (PID=3027) to work on /home/airflow/.local/lib/python3.12/site-packages/airflow/example_dags/example_datasets.py
Processing file /home/airflow/.local/lib/python3.12/site-packages/airflow/example_dags/example_datasets.py for tasks to queue
Filling up the DagBag from /home/airflow/.local/lib/python3.12/site-packages/airflow/example_dags/example_datasets.py
DAG(s) 'dataset_consumes_unknown_never_scheduled', 'dataset_consumes_1', 'conditional_dataset_and_time_based_timetable', 'consume_1_and_2_with_dataset_expressions', 'dataset_consumes_1_never_scheduled', 'dataset_consumes_1_and_2', 'dataset_produces_1', 'consume_1_or_2_with_dataset_expressions', 'consume_1_or_both_2_and_3_with_dataset_expressions', 'dataset_produces_2' retrieved from /home/airflow/.local/lib/python3.12/site-packages/airflow/example_dags/example_datasets.py
Sync 10 DAGs
Setting next_dagrun for conditional_dataset_and_time_based_timetable to 2026-01-28 01:00:00+00:00, run_after=2026-01-28 01:00:00+00:00
Setting next_dagrun for consume_1_and_2_with_dataset_expressions to None, run_after=None
Setting next_dagrun for consume_1_or_2_with_dataset_expressions to None, run_after=None
Setting next_dagrun for consume_1_or_both_2_and_3_with_dataset_expressions to None, run_after=None
Setting next_dagrun for dataset_consumes_1 to None, run_after=None
Setting next_dagrun for dataset_consumes_1_and_2 to None, run_after=None
Setting next_dagrun for dataset_consumes_1_never_scheduled to None, run_after=None
Setting next_dagrun for dataset_consumes_unknown_never_scheduled to None, run_after=None
Setting next_dagrun for dataset_produces_1 to 2026-02-02 00:00:00+00:00, run_after=2026-02-02 00:00:00+00:00
Setting next_dagrun for dataset_produces_2 to None, run_after=None
Processing /home/airflow/.local/lib/python3.12/site-packages/airflow/example_dags/example_datasets.py took 0.099 seconds
Started process (PID=3093) to work on /home/airflow/.local/lib/python3.12/site-packages/airflow/example_dags/example_datasets.py
Processing file /home/airflow/.local/lib/python3.12/site-packages/airflow/example_dags/example_datasets.py for tasks to queue
Filling up the DagBag from /home/airflow/.local/lib/python3.12/site-packages/airflow/example_dags/example_datasets.py
DAG(s) 'dataset_consumes_unknown_never_scheduled', 'dataset_consumes_1', 'dataset_produces_2', 'consume_1_or_both_2_and_3_with_dataset_expressions', 'dataset_produces_1', 'consume_1_or_2_with_dataset_expressions', 'dataset_consumes_1_never_scheduled', 'conditional_dataset_and_time_based_timetable', 'dataset_consumes_1_and_2', 'consume_1_and_2_with_dataset_expressions' retrieved from /home/airflow/.local/lib/python3.12/site-packages/airflow/example_dags/example_datasets.py
Sync 10 DAGs
Setting next_dagrun for conditional_dataset_and_time_based_timetable to 2026-01-28 01:00:00+00:00, run_after=2026-01-28 01:00:00+00:00
Setting next_dagrun for consume_1_and_2_with_dataset_expressions to None, run_after=None
Setting next_dagrun for consume_1_or_2_with_dataset_expressions to None, run_after=None
Setting next_dagrun for consume_1_or_both_2_and_3_with_dataset_expressions to None, run_after=None
Setting next_dagrun for dataset_consumes_1 to None, run_after=None
Setting next_dagrun for dataset_consumes_1_and_2 to None, run_after=None
Setting next_dagrun for dataset_consumes_1_never_scheduled to None, run_after=None
Setting next_dagrun for dataset_consumes_unknown_never_scheduled to None, run_after=None
Setting next_dagrun for dataset_produces_1 to 2026-02-02 00:00:00+00:00, run_after=2026-02-02 00:00:00+00:00
Setting next_dagrun for dataset_produces_2 to None, run_after=None
Processing /home/airflow/.local/lib/python3.12/site-packages/airflow/example_dags/example_datasets.py took 0.098 seconds
Started process (PID=3166) to work on /home/airflow/.local/lib/python3.12/site-packages/airflow/example_dags/example_datasets.py
Processing file /home/airflow/.local/lib/python3.12/site-packages/airflow/example_dags/example_datasets.py for tasks to queue
Filling up the DagBag from /home/airflow/.local/lib/python3.12/site-packages/airflow/example_dags/example_datasets.py
DAG(s) 'consume_1_and_2_with_dataset_expressions', 'dataset_consumes_1_and_2', 'dataset_produces_2', 'consume_1_or_both_2_and_3_with_dataset_expressions', 'conditional_dataset_and_time_based_timetable', 'dataset_consumes_1_never_scheduled', 'dataset_produces_1', 'consume_1_or_2_with_dataset_expressions', 'dataset_consumes_unknown_never_scheduled', 'dataset_consumes_1' retrieved from /home/airflow/.local/lib/python3.12/site-packages/airflow/example_dags/example_datasets.py
Sync 10 DAGs
Setting next_dagrun for conditional_dataset_and_time_based_timetable to 2026-01-28 01:00:00+00:00, run_after=2026-01-28 01:00:00+00:00
Setting next_dagrun for consume_1_and_2_with_dataset_expressions to None, run_after=None
Setting next_dagrun for consume_1_or_2_with_dataset_expressions to None, run_after=None
Setting next_dagrun for consume_1_or_both_2_and_3_with_dataset_expressions to None, run_after=None
Setting next_dagrun for dataset_consumes_1 to None, run_after=None
Setting next_dagrun for dataset_consumes_1_and_2 to None, run_after=None
Setting next_dagrun for dataset_consumes_1_never_scheduled to None, run_after=None
Setting next_dagrun for dataset_consumes_unknown_never_scheduled to None, run_after=None
Setting next_dagrun for dataset_produces_1 to 2026-02-02 00:00:00+00:00, run_after=2026-02-02 00:00:00+00:00
Setting next_dagrun for dataset_produces_2 to None, run_after=None
Processing /home/airflow/.local/lib/python3.12/site-packages/airflow/example_dags/example_datasets.py took 0.098 seconds
Started process (PID=3230) to work on /home/airflow/.local/lib/python3.12/site-packages/airflow/example_dags/example_datasets.py
Processing file /home/airflow/.local/lib/python3.12/site-packages/airflow/example_dags/example_datasets.py for tasks to queue
Filling up the DagBag from /home/airflow/.local/lib/python3.12/site-packages/airflow/example_dags/example_datasets.py
DAG(s) 'dataset_produces_2', 'dataset_consumes_1', 'conditional_dataset_and_time_based_timetable', 'consume_1_or_2_with_dataset_expressions', 'dataset_consumes_1_and_2', 'dataset_produces_1', 'consume_1_or_both_2_and_3_with_dataset_expressions', 'dataset_consumes_unknown_never_scheduled', 'consume_1_and_2_with_dataset_expressions', 'dataset_consumes_1_never_scheduled' retrieved from /home/airflow/.local/lib/python3.12/site-packages/airflow/example_dags/example_datasets.py
Sync 10 DAGs
Setting next_dagrun for conditional_dataset_and_time_based_timetable to 2026-01-28 01:00:00+00:00, run_after=2026-01-28 01:00:00+00:00
Setting next_dagrun for consume_1_and_2_with_dataset_expressions to None, run_after=None
Setting next_dagrun for consume_1_or_2_with_dataset_expressions to None, run_after=None
Setting next_dagrun for consume_1_or_both_2_and_3_with_dataset_expressions to None, run_after=None
Setting next_dagrun for dataset_consumes_1 to None, run_after=None
Setting next_dagrun for dataset_consumes_1_and_2 to None, run_after=None
Setting next_dagrun for dataset_consumes_1_never_scheduled to None, run_after=None
Setting next_dagrun for dataset_consumes_unknown_never_scheduled to None, run_after=None
Setting next_dagrun for dataset_produces_1 to 2026-02-02 00:00:00+00:00, run_after=2026-02-02 00:00:00+00:00
Setting next_dagrun for dataset_produces_2 to None, run_after=None
Processing /home/airflow/.local/lib/python3.12/site-packages/airflow/example_dags/example_datasets.py took 0.100 seconds
Started process (PID=3303) to work on /home/airflow/.local/lib/python3.12/site-packages/airflow/example_dags/example_datasets.py
Processing file /home/airflow/.local/lib/python3.12/site-packages/airflow/example_dags/example_datasets.py for tasks to queue
Filling up the DagBag from /home/airflow/.local/lib/python3.12/site-packages/airflow/example_dags/example_datasets.py
DAG(s) 'dataset_consumes_1', 'consume_1_and_2_with_dataset_expressions', 'dataset_consumes_1_and_2', 'dataset_produces_1', 'consume_1_or_both_2_and_3_with_dataset_expressions', 'conditional_dataset_and_time_based_timetable', 'consume_1_or_2_with_dataset_expressions', 'dataset_consumes_unknown_never_scheduled', 'dataset_consumes_1_never_scheduled', 'dataset_produces_2' retrieved from /home/airflow/.local/lib/python3.12/site-packages/airflow/example_dags/example_datasets.py
Sync 10 DAGs
Setting next_dagrun for conditional_dataset_and_time_based_timetable to 2026-01-28 01:00:00+00:00, run_after=2026-01-28 01:00:00+00:00
Setting next_dagrun for consume_1_and_2_with_dataset_expressions to None, run_after=None
Setting next_dagrun for consume_1_or_2_with_dataset_expressions to None, run_after=None
Setting next_dagrun for consume_1_or_both_2_and_3_with_dataset_expressions to None, run_after=None
Setting next_dagrun for dataset_consumes_1 to None, run_after=None
Setting next_dagrun for dataset_consumes_1_and_2 to None, run_after=None
Setting next_dagrun for dataset_consumes_1_never_scheduled to None, run_after=None
Setting next_dagrun for dataset_consumes_unknown_never_scheduled to None, run_after=None
Setting next_dagrun for dataset_produces_1 to 2026-02-02 00:00:00+00:00, run_after=2026-02-02 00:00:00+00:00
Setting next_dagrun for dataset_produces_2 to None, run_after=None
Processing /home/airflow/.local/lib/python3.12/site-packages/airflow/example_dags/example_datasets.py took 0.099 seconds
Started process (PID=3369) to work on /home/airflow/.local/lib/python3.12/site-packages/airflow/example_dags/example_datasets.py
Processing file /home/airflow/.local/lib/python3.12/site-packages/airflow/example_dags/example_datasets.py for tasks to queue
Filling up the DagBag from /home/airflow/.local/lib/python3.12/site-packages/airflow/example_dags/example_datasets.py
DAG(s) 'dataset_consumes_unknown_never_scheduled', 'dataset_consumes_1_never_scheduled', 'consume_1_and_2_with_dataset_expressions', 'dataset_produces_2', 'dataset_produces_1', 'consume_1_or_both_2_and_3_with_dataset_expressions', 'dataset_consumes_1_and_2', 'dataset_consumes_1', 'consume_1_or_2_with_dataset_expressions', 'conditional_dataset_and_time_based_timetable' retrieved from /home/airflow/.local/lib/python3.12/site-packages/airflow/example_dags/example_datasets.py
Sync 10 DAGs
Setting next_dagrun for conditional_dataset_and_time_based_timetable to 2026-01-28 01:00:00+00:00, run_after=2026-01-28 01:00:00+00:00
Setting next_dagrun for consume_1_and_2_with_dataset_expressions to None, run_after=None
Setting next_dagrun for consume_1_or_2_with_dataset_expressions to None, run_after=None
Setting next_dagrun for consume_1_or_both_2_and_3_with_dataset_expressions to None, run_after=None
Setting next_dagrun for dataset_consumes_1 to None, run_after=None
Setting next_dagrun for dataset_consumes_1_and_2 to None, run_after=None
Setting next_dagrun for dataset_consumes_1_never_scheduled to None, run_after=None
Setting next_dagrun for dataset_consumes_unknown_never_scheduled to None, run_after=None
Setting next_dagrun for dataset_produces_1 to 2026-02-02 00:00:00+00:00, run_after=2026-02-02 00:00:00+00:00
Setting next_dagrun for dataset_produces_2 to None, run_after=None
Processing /home/airflow/.local/lib/python3.12/site-packages/airflow/example_dags/example_datasets.py took 0.102 seconds
Started process (PID=3441) to work on /home/airflow/.local/lib/python3.12/site-packages/airflow/example_dags/example_datasets.py
Processing file /home/airflow/.local/lib/python3.12/site-packages/airflow/example_dags/example_datasets.py for tasks to queue
Filling up the DagBag from /home/airflow/.local/lib/python3.12/site-packages/airflow/example_dags/example_datasets.py
DAG(s) 'dataset_consumes_unknown_never_scheduled', 'consume_1_or_both_2_and_3_with_dataset_expressions', 'consume_1_and_2_with_dataset_expressions', 'conditional_dataset_and_time_based_timetable', 'dataset_consumes_1', 'dataset_consumes_1_never_scheduled', 'dataset_produces_1', 'dataset_produces_2', 'dataset_consumes_1_and_2', 'consume_1_or_2_with_dataset_expressions' retrieved from /home/airflow/.local/lib/python3.12/site-packages/airflow/example_dags/example_datasets.py
Sync 10 DAGs
Setting next_dagrun for conditional_dataset_and_time_based_timetable to 2026-01-28 01:00:00+00:00, run_after=2026-01-28 01:00:00+00:00
Setting next_dagrun for consume_1_and_2_with_dataset_expressions to None, run_after=None
Setting next_dagrun for consume_1_or_2_with_dataset_expressions to None, run_after=None
Setting next_dagrun for consume_1_or_both_2_and_3_with_dataset_expressions to None, run_after=None
Setting next_dagrun for dataset_consumes_1 to None, run_after=None
Setting next_dagrun for dataset_consumes_1_and_2 to None, run_after=None
Setting next_dagrun for dataset_consumes_1_never_scheduled to None, run_after=None
Setting next_dagrun for dataset_consumes_unknown_never_scheduled to None, run_after=None
Setting next_dagrun for dataset_produces_1 to 2026-02-02 00:00:00+00:00, run_after=2026-02-02 00:00:00+00:00
Setting next_dagrun for dataset_produces_2 to None, run_after=None
Processing /home/airflow/.local/lib/python3.12/site-packages/airflow/example_dags/example_datasets.py took 0.201 seconds
Started process (PID=3508) to work on /home/airflow/.local/lib/python3.12/site-packages/airflow/example_dags/example_datasets.py
Processing file /home/airflow/.local/lib/python3.12/site-packages/airflow/example_dags/example_datasets.py for tasks to queue
Filling up the DagBag from /home/airflow/.local/lib/python3.12/site-packages/airflow/example_dags/example_datasets.py
DAG(s) 'conditional_dataset_and_time_based_timetable', 'dataset_consumes_1_never_scheduled', 'dataset_consumes_1', 'dataset_consumes_1_and_2', 'consume_1_or_both_2_and_3_with_dataset_expressions', 'dataset_consumes_unknown_never_scheduled', 'dataset_produces_1', 'consume_1_or_2_with_dataset_expressions', 'consume_1_and_2_with_dataset_expressions', 'dataset_produces_2' retrieved from /home/airflow/.local/lib/python3.12/site-packages/airflow/example_dags/example_datasets.py
Sync 10 DAGs
Setting next_dagrun for conditional_dataset_and_time_based_timetable to 2026-01-28 01:00:00+00:00, run_after=2026-01-28 01:00:00+00:00
Setting next_dagrun for consume_1_and_2_with_dataset_expressions to None, run_after=None
Setting next_dagrun for consume_1_or_2_with_dataset_expressions to None, run_after=None
Setting next_dagrun for consume_1_or_both_2_and_3_with_dataset_expressions to None, run_after=None
Setting next_dagrun for dataset_consumes_1 to None, run_after=None
Setting next_dagrun for dataset_consumes_1_and_2 to None, run_after=None
Setting next_dagrun for dataset_consumes_1_never_scheduled to None, run_after=None
Setting next_dagrun for dataset_consumes_unknown_never_scheduled to None, run_after=None
Setting next_dagrun for dataset_produces_1 to 2026-02-02 00:00:00+00:00, run_after=2026-02-02 00:00:00+00:00
Setting next_dagrun for dataset_produces_2 to None, run_after=None
Processing /home/airflow/.local/lib/python3.12/site-packages/airflow/example_dags/example_datasets.py took 0.209 seconds
Started process (PID=3583) to work on /home/airflow/.local/lib/python3.12/site-packages/airflow/example_dags/example_datasets.py
Processing file /home/airflow/.local/lib/python3.12/site-packages/airflow/example_dags/example_datasets.py for tasks to queue
Filling up the DagBag from /home/airflow/.local/lib/python3.12/site-packages/airflow/example_dags/example_datasets.py
DAG(s) 'consume_1_or_both_2_and_3_with_dataset_expressions', 'conditional_dataset_and_time_based_timetable', 'dataset_consumes_1_never_scheduled', 'consume_1_and_2_with_dataset_expressions', 'dataset_produces_2', 'dataset_consumes_1_and_2', 'dataset_produces_1', 'dataset_consumes_1', 'consume_1_or_2_with_dataset_expressions', 'dataset_consumes_unknown_never_scheduled' retrieved from /home/airflow/.local/lib/python3.12/site-packages/airflow/example_dags/example_datasets.py
Sync 10 DAGs
Setting next_dagrun for conditional_dataset_and_time_based_timetable to 2026-01-28 01:00:00+00:00, run_after=2026-01-28 01:00:00+00:00
Setting next_dagrun for consume_1_and_2_with_dataset_expressions to None, run_after=None
Setting next_dagrun for consume_1_or_2_with_dataset_expressions to None, run_after=None
Setting next_dagrun for consume_1_or_both_2_and_3_with_dataset_expressions to None, run_after=None
Setting next_dagrun for dataset_consumes_1 to None, run_after=None
Setting next_dagrun for dataset_consumes_1_and_2 to None, run_after=None
Setting next_dagrun for dataset_consumes_1_never_scheduled to None, run_after=None
Setting next_dagrun for dataset_consumes_unknown_never_scheduled to None, run_after=None
Setting next_dagrun for dataset_produces_1 to 2026-02-02 00:00:00+00:00, run_after=2026-02-02 00:00:00+00:00
Setting next_dagrun for dataset_produces_2 to None, run_after=None
Processing /home/airflow/.local/lib/python3.12/site-packages/airflow/example_dags/example_datasets.py took 0.203 seconds
Started process (PID=3647) to work on /home/airflow/.local/lib/python3.12/site-packages/airflow/example_dags/example_datasets.py
Processing file /home/airflow/.local/lib/python3.12/site-packages/airflow/example_dags/example_datasets.py for tasks to queue
Filling up the DagBag from /home/airflow/.local/lib/python3.12/site-packages/airflow/example_dags/example_datasets.py
DAG(s) 'consume_1_and_2_with_dataset_expressions', 'consume_1_or_2_with_dataset_expressions', 'dataset_consumes_1_and_2', 'consume_1_or_both_2_and_3_with_dataset_expressions', 'dataset_consumes_1_never_scheduled', 'dataset_consumes_1', 'dataset_produces_1', 'dataset_consumes_unknown_never_scheduled', 'conditional_dataset_and_time_based_timetable', 'dataset_produces_2' retrieved from /home/airflow/.local/lib/python3.12/site-packages/airflow/example_dags/example_datasets.py
Sync 10 DAGs
Setting next_dagrun for conditional_dataset_and_time_based_timetable to 2026-01-28 01:00:00+00:00, run_after=2026-01-28 01:00:00+00:00
Setting next_dagrun for consume_1_and_2_with_dataset_expressions to None, run_after=None
Setting next_dagrun for consume_1_or_2_with_dataset_expressions to None, run_after=None
Setting next_dagrun for consume_1_or_both_2_and_3_with_dataset_expressions to None, run_after=None
Setting next_dagrun for dataset_consumes_1 to None, run_after=None
Setting next_dagrun for dataset_consumes_1_and_2 to None, run_after=None
Setting next_dagrun for dataset_consumes_1_never_scheduled to None, run_after=None
Setting next_dagrun for dataset_consumes_unknown_never_scheduled to None, run_after=None
Setting next_dagrun for dataset_produces_1 to 2026-02-02 00:00:00+00:00, run_after=2026-02-02 00:00:00+00:00
Setting next_dagrun for dataset_produces_2 to None, run_after=None
Processing /home/airflow/.local/lib/python3.12/site-packages/airflow/example_dags/example_datasets.py took 0.240 seconds
Started process (PID=3720) to work on /home/airflow/.local/lib/python3.12/site-packages/airflow/example_dags/example_datasets.py
Processing file /home/airflow/.local/lib/python3.12/site-packages/airflow/example_dags/example_datasets.py for tasks to queue
Filling up the DagBag from /home/airflow/.local/lib/python3.12/site-packages/airflow/example_dags/example_datasets.py
DAG(s) 'consume_1_or_2_with_dataset_expressions', 'dataset_consumes_unknown_never_scheduled', 'conditional_dataset_and_time_based_timetable', 'dataset_consumes_1_and_2', 'dataset_consumes_1', 'consume_1_or_both_2_and_3_with_dataset_expressions', 'dataset_consumes_1_never_scheduled', 'dataset_produces_2', 'dataset_produces_1', 'consume_1_and_2_with_dataset_expressions' retrieved from /home/airflow/.local/lib/python3.12/site-packages/airflow/example_dags/example_datasets.py
Sync 10 DAGs
Setting next_dagrun for conditional_dataset_and_time_based_timetable to 2026-01-28 01:00:00+00:00, run_after=2026-01-28 01:00:00+00:00
Setting next_dagrun for consume_1_and_2_with_dataset_expressions to None, run_after=None
Setting next_dagrun for consume_1_or_2_with_dataset_expressions to None, run_after=None
Setting next_dagrun for consume_1_or_both_2_and_3_with_dataset_expressions to None, run_after=None
Setting next_dagrun for dataset_consumes_1 to None, run_after=None
Setting next_dagrun for dataset_consumes_1_and_2 to None, run_after=None
Setting next_dagrun for dataset_consumes_1_never_scheduled to None, run_after=None
Setting next_dagrun for dataset_consumes_unknown_never_scheduled to None, run_after=None
Setting next_dagrun for dataset_produces_1 to 2026-02-02 00:00:00+00:00, run_after=2026-02-02 00:00:00+00:00
Setting next_dagrun for dataset_produces_2 to None, run_after=None
Processing /home/airflow/.local/lib/python3.12/site-packages/airflow/example_dags/example_datasets.py took 0.203 seconds
Started process (PID=3787) to work on /home/airflow/.local/lib/python3.12/site-packages/airflow/example_dags/example_datasets.py
Processing file /home/airflow/.local/lib/python3.12/site-packages/airflow/example_dags/example_datasets.py for tasks to queue
Filling up the DagBag from /home/airflow/.local/lib/python3.12/site-packages/airflow/example_dags/example_datasets.py
DAG(s) 'consume_1_or_2_with_dataset_expressions', 'dataset_consumes_1', 'dataset_consumes_unknown_never_scheduled', 'dataset_consumes_1_never_scheduled', 'consume_1_or_both_2_and_3_with_dataset_expressions', 'dataset_consumes_1_and_2', 'conditional_dataset_and_time_based_timetable', 'dataset_produces_2', 'dataset_produces_1', 'consume_1_and_2_with_dataset_expressions' retrieved from /home/airflow/.local/lib/python3.12/site-packages/airflow/example_dags/example_datasets.py
Sync 10 DAGs
Setting next_dagrun for conditional_dataset_and_time_based_timetable to 2026-01-28 01:00:00+00:00, run_after=2026-01-28 01:00:00+00:00
Setting next_dagrun for consume_1_and_2_with_dataset_expressions to None, run_after=None
Setting next_dagrun for consume_1_or_2_with_dataset_expressions to None, run_after=None
Setting next_dagrun for consume_1_or_both_2_and_3_with_dataset_expressions to None, run_after=None
Setting next_dagrun for dataset_consumes_1 to None, run_after=None
Setting next_dagrun for dataset_consumes_1_and_2 to None, run_after=None
Setting next_dagrun for dataset_consumes_1_never_scheduled to None, run_after=None
Setting next_dagrun for dataset_consumes_unknown_never_scheduled to None, run_after=None
Setting next_dagrun for dataset_produces_1 to 2026-02-02 00:00:00+00:00, run_after=2026-02-02 00:00:00+00:00
Setting next_dagrun for dataset_produces_2 to None, run_after=None
Processing /home/airflow/.local/lib/python3.12/site-packages/airflow/example_dags/example_datasets.py took 0.100 seconds
Started process (PID=3859) to work on /home/airflow/.local/lib/python3.12/site-packages/airflow/example_dags/example_datasets.py
Processing file /home/airflow/.local/lib/python3.12/site-packages/airflow/example_dags/example_datasets.py for tasks to queue
Filling up the DagBag from /home/airflow/.local/lib/python3.12/site-packages/airflow/example_dags/example_datasets.py
DAG(s) 'consume_1_and_2_with_dataset_expressions', 'dataset_consumes_unknown_never_scheduled', 'dataset_consumes_1', 'dataset_consumes_1_never_scheduled', 'conditional_dataset_and_time_based_timetable', 'dataset_produces_1', 'dataset_consumes_1_and_2', 'dataset_produces_2', 'consume_1_or_2_with_dataset_expressions', 'consume_1_or_both_2_and_3_with_dataset_expressions' retrieved from /home/airflow/.local/lib/python3.12/site-packages/airflow/example_dags/example_datasets.py
Sync 10 DAGs
Setting next_dagrun for conditional_dataset_and_time_based_timetable to 2026-01-28 01:00:00+00:00, run_after=2026-01-28 01:00:00+00:00
Setting next_dagrun for consume_1_and_2_with_dataset_expressions to None, run_after=None
Setting next_dagrun for consume_1_or_2_with_dataset_expressions to None, run_after=None
Setting next_dagrun for consume_1_or_both_2_and_3_with_dataset_expressions to None, run_after=None
Setting next_dagrun for dataset_consumes_1 to None, run_after=None
Setting next_dagrun for dataset_consumes_1_and_2 to None, run_after=None
Setting next_dagrun for dataset_consumes_1_never_scheduled to None, run_after=None
Setting next_dagrun for dataset_consumes_unknown_never_scheduled to None, run_after=None
Setting next_dagrun for dataset_produces_1 to 2026-02-02 00:00:00+00:00, run_after=2026-02-02 00:00:00+00:00
Setting next_dagrun for dataset_produces_2 to None, run_after=None
Processing /home/airflow/.local/lib/python3.12/site-packages/airflow/example_dags/example_datasets.py took 0.191 seconds
Started process (PID=3932) to work on /home/airflow/.local/lib/python3.12/site-packages/airflow/example_dags/example_datasets.py
Processing file /home/airflow/.local/lib/python3.12/site-packages/airflow/example_dags/example_datasets.py for tasks to queue
Filling up the DagBag from /home/airflow/.local/lib/python3.12/site-packages/airflow/example_dags/example_datasets.py
DAG(s) 'dataset_consumes_1_and_2', 'dataset_consumes_unknown_never_scheduled', 'dataset_consumes_1_never_scheduled', 'dataset_produces_1', 'conditional_dataset_and_time_based_timetable', 'consume_1_or_2_with_dataset_expressions', 'dataset_produces_2', 'consume_1_or_both_2_and_3_with_dataset_expressions', 'dataset_consumes_1', 'consume_1_and_2_with_dataset_expressions' retrieved from /home/airflow/.local/lib/python3.12/site-packages/airflow/example_dags/example_datasets.py
Sync 10 DAGs
Setting next_dagrun for conditional_dataset_and_time_based_timetable to 2026-01-28 01:00:00+00:00, run_after=2026-01-28 01:00:00+00:00
Setting next_dagrun for consume_1_and_2_with_dataset_expressions to None, run_after=None
Setting next_dagrun for consume_1_or_2_with_dataset_expressions to None, run_after=None
Setting next_dagrun for consume_1_or_both_2_and_3_with_dataset_expressions to None, run_after=None
Setting next_dagrun for dataset_consumes_1 to None, run_after=None
Setting next_dagrun for dataset_consumes_1_and_2 to None, run_after=None
Setting next_dagrun for dataset_consumes_1_never_scheduled to None, run_after=None
Setting next_dagrun for dataset_consumes_unknown_never_scheduled to None, run_after=None
Setting next_dagrun for dataset_produces_1 to 2026-02-02 00:00:00+00:00, run_after=2026-02-02 00:00:00+00:00
Setting next_dagrun for dataset_produces_2 to None, run_after=None
Processing /home/airflow/.local/lib/python3.12/site-packages/airflow/example_dags/example_datasets.py took 0.132 seconds
Started process (PID=3998) to work on /home/airflow/.local/lib/python3.12/site-packages/airflow/example_dags/example_datasets.py
Processing file /home/airflow/.local/lib/python3.12/site-packages/airflow/example_dags/example_datasets.py for tasks to queue
Filling up the DagBag from /home/airflow/.local/lib/python3.12/site-packages/airflow/example_dags/example_datasets.py
DAG(s) 'dataset_consumes_1_never_scheduled', 'dataset_consumes_unknown_never_scheduled', 'dataset_produces_1', 'conditional_dataset_and_time_based_timetable', 'dataset_produces_2', 'consume_1_and_2_with_dataset_expressions', 'consume_1_or_2_with_dataset_expressions', 'consume_1_or_both_2_and_3_with_dataset_expressions', 'dataset_consumes_1_and_2', 'dataset_consumes_1' retrieved from /home/airflow/.local/lib/python3.12/site-packages/airflow/example_dags/example_datasets.py
Sync 10 DAGs
Setting next_dagrun for conditional_dataset_and_time_based_timetable to 2026-01-28 01:00:00+00:00, run_after=2026-01-28 01:00:00+00:00
Setting next_dagrun for consume_1_and_2_with_dataset_expressions to None, run_after=None
Setting next_dagrun for consume_1_or_2_with_dataset_expressions to None, run_after=None
Setting next_dagrun for consume_1_or_both_2_and_3_with_dataset_expressions to None, run_after=None
Setting next_dagrun for dataset_consumes_1 to None, run_after=None
Setting next_dagrun for dataset_consumes_1_and_2 to None, run_after=None
Setting next_dagrun for dataset_consumes_1_never_scheduled to None, run_after=None
Setting next_dagrun for dataset_consumes_unknown_never_scheduled to None, run_after=None
Setting next_dagrun for dataset_produces_1 to 2026-02-02 00:00:00+00:00, run_after=2026-02-02 00:00:00+00:00
Setting next_dagrun for dataset_produces_2 to None, run_after=None
Processing /home/airflow/.local/lib/python3.12/site-packages/airflow/example_dags/example_datasets.py took 0.225 seconds
Started process (PID=4064) to work on /home/airflow/.local/lib/python3.12/site-packages/airflow/example_dags/example_datasets.py
Processing file /home/airflow/.local/lib/python3.12/site-packages/airflow/example_dags/example_datasets.py for tasks to queue
Filling up the DagBag from /home/airflow/.local/lib/python3.12/site-packages/airflow/example_dags/example_datasets.py
DAG(s) 'dataset_produces_2', 'dataset_consumes_unknown_never_scheduled', 'consume_1_and_2_with_dataset_expressions', 'conditional_dataset_and_time_based_timetable', 'consume_1_or_2_with_dataset_expressions', 'dataset_consumes_1_never_scheduled', 'dataset_consumes_1', 'dataset_produces_1', 'dataset_consumes_1_and_2', 'consume_1_or_both_2_and_3_with_dataset_expressions' retrieved from /home/airflow/.local/lib/python3.12/site-packages/airflow/example_dags/example_datasets.py
Sync 10 DAGs
Setting next_dagrun for conditional_dataset_and_time_based_timetable to 2026-01-28 01:00:00+00:00, run_after=2026-01-28 01:00:00+00:00
Setting next_dagrun for consume_1_and_2_with_dataset_expressions to None, run_after=None
Setting next_dagrun for consume_1_or_2_with_dataset_expressions to None, run_after=None
Setting next_dagrun for consume_1_or_both_2_and_3_with_dataset_expressions to None, run_after=None
Setting next_dagrun for dataset_consumes_1 to None, run_after=None
Setting next_dagrun for dataset_consumes_1_and_2 to None, run_after=None
Setting next_dagrun for dataset_consumes_1_never_scheduled to None, run_after=None
Setting next_dagrun for dataset_consumes_unknown_never_scheduled to None, run_after=None
Setting next_dagrun for dataset_produces_1 to 2026-02-02 00:00:00+00:00, run_after=2026-02-02 00:00:00+00:00
Setting next_dagrun for dataset_produces_2 to None, run_after=None
Processing /home/airflow/.local/lib/python3.12/site-packages/airflow/example_dags/example_datasets.py took 0.098 seconds
Started process (PID=4137) to work on /home/airflow/.local/lib/python3.12/site-packages/airflow/example_dags/example_datasets.py
Processing file /home/airflow/.local/lib/python3.12/site-packages/airflow/example_dags/example_datasets.py for tasks to queue
Filling up the DagBag from /home/airflow/.local/lib/python3.12/site-packages/airflow/example_dags/example_datasets.py
DAG(s) 'consume_1_or_both_2_and_3_with_dataset_expressions', 'dataset_consumes_1_never_scheduled', 'dataset_consumes_unknown_never_scheduled', 'dataset_consumes_1', 'dataset_produces_2', 'consume_1_or_2_with_dataset_expressions', 'consume_1_and_2_with_dataset_expressions', 'dataset_produces_1', 'conditional_dataset_and_time_based_timetable', 'dataset_consumes_1_and_2' retrieved from /home/airflow/.local/lib/python3.12/site-packages/airflow/example_dags/example_datasets.py
Sync 10 DAGs
Setting next_dagrun for conditional_dataset_and_time_based_timetable to 2026-01-28 01:00:00+00:00, run_after=2026-01-28 01:00:00+00:00
Setting next_dagrun for consume_1_and_2_with_dataset_expressions to None, run_after=None
Setting next_dagrun for consume_1_or_2_with_dataset_expressions to None, run_after=None
Setting next_dagrun for consume_1_or_both_2_and_3_with_dataset_expressions to None, run_after=None
Setting next_dagrun for dataset_consumes_1 to None, run_after=None
Setting next_dagrun for dataset_consumes_1_and_2 to None, run_after=None
Setting next_dagrun for dataset_consumes_1_never_scheduled to None, run_after=None
Setting next_dagrun for dataset_consumes_unknown_never_scheduled to None, run_after=None
Setting next_dagrun for dataset_produces_1 to 2026-02-02 00:00:00+00:00, run_after=2026-02-02 00:00:00+00:00
Setting next_dagrun for dataset_produces_2 to None, run_after=None
Processing /home/airflow/.local/lib/python3.12/site-packages/airflow/example_dags/example_datasets.py took 0.112 seconds
Started process (PID=4203) to work on /home/airflow/.local/lib/python3.12/site-packages/airflow/example_dags/example_datasets.py
Processing file /home/airflow/.local/lib/python3.12/site-packages/airflow/example_dags/example_datasets.py for tasks to queue
Filling up the DagBag from /home/airflow/.local/lib/python3.12/site-packages/airflow/example_dags/example_datasets.py
DAG(s) 'consume_1_and_2_with_dataset_expressions', 'conditional_dataset_and_time_based_timetable', 'dataset_produces_2', 'consume_1_or_both_2_and_3_with_dataset_expressions', 'dataset_consumes_1_never_scheduled', 'dataset_consumes_unknown_never_scheduled', 'consume_1_or_2_with_dataset_expressions', 'dataset_consumes_1', 'dataset_consumes_1_and_2', 'dataset_produces_1' retrieved from /home/airflow/.local/lib/python3.12/site-packages/airflow/example_dags/example_datasets.py
Sync 10 DAGs
Setting next_dagrun for conditional_dataset_and_time_based_timetable to 2026-01-28 01:00:00+00:00, run_after=2026-01-28 01:00:00+00:00
Setting next_dagrun for consume_1_and_2_with_dataset_expressions to None, run_after=None
Setting next_dagrun for consume_1_or_2_with_dataset_expressions to None, run_after=None
Setting next_dagrun for consume_1_or_both_2_and_3_with_dataset_expressions to None, run_after=None
Setting next_dagrun for dataset_consumes_1 to None, run_after=None
Setting next_dagrun for dataset_consumes_1_and_2 to None, run_after=None
Setting next_dagrun for dataset_consumes_1_never_scheduled to None, run_after=None
Setting next_dagrun for dataset_consumes_unknown_never_scheduled to None, run_after=None
Setting next_dagrun for dataset_produces_1 to 2026-02-02 00:00:00+00:00, run_after=2026-02-02 00:00:00+00:00
Setting next_dagrun for dataset_produces_2 to None, run_after=None
Processing /home/airflow/.local/lib/python3.12/site-packages/airflow/example_dags/example_datasets.py took 0.102 seconds
Started process (PID=4276) to work on /home/airflow/.local/lib/python3.12/site-packages/airflow/example_dags/example_datasets.py
Processing file /home/airflow/.local/lib/python3.12/site-packages/airflow/example_dags/example_datasets.py for tasks to queue
Filling up the DagBag from /home/airflow/.local/lib/python3.12/site-packages/airflow/example_dags/example_datasets.py
DAG(s) 'dataset_consumes_1', 'dataset_produces_1', 'consume_1_and_2_with_dataset_expressions', 'dataset_consumes_unknown_never_scheduled', 'dataset_consumes_1_and_2', 'conditional_dataset_and_time_based_timetable', 'dataset_consumes_1_never_scheduled', 'dataset_produces_2', 'consume_1_or_both_2_and_3_with_dataset_expressions', 'consume_1_or_2_with_dataset_expressions' retrieved from /home/airflow/.local/lib/python3.12/site-packages/airflow/example_dags/example_datasets.py
Sync 10 DAGs
Setting next_dagrun for conditional_dataset_and_time_based_timetable to 2026-01-28 01:00:00+00:00, run_after=2026-01-28 01:00:00+00:00
Setting next_dagrun for consume_1_and_2_with_dataset_expressions to None, run_after=None
Setting next_dagrun for consume_1_or_2_with_dataset_expressions to None, run_after=None
Setting next_dagrun for consume_1_or_both_2_and_3_with_dataset_expressions to None, run_after=None
Setting next_dagrun for dataset_consumes_1 to None, run_after=None
Setting next_dagrun for dataset_consumes_1_and_2 to None, run_after=None
Setting next_dagrun for dataset_consumes_1_never_scheduled to None, run_after=None
Setting next_dagrun for dataset_consumes_unknown_never_scheduled to None, run_after=None
Setting next_dagrun for dataset_produces_1 to 2026-02-02 00:00:00+00:00, run_after=2026-02-02 00:00:00+00:00
Setting next_dagrun for dataset_produces_2 to None, run_after=None
Processing /home/airflow/.local/lib/python3.12/site-packages/airflow/example_dags/example_datasets.py took 0.110 seconds
Started process (PID=4342) to work on /home/airflow/.local/lib/python3.12/site-packages/airflow/example_dags/example_datasets.py
Processing file /home/airflow/.local/lib/python3.12/site-packages/airflow/example_dags/example_datasets.py for tasks to queue
Filling up the DagBag from /home/airflow/.local/lib/python3.12/site-packages/airflow/example_dags/example_datasets.py
DAG(s) 'conditional_dataset_and_time_based_timetable', 'consume_1_and_2_with_dataset_expressions', 'dataset_consumes_1_and_2', 'dataset_consumes_1', 'consume_1_or_2_with_dataset_expressions', 'dataset_consumes_1_never_scheduled', 'dataset_consumes_unknown_never_scheduled', 'consume_1_or_both_2_and_3_with_dataset_expressions', 'dataset_produces_2', 'dataset_produces_1' retrieved from /home/airflow/.local/lib/python3.12/site-packages/airflow/example_dags/example_datasets.py
Sync 10 DAGs
Setting next_dagrun for conditional_dataset_and_time_based_timetable to 2026-01-28 01:00:00+00:00, run_after=2026-01-28 01:00:00+00:00
Setting next_dagrun for consume_1_and_2_with_dataset_expressions to None, run_after=None
Setting next_dagrun for consume_1_or_2_with_dataset_expressions to None, run_after=None
Setting next_dagrun for consume_1_or_both_2_and_3_with_dataset_expressions to None, run_after=None
Setting next_dagrun for dataset_consumes_1 to None, run_after=None
Setting next_dagrun for dataset_consumes_1_and_2 to None, run_after=None
Setting next_dagrun for dataset_consumes_1_never_scheduled to None, run_after=None
Setting next_dagrun for dataset_consumes_unknown_never_scheduled to None, run_after=None
Setting next_dagrun for dataset_produces_1 to 2026-02-02 00:00:00+00:00, run_after=2026-02-02 00:00:00+00:00
Setting next_dagrun for dataset_produces_2 to None, run_after=None
Processing /home/airflow/.local/lib/python3.12/site-packages/airflow/example_dags/example_datasets.py took 0.107 seconds
Started process (PID=4415) to work on /home/airflow/.local/lib/python3.12/site-packages/airflow/example_dags/example_datasets.py
Processing file /home/airflow/.local/lib/python3.12/site-packages/airflow/example_dags/example_datasets.py for tasks to queue
Filling up the DagBag from /home/airflow/.local/lib/python3.12/site-packages/airflow/example_dags/example_datasets.py
DAG(s) 'dataset_consumes_1_never_scheduled', 'dataset_produces_1', 'dataset_consumes_1', 'consume_1_or_both_2_and_3_with_dataset_expressions', 'consume_1_and_2_with_dataset_expressions', 'dataset_produces_2', 'consume_1_or_2_with_dataset_expressions', 'dataset_consumes_unknown_never_scheduled', 'dataset_consumes_1_and_2', 'conditional_dataset_and_time_based_timetable' retrieved from /home/airflow/.local/lib/python3.12/site-packages/airflow/example_dags/example_datasets.py
Sync 10 DAGs
Setting next_dagrun for conditional_dataset_and_time_based_timetable to 2026-01-28 01:00:00+00:00, run_after=2026-01-28 01:00:00+00:00
Setting next_dagrun for consume_1_and_2_with_dataset_expressions to None, run_after=None
Setting next_dagrun for consume_1_or_2_with_dataset_expressions to None, run_after=None
Setting next_dagrun for consume_1_or_both_2_and_3_with_dataset_expressions to None, run_after=None
Setting next_dagrun for dataset_consumes_1 to None, run_after=None
Setting next_dagrun for dataset_consumes_1_and_2 to None, run_after=None
Setting next_dagrun for dataset_consumes_1_never_scheduled to None, run_after=None
Setting next_dagrun for dataset_consumes_unknown_never_scheduled to None, run_after=None
Setting next_dagrun for dataset_produces_1 to 2026-02-02 00:00:00+00:00, run_after=2026-02-02 00:00:00+00:00
Setting next_dagrun for dataset_produces_2 to None, run_after=None
Processing /home/airflow/.local/lib/python3.12/site-packages/airflow/example_dags/example_datasets.py took 0.113 seconds
Started process (PID=4488) to work on /home/airflow/.local/lib/python3.12/site-packages/airflow/example_dags/example_datasets.py
Processing file /home/airflow/.local/lib/python3.12/site-packages/airflow/example_dags/example_datasets.py for tasks to queue
Filling up the DagBag from /home/airflow/.local/lib/python3.12/site-packages/airflow/example_dags/example_datasets.py
DAG(s) 'consume_1_or_2_with_dataset_expressions', 'dataset_consumes_1', 'consume_1_and_2_with_dataset_expressions', 'dataset_consumes_1_never_scheduled', 'consume_1_or_both_2_and_3_with_dataset_expressions', 'dataset_consumes_unknown_never_scheduled', 'dataset_produces_1', 'conditional_dataset_and_time_based_timetable', 'dataset_produces_2', 'dataset_consumes_1_and_2' retrieved from /home/airflow/.local/lib/python3.12/site-packages/airflow/example_dags/example_datasets.py
Sync 10 DAGs
Setting next_dagrun for conditional_dataset_and_time_based_timetable to 2026-01-28 01:00:00+00:00, run_after=2026-01-28 01:00:00+00:00
Setting next_dagrun for consume_1_and_2_with_dataset_expressions to None, run_after=None
Setting next_dagrun for consume_1_or_2_with_dataset_expressions to None, run_after=None
Setting next_dagrun for consume_1_or_both_2_and_3_with_dataset_expressions to None, run_after=None
Setting next_dagrun for dataset_consumes_1 to None, run_after=None
Setting next_dagrun for dataset_consumes_1_and_2 to None, run_after=None
Setting next_dagrun for dataset_consumes_1_never_scheduled to None, run_after=None
Setting next_dagrun for dataset_consumes_unknown_never_scheduled to None, run_after=None
Setting next_dagrun for dataset_produces_1 to 2026-02-02 00:00:00+00:00, run_after=2026-02-02 00:00:00+00:00
Setting next_dagrun for dataset_produces_2 to None, run_after=None
Processing /home/airflow/.local/lib/python3.12/site-packages/airflow/example_dags/example_datasets.py took 0.110 seconds
Started process (PID=4554) to work on /home/airflow/.local/lib/python3.12/site-packages/airflow/example_dags/example_datasets.py
Processing file /home/airflow/.local/lib/python3.12/site-packages/airflow/example_dags/example_datasets.py for tasks to queue
Filling up the DagBag from /home/airflow/.local/lib/python3.12/site-packages/airflow/example_dags/example_datasets.py
DAG(s) 'dataset_consumes_1', 'conditional_dataset_and_time_based_timetable', 'consume_1_or_both_2_and_3_with_dataset_expressions', 'dataset_consumes_1_and_2', 'dataset_consumes_unknown_never_scheduled', 'dataset_produces_2', 'dataset_consumes_1_never_scheduled', 'dataset_produces_1', 'consume_1_or_2_with_dataset_expressions', 'consume_1_and_2_with_dataset_expressions' retrieved from /home/airflow/.local/lib/python3.12/site-packages/airflow/example_dags/example_datasets.py
Sync 10 DAGs
Setting next_dagrun for conditional_dataset_and_time_based_timetable to 2026-01-28 01:00:00+00:00, run_after=2026-01-28 01:00:00+00:00
Setting next_dagrun for consume_1_and_2_with_dataset_expressions to None, run_after=None
Setting next_dagrun for consume_1_or_2_with_dataset_expressions to None, run_after=None
Setting next_dagrun for consume_1_or_both_2_and_3_with_dataset_expressions to None, run_after=None
Setting next_dagrun for dataset_consumes_1 to None, run_after=None
Setting next_dagrun for dataset_consumes_1_and_2 to None, run_after=None
Setting next_dagrun for dataset_consumes_1_never_scheduled to None, run_after=None
Setting next_dagrun for dataset_consumes_unknown_never_scheduled to None, run_after=None
Setting next_dagrun for dataset_produces_1 to 2026-02-02 00:00:00+00:00, run_after=2026-02-02 00:00:00+00:00
Setting next_dagrun for dataset_produces_2 to None, run_after=None
Processing /home/airflow/.local/lib/python3.12/site-packages/airflow/example_dags/example_datasets.py took 0.104 seconds
Started process (PID=4627) to work on /home/airflow/.local/lib/python3.12/site-packages/airflow/example_dags/example_datasets.py
Processing file /home/airflow/.local/lib/python3.12/site-packages/airflow/example_dags/example_datasets.py for tasks to queue
Filling up the DagBag from /home/airflow/.local/lib/python3.12/site-packages/airflow/example_dags/example_datasets.py
DAG(s) 'consume_1_or_2_with_dataset_expressions', 'consume_1_or_both_2_and_3_with_dataset_expressions', 'dataset_produces_2', 'dataset_consumes_1', 'dataset_consumes_1_never_scheduled', 'dataset_consumes_1_and_2', 'dataset_consumes_unknown_never_scheduled', 'conditional_dataset_and_time_based_timetable', 'consume_1_and_2_with_dataset_expressions', 'dataset_produces_1' retrieved from /home/airflow/.local/lib/python3.12/site-packages/airflow/example_dags/example_datasets.py
Sync 10 DAGs
Setting next_dagrun for conditional_dataset_and_time_based_timetable to 2026-01-28 01:00:00+00:00, run_after=2026-01-28 01:00:00+00:00
Setting next_dagrun for consume_1_and_2_with_dataset_expressions to None, run_after=None
Setting next_dagrun for consume_1_or_2_with_dataset_expressions to None, run_after=None
Setting next_dagrun for consume_1_or_both_2_and_3_with_dataset_expressions to None, run_after=None
Setting next_dagrun for dataset_consumes_1 to None, run_after=None
Setting next_dagrun for dataset_consumes_1_and_2 to None, run_after=None
Setting next_dagrun for dataset_consumes_1_never_scheduled to None, run_after=None
Setting next_dagrun for dataset_consumes_unknown_never_scheduled to None, run_after=None
Setting next_dagrun for dataset_produces_1 to 2026-02-02 00:00:00+00:00, run_after=2026-02-02 00:00:00+00:00
Setting next_dagrun for dataset_produces_2 to None, run_after=None
Processing /home/airflow/.local/lib/python3.12/site-packages/airflow/example_dags/example_datasets.py took 0.375 seconds
Started process (PID=4693) to work on /home/airflow/.local/lib/python3.12/site-packages/airflow/example_dags/example_datasets.py
Processing file /home/airflow/.local/lib/python3.12/site-packages/airflow/example_dags/example_datasets.py for tasks to queue
Filling up the DagBag from /home/airflow/.local/lib/python3.12/site-packages/airflow/example_dags/example_datasets.py
DAG(s) 'dataset_consumes_1_and_2', 'dataset_consumes_1_never_scheduled', 'dataset_produces_2', 'consume_1_or_2_with_dataset_expressions', 'dataset_consumes_1', 'conditional_dataset_and_time_based_timetable', 'dataset_consumes_unknown_never_scheduled', 'consume_1_and_2_with_dataset_expressions', 'dataset_produces_1', 'consume_1_or_both_2_and_3_with_dataset_expressions' retrieved from /home/airflow/.local/lib/python3.12/site-packages/airflow/example_dags/example_datasets.py
Sync 10 DAGs
Setting next_dagrun for conditional_dataset_and_time_based_timetable to 2026-01-28 01:00:00+00:00, run_after=2026-01-28 01:00:00+00:00
Setting next_dagrun for consume_1_and_2_with_dataset_expressions to None, run_after=None
Setting next_dagrun for consume_1_or_2_with_dataset_expressions to None, run_after=None
Setting next_dagrun for consume_1_or_both_2_and_3_with_dataset_expressions to None, run_after=None
Setting next_dagrun for dataset_consumes_1 to None, run_after=None
Setting next_dagrun for dataset_consumes_1_and_2 to None, run_after=None
Setting next_dagrun for dataset_consumes_1_never_scheduled to None, run_after=None
Setting next_dagrun for dataset_consumes_unknown_never_scheduled to None, run_after=None
Setting next_dagrun for dataset_produces_1 to 2026-02-02 00:00:00+00:00, run_after=2026-02-02 00:00:00+00:00
Setting next_dagrun for dataset_produces_2 to None, run_after=None
Processing /home/airflow/.local/lib/python3.12/site-packages/airflow/example_dags/example_datasets.py took 1.624 seconds
Started process (PID=4767) to work on /home/airflow/.local/lib/python3.12/site-packages/airflow/example_dags/example_datasets.py
Processing file /home/airflow/.local/lib/python3.12/site-packages/airflow/example_dags/example_datasets.py for tasks to queue
Filling up the DagBag from /home/airflow/.local/lib/python3.12/site-packages/airflow/example_dags/example_datasets.py
DAG(s) 'dataset_produces_1', 'consume_1_or_both_2_and_3_with_dataset_expressions', 'dataset_consumes_1', 'dataset_produces_2', 'dataset_consumes_unknown_never_scheduled', 'dataset_consumes_1_never_scheduled', 'dataset_consumes_1_and_2', 'consume_1_and_2_with_dataset_expressions', 'consume_1_or_2_with_dataset_expressions', 'conditional_dataset_and_time_based_timetable' retrieved from /home/airflow/.local/lib/python3.12/site-packages/airflow/example_dags/example_datasets.py
Sync 10 DAGs
Setting next_dagrun for conditional_dataset_and_time_based_timetable to 2026-01-28 01:00:00+00:00, run_after=2026-01-28 01:00:00+00:00
Setting next_dagrun for consume_1_and_2_with_dataset_expressions to None, run_after=None
Setting next_dagrun for consume_1_or_2_with_dataset_expressions to None, run_after=None
Setting next_dagrun for consume_1_or_both_2_and_3_with_dataset_expressions to None, run_after=None
Setting next_dagrun for dataset_consumes_1 to None, run_after=None
Setting next_dagrun for dataset_consumes_1_and_2 to None, run_after=None
Setting next_dagrun for dataset_consumes_1_never_scheduled to None, run_after=None
Setting next_dagrun for dataset_consumes_unknown_never_scheduled to None, run_after=None
Setting next_dagrun for dataset_produces_1 to 2026-02-02 00:00:00+00:00, run_after=2026-02-02 00:00:00+00:00
Setting next_dagrun for dataset_produces_2 to None, run_after=None
Processing /home/airflow/.local/lib/python3.12/site-packages/airflow/example_dags/example_datasets.py took 0.111 seconds
Started process (PID=4833) to work on /home/airflow/.local/lib/python3.12/site-packages/airflow/example_dags/example_datasets.py
Processing file /home/airflow/.local/lib/python3.12/site-packages/airflow/example_dags/example_datasets.py for tasks to queue
Filling up the DagBag from /home/airflow/.local/lib/python3.12/site-packages/airflow/example_dags/example_datasets.py
DAG(s) 'conditional_dataset_and_time_based_timetable', 'dataset_produces_2', 'consume_1_and_2_with_dataset_expressions', 'dataset_produces_1', 'consume_1_or_2_with_dataset_expressions', 'consume_1_or_both_2_and_3_with_dataset_expressions', 'dataset_consumes_1_and_2', 'dataset_consumes_1_never_scheduled', 'dataset_consumes_unknown_never_scheduled', 'dataset_consumes_1' retrieved from /home/airflow/.local/lib/python3.12/site-packages/airflow/example_dags/example_datasets.py
Sync 10 DAGs
Setting next_dagrun for conditional_dataset_and_time_based_timetable to 2026-01-28 01:00:00+00:00, run_after=2026-01-28 01:00:00+00:00
Setting next_dagrun for consume_1_and_2_with_dataset_expressions to None, run_after=None
Setting next_dagrun for consume_1_or_2_with_dataset_expressions to None, run_after=None
Setting next_dagrun for consume_1_or_both_2_and_3_with_dataset_expressions to None, run_after=None
Setting next_dagrun for dataset_consumes_1 to None, run_after=None
Setting next_dagrun for dataset_consumes_1_and_2 to None, run_after=None
Setting next_dagrun for dataset_consumes_1_never_scheduled to None, run_after=None
Setting next_dagrun for dataset_consumes_unknown_never_scheduled to None, run_after=None
Setting next_dagrun for dataset_produces_1 to 2026-02-02 00:00:00+00:00, run_after=2026-02-02 00:00:00+00:00
Setting next_dagrun for dataset_produces_2 to None, run_after=None
Processing /home/airflow/.local/lib/python3.12/site-packages/airflow/example_dags/example_datasets.py took 0.138 seconds
Started process (PID=4905) to work on /home/airflow/.local/lib/python3.12/site-packages/airflow/example_dags/example_datasets.py
Processing file /home/airflow/.local/lib/python3.12/site-packages/airflow/example_dags/example_datasets.py for tasks to queue
Filling up the DagBag from /home/airflow/.local/lib/python3.12/site-packages/airflow/example_dags/example_datasets.py
DAG(s) 'conditional_dataset_and_time_based_timetable', 'dataset_consumes_1_never_scheduled', 'dataset_consumes_unknown_never_scheduled', 'consume_1_and_2_with_dataset_expressions', 'dataset_consumes_1_and_2', 'dataset_produces_2', 'consume_1_or_2_with_dataset_expressions', 'consume_1_or_both_2_and_3_with_dataset_expressions', 'dataset_consumes_1', 'dataset_produces_1' retrieved from /home/airflow/.local/lib/python3.12/site-packages/airflow/example_dags/example_datasets.py
Sync 10 DAGs
Setting next_dagrun for conditional_dataset_and_time_based_timetable to 2026-01-28 01:00:00+00:00, run_after=2026-01-28 01:00:00+00:00
Setting next_dagrun for consume_1_and_2_with_dataset_expressions to None, run_after=None
Setting next_dagrun for consume_1_or_2_with_dataset_expressions to None, run_after=None
Setting next_dagrun for consume_1_or_both_2_and_3_with_dataset_expressions to None, run_after=None
Setting next_dagrun for dataset_consumes_1 to None, run_after=None
Setting next_dagrun for dataset_consumes_1_and_2 to None, run_after=None
Setting next_dagrun for dataset_consumes_1_never_scheduled to None, run_after=None
Setting next_dagrun for dataset_consumes_unknown_never_scheduled to None, run_after=None
Setting next_dagrun for dataset_produces_1 to 2026-02-02 00:00:00+00:00, run_after=2026-02-02 00:00:00+00:00
Setting next_dagrun for dataset_produces_2 to None, run_after=None
Processing /home/airflow/.local/lib/python3.12/site-packages/airflow/example_dags/example_datasets.py took 0.209 seconds
Started process (PID=4978) to work on /home/airflow/.local/lib/python3.12/site-packages/airflow/example_dags/example_datasets.py
Processing file /home/airflow/.local/lib/python3.12/site-packages/airflow/example_dags/example_datasets.py for tasks to queue
Filling up the DagBag from /home/airflow/.local/lib/python3.12/site-packages/airflow/example_dags/example_datasets.py
DAG(s) 'conditional_dataset_and_time_based_timetable', 'consume_1_and_2_with_dataset_expressions', 'dataset_consumes_1_never_scheduled', 'consume_1_or_both_2_and_3_with_dataset_expressions', 'dataset_consumes_unknown_never_scheduled', 'dataset_produces_2', 'dataset_produces_1', 'dataset_consumes_1_and_2', 'consume_1_or_2_with_dataset_expressions', 'dataset_consumes_1' retrieved from /home/airflow/.local/lib/python3.12/site-packages/airflow/example_dags/example_datasets.py
Sync 10 DAGs
Setting next_dagrun for conditional_dataset_and_time_based_timetable to 2026-01-28 01:00:00+00:00, run_after=2026-01-28 01:00:00+00:00
Setting next_dagrun for consume_1_and_2_with_dataset_expressions to None, run_after=None
Setting next_dagrun for consume_1_or_2_with_dataset_expressions to None, run_after=None
Setting next_dagrun for consume_1_or_both_2_and_3_with_dataset_expressions to None, run_after=None
Setting next_dagrun for dataset_consumes_1 to None, run_after=None
Setting next_dagrun for dataset_consumes_1_and_2 to None, run_after=None
Setting next_dagrun for dataset_consumes_1_never_scheduled to None, run_after=None
Setting next_dagrun for dataset_consumes_unknown_never_scheduled to None, run_after=None
Setting next_dagrun for dataset_produces_1 to 2026-02-02 00:00:00+00:00, run_after=2026-02-02 00:00:00+00:00
Setting next_dagrun for dataset_produces_2 to None, run_after=None
Processing /home/airflow/.local/lib/python3.12/site-packages/airflow/example_dags/example_datasets.py took 0.120 seconds
Started process (PID=5044) to work on /home/airflow/.local/lib/python3.12/site-packages/airflow/example_dags/example_datasets.py
Processing file /home/airflow/.local/lib/python3.12/site-packages/airflow/example_dags/example_datasets.py for tasks to queue
Filling up the DagBag from /home/airflow/.local/lib/python3.12/site-packages/airflow/example_dags/example_datasets.py
DAG(s) 'dataset_consumes_1', 'consume_1_and_2_with_dataset_expressions', 'dataset_produces_1', 'consume_1_or_2_with_dataset_expressions', 'consume_1_or_both_2_and_3_with_dataset_expressions', 'dataset_consumes_unknown_never_scheduled', 'dataset_produces_2', 'dataset_consumes_1_never_scheduled', 'dataset_consumes_1_and_2', 'conditional_dataset_and_time_based_timetable' retrieved from /home/airflow/.local/lib/python3.12/site-packages/airflow/example_dags/example_datasets.py
Sync 10 DAGs
Setting next_dagrun for conditional_dataset_and_time_based_timetable to 2026-01-28 01:00:00+00:00, run_after=2026-01-28 01:00:00+00:00
Setting next_dagrun for consume_1_and_2_with_dataset_expressions to None, run_after=None
Setting next_dagrun for consume_1_or_2_with_dataset_expressions to None, run_after=None
Setting next_dagrun for consume_1_or_both_2_and_3_with_dataset_expressions to None, run_after=None
Setting next_dagrun for dataset_consumes_1 to None, run_after=None
Setting next_dagrun for dataset_consumes_1_and_2 to None, run_after=None
Setting next_dagrun for dataset_consumes_1_never_scheduled to None, run_after=None
Setting next_dagrun for dataset_consumes_unknown_never_scheduled to None, run_after=None
Setting next_dagrun for dataset_produces_1 to 2026-02-02 00:00:00+00:00, run_after=2026-02-02 00:00:00+00:00
Setting next_dagrun for dataset_produces_2 to None, run_after=None
Processing /home/airflow/.local/lib/python3.12/site-packages/airflow/example_dags/example_datasets.py took 1.643 seconds
Started process (PID=5118) to work on /home/airflow/.local/lib/python3.12/site-packages/airflow/example_dags/example_datasets.py
Processing file /home/airflow/.local/lib/python3.12/site-packages/airflow/example_dags/example_datasets.py for tasks to queue
Filling up the DagBag from /home/airflow/.local/lib/python3.12/site-packages/airflow/example_dags/example_datasets.py
DAG(s) 'consume_1_or_2_with_dataset_expressions', 'dataset_produces_1', 'dataset_produces_2', 'consume_1_and_2_with_dataset_expressions', 'dataset_consumes_1_never_scheduled', 'dataset_consumes_1', 'conditional_dataset_and_time_based_timetable', 'dataset_consumes_1_and_2', 'consume_1_or_both_2_and_3_with_dataset_expressions', 'dataset_consumes_unknown_never_scheduled' retrieved from /home/airflow/.local/lib/python3.12/site-packages/airflow/example_dags/example_datasets.py
Sync 10 DAGs
Setting next_dagrun for conditional_dataset_and_time_based_timetable to 2026-01-28 01:00:00+00:00, run_after=2026-01-28 01:00:00+00:00
Setting next_dagrun for consume_1_and_2_with_dataset_expressions to None, run_after=None
Setting next_dagrun for consume_1_or_2_with_dataset_expressions to None, run_after=None
Setting next_dagrun for consume_1_or_both_2_and_3_with_dataset_expressions to None, run_after=None
Setting next_dagrun for dataset_consumes_1 to None, run_after=None
Setting next_dagrun for dataset_consumes_1_and_2 to None, run_after=None
Setting next_dagrun for dataset_consumes_1_never_scheduled to None, run_after=None
Setting next_dagrun for dataset_consumes_unknown_never_scheduled to None, run_after=None
Setting next_dagrun for dataset_produces_1 to 2026-02-02 00:00:00+00:00, run_after=2026-02-02 00:00:00+00:00
Setting next_dagrun for dataset_produces_2 to None, run_after=None
Processing /home/airflow/.local/lib/python3.12/site-packages/airflow/example_dags/example_datasets.py took 0.098 seconds
Started process (PID=5184) to work on /home/airflow/.local/lib/python3.12/site-packages/airflow/example_dags/example_datasets.py
Processing file /home/airflow/.local/lib/python3.12/site-packages/airflow/example_dags/example_datasets.py for tasks to queue
Filling up the DagBag from /home/airflow/.local/lib/python3.12/site-packages/airflow/example_dags/example_datasets.py
DAG(s) 'dataset_consumes_1_and_2', 'conditional_dataset_and_time_based_timetable', 'consume_1_or_2_with_dataset_expressions', 'dataset_consumes_unknown_never_scheduled', 'consume_1_and_2_with_dataset_expressions', 'dataset_consumes_1_never_scheduled', 'dataset_produces_2', 'dataset_produces_1', 'dataset_consumes_1', 'consume_1_or_both_2_and_3_with_dataset_expressions' retrieved from /home/airflow/.local/lib/python3.12/site-packages/airflow/example_dags/example_datasets.py
Sync 10 DAGs
Setting next_dagrun for conditional_dataset_and_time_based_timetable to 2026-01-28 01:00:00+00:00, run_after=2026-01-28 01:00:00+00:00
Setting next_dagrun for consume_1_and_2_with_dataset_expressions to None, run_after=None
Setting next_dagrun for consume_1_or_2_with_dataset_expressions to None, run_after=None
Setting next_dagrun for consume_1_or_both_2_and_3_with_dataset_expressions to None, run_after=None
Setting next_dagrun for dataset_consumes_1 to None, run_after=None
Setting next_dagrun for dataset_consumes_1_and_2 to None, run_after=None
Setting next_dagrun for dataset_consumes_1_never_scheduled to None, run_after=None
Setting next_dagrun for dataset_consumes_unknown_never_scheduled to None, run_after=None
Setting next_dagrun for dataset_produces_1 to 2026-02-02 00:00:00+00:00, run_after=2026-02-02 00:00:00+00:00
Setting next_dagrun for dataset_produces_2 to None, run_after=None
Processing /home/airflow/.local/lib/python3.12/site-packages/airflow/example_dags/example_datasets.py took 0.105 seconds
Started process (PID=5257) to work on /home/airflow/.local/lib/python3.12/site-packages/airflow/example_dags/example_datasets.py
Processing file /home/airflow/.local/lib/python3.12/site-packages/airflow/example_dags/example_datasets.py for tasks to queue
Filling up the DagBag from /home/airflow/.local/lib/python3.12/site-packages/airflow/example_dags/example_datasets.py
DAG(s) 'dataset_consumes_1_and_2', 'conditional_dataset_and_time_based_timetable', 'consume_1_and_2_with_dataset_expressions', 'dataset_consumes_1_never_scheduled', 'dataset_consumes_1', 'consume_1_or_both_2_and_3_with_dataset_expressions', 'consume_1_or_2_with_dataset_expressions', 'dataset_produces_1', 'dataset_produces_2', 'dataset_consumes_unknown_never_scheduled' retrieved from /home/airflow/.local/lib/python3.12/site-packages/airflow/example_dags/example_datasets.py
Sync 10 DAGs
Setting next_dagrun for conditional_dataset_and_time_based_timetable to 2026-01-28 01:00:00+00:00, run_after=2026-01-28 01:00:00+00:00
Setting next_dagrun for consume_1_and_2_with_dataset_expressions to None, run_after=None
Setting next_dagrun for consume_1_or_2_with_dataset_expressions to None, run_after=None
Setting next_dagrun for consume_1_or_both_2_and_3_with_dataset_expressions to None, run_after=None
Setting next_dagrun for dataset_consumes_1 to None, run_after=None
Setting next_dagrun for dataset_consumes_1_and_2 to None, run_after=None
Setting next_dagrun for dataset_consumes_1_never_scheduled to None, run_after=None
Setting next_dagrun for dataset_consumes_unknown_never_scheduled to None, run_after=None
Setting next_dagrun for dataset_produces_1 to 2026-02-02 00:00:00+00:00, run_after=2026-02-02 00:00:00+00:00
Setting next_dagrun for dataset_produces_2 to None, run_after=None
Processing /home/airflow/.local/lib/python3.12/site-packages/airflow/example_dags/example_datasets.py took 0.119 seconds
Started process (PID=5323) to work on /home/airflow/.local/lib/python3.12/site-packages/airflow/example_dags/example_datasets.py
Processing file /home/airflow/.local/lib/python3.12/site-packages/airflow/example_dags/example_datasets.py for tasks to queue
Filling up the DagBag from /home/airflow/.local/lib/python3.12/site-packages/airflow/example_dags/example_datasets.py
DAG(s) 'consume_1_or_2_with_dataset_expressions', 'dataset_produces_2', 'consume_1_and_2_with_dataset_expressions', 'dataset_consumes_1', 'dataset_consumes_1_and_2', 'dataset_consumes_1_never_scheduled', 'dataset_produces_1', 'consume_1_or_both_2_and_3_with_dataset_expressions', 'conditional_dataset_and_time_based_timetable', 'dataset_consumes_unknown_never_scheduled' retrieved from /home/airflow/.local/lib/python3.12/site-packages/airflow/example_dags/example_datasets.py
Sync 10 DAGs
Setting next_dagrun for conditional_dataset_and_time_based_timetable to 2026-01-28 01:00:00+00:00, run_after=2026-01-28 01:00:00+00:00
Setting next_dagrun for consume_1_and_2_with_dataset_expressions to None, run_after=None
Setting next_dagrun for consume_1_or_2_with_dataset_expressions to None, run_after=None
Setting next_dagrun for consume_1_or_both_2_and_3_with_dataset_expressions to None, run_after=None
Setting next_dagrun for dataset_consumes_1 to None, run_after=None
Setting next_dagrun for dataset_consumes_1_and_2 to None, run_after=None
Setting next_dagrun for dataset_consumes_1_never_scheduled to None, run_after=None
Setting next_dagrun for dataset_consumes_unknown_never_scheduled to None, run_after=None
Setting next_dagrun for dataset_produces_1 to 2026-02-02 00:00:00+00:00, run_after=2026-02-02 00:00:00+00:00
Setting next_dagrun for dataset_produces_2 to None, run_after=None
Processing /home/airflow/.local/lib/python3.12/site-packages/airflow/example_dags/example_datasets.py took 0.112 seconds
Started process (PID=5396) to work on /home/airflow/.local/lib/python3.12/site-packages/airflow/example_dags/example_datasets.py
Processing file /home/airflow/.local/lib/python3.12/site-packages/airflow/example_dags/example_datasets.py for tasks to queue
Filling up the DagBag from /home/airflow/.local/lib/python3.12/site-packages/airflow/example_dags/example_datasets.py
DAG(s) 'dataset_consumes_1', 'conditional_dataset_and_time_based_timetable', 'dataset_consumes_1_and_2', 'consume_1_and_2_with_dataset_expressions', 'dataset_consumes_unknown_never_scheduled', 'consume_1_or_both_2_and_3_with_dataset_expressions', 'dataset_produces_2', 'consume_1_or_2_with_dataset_expressions', 'dataset_produces_1', 'dataset_consumes_1_never_scheduled' retrieved from /home/airflow/.local/lib/python3.12/site-packages/airflow/example_dags/example_datasets.py
Sync 10 DAGs
Setting next_dagrun for conditional_dataset_and_time_based_timetable to 2026-01-28 01:00:00+00:00, run_after=2026-01-28 01:00:00+00:00
Setting next_dagrun for consume_1_and_2_with_dataset_expressions to None, run_after=None
Setting next_dagrun for consume_1_or_2_with_dataset_expressions to None, run_after=None
Setting next_dagrun for consume_1_or_both_2_and_3_with_dataset_expressions to None, run_after=None
Setting next_dagrun for dataset_consumes_1 to None, run_after=None
Setting next_dagrun for dataset_consumes_1_and_2 to None, run_after=None
Setting next_dagrun for dataset_consumes_1_never_scheduled to None, run_after=None
Setting next_dagrun for dataset_consumes_unknown_never_scheduled to None, run_after=None
Setting next_dagrun for dataset_produces_1 to 2026-02-02 00:00:00+00:00, run_after=2026-02-02 00:00:00+00:00
Setting next_dagrun for dataset_produces_2 to None, run_after=None
Processing /home/airflow/.local/lib/python3.12/site-packages/airflow/example_dags/example_datasets.py took 0.107 seconds
Started process (PID=5469) to work on /home/airflow/.local/lib/python3.12/site-packages/airflow/example_dags/example_datasets.py
Processing file /home/airflow/.local/lib/python3.12/site-packages/airflow/example_dags/example_datasets.py for tasks to queue
Filling up the DagBag from /home/airflow/.local/lib/python3.12/site-packages/airflow/example_dags/example_datasets.py
DAG(s) 'dataset_consumes_1_never_scheduled', 'consume_1_and_2_with_dataset_expressions', 'consume_1_or_2_with_dataset_expressions', 'dataset_consumes_1_and_2', 'consume_1_or_both_2_and_3_with_dataset_expressions', 'dataset_produces_1', 'dataset_consumes_1', 'conditional_dataset_and_time_based_timetable', 'dataset_consumes_unknown_never_scheduled', 'dataset_produces_2' retrieved from /home/airflow/.local/lib/python3.12/site-packages/airflow/example_dags/example_datasets.py
Sync 10 DAGs
Setting next_dagrun for conditional_dataset_and_time_based_timetable to 2026-01-28 01:00:00+00:00, run_after=2026-01-28 01:00:00+00:00
Setting next_dagrun for consume_1_and_2_with_dataset_expressions to None, run_after=None
Setting next_dagrun for consume_1_or_2_with_dataset_expressions to None, run_after=None
Setting next_dagrun for consume_1_or_both_2_and_3_with_dataset_expressions to None, run_after=None
Setting next_dagrun for dataset_consumes_1 to None, run_after=None
Setting next_dagrun for dataset_consumes_1_and_2 to None, run_after=None
Setting next_dagrun for dataset_consumes_1_never_scheduled to None, run_after=None
Setting next_dagrun for dataset_consumes_unknown_never_scheduled to None, run_after=None
Setting next_dagrun for dataset_produces_1 to 2026-02-02 00:00:00+00:00, run_after=2026-02-02 00:00:00+00:00
Setting next_dagrun for dataset_produces_2 to None, run_after=None
Processing /home/airflow/.local/lib/python3.12/site-packages/airflow/example_dags/example_datasets.py took 0.125 seconds
Started process (PID=5535) to work on /home/airflow/.local/lib/python3.12/site-packages/airflow/example_dags/example_datasets.py
Processing file /home/airflow/.local/lib/python3.12/site-packages/airflow/example_dags/example_datasets.py for tasks to queue
Filling up the DagBag from /home/airflow/.local/lib/python3.12/site-packages/airflow/example_dags/example_datasets.py
DAG(s) 'dataset_produces_2', 'dataset_consumes_unknown_never_scheduled', 'consume_1_and_2_with_dataset_expressions', 'dataset_consumes_1_and_2', 'dataset_consumes_1', 'consume_1_or_2_with_dataset_expressions', 'dataset_produces_1', 'consume_1_or_both_2_and_3_with_dataset_expressions', 'conditional_dataset_and_time_based_timetable', 'dataset_consumes_1_never_scheduled' retrieved from /home/airflow/.local/lib/python3.12/site-packages/airflow/example_dags/example_datasets.py
Sync 10 DAGs
Setting next_dagrun for conditional_dataset_and_time_based_timetable to 2026-01-28 01:00:00+00:00, run_after=2026-01-28 01:00:00+00:00
Setting next_dagrun for consume_1_and_2_with_dataset_expressions to None, run_after=None
Setting next_dagrun for consume_1_or_2_with_dataset_expressions to None, run_after=None
Setting next_dagrun for consume_1_or_both_2_and_3_with_dataset_expressions to None, run_after=None
Setting next_dagrun for dataset_consumes_1 to None, run_after=None
Setting next_dagrun for dataset_consumes_1_and_2 to None, run_after=None
Setting next_dagrun for dataset_consumes_1_never_scheduled to None, run_after=None
Setting next_dagrun for dataset_consumes_unknown_never_scheduled to None, run_after=None
Setting next_dagrun for dataset_produces_1 to 2026-02-02 00:00:00+00:00, run_after=2026-02-02 00:00:00+00:00
Setting next_dagrun for dataset_produces_2 to None, run_after=None
Processing /home/airflow/.local/lib/python3.12/site-packages/airflow/example_dags/example_datasets.py took 0.115 seconds
Started process (PID=5609) to work on /home/airflow/.local/lib/python3.12/site-packages/airflow/example_dags/example_datasets.py
Processing file /home/airflow/.local/lib/python3.12/site-packages/airflow/example_dags/example_datasets.py for tasks to queue
Filling up the DagBag from /home/airflow/.local/lib/python3.12/site-packages/airflow/example_dags/example_datasets.py
DAG(s) 'conditional_dataset_and_time_based_timetable', 'dataset_produces_1', 'dataset_consumes_1', 'consume_1_and_2_with_dataset_expressions', 'dataset_consumes_1_never_scheduled', 'consume_1_or_2_with_dataset_expressions', 'dataset_consumes_unknown_never_scheduled', 'consume_1_or_both_2_and_3_with_dataset_expressions', 'dataset_consumes_1_and_2', 'dataset_produces_2' retrieved from /home/airflow/.local/lib/python3.12/site-packages/airflow/example_dags/example_datasets.py
Sync 10 DAGs
Setting next_dagrun for conditional_dataset_and_time_based_timetable to 2026-01-28 01:00:00+00:00, run_after=2026-01-28 01:00:00+00:00
Setting next_dagrun for consume_1_and_2_with_dataset_expressions to None, run_after=None
Setting next_dagrun for consume_1_or_2_with_dataset_expressions to None, run_after=None
Setting next_dagrun for consume_1_or_both_2_and_3_with_dataset_expressions to None, run_after=None
Setting next_dagrun for dataset_consumes_1 to None, run_after=None
Setting next_dagrun for dataset_consumes_1_and_2 to None, run_after=None
Setting next_dagrun for dataset_consumes_1_never_scheduled to None, run_after=None
Setting next_dagrun for dataset_consumes_unknown_never_scheduled to None, run_after=None
Setting next_dagrun for dataset_produces_1 to 2026-02-02 00:00:00+00:00, run_after=2026-02-02 00:00:00+00:00
Setting next_dagrun for dataset_produces_2 to None, run_after=None
Processing /home/airflow/.local/lib/python3.12/site-packages/airflow/example_dags/example_datasets.py took 0.139 seconds
Started process (PID=5674) to work on /home/airflow/.local/lib/python3.12/site-packages/airflow/example_dags/example_datasets.py
Processing file /home/airflow/.local/lib/python3.12/site-packages/airflow/example_dags/example_datasets.py for tasks to queue
Filling up the DagBag from /home/airflow/.local/lib/python3.12/site-packages/airflow/example_dags/example_datasets.py
DAG(s) 'dataset_consumes_unknown_never_scheduled', 'dataset_consumes_1_never_scheduled', 'consume_1_and_2_with_dataset_expressions', 'dataset_produces_1', 'dataset_consumes_1', 'consume_1_or_2_with_dataset_expressions', 'dataset_consumes_1_and_2', 'dataset_produces_2', 'consume_1_or_both_2_and_3_with_dataset_expressions', 'conditional_dataset_and_time_based_timetable' retrieved from /home/airflow/.local/lib/python3.12/site-packages/airflow/example_dags/example_datasets.py
Sync 10 DAGs
Setting next_dagrun for conditional_dataset_and_time_based_timetable to 2026-01-28 01:00:00+00:00, run_after=2026-01-28 01:00:00+00:00
Setting next_dagrun for consume_1_and_2_with_dataset_expressions to None, run_after=None
Setting next_dagrun for consume_1_or_2_with_dataset_expressions to None, run_after=None
Setting next_dagrun for consume_1_or_both_2_and_3_with_dataset_expressions to None, run_after=None
Setting next_dagrun for dataset_consumes_1 to None, run_after=None
Setting next_dagrun for dataset_consumes_1_and_2 to None, run_after=None
Setting next_dagrun for dataset_consumes_1_never_scheduled to None, run_after=None
Setting next_dagrun for dataset_consumes_unknown_never_scheduled to None, run_after=None
Setting next_dagrun for dataset_produces_1 to 2026-02-02 00:00:00+00:00, run_after=2026-02-02 00:00:00+00:00
Setting next_dagrun for dataset_produces_2 to None, run_after=None
Processing /home/airflow/.local/lib/python3.12/site-packages/airflow/example_dags/example_datasets.py took 0.151 seconds
Started process (PID=5746) to work on /home/airflow/.local/lib/python3.12/site-packages/airflow/example_dags/example_datasets.py
Processing file /home/airflow/.local/lib/python3.12/site-packages/airflow/example_dags/example_datasets.py for tasks to queue
Filling up the DagBag from /home/airflow/.local/lib/python3.12/site-packages/airflow/example_dags/example_datasets.py
DAG(s) 'dataset_produces_2', 'consume_1_or_both_2_and_3_with_dataset_expressions', 'conditional_dataset_and_time_based_timetable', 'dataset_consumes_1_and_2', 'dataset_produces_1', 'consume_1_or_2_with_dataset_expressions', 'dataset_consumes_unknown_never_scheduled', 'dataset_consumes_1', 'dataset_consumes_1_never_scheduled', 'consume_1_and_2_with_dataset_expressions' retrieved from /home/airflow/.local/lib/python3.12/site-packages/airflow/example_dags/example_datasets.py
Sync 10 DAGs
Setting next_dagrun for conditional_dataset_and_time_based_timetable to 2026-01-28 01:00:00+00:00, run_after=2026-01-28 01:00:00+00:00
Setting next_dagrun for consume_1_and_2_with_dataset_expressions to None, run_after=None
Setting next_dagrun for consume_1_or_2_with_dataset_expressions to None, run_after=None
Setting next_dagrun for consume_1_or_both_2_and_3_with_dataset_expressions to None, run_after=None
Setting next_dagrun for dataset_consumes_1 to None, run_after=None
Setting next_dagrun for dataset_consumes_1_and_2 to None, run_after=None
Setting next_dagrun for dataset_consumes_1_never_scheduled to None, run_after=None
Setting next_dagrun for dataset_consumes_unknown_never_scheduled to None, run_after=None
Setting next_dagrun for dataset_produces_1 to 2026-02-02 00:00:00+00:00, run_after=2026-02-02 00:00:00+00:00
Setting next_dagrun for dataset_produces_2 to None, run_after=None
Processing /home/airflow/.local/lib/python3.12/site-packages/airflow/example_dags/example_datasets.py took 0.110 seconds
Started process (PID=5812) to work on /home/airflow/.local/lib/python3.12/site-packages/airflow/example_dags/example_datasets.py
Processing file /home/airflow/.local/lib/python3.12/site-packages/airflow/example_dags/example_datasets.py for tasks to queue
Filling up the DagBag from /home/airflow/.local/lib/python3.12/site-packages/airflow/example_dags/example_datasets.py
DAG(s) 'conditional_dataset_and_time_based_timetable', 'consume_1_and_2_with_dataset_expressions', 'dataset_consumes_1', 'dataset_consumes_unknown_never_scheduled', 'dataset_consumes_1_and_2', 'dataset_produces_1', 'dataset_consumes_1_never_scheduled', 'consume_1_or_2_with_dataset_expressions', 'consume_1_or_both_2_and_3_with_dataset_expressions', 'dataset_produces_2' retrieved from /home/airflow/.local/lib/python3.12/site-packages/airflow/example_dags/example_datasets.py
Sync 10 DAGs
Setting next_dagrun for conditional_dataset_and_time_based_timetable to 2026-01-28 01:00:00+00:00, run_after=2026-01-28 01:00:00+00:00
Setting next_dagrun for consume_1_and_2_with_dataset_expressions to None, run_after=None
Setting next_dagrun for consume_1_or_2_with_dataset_expressions to None, run_after=None
Setting next_dagrun for consume_1_or_both_2_and_3_with_dataset_expressions to None, run_after=None
Setting next_dagrun for dataset_consumes_1 to None, run_after=None
Setting next_dagrun for dataset_consumes_1_and_2 to None, run_after=None
Setting next_dagrun for dataset_consumes_1_never_scheduled to None, run_after=None
Setting next_dagrun for dataset_consumes_unknown_never_scheduled to None, run_after=None
Setting next_dagrun for dataset_produces_1 to 2026-02-02 00:00:00+00:00, run_after=2026-02-02 00:00:00+00:00
Setting next_dagrun for dataset_produces_2 to None, run_after=None
Processing /home/airflow/.local/lib/python3.12/site-packages/airflow/example_dags/example_datasets.py took 0.133 seconds
Started process (PID=5885) to work on /home/airflow/.local/lib/python3.12/site-packages/airflow/example_dags/example_datasets.py
Processing file /home/airflow/.local/lib/python3.12/site-packages/airflow/example_dags/example_datasets.py for tasks to queue
Filling up the DagBag from /home/airflow/.local/lib/python3.12/site-packages/airflow/example_dags/example_datasets.py
DAG(s) 'conditional_dataset_and_time_based_timetable', 'consume_1_or_both_2_and_3_with_dataset_expressions', 'dataset_consumes_1_never_scheduled', 'dataset_produces_2', 'consume_1_and_2_with_dataset_expressions', 'dataset_consumes_1', 'dataset_consumes_1_and_2', 'consume_1_or_2_with_dataset_expressions', 'dataset_consumes_unknown_never_scheduled', 'dataset_produces_1' retrieved from /home/airflow/.local/lib/python3.12/site-packages/airflow/example_dags/example_datasets.py
Sync 10 DAGs
Setting next_dagrun for conditional_dataset_and_time_based_timetable to 2026-01-28 01:00:00+00:00, run_after=2026-01-28 01:00:00+00:00
Setting next_dagrun for consume_1_and_2_with_dataset_expressions to None, run_after=None
Setting next_dagrun for consume_1_or_2_with_dataset_expressions to None, run_after=None
Setting next_dagrun for consume_1_or_both_2_and_3_with_dataset_expressions to None, run_after=None
Setting next_dagrun for dataset_consumes_1 to None, run_after=None
Setting next_dagrun for dataset_consumes_1_and_2 to None, run_after=None
Setting next_dagrun for dataset_consumes_1_never_scheduled to None, run_after=None
Setting next_dagrun for dataset_consumes_unknown_never_scheduled to None, run_after=None
Setting next_dagrun for dataset_produces_1 to 2026-02-02 00:00:00+00:00, run_after=2026-02-02 00:00:00+00:00
Setting next_dagrun for dataset_produces_2 to None, run_after=None
Processing /home/airflow/.local/lib/python3.12/site-packages/airflow/example_dags/example_datasets.py took 0.110 seconds
Started process (PID=5951) to work on /home/airflow/.local/lib/python3.12/site-packages/airflow/example_dags/example_datasets.py
Processing file /home/airflow/.local/lib/python3.12/site-packages/airflow/example_dags/example_datasets.py for tasks to queue
Filling up the DagBag from /home/airflow/.local/lib/python3.12/site-packages/airflow/example_dags/example_datasets.py
DAG(s) 'dataset_produces_1', 'conditional_dataset_and_time_based_timetable', 'dataset_consumes_1_and_2', 'dataset_consumes_unknown_never_scheduled', 'consume_1_and_2_with_dataset_expressions', 'dataset_produces_2', 'dataset_consumes_1_never_scheduled', 'dataset_consumes_1', 'consume_1_or_2_with_dataset_expressions', 'consume_1_or_both_2_and_3_with_dataset_expressions' retrieved from /home/airflow/.local/lib/python3.12/site-packages/airflow/example_dags/example_datasets.py
Sync 10 DAGs
Setting next_dagrun for conditional_dataset_and_time_based_timetable to 2026-01-28 01:00:00+00:00, run_after=2026-01-28 01:00:00+00:00
Setting next_dagrun for consume_1_and_2_with_dataset_expressions to None, run_after=None
Setting next_dagrun for consume_1_or_2_with_dataset_expressions to None, run_after=None
Setting next_dagrun for consume_1_or_both_2_and_3_with_dataset_expressions to None, run_after=None
Setting next_dagrun for dataset_consumes_1 to None, run_after=None
Setting next_dagrun for dataset_consumes_1_and_2 to None, run_after=None
Setting next_dagrun for dataset_consumes_1_never_scheduled to None, run_after=None
Setting next_dagrun for dataset_consumes_unknown_never_scheduled to None, run_after=None
Setting next_dagrun for dataset_produces_1 to 2026-02-02 00:00:00+00:00, run_after=2026-02-02 00:00:00+00:00
Setting next_dagrun for dataset_produces_2 to None, run_after=None
Processing /home/airflow/.local/lib/python3.12/site-packages/airflow/example_dags/example_datasets.py took 0.116 seconds
Started process (PID=6024) to work on /home/airflow/.local/lib/python3.12/site-packages/airflow/example_dags/example_datasets.py
Processing file /home/airflow/.local/lib/python3.12/site-packages/airflow/example_dags/example_datasets.py for tasks to queue
Filling up the DagBag from /home/airflow/.local/lib/python3.12/site-packages/airflow/example_dags/example_datasets.py
DAG(s) 'dataset_produces_1', 'dataset_consumes_1_never_scheduled', 'dataset_consumes_unknown_never_scheduled', 'consume_1_or_both_2_and_3_with_dataset_expressions', 'consume_1_or_2_with_dataset_expressions', 'conditional_dataset_and_time_based_timetable', 'dataset_consumes_1', 'dataset_consumes_1_and_2', 'dataset_produces_2', 'consume_1_and_2_with_dataset_expressions' retrieved from /home/airflow/.local/lib/python3.12/site-packages/airflow/example_dags/example_datasets.py
Sync 10 DAGs
Setting next_dagrun for conditional_dataset_and_time_based_timetable to 2026-01-28 01:00:00+00:00, run_after=2026-01-28 01:00:00+00:00
Setting next_dagrun for consume_1_and_2_with_dataset_expressions to None, run_after=None
Setting next_dagrun for consume_1_or_2_with_dataset_expressions to None, run_after=None
Setting next_dagrun for consume_1_or_both_2_and_3_with_dataset_expressions to None, run_after=None
Setting next_dagrun for dataset_consumes_1 to None, run_after=None
Setting next_dagrun for dataset_consumes_1_and_2 to None, run_after=None
Setting next_dagrun for dataset_consumes_1_never_scheduled to None, run_after=None
Setting next_dagrun for dataset_consumes_unknown_never_scheduled to None, run_after=None
Setting next_dagrun for dataset_produces_1 to 2026-02-02 00:00:00+00:00, run_after=2026-02-02 00:00:00+00:00
Setting next_dagrun for dataset_produces_2 to None, run_after=None
Processing /home/airflow/.local/lib/python3.12/site-packages/airflow/example_dags/example_datasets.py took 0.133 seconds
Started process (PID=33) to work on /home/airflow/.local/lib/python3.12/site-packages/airflow/example_dags/example_datasets.py
Processing file /home/airflow/.local/lib/python3.12/site-packages/airflow/example_dags/example_datasets.py for tasks to queue
Filling up the DagBag from /home/airflow/.local/lib/python3.12/site-packages/airflow/example_dags/example_datasets.py
DAG(s) 'consume_1_and_2_with_dataset_expressions', 'dataset_consumes_1_and_2', 'consume_1_or_both_2_and_3_with_dataset_expressions', 'dataset_consumes_1', 'conditional_dataset_and_time_based_timetable', 'consume_1_or_2_with_dataset_expressions', 'dataset_produces_1', 'dataset_produces_2', 'dataset_consumes_1_never_scheduled', 'dataset_consumes_unknown_never_scheduled' retrieved from /home/airflow/.local/lib/python3.12/site-packages/airflow/example_dags/example_datasets.py
Sync 10 DAGs
Setting next_dagrun for conditional_dataset_and_time_based_timetable to 2026-01-28 01:00:00+00:00, run_after=2026-01-28 01:00:00+00:00
Setting next_dagrun for consume_1_and_2_with_dataset_expressions to None, run_after=None
Setting next_dagrun for consume_1_or_2_with_dataset_expressions to None, run_after=None
Setting next_dagrun for consume_1_or_both_2_and_3_with_dataset_expressions to None, run_after=None
Setting next_dagrun for dataset_consumes_1 to None, run_after=None
Setting next_dagrun for dataset_consumes_1_and_2 to None, run_after=None
Setting next_dagrun for dataset_consumes_1_never_scheduled to None, run_after=None
Setting next_dagrun for dataset_consumes_unknown_never_scheduled to None, run_after=None
Setting next_dagrun for dataset_produces_1 to 2026-02-02 00:00:00+00:00, run_after=2026-02-02 00:00:00+00:00
Setting next_dagrun for dataset_produces_2 to None, run_after=None
Processing /home/airflow/.local/lib/python3.12/site-packages/airflow/example_dags/example_datasets.py took 0.283 seconds
Started process (PID=106) to work on /home/airflow/.local/lib/python3.12/site-packages/airflow/example_dags/example_datasets.py
Processing file /home/airflow/.local/lib/python3.12/site-packages/airflow/example_dags/example_datasets.py for tasks to queue
Filling up the DagBag from /home/airflow/.local/lib/python3.12/site-packages/airflow/example_dags/example_datasets.py
DAG(s) 'dataset_produces_2', 'dataset_consumes_unknown_never_scheduled', 'consume_1_or_both_2_and_3_with_dataset_expressions', 'conditional_dataset_and_time_based_timetable', 'dataset_consumes_1_and_2', 'consume_1_or_2_with_dataset_expressions', 'dataset_consumes_1_never_scheduled', 'dataset_consumes_1', 'dataset_produces_1', 'consume_1_and_2_with_dataset_expressions' retrieved from /home/airflow/.local/lib/python3.12/site-packages/airflow/example_dags/example_datasets.py
Sync 10 DAGs
Setting next_dagrun for conditional_dataset_and_time_based_timetable to 2026-01-28 01:00:00+00:00, run_after=2026-01-28 01:00:00+00:00
Setting next_dagrun for consume_1_and_2_with_dataset_expressions to None, run_after=None
Setting next_dagrun for consume_1_or_2_with_dataset_expressions to None, run_after=None
Setting next_dagrun for consume_1_or_both_2_and_3_with_dataset_expressions to None, run_after=None
Setting next_dagrun for dataset_consumes_1 to None, run_after=None
Setting next_dagrun for dataset_consumes_1_and_2 to None, run_after=None
Setting next_dagrun for dataset_consumes_1_never_scheduled to None, run_after=None
Setting next_dagrun for dataset_consumes_unknown_never_scheduled to None, run_after=None
Setting next_dagrun for dataset_produces_1 to 2026-02-02 00:00:00+00:00, run_after=2026-02-02 00:00:00+00:00
Setting next_dagrun for dataset_produces_2 to None, run_after=None
Processing /home/airflow/.local/lib/python3.12/site-packages/airflow/example_dags/example_datasets.py took 0.103 seconds
Started process (PID=172) to work on /home/airflow/.local/lib/python3.12/site-packages/airflow/example_dags/example_datasets.py
Processing file /home/airflow/.local/lib/python3.12/site-packages/airflow/example_dags/example_datasets.py for tasks to queue
Filling up the DagBag from /home/airflow/.local/lib/python3.12/site-packages/airflow/example_dags/example_datasets.py
DAG(s) 'dataset_consumes_unknown_never_scheduled', 'consume_1_or_2_with_dataset_expressions', 'dataset_consumes_1_and_2', 'conditional_dataset_and_time_based_timetable', 'dataset_produces_2', 'consume_1_and_2_with_dataset_expressions', 'dataset_consumes_1', 'consume_1_or_both_2_and_3_with_dataset_expressions', 'dataset_consumes_1_never_scheduled', 'dataset_produces_1' retrieved from /home/airflow/.local/lib/python3.12/site-packages/airflow/example_dags/example_datasets.py
Sync 10 DAGs
Setting next_dagrun for conditional_dataset_and_time_based_timetable to 2026-01-28 01:00:00+00:00, run_after=2026-01-28 01:00:00+00:00
Setting next_dagrun for consume_1_and_2_with_dataset_expressions to None, run_after=None
Setting next_dagrun for consume_1_or_2_with_dataset_expressions to None, run_after=None
Setting next_dagrun for consume_1_or_both_2_and_3_with_dataset_expressions to None, run_after=None
Setting next_dagrun for dataset_consumes_1 to None, run_after=None
Setting next_dagrun for dataset_consumes_1_and_2 to None, run_after=None
Setting next_dagrun for dataset_consumes_1_never_scheduled to None, run_after=None
Setting next_dagrun for dataset_consumes_unknown_never_scheduled to None, run_after=None
Setting next_dagrun for dataset_produces_1 to 2026-02-02 00:00:00+00:00, run_after=2026-02-02 00:00:00+00:00
Setting next_dagrun for dataset_produces_2 to None, run_after=None
Processing /home/airflow/.local/lib/python3.12/site-packages/airflow/example_dags/example_datasets.py took 0.163 seconds
Started process (PID=245) to work on /home/airflow/.local/lib/python3.12/site-packages/airflow/example_dags/example_datasets.py
Processing file /home/airflow/.local/lib/python3.12/site-packages/airflow/example_dags/example_datasets.py for tasks to queue
Filling up the DagBag from /home/airflow/.local/lib/python3.12/site-packages/airflow/example_dags/example_datasets.py
DAG(s) 'consume_1_and_2_with_dataset_expressions', 'dataset_consumes_1_never_scheduled', 'dataset_produces_1', 'dataset_produces_2', 'consume_1_or_2_with_dataset_expressions', 'consume_1_or_both_2_and_3_with_dataset_expressions', 'conditional_dataset_and_time_based_timetable', 'dataset_consumes_1', 'dataset_consumes_1_and_2', 'dataset_consumes_unknown_never_scheduled' retrieved from /home/airflow/.local/lib/python3.12/site-packages/airflow/example_dags/example_datasets.py
Sync 10 DAGs
Setting next_dagrun for conditional_dataset_and_time_based_timetable to 2026-01-28 01:00:00+00:00, run_after=2026-01-28 01:00:00+00:00
Setting next_dagrun for consume_1_and_2_with_dataset_expressions to None, run_after=None
Setting next_dagrun for consume_1_or_2_with_dataset_expressions to None, run_after=None
Setting next_dagrun for consume_1_or_both_2_and_3_with_dataset_expressions to None, run_after=None
Setting next_dagrun for dataset_consumes_1 to None, run_after=None
Setting next_dagrun for dataset_consumes_1_and_2 to None, run_after=None
Setting next_dagrun for dataset_consumes_1_never_scheduled to None, run_after=None
Setting next_dagrun for dataset_consumes_unknown_never_scheduled to None, run_after=None
Setting next_dagrun for dataset_produces_1 to 2026-02-02 00:00:00+00:00, run_after=2026-02-02 00:00:00+00:00
Setting next_dagrun for dataset_produces_2 to None, run_after=None
Processing /home/airflow/.local/lib/python3.12/site-packages/airflow/example_dags/example_datasets.py took 0.095 seconds
Started process (PID=313) to work on /home/airflow/.local/lib/python3.12/site-packages/airflow/example_dags/example_datasets.py
Processing file /home/airflow/.local/lib/python3.12/site-packages/airflow/example_dags/example_datasets.py for tasks to queue
Filling up the DagBag from /home/airflow/.local/lib/python3.12/site-packages/airflow/example_dags/example_datasets.py
DAG(s) 'consume_1_or_both_2_and_3_with_dataset_expressions', 'dataset_consumes_1_never_scheduled', 'dataset_consumes_unknown_never_scheduled', 'conditional_dataset_and_time_based_timetable', 'consume_1_and_2_with_dataset_expressions', 'dataset_consumes_1_and_2', 'dataset_produces_2', 'dataset_produces_1', 'dataset_consumes_1', 'consume_1_or_2_with_dataset_expressions' retrieved from /home/airflow/.local/lib/python3.12/site-packages/airflow/example_dags/example_datasets.py
Sync 10 DAGs
Setting next_dagrun for conditional_dataset_and_time_based_timetable to 2026-01-28 01:00:00+00:00, run_after=2026-01-28 01:00:00+00:00
Setting next_dagrun for consume_1_and_2_with_dataset_expressions to None, run_after=None
Setting next_dagrun for consume_1_or_2_with_dataset_expressions to None, run_after=None
Setting next_dagrun for consume_1_or_both_2_and_3_with_dataset_expressions to None, run_after=None
Setting next_dagrun for dataset_consumes_1 to None, run_after=None
Setting next_dagrun for dataset_consumes_1_and_2 to None, run_after=None
Setting next_dagrun for dataset_consumes_1_never_scheduled to None, run_after=None
Setting next_dagrun for dataset_consumes_unknown_never_scheduled to None, run_after=None
Setting next_dagrun for dataset_produces_1 to 2026-02-02 00:00:00+00:00, run_after=2026-02-02 00:00:00+00:00
Setting next_dagrun for dataset_produces_2 to None, run_after=None
Processing /home/airflow/.local/lib/python3.12/site-packages/airflow/example_dags/example_datasets.py took 0.100 seconds
Started process (PID=386) to work on /home/airflow/.local/lib/python3.12/site-packages/airflow/example_dags/example_datasets.py
Processing file /home/airflow/.local/lib/python3.12/site-packages/airflow/example_dags/example_datasets.py for tasks to queue
Filling up the DagBag from /home/airflow/.local/lib/python3.12/site-packages/airflow/example_dags/example_datasets.py
DAG(s) 'conditional_dataset_and_time_based_timetable', 'consume_1_and_2_with_dataset_expressions', 'dataset_produces_2', 'consume_1_or_both_2_and_3_with_dataset_expressions', 'dataset_produces_1', 'dataset_consumes_1', 'dataset_consumes_unknown_never_scheduled', 'dataset_consumes_1_never_scheduled', 'dataset_consumes_1_and_2', 'consume_1_or_2_with_dataset_expressions' retrieved from /home/airflow/.local/lib/python3.12/site-packages/airflow/example_dags/example_datasets.py
Sync 10 DAGs
Setting next_dagrun for conditional_dataset_and_time_based_timetable to 2026-01-28 01:00:00+00:00, run_after=2026-01-28 01:00:00+00:00
Setting next_dagrun for consume_1_and_2_with_dataset_expressions to None, run_after=None
Setting next_dagrun for consume_1_or_2_with_dataset_expressions to None, run_after=None
Setting next_dagrun for consume_1_or_both_2_and_3_with_dataset_expressions to None, run_after=None
Setting next_dagrun for dataset_consumes_1 to None, run_after=None
Setting next_dagrun for dataset_consumes_1_and_2 to None, run_after=None
Setting next_dagrun for dataset_consumes_1_never_scheduled to None, run_after=None
Setting next_dagrun for dataset_consumes_unknown_never_scheduled to None, run_after=None
Setting next_dagrun for dataset_produces_1 to 2026-02-02 00:00:00+00:00, run_after=2026-02-02 00:00:00+00:00
Setting next_dagrun for dataset_produces_2 to None, run_after=None
Processing /home/airflow/.local/lib/python3.12/site-packages/airflow/example_dags/example_datasets.py took 0.120 seconds
Started process (PID=459) to work on /home/airflow/.local/lib/python3.12/site-packages/airflow/example_dags/example_datasets.py
Processing file /home/airflow/.local/lib/python3.12/site-packages/airflow/example_dags/example_datasets.py for tasks to queue
Filling up the DagBag from /home/airflow/.local/lib/python3.12/site-packages/airflow/example_dags/example_datasets.py
DAG(s) 'dataset_consumes_unknown_never_scheduled', 'dataset_consumes_1', 'dataset_consumes_1_never_scheduled', 'consume_1_or_both_2_and_3_with_dataset_expressions', 'conditional_dataset_and_time_based_timetable', 'consume_1_and_2_with_dataset_expressions', 'dataset_produces_1', 'consume_1_or_2_with_dataset_expressions', 'dataset_produces_2', 'dataset_consumes_1_and_2' retrieved from /home/airflow/.local/lib/python3.12/site-packages/airflow/example_dags/example_datasets.py
Sync 10 DAGs
Setting next_dagrun for conditional_dataset_and_time_based_timetable to 2026-01-28 01:00:00+00:00, run_after=2026-01-28 01:00:00+00:00
Setting next_dagrun for consume_1_and_2_with_dataset_expressions to None, run_after=None
Setting next_dagrun for consume_1_or_2_with_dataset_expressions to None, run_after=None
Setting next_dagrun for consume_1_or_both_2_and_3_with_dataset_expressions to None, run_after=None
Setting next_dagrun for dataset_consumes_1 to None, run_after=None
Setting next_dagrun for dataset_consumes_1_and_2 to None, run_after=None
Setting next_dagrun for dataset_consumes_1_never_scheduled to None, run_after=None
Setting next_dagrun for dataset_consumes_unknown_never_scheduled to None, run_after=None
Setting next_dagrun for dataset_produces_1 to 2026-02-02 00:00:00+00:00, run_after=2026-02-02 00:00:00+00:00
Setting next_dagrun for dataset_produces_2 to None, run_after=None
Processing /home/airflow/.local/lib/python3.12/site-packages/airflow/example_dags/example_datasets.py took 0.119 seconds
Started process (PID=525) to work on /home/airflow/.local/lib/python3.12/site-packages/airflow/example_dags/example_datasets.py
Processing file /home/airflow/.local/lib/python3.12/site-packages/airflow/example_dags/example_datasets.py for tasks to queue
Filling up the DagBag from /home/airflow/.local/lib/python3.12/site-packages/airflow/example_dags/example_datasets.py
DAG(s) 'dataset_consumes_1', 'dataset_consumes_1_and_2', 'dataset_consumes_unknown_never_scheduled', 'consume_1_or_2_with_dataset_expressions', 'consume_1_or_both_2_and_3_with_dataset_expressions', 'conditional_dataset_and_time_based_timetable', 'dataset_consumes_1_never_scheduled', 'consume_1_and_2_with_dataset_expressions', 'dataset_produces_2', 'dataset_produces_1' retrieved from /home/airflow/.local/lib/python3.12/site-packages/airflow/example_dags/example_datasets.py
Sync 10 DAGs
Setting next_dagrun for conditional_dataset_and_time_based_timetable to 2026-01-28 01:00:00+00:00, run_after=2026-01-28 01:00:00+00:00
Setting next_dagrun for consume_1_and_2_with_dataset_expressions to None, run_after=None
Setting next_dagrun for consume_1_or_2_with_dataset_expressions to None, run_after=None
Setting next_dagrun for consume_1_or_both_2_and_3_with_dataset_expressions to None, run_after=None
Setting next_dagrun for dataset_consumes_1 to None, run_after=None
Setting next_dagrun for dataset_consumes_1_and_2 to None, run_after=None
Setting next_dagrun for dataset_consumes_1_never_scheduled to None, run_after=None
Setting next_dagrun for dataset_consumes_unknown_never_scheduled to None, run_after=None
Setting next_dagrun for dataset_produces_1 to 2026-02-02 00:00:00+00:00, run_after=2026-02-02 00:00:00+00:00
Setting next_dagrun for dataset_produces_2 to None, run_after=None
Processing /home/airflow/.local/lib/python3.12/site-packages/airflow/example_dags/example_datasets.py took 0.097 seconds
Started process (PID=598) to work on /home/airflow/.local/lib/python3.12/site-packages/airflow/example_dags/example_datasets.py
Processing file /home/airflow/.local/lib/python3.12/site-packages/airflow/example_dags/example_datasets.py for tasks to queue
Filling up the DagBag from /home/airflow/.local/lib/python3.12/site-packages/airflow/example_dags/example_datasets.py
DAG(s) 'dataset_produces_1', 'dataset_consumes_unknown_never_scheduled', 'dataset_consumes_1', 'dataset_produces_2', 'consume_1_and_2_with_dataset_expressions', 'dataset_consumes_1_and_2', 'conditional_dataset_and_time_based_timetable', 'consume_1_or_both_2_and_3_with_dataset_expressions', 'consume_1_or_2_with_dataset_expressions', 'dataset_consumes_1_never_scheduled' retrieved from /home/airflow/.local/lib/python3.12/site-packages/airflow/example_dags/example_datasets.py
Sync 10 DAGs
Setting next_dagrun for conditional_dataset_and_time_based_timetable to 2026-01-28 01:00:00+00:00, run_after=2026-01-28 01:00:00+00:00
Setting next_dagrun for consume_1_and_2_with_dataset_expressions to None, run_after=None
Setting next_dagrun for consume_1_or_2_with_dataset_expressions to None, run_after=None
Setting next_dagrun for consume_1_or_both_2_and_3_with_dataset_expressions to None, run_after=None
Setting next_dagrun for dataset_consumes_1 to None, run_after=None
Setting next_dagrun for dataset_consumes_1_and_2 to None, run_after=None
Setting next_dagrun for dataset_consumes_1_never_scheduled to None, run_after=None
Setting next_dagrun for dataset_consumes_unknown_never_scheduled to None, run_after=None
Setting next_dagrun for dataset_produces_1 to 2026-02-02 00:00:00+00:00, run_after=2026-02-02 00:00:00+00:00
Setting next_dagrun for dataset_produces_2 to None, run_after=None
Processing /home/airflow/.local/lib/python3.12/site-packages/airflow/example_dags/example_datasets.py took 0.106 seconds
Started process (PID=664) to work on /home/airflow/.local/lib/python3.12/site-packages/airflow/example_dags/example_datasets.py
Processing file /home/airflow/.local/lib/python3.12/site-packages/airflow/example_dags/example_datasets.py for tasks to queue
Filling up the DagBag from /home/airflow/.local/lib/python3.12/site-packages/airflow/example_dags/example_datasets.py
DAG(s) 'dataset_consumes_1_never_scheduled', 'consume_1_and_2_with_dataset_expressions', 'conditional_dataset_and_time_based_timetable', 'dataset_consumes_1_and_2', 'dataset_consumes_unknown_never_scheduled', 'dataset_consumes_1', 'dataset_produces_1', 'consume_1_or_2_with_dataset_expressions', 'consume_1_or_both_2_and_3_with_dataset_expressions', 'dataset_produces_2' retrieved from /home/airflow/.local/lib/python3.12/site-packages/airflow/example_dags/example_datasets.py
Sync 10 DAGs
Setting next_dagrun for conditional_dataset_and_time_based_timetable to 2026-01-28 01:00:00+00:00, run_after=2026-01-28 01:00:00+00:00
Setting next_dagrun for consume_1_and_2_with_dataset_expressions to None, run_after=None
Setting next_dagrun for consume_1_or_2_with_dataset_expressions to None, run_after=None
Setting next_dagrun for consume_1_or_both_2_and_3_with_dataset_expressions to None, run_after=None
Setting next_dagrun for dataset_consumes_1 to None, run_after=None
Setting next_dagrun for dataset_consumes_1_and_2 to None, run_after=None
Setting next_dagrun for dataset_consumes_1_never_scheduled to None, run_after=None
Setting next_dagrun for dataset_consumes_unknown_never_scheduled to None, run_after=None
Setting next_dagrun for dataset_produces_1 to 2026-02-02 00:00:00+00:00, run_after=2026-02-02 00:00:00+00:00
Setting next_dagrun for dataset_produces_2 to None, run_after=None
Processing /home/airflow/.local/lib/python3.12/site-packages/airflow/example_dags/example_datasets.py took 0.101 seconds
Started process (PID=737) to work on /home/airflow/.local/lib/python3.12/site-packages/airflow/example_dags/example_datasets.py
Processing file /home/airflow/.local/lib/python3.12/site-packages/airflow/example_dags/example_datasets.py for tasks to queue
Filling up the DagBag from /home/airflow/.local/lib/python3.12/site-packages/airflow/example_dags/example_datasets.py
DAG(s) 'dataset_produces_2', 'consume_1_and_2_with_dataset_expressions', 'dataset_produces_1', 'consume_1_or_2_with_dataset_expressions', 'dataset_consumes_1_and_2', 'dataset_consumes_1_never_scheduled', 'consume_1_or_both_2_and_3_with_dataset_expressions', 'dataset_consumes_unknown_never_scheduled', 'conditional_dataset_and_time_based_timetable', 'dataset_consumes_1' retrieved from /home/airflow/.local/lib/python3.12/site-packages/airflow/example_dags/example_datasets.py
Sync 10 DAGs
Setting next_dagrun for conditional_dataset_and_time_based_timetable to 2026-01-28 01:00:00+00:00, run_after=2026-01-28 01:00:00+00:00
Setting next_dagrun for consume_1_and_2_with_dataset_expressions to None, run_after=None
Setting next_dagrun for consume_1_or_2_with_dataset_expressions to None, run_after=None
Setting next_dagrun for consume_1_or_both_2_and_3_with_dataset_expressions to None, run_after=None
Setting next_dagrun for dataset_consumes_1 to None, run_after=None
Setting next_dagrun for dataset_consumes_1_and_2 to None, run_after=None
Setting next_dagrun for dataset_consumes_1_never_scheduled to None, run_after=None
Setting next_dagrun for dataset_consumes_unknown_never_scheduled to None, run_after=None
Setting next_dagrun for dataset_produces_1 to 2026-02-02 00:00:00+00:00, run_after=2026-02-02 00:00:00+00:00
Setting next_dagrun for dataset_produces_2 to None, run_after=None
Processing /home/airflow/.local/lib/python3.12/site-packages/airflow/example_dags/example_datasets.py took 0.117 seconds
Started process (PID=803) to work on /home/airflow/.local/lib/python3.12/site-packages/airflow/example_dags/example_datasets.py
Processing file /home/airflow/.local/lib/python3.12/site-packages/airflow/example_dags/example_datasets.py for tasks to queue
Filling up the DagBag from /home/airflow/.local/lib/python3.12/site-packages/airflow/example_dags/example_datasets.py
DAG(s) 'dataset_consumes_1_never_scheduled', 'dataset_consumes_1', 'dataset_produces_2', 'dataset_consumes_1_and_2', 'dataset_produces_1', 'dataset_consumes_unknown_never_scheduled', 'consume_1_or_2_with_dataset_expressions', 'consume_1_and_2_with_dataset_expressions', 'consume_1_or_both_2_and_3_with_dataset_expressions', 'conditional_dataset_and_time_based_timetable' retrieved from /home/airflow/.local/lib/python3.12/site-packages/airflow/example_dags/example_datasets.py
Sync 10 DAGs
Setting next_dagrun for conditional_dataset_and_time_based_timetable to 2026-01-28 01:00:00+00:00, run_after=2026-01-28 01:00:00+00:00
Setting next_dagrun for consume_1_and_2_with_dataset_expressions to None, run_after=None
Setting next_dagrun for consume_1_or_2_with_dataset_expressions to None, run_after=None
Setting next_dagrun for consume_1_or_both_2_and_3_with_dataset_expressions to None, run_after=None
Setting next_dagrun for dataset_consumes_1 to None, run_after=None
Setting next_dagrun for dataset_consumes_1_and_2 to None, run_after=None
Setting next_dagrun for dataset_consumes_1_never_scheduled to None, run_after=None
Setting next_dagrun for dataset_consumes_unknown_never_scheduled to None, run_after=None
Setting next_dagrun for dataset_produces_1 to 2026-02-02 00:00:00+00:00, run_after=2026-02-02 00:00:00+00:00
Setting next_dagrun for dataset_produces_2 to None, run_after=None
Processing /home/airflow/.local/lib/python3.12/site-packages/airflow/example_dags/example_datasets.py took 0.093 seconds
Started process (PID=877) to work on /home/airflow/.local/lib/python3.12/site-packages/airflow/example_dags/example_datasets.py
Processing file /home/airflow/.local/lib/python3.12/site-packages/airflow/example_dags/example_datasets.py for tasks to queue
Filling up the DagBag from /home/airflow/.local/lib/python3.12/site-packages/airflow/example_dags/example_datasets.py
DAG(s) 'consume_1_or_both_2_and_3_with_dataset_expressions', 'consume_1_or_2_with_dataset_expressions', 'dataset_consumes_unknown_never_scheduled', 'dataset_consumes_1_and_2', 'dataset_consumes_1', 'consume_1_and_2_with_dataset_expressions', 'dataset_consumes_1_never_scheduled', 'conditional_dataset_and_time_based_timetable', 'dataset_produces_2', 'dataset_produces_1' retrieved from /home/airflow/.local/lib/python3.12/site-packages/airflow/example_dags/example_datasets.py
Sync 10 DAGs
Setting next_dagrun for conditional_dataset_and_time_based_timetable to 2026-01-28 01:00:00+00:00, run_after=2026-01-28 01:00:00+00:00
Setting next_dagrun for consume_1_and_2_with_dataset_expressions to None, run_after=None
Setting next_dagrun for consume_1_or_2_with_dataset_expressions to None, run_after=None
Setting next_dagrun for consume_1_or_both_2_and_3_with_dataset_expressions to None, run_after=None
Setting next_dagrun for dataset_consumes_1 to None, run_after=None
Setting next_dagrun for dataset_consumes_1_and_2 to None, run_after=None
Setting next_dagrun for dataset_consumes_1_never_scheduled to None, run_after=None
Setting next_dagrun for dataset_consumes_unknown_never_scheduled to None, run_after=None
Setting next_dagrun for dataset_produces_1 to 2026-02-02 00:00:00+00:00, run_after=2026-02-02 00:00:00+00:00
Setting next_dagrun for dataset_produces_2 to None, run_after=None
Processing /home/airflow/.local/lib/python3.12/site-packages/airflow/example_dags/example_datasets.py took 0.098 seconds
Started process (PID=943) to work on /home/airflow/.local/lib/python3.12/site-packages/airflow/example_dags/example_datasets.py
Processing file /home/airflow/.local/lib/python3.12/site-packages/airflow/example_dags/example_datasets.py for tasks to queue
Filling up the DagBag from /home/airflow/.local/lib/python3.12/site-packages/airflow/example_dags/example_datasets.py
DAG(s) 'dataset_produces_2', 'dataset_consumes_1_and_2', 'dataset_produces_1', 'conditional_dataset_and_time_based_timetable', 'consume_1_or_2_with_dataset_expressions', 'dataset_consumes_unknown_never_scheduled', 'consume_1_or_both_2_and_3_with_dataset_expressions', 'dataset_consumes_1_never_scheduled', 'consume_1_and_2_with_dataset_expressions', 'dataset_consumes_1' retrieved from /home/airflow/.local/lib/python3.12/site-packages/airflow/example_dags/example_datasets.py
Sync 10 DAGs
Setting next_dagrun for conditional_dataset_and_time_based_timetable to 2026-01-28 01:00:00+00:00, run_after=2026-01-28 01:00:00+00:00
Setting next_dagrun for consume_1_and_2_with_dataset_expressions to None, run_after=None
Setting next_dagrun for consume_1_or_2_with_dataset_expressions to None, run_after=None
Setting next_dagrun for consume_1_or_both_2_and_3_with_dataset_expressions to None, run_after=None
Setting next_dagrun for dataset_consumes_1 to None, run_after=None
Setting next_dagrun for dataset_consumes_1_and_2 to None, run_after=None
Setting next_dagrun for dataset_consumes_1_never_scheduled to None, run_after=None
Setting next_dagrun for dataset_consumes_unknown_never_scheduled to None, run_after=None
Setting next_dagrun for dataset_produces_1 to 2026-02-02 00:00:00+00:00, run_after=2026-02-02 00:00:00+00:00
Setting next_dagrun for dataset_produces_2 to None, run_after=None
Processing /home/airflow/.local/lib/python3.12/site-packages/airflow/example_dags/example_datasets.py took 0.097 seconds
Started process (PID=1016) to work on /home/airflow/.local/lib/python3.12/site-packages/airflow/example_dags/example_datasets.py
Processing file /home/airflow/.local/lib/python3.12/site-packages/airflow/example_dags/example_datasets.py for tasks to queue
Filling up the DagBag from /home/airflow/.local/lib/python3.12/site-packages/airflow/example_dags/example_datasets.py
DAG(s) 'dataset_consumes_1_never_scheduled', 'dataset_consumes_1', 'consume_1_or_2_with_dataset_expressions', 'consume_1_and_2_with_dataset_expressions', 'dataset_consumes_1_and_2', 'dataset_consumes_unknown_never_scheduled', 'dataset_produces_2', 'dataset_produces_1', 'conditional_dataset_and_time_based_timetable', 'consume_1_or_both_2_and_3_with_dataset_expressions' retrieved from /home/airflow/.local/lib/python3.12/site-packages/airflow/example_dags/example_datasets.py
Sync 10 DAGs
Setting next_dagrun for conditional_dataset_and_time_based_timetable to 2026-01-28 01:00:00+00:00, run_after=2026-01-28 01:00:00+00:00
Setting next_dagrun for consume_1_and_2_with_dataset_expressions to None, run_after=None
Setting next_dagrun for consume_1_or_2_with_dataset_expressions to None, run_after=None
Setting next_dagrun for consume_1_or_both_2_and_3_with_dataset_expressions to None, run_after=None
Setting next_dagrun for dataset_consumes_1 to None, run_after=None
Setting next_dagrun for dataset_consumes_1_and_2 to None, run_after=None
Setting next_dagrun for dataset_consumes_1_never_scheduled to None, run_after=None
Setting next_dagrun for dataset_consumes_unknown_never_scheduled to None, run_after=None
Setting next_dagrun for dataset_produces_1 to 2026-02-02 00:00:00+00:00, run_after=2026-02-02 00:00:00+00:00
Setting next_dagrun for dataset_produces_2 to None, run_after=None
Processing /home/airflow/.local/lib/python3.12/site-packages/airflow/example_dags/example_datasets.py took 0.109 seconds
Started process (PID=1082) to work on /home/airflow/.local/lib/python3.12/site-packages/airflow/example_dags/example_datasets.py
Processing file /home/airflow/.local/lib/python3.12/site-packages/airflow/example_dags/example_datasets.py for tasks to queue
Filling up the DagBag from /home/airflow/.local/lib/python3.12/site-packages/airflow/example_dags/example_datasets.py
DAG(s) 'dataset_consumes_1_never_scheduled', 'dataset_consumes_unknown_never_scheduled', 'dataset_produces_2', 'dataset_consumes_1_and_2', 'dataset_consumes_1', 'consume_1_and_2_with_dataset_expressions', 'consume_1_or_2_with_dataset_expressions', 'conditional_dataset_and_time_based_timetable', 'consume_1_or_both_2_and_3_with_dataset_expressions', 'dataset_produces_1' retrieved from /home/airflow/.local/lib/python3.12/site-packages/airflow/example_dags/example_datasets.py
Sync 10 DAGs
Setting next_dagrun for conditional_dataset_and_time_based_timetable to 2026-01-28 01:00:00+00:00, run_after=2026-01-28 01:00:00+00:00
Setting next_dagrun for consume_1_and_2_with_dataset_expressions to None, run_after=None
Setting next_dagrun for consume_1_or_2_with_dataset_expressions to None, run_after=None
Setting next_dagrun for consume_1_or_both_2_and_3_with_dataset_expressions to None, run_after=None
Setting next_dagrun for dataset_consumes_1 to None, run_after=None
Setting next_dagrun for dataset_consumes_1_and_2 to None, run_after=None
Setting next_dagrun for dataset_consumes_1_never_scheduled to None, run_after=None
Setting next_dagrun for dataset_consumes_unknown_never_scheduled to None, run_after=None
Setting next_dagrun for dataset_produces_1 to 2026-02-02 00:00:00+00:00, run_after=2026-02-02 00:00:00+00:00
Setting next_dagrun for dataset_produces_2 to None, run_after=None
Processing /home/airflow/.local/lib/python3.12/site-packages/airflow/example_dags/example_datasets.py took 0.105 seconds
Started process (PID=1155) to work on /home/airflow/.local/lib/python3.12/site-packages/airflow/example_dags/example_datasets.py
Processing file /home/airflow/.local/lib/python3.12/site-packages/airflow/example_dags/example_datasets.py for tasks to queue
Filling up the DagBag from /home/airflow/.local/lib/python3.12/site-packages/airflow/example_dags/example_datasets.py
DAG(s) 'consume_1_or_both_2_and_3_with_dataset_expressions', 'conditional_dataset_and_time_based_timetable', 'dataset_produces_1', 'dataset_consumes_1_never_scheduled', 'dataset_consumes_1_and_2', 'consume_1_and_2_with_dataset_expressions', 'dataset_consumes_1', 'dataset_consumes_unknown_never_scheduled', 'consume_1_or_2_with_dataset_expressions', 'dataset_produces_2' retrieved from /home/airflow/.local/lib/python3.12/site-packages/airflow/example_dags/example_datasets.py
Sync 10 DAGs
Setting next_dagrun for conditional_dataset_and_time_based_timetable to 2026-01-28 01:00:00+00:00, run_after=2026-01-28 01:00:00+00:00
Setting next_dagrun for consume_1_and_2_with_dataset_expressions to None, run_after=None
Setting next_dagrun for consume_1_or_2_with_dataset_expressions to None, run_after=None
Setting next_dagrun for consume_1_or_both_2_and_3_with_dataset_expressions to None, run_after=None
Setting next_dagrun for dataset_consumes_1 to None, run_after=None
Setting next_dagrun for dataset_consumes_1_and_2 to None, run_after=None
Setting next_dagrun for dataset_consumes_1_never_scheduled to None, run_after=None
Setting next_dagrun for dataset_consumes_unknown_never_scheduled to None, run_after=None
Setting next_dagrun for dataset_produces_1 to 2026-02-02 00:00:00+00:00, run_after=2026-02-02 00:00:00+00:00
Setting next_dagrun for dataset_produces_2 to None, run_after=None
Processing /home/airflow/.local/lib/python3.12/site-packages/airflow/example_dags/example_datasets.py took 0.133 seconds
Started process (PID=1221) to work on /home/airflow/.local/lib/python3.12/site-packages/airflow/example_dags/example_datasets.py
Processing file /home/airflow/.local/lib/python3.12/site-packages/airflow/example_dags/example_datasets.py for tasks to queue
Filling up the DagBag from /home/airflow/.local/lib/python3.12/site-packages/airflow/example_dags/example_datasets.py
DAG(s) 'dataset_consumes_1', 'dataset_produces_1', 'dataset_produces_2', 'conditional_dataset_and_time_based_timetable', 'dataset_consumes_unknown_never_scheduled', 'consume_1_or_2_with_dataset_expressions', 'consume_1_and_2_with_dataset_expressions', 'dataset_consumes_1_never_scheduled', 'consume_1_or_both_2_and_3_with_dataset_expressions', 'dataset_consumes_1_and_2' retrieved from /home/airflow/.local/lib/python3.12/site-packages/airflow/example_dags/example_datasets.py
Sync 10 DAGs
Setting next_dagrun for conditional_dataset_and_time_based_timetable to 2026-01-28 01:00:00+00:00, run_after=2026-01-28 01:00:00+00:00
Setting next_dagrun for consume_1_and_2_with_dataset_expressions to None, run_after=None
Setting next_dagrun for consume_1_or_2_with_dataset_expressions to None, run_after=None
Setting next_dagrun for consume_1_or_both_2_and_3_with_dataset_expressions to None, run_after=None
Setting next_dagrun for dataset_consumes_1 to None, run_after=None
Setting next_dagrun for dataset_consumes_1_and_2 to None, run_after=None
Setting next_dagrun for dataset_consumes_1_never_scheduled to None, run_after=None
Setting next_dagrun for dataset_consumes_unknown_never_scheduled to None, run_after=None
Setting next_dagrun for dataset_produces_1 to 2026-02-02 00:00:00+00:00, run_after=2026-02-02 00:00:00+00:00
Setting next_dagrun for dataset_produces_2 to None, run_after=None
Processing /home/airflow/.local/lib/python3.12/site-packages/airflow/example_dags/example_datasets.py took 0.106 seconds
Started process (PID=1294) to work on /home/airflow/.local/lib/python3.12/site-packages/airflow/example_dags/example_datasets.py
Processing file /home/airflow/.local/lib/python3.12/site-packages/airflow/example_dags/example_datasets.py for tasks to queue
Filling up the DagBag from /home/airflow/.local/lib/python3.12/site-packages/airflow/example_dags/example_datasets.py
DAG(s) 'conditional_dataset_and_time_based_timetable', 'consume_1_or_2_with_dataset_expressions', 'consume_1_or_both_2_and_3_with_dataset_expressions', 'dataset_consumes_1', 'dataset_consumes_1_never_scheduled', 'dataset_consumes_1_and_2', 'dataset_consumes_unknown_never_scheduled', 'dataset_produces_2', 'dataset_produces_1', 'consume_1_and_2_with_dataset_expressions' retrieved from /home/airflow/.local/lib/python3.12/site-packages/airflow/example_dags/example_datasets.py
Sync 10 DAGs
Setting next_dagrun for conditional_dataset_and_time_based_timetable to 2026-01-28 01:00:00+00:00, run_after=2026-01-28 01:00:00+00:00
Setting next_dagrun for consume_1_and_2_with_dataset_expressions to None, run_after=None
Setting next_dagrun for consume_1_or_2_with_dataset_expressions to None, run_after=None
Setting next_dagrun for consume_1_or_both_2_and_3_with_dataset_expressions to None, run_after=None
Setting next_dagrun for dataset_consumes_1 to None, run_after=None
Setting next_dagrun for dataset_consumes_1_and_2 to None, run_after=None
Setting next_dagrun for dataset_consumes_1_never_scheduled to None, run_after=None
Setting next_dagrun for dataset_consumes_unknown_never_scheduled to None, run_after=None
Setting next_dagrun for dataset_produces_1 to 2026-02-02 00:00:00+00:00, run_after=2026-02-02 00:00:00+00:00
Setting next_dagrun for dataset_produces_2 to None, run_after=None
Processing /home/airflow/.local/lib/python3.12/site-packages/airflow/example_dags/example_datasets.py took 0.130 seconds
Started process (PID=1360) to work on /home/airflow/.local/lib/python3.12/site-packages/airflow/example_dags/example_datasets.py
Processing file /home/airflow/.local/lib/python3.12/site-packages/airflow/example_dags/example_datasets.py for tasks to queue
Filling up the DagBag from /home/airflow/.local/lib/python3.12/site-packages/airflow/example_dags/example_datasets.py
DAG(s) 'consume_1_or_both_2_and_3_with_dataset_expressions', 'dataset_produces_1', 'dataset_consumes_1_and_2', 'dataset_consumes_unknown_never_scheduled', 'dataset_produces_2', 'dataset_consumes_1_never_scheduled', 'consume_1_or_2_with_dataset_expressions', 'conditional_dataset_and_time_based_timetable', 'consume_1_and_2_with_dataset_expressions', 'dataset_consumes_1' retrieved from /home/airflow/.local/lib/python3.12/site-packages/airflow/example_dags/example_datasets.py
Sync 10 DAGs
Setting next_dagrun for conditional_dataset_and_time_based_timetable to 2026-01-28 01:00:00+00:00, run_after=2026-01-28 01:00:00+00:00
Setting next_dagrun for consume_1_and_2_with_dataset_expressions to None, run_after=None
Setting next_dagrun for consume_1_or_2_with_dataset_expressions to None, run_after=None
Setting next_dagrun for consume_1_or_both_2_and_3_with_dataset_expressions to None, run_after=None
Setting next_dagrun for dataset_consumes_1 to None, run_after=None
Setting next_dagrun for dataset_consumes_1_and_2 to None, run_after=None
Setting next_dagrun for dataset_consumes_1_never_scheduled to None, run_after=None
Setting next_dagrun for dataset_consumes_unknown_never_scheduled to None, run_after=None
Setting next_dagrun for dataset_produces_1 to 2026-02-02 00:00:00+00:00, run_after=2026-02-02 00:00:00+00:00
Setting next_dagrun for dataset_produces_2 to None, run_after=None
Processing /home/airflow/.local/lib/python3.12/site-packages/airflow/example_dags/example_datasets.py took 0.119 seconds
Started process (PID=1433) to work on /home/airflow/.local/lib/python3.12/site-packages/airflow/example_dags/example_datasets.py
Processing file /home/airflow/.local/lib/python3.12/site-packages/airflow/example_dags/example_datasets.py for tasks to queue
Filling up the DagBag from /home/airflow/.local/lib/python3.12/site-packages/airflow/example_dags/example_datasets.py
DAG(s) 'dataset_consumes_unknown_never_scheduled', 'dataset_produces_1', 'consume_1_or_both_2_and_3_with_dataset_expressions', 'dataset_consumes_1', 'dataset_produces_2', 'conditional_dataset_and_time_based_timetable', 'dataset_consumes_1_never_scheduled', 'consume_1_and_2_with_dataset_expressions', 'dataset_consumes_1_and_2', 'consume_1_or_2_with_dataset_expressions' retrieved from /home/airflow/.local/lib/python3.12/site-packages/airflow/example_dags/example_datasets.py
Sync 10 DAGs
Setting next_dagrun for conditional_dataset_and_time_based_timetable to 2026-01-28 01:00:00+00:00, run_after=2026-01-28 01:00:00+00:00
Setting next_dagrun for consume_1_and_2_with_dataset_expressions to None, run_after=None
Setting next_dagrun for consume_1_or_2_with_dataset_expressions to None, run_after=None
Setting next_dagrun for consume_1_or_both_2_and_3_with_dataset_expressions to None, run_after=None
Setting next_dagrun for dataset_consumes_1 to None, run_after=None
Setting next_dagrun for dataset_consumes_1_and_2 to None, run_after=None
Setting next_dagrun for dataset_consumes_1_never_scheduled to None, run_after=None
Setting next_dagrun for dataset_consumes_unknown_never_scheduled to None, run_after=None
Setting next_dagrun for dataset_produces_1 to 2026-02-02 00:00:00+00:00, run_after=2026-02-02 00:00:00+00:00
Setting next_dagrun for dataset_produces_2 to None, run_after=None
Processing /home/airflow/.local/lib/python3.12/site-packages/airflow/example_dags/example_datasets.py took 0.102 seconds
Started process (PID=1499) to work on /home/airflow/.local/lib/python3.12/site-packages/airflow/example_dags/example_datasets.py
Processing file /home/airflow/.local/lib/python3.12/site-packages/airflow/example_dags/example_datasets.py for tasks to queue
Filling up the DagBag from /home/airflow/.local/lib/python3.12/site-packages/airflow/example_dags/example_datasets.py
DAG(s) 'dataset_produces_2', 'dataset_consumes_unknown_never_scheduled', 'consume_1_and_2_with_dataset_expressions', 'consume_1_or_2_with_dataset_expressions', 'dataset_consumes_1_and_2', 'conditional_dataset_and_time_based_timetable', 'dataset_consumes_1_never_scheduled', 'dataset_produces_1', 'consume_1_or_both_2_and_3_with_dataset_expressions', 'dataset_consumes_1' retrieved from /home/airflow/.local/lib/python3.12/site-packages/airflow/example_dags/example_datasets.py
Sync 10 DAGs
Setting next_dagrun for conditional_dataset_and_time_based_timetable to 2026-01-28 01:00:00+00:00, run_after=2026-01-28 01:00:00+00:00
Setting next_dagrun for consume_1_and_2_with_dataset_expressions to None, run_after=None
Setting next_dagrun for consume_1_or_2_with_dataset_expressions to None, run_after=None
Setting next_dagrun for consume_1_or_both_2_and_3_with_dataset_expressions to None, run_after=None
Setting next_dagrun for dataset_consumes_1 to None, run_after=None
Setting next_dagrun for dataset_consumes_1_and_2 to None, run_after=None
Setting next_dagrun for dataset_consumes_1_never_scheduled to None, run_after=None
Setting next_dagrun for dataset_consumes_unknown_never_scheduled to None, run_after=None
Setting next_dagrun for dataset_produces_1 to 2026-02-02 00:00:00+00:00, run_after=2026-02-02 00:00:00+00:00
Setting next_dagrun for dataset_produces_2 to None, run_after=None
Processing /home/airflow/.local/lib/python3.12/site-packages/airflow/example_dags/example_datasets.py took 0.097 seconds
Started process (PID=1572) to work on /home/airflow/.local/lib/python3.12/site-packages/airflow/example_dags/example_datasets.py
Processing file /home/airflow/.local/lib/python3.12/site-packages/airflow/example_dags/example_datasets.py for tasks to queue
Filling up the DagBag from /home/airflow/.local/lib/python3.12/site-packages/airflow/example_dags/example_datasets.py
DAG(s) 'dataset_consumes_unknown_never_scheduled', 'consume_1_and_2_with_dataset_expressions', 'dataset_produces_2', 'conditional_dataset_and_time_based_timetable', 'dataset_produces_1', 'dataset_consumes_1_and_2', 'dataset_consumes_1', 'consume_1_or_2_with_dataset_expressions', 'consume_1_or_both_2_and_3_with_dataset_expressions', 'dataset_consumes_1_never_scheduled' retrieved from /home/airflow/.local/lib/python3.12/site-packages/airflow/example_dags/example_datasets.py
Sync 10 DAGs
Setting next_dagrun for conditional_dataset_and_time_based_timetable to 2026-01-28 01:00:00+00:00, run_after=2026-01-28 01:00:00+00:00
Setting next_dagrun for consume_1_and_2_with_dataset_expressions to None, run_after=None
Setting next_dagrun for consume_1_or_2_with_dataset_expressions to None, run_after=None
Setting next_dagrun for consume_1_or_both_2_and_3_with_dataset_expressions to None, run_after=None
Setting next_dagrun for dataset_consumes_1 to None, run_after=None
Setting next_dagrun for dataset_consumes_1_and_2 to None, run_after=None
Setting next_dagrun for dataset_consumes_1_never_scheduled to None, run_after=None
Setting next_dagrun for dataset_consumes_unknown_never_scheduled to None, run_after=None
Setting next_dagrun for dataset_produces_1 to 2026-02-02 00:00:00+00:00, run_after=2026-02-02 00:00:00+00:00
Setting next_dagrun for dataset_produces_2 to None, run_after=None
Processing /home/airflow/.local/lib/python3.12/site-packages/airflow/example_dags/example_datasets.py took 0.113 seconds
Started process (PID=1638) to work on /home/airflow/.local/lib/python3.12/site-packages/airflow/example_dags/example_datasets.py
Processing file /home/airflow/.local/lib/python3.12/site-packages/airflow/example_dags/example_datasets.py for tasks to queue
Filling up the DagBag from /home/airflow/.local/lib/python3.12/site-packages/airflow/example_dags/example_datasets.py
DAG(s) 'dataset_produces_2', 'dataset_produces_1', 'consume_1_and_2_with_dataset_expressions', 'consume_1_or_both_2_and_3_with_dataset_expressions', 'dataset_consumes_1_never_scheduled', 'dataset_consumes_unknown_never_scheduled', 'dataset_consumes_1', 'consume_1_or_2_with_dataset_expressions', 'dataset_consumes_1_and_2', 'conditional_dataset_and_time_based_timetable' retrieved from /home/airflow/.local/lib/python3.12/site-packages/airflow/example_dags/example_datasets.py
Sync 10 DAGs
Setting next_dagrun for conditional_dataset_and_time_based_timetable to 2026-01-28 01:00:00+00:00, run_after=2026-01-28 01:00:00+00:00
Setting next_dagrun for consume_1_and_2_with_dataset_expressions to None, run_after=None
Setting next_dagrun for consume_1_or_2_with_dataset_expressions to None, run_after=None
Setting next_dagrun for consume_1_or_both_2_and_3_with_dataset_expressions to None, run_after=None
Setting next_dagrun for dataset_consumes_1 to None, run_after=None
Setting next_dagrun for dataset_consumes_1_and_2 to None, run_after=None
Setting next_dagrun for dataset_consumes_1_never_scheduled to None, run_after=None
Setting next_dagrun for dataset_consumes_unknown_never_scheduled to None, run_after=None
Setting next_dagrun for dataset_produces_1 to 2026-02-02 00:00:00+00:00, run_after=2026-02-02 00:00:00+00:00
Setting next_dagrun for dataset_produces_2 to None, run_after=None
Processing /home/airflow/.local/lib/python3.12/site-packages/airflow/example_dags/example_datasets.py took 0.096 seconds
Started process (PID=1711) to work on /home/airflow/.local/lib/python3.12/site-packages/airflow/example_dags/example_datasets.py
Processing file /home/airflow/.local/lib/python3.12/site-packages/airflow/example_dags/example_datasets.py for tasks to queue
Filling up the DagBag from /home/airflow/.local/lib/python3.12/site-packages/airflow/example_dags/example_datasets.py
DAG(s) 'dataset_consumes_1', 'dataset_consumes_unknown_never_scheduled', 'consume_1_or_both_2_and_3_with_dataset_expressions', 'dataset_consumes_1_and_2', 'conditional_dataset_and_time_based_timetable', 'consume_1_or_2_with_dataset_expressions', 'dataset_consumes_1_never_scheduled', 'consume_1_and_2_with_dataset_expressions', 'dataset_produces_1', 'dataset_produces_2' retrieved from /home/airflow/.local/lib/python3.12/site-packages/airflow/example_dags/example_datasets.py
Sync 10 DAGs
Setting next_dagrun for conditional_dataset_and_time_based_timetable to 2026-01-28 01:00:00+00:00, run_after=2026-01-28 01:00:00+00:00
Setting next_dagrun for consume_1_and_2_with_dataset_expressions to None, run_after=None
Setting next_dagrun for consume_1_or_2_with_dataset_expressions to None, run_after=None
Setting next_dagrun for consume_1_or_both_2_and_3_with_dataset_expressions to None, run_after=None
Setting next_dagrun for dataset_consumes_1 to None, run_after=None
Setting next_dagrun for dataset_consumes_1_and_2 to None, run_after=None
Setting next_dagrun for dataset_consumes_1_never_scheduled to None, run_after=None
Setting next_dagrun for dataset_consumes_unknown_never_scheduled to None, run_after=None
Setting next_dagrun for dataset_produces_1 to 2026-02-02 00:00:00+00:00, run_after=2026-02-02 00:00:00+00:00
Setting next_dagrun for dataset_produces_2 to None, run_after=None
Processing /home/airflow/.local/lib/python3.12/site-packages/airflow/example_dags/example_datasets.py took 0.101 seconds
Started process (PID=1777) to work on /home/airflow/.local/lib/python3.12/site-packages/airflow/example_dags/example_datasets.py
Processing file /home/airflow/.local/lib/python3.12/site-packages/airflow/example_dags/example_datasets.py for tasks to queue
Filling up the DagBag from /home/airflow/.local/lib/python3.12/site-packages/airflow/example_dags/example_datasets.py
DAG(s) 'dataset_consumes_1_never_scheduled', 'dataset_consumes_1_and_2', 'dataset_consumes_1', 'dataset_produces_1', 'dataset_produces_2', 'consume_1_or_both_2_and_3_with_dataset_expressions', 'conditional_dataset_and_time_based_timetable', 'consume_1_or_2_with_dataset_expressions', 'consume_1_and_2_with_dataset_expressions', 'dataset_consumes_unknown_never_scheduled' retrieved from /home/airflow/.local/lib/python3.12/site-packages/airflow/example_dags/example_datasets.py
Sync 10 DAGs
Setting next_dagrun for conditional_dataset_and_time_based_timetable to 2026-01-28 01:00:00+00:00, run_after=2026-01-28 01:00:00+00:00
Setting next_dagrun for consume_1_and_2_with_dataset_expressions to None, run_after=None
Setting next_dagrun for consume_1_or_2_with_dataset_expressions to None, run_after=None
Setting next_dagrun for consume_1_or_both_2_and_3_with_dataset_expressions to None, run_after=None
Setting next_dagrun for dataset_consumes_1 to None, run_after=None
Setting next_dagrun for dataset_consumes_1_and_2 to None, run_after=None
Setting next_dagrun for dataset_consumes_1_never_scheduled to None, run_after=None
Setting next_dagrun for dataset_consumes_unknown_never_scheduled to None, run_after=None
Setting next_dagrun for dataset_produces_1 to 2026-02-02 00:00:00+00:00, run_after=2026-02-02 00:00:00+00:00
Setting next_dagrun for dataset_produces_2 to None, run_after=None
Processing /home/airflow/.local/lib/python3.12/site-packages/airflow/example_dags/example_datasets.py took 0.106 seconds
Started process (PID=1850) to work on /home/airflow/.local/lib/python3.12/site-packages/airflow/example_dags/example_datasets.py
Processing file /home/airflow/.local/lib/python3.12/site-packages/airflow/example_dags/example_datasets.py for tasks to queue
Filling up the DagBag from /home/airflow/.local/lib/python3.12/site-packages/airflow/example_dags/example_datasets.py
DAG(s) 'dataset_produces_2', 'consume_1_and_2_with_dataset_expressions', 'conditional_dataset_and_time_based_timetable', 'consume_1_or_2_with_dataset_expressions', 'dataset_consumes_1_and_2', 'dataset_consumes_unknown_never_scheduled', 'consume_1_or_both_2_and_3_with_dataset_expressions', 'dataset_consumes_1', 'dataset_produces_1', 'dataset_consumes_1_never_scheduled' retrieved from /home/airflow/.local/lib/python3.12/site-packages/airflow/example_dags/example_datasets.py
Sync 10 DAGs
Setting next_dagrun for conditional_dataset_and_time_based_timetable to 2026-01-28 01:00:00+00:00, run_after=2026-01-28 01:00:00+00:00
Setting next_dagrun for consume_1_and_2_with_dataset_expressions to None, run_after=None
Setting next_dagrun for consume_1_or_2_with_dataset_expressions to None, run_after=None
Setting next_dagrun for consume_1_or_both_2_and_3_with_dataset_expressions to None, run_after=None
Setting next_dagrun for dataset_consumes_1 to None, run_after=None
Setting next_dagrun for dataset_consumes_1_and_2 to None, run_after=None
Setting next_dagrun for dataset_consumes_1_never_scheduled to None, run_after=None
Setting next_dagrun for dataset_consumes_unknown_never_scheduled to None, run_after=None
Setting next_dagrun for dataset_produces_1 to 2026-02-02 00:00:00+00:00, run_after=2026-02-02 00:00:00+00:00
Setting next_dagrun for dataset_produces_2 to None, run_after=None
Processing /home/airflow/.local/lib/python3.12/site-packages/airflow/example_dags/example_datasets.py took 0.123 seconds
Started process (PID=1916) to work on /home/airflow/.local/lib/python3.12/site-packages/airflow/example_dags/example_datasets.py
Processing file /home/airflow/.local/lib/python3.12/site-packages/airflow/example_dags/example_datasets.py for tasks to queue
Filling up the DagBag from /home/airflow/.local/lib/python3.12/site-packages/airflow/example_dags/example_datasets.py
DAG(s) 'consume_1_or_2_with_dataset_expressions', 'consume_1_or_both_2_and_3_with_dataset_expressions', 'dataset_consumes_1_and_2', 'dataset_produces_1', 'dataset_produces_2', 'dataset_consumes_1', 'dataset_consumes_1_never_scheduled', 'dataset_consumes_unknown_never_scheduled', 'conditional_dataset_and_time_based_timetable', 'consume_1_and_2_with_dataset_expressions' retrieved from /home/airflow/.local/lib/python3.12/site-packages/airflow/example_dags/example_datasets.py
Sync 10 DAGs
Setting next_dagrun for conditional_dataset_and_time_based_timetable to 2026-01-28 01:00:00+00:00, run_after=2026-01-28 01:00:00+00:00
Setting next_dagrun for consume_1_and_2_with_dataset_expressions to None, run_after=None
Setting next_dagrun for consume_1_or_2_with_dataset_expressions to None, run_after=None
Setting next_dagrun for consume_1_or_both_2_and_3_with_dataset_expressions to None, run_after=None
Setting next_dagrun for dataset_consumes_1 to None, run_after=None
Setting next_dagrun for dataset_consumes_1_and_2 to None, run_after=None
Setting next_dagrun for dataset_consumes_1_never_scheduled to None, run_after=None
Setting next_dagrun for dataset_consumes_unknown_never_scheduled to None, run_after=None
Setting next_dagrun for dataset_produces_1 to 2026-02-02 00:00:00+00:00, run_after=2026-02-02 00:00:00+00:00
Setting next_dagrun for dataset_produces_2 to None, run_after=None
Processing /home/airflow/.local/lib/python3.12/site-packages/airflow/example_dags/example_datasets.py took 0.110 seconds
Started process (PID=1982) to work on /home/airflow/.local/lib/python3.12/site-packages/airflow/example_dags/example_datasets.py
Processing file /home/airflow/.local/lib/python3.12/site-packages/airflow/example_dags/example_datasets.py for tasks to queue
Filling up the DagBag from /home/airflow/.local/lib/python3.12/site-packages/airflow/example_dags/example_datasets.py
DAG(s) 'dataset_produces_2', 'consume_1_or_both_2_and_3_with_dataset_expressions', 'consume_1_or_2_with_dataset_expressions', 'dataset_consumes_1_never_scheduled', 'dataset_produces_1', 'dataset_consumes_1_and_2', 'conditional_dataset_and_time_based_timetable', 'dataset_consumes_1', 'dataset_consumes_unknown_never_scheduled', 'consume_1_and_2_with_dataset_expressions' retrieved from /home/airflow/.local/lib/python3.12/site-packages/airflow/example_dags/example_datasets.py
Sync 10 DAGs
Setting next_dagrun for conditional_dataset_and_time_based_timetable to 2026-01-28 01:00:00+00:00, run_after=2026-01-28 01:00:00+00:00
Setting next_dagrun for consume_1_and_2_with_dataset_expressions to None, run_after=None
Setting next_dagrun for consume_1_or_2_with_dataset_expressions to None, run_after=None
Setting next_dagrun for consume_1_or_both_2_and_3_with_dataset_expressions to None, run_after=None
Setting next_dagrun for dataset_consumes_1 to None, run_after=None
Setting next_dagrun for dataset_consumes_1_and_2 to None, run_after=None
Setting next_dagrun for dataset_consumes_1_never_scheduled to None, run_after=None
Setting next_dagrun for dataset_consumes_unknown_never_scheduled to None, run_after=None
Setting next_dagrun for dataset_produces_1 to 2026-02-02 00:00:00+00:00, run_after=2026-02-02 00:00:00+00:00
Setting next_dagrun for dataset_produces_2 to None, run_after=None
Processing /home/airflow/.local/lib/python3.12/site-packages/airflow/example_dags/example_datasets.py took 0.106 seconds
Started process (PID=2055) to work on /home/airflow/.local/lib/python3.12/site-packages/airflow/example_dags/example_datasets.py
Processing file /home/airflow/.local/lib/python3.12/site-packages/airflow/example_dags/example_datasets.py for tasks to queue
Filling up the DagBag from /home/airflow/.local/lib/python3.12/site-packages/airflow/example_dags/example_datasets.py
DAG(s) 'dataset_produces_2', 'conditional_dataset_and_time_based_timetable', 'dataset_consumes_1_never_scheduled', 'dataset_consumes_unknown_never_scheduled', 'dataset_consumes_1_and_2', 'consume_1_or_both_2_and_3_with_dataset_expressions', 'dataset_consumes_1', 'consume_1_and_2_with_dataset_expressions', 'dataset_produces_1', 'consume_1_or_2_with_dataset_expressions' retrieved from /home/airflow/.local/lib/python3.12/site-packages/airflow/example_dags/example_datasets.py
Sync 10 DAGs
Setting next_dagrun for conditional_dataset_and_time_based_timetable to 2026-01-28 01:00:00+00:00, run_after=2026-01-28 01:00:00+00:00
Setting next_dagrun for consume_1_and_2_with_dataset_expressions to None, run_after=None
Setting next_dagrun for consume_1_or_2_with_dataset_expressions to None, run_after=None
Setting next_dagrun for consume_1_or_both_2_and_3_with_dataset_expressions to None, run_after=None
Setting next_dagrun for dataset_consumes_1 to None, run_after=None
Setting next_dagrun for dataset_consumes_1_and_2 to None, run_after=None
Setting next_dagrun for dataset_consumes_1_never_scheduled to None, run_after=None
Setting next_dagrun for dataset_consumes_unknown_never_scheduled to None, run_after=None
Setting next_dagrun for dataset_produces_1 to 2026-02-02 00:00:00+00:00, run_after=2026-02-02 00:00:00+00:00
Setting next_dagrun for dataset_produces_2 to None, run_after=None
Processing /home/airflow/.local/lib/python3.12/site-packages/airflow/example_dags/example_datasets.py took 0.121 seconds
Started process (PID=2122) to work on /home/airflow/.local/lib/python3.12/site-packages/airflow/example_dags/example_datasets.py
Processing file /home/airflow/.local/lib/python3.12/site-packages/airflow/example_dags/example_datasets.py for tasks to queue
Filling up the DagBag from /home/airflow/.local/lib/python3.12/site-packages/airflow/example_dags/example_datasets.py
DAG(s) 'dataset_consumes_1_and_2', 'consume_1_or_2_with_dataset_expressions', 'dataset_produces_1', 'consume_1_and_2_with_dataset_expressions', 'dataset_consumes_unknown_never_scheduled', 'dataset_produces_2', 'dataset_consumes_1_never_scheduled', 'dataset_consumes_1', 'consume_1_or_both_2_and_3_with_dataset_expressions', 'conditional_dataset_and_time_based_timetable' retrieved from /home/airflow/.local/lib/python3.12/site-packages/airflow/example_dags/example_datasets.py
Sync 10 DAGs
Setting next_dagrun for conditional_dataset_and_time_based_timetable to 2026-01-28 01:00:00+00:00, run_after=2026-01-28 01:00:00+00:00
Setting next_dagrun for consume_1_and_2_with_dataset_expressions to None, run_after=None
Setting next_dagrun for consume_1_or_2_with_dataset_expressions to None, run_after=None
Setting next_dagrun for consume_1_or_both_2_and_3_with_dataset_expressions to None, run_after=None
Setting next_dagrun for dataset_consumes_1 to None, run_after=None
Setting next_dagrun for dataset_consumes_1_and_2 to None, run_after=None
Setting next_dagrun for dataset_consumes_1_never_scheduled to None, run_after=None
Setting next_dagrun for dataset_consumes_unknown_never_scheduled to None, run_after=None
Setting next_dagrun for dataset_produces_1 to 2026-02-02 00:00:00+00:00, run_after=2026-02-02 00:00:00+00:00
Setting next_dagrun for dataset_produces_2 to None, run_after=None
Processing /home/airflow/.local/lib/python3.12/site-packages/airflow/example_dags/example_datasets.py took 0.124 seconds
Started process (PID=2195) to work on /home/airflow/.local/lib/python3.12/site-packages/airflow/example_dags/example_datasets.py
Processing file /home/airflow/.local/lib/python3.12/site-packages/airflow/example_dags/example_datasets.py for tasks to queue
Filling up the DagBag from /home/airflow/.local/lib/python3.12/site-packages/airflow/example_dags/example_datasets.py
DAG(s) 'consume_1_or_both_2_and_3_with_dataset_expressions', 'dataset_consumes_1_never_scheduled', 'dataset_consumes_unknown_never_scheduled', 'dataset_produces_1', 'dataset_consumes_1_and_2', 'consume_1_or_2_with_dataset_expressions', 'conditional_dataset_and_time_based_timetable', 'dataset_produces_2', 'dataset_consumes_1', 'consume_1_and_2_with_dataset_expressions' retrieved from /home/airflow/.local/lib/python3.12/site-packages/airflow/example_dags/example_datasets.py
Sync 10 DAGs
Setting next_dagrun for conditional_dataset_and_time_based_timetable to 2026-01-28 01:00:00+00:00, run_after=2026-01-28 01:00:00+00:00
Setting next_dagrun for consume_1_and_2_with_dataset_expressions to None, run_after=None
Setting next_dagrun for consume_1_or_2_with_dataset_expressions to None, run_after=None
Setting next_dagrun for consume_1_or_both_2_and_3_with_dataset_expressions to None, run_after=None
Setting next_dagrun for dataset_consumes_1 to None, run_after=None
Setting next_dagrun for dataset_consumes_1_and_2 to None, run_after=None
Setting next_dagrun for dataset_consumes_1_never_scheduled to None, run_after=None
Setting next_dagrun for dataset_consumes_unknown_never_scheduled to None, run_after=None
Setting next_dagrun for dataset_produces_1 to 2026-02-02 00:00:00+00:00, run_after=2026-02-02 00:00:00+00:00
Setting next_dagrun for dataset_produces_2 to None, run_after=None
Processing /home/airflow/.local/lib/python3.12/site-packages/airflow/example_dags/example_datasets.py took 0.103 seconds
Started process (PID=2261) to work on /home/airflow/.local/lib/python3.12/site-packages/airflow/example_dags/example_datasets.py
Processing file /home/airflow/.local/lib/python3.12/site-packages/airflow/example_dags/example_datasets.py for tasks to queue
Filling up the DagBag from /home/airflow/.local/lib/python3.12/site-packages/airflow/example_dags/example_datasets.py
DAG(s) 'dataset_consumes_1', 'dataset_consumes_unknown_never_scheduled', 'consume_1_and_2_with_dataset_expressions', 'dataset_consumes_1_and_2', 'consume_1_or_both_2_and_3_with_dataset_expressions', 'consume_1_or_2_with_dataset_expressions', 'dataset_produces_1', 'dataset_produces_2', 'dataset_consumes_1_never_scheduled', 'conditional_dataset_and_time_based_timetable' retrieved from /home/airflow/.local/lib/python3.12/site-packages/airflow/example_dags/example_datasets.py
Sync 10 DAGs
Setting next_dagrun for conditional_dataset_and_time_based_timetable to 2026-01-28 01:00:00+00:00, run_after=2026-01-28 01:00:00+00:00
Setting next_dagrun for consume_1_and_2_with_dataset_expressions to None, run_after=None
Setting next_dagrun for consume_1_or_2_with_dataset_expressions to None, run_after=None
Setting next_dagrun for consume_1_or_both_2_and_3_with_dataset_expressions to None, run_after=None
Setting next_dagrun for dataset_consumes_1 to None, run_after=None
Setting next_dagrun for dataset_consumes_1_and_2 to None, run_after=None
Setting next_dagrun for dataset_consumes_1_never_scheduled to None, run_after=None
Setting next_dagrun for dataset_consumes_unknown_never_scheduled to None, run_after=None
Setting next_dagrun for dataset_produces_1 to 2026-02-02 00:00:00+00:00, run_after=2026-02-02 00:00:00+00:00
Setting next_dagrun for dataset_produces_2 to None, run_after=None
Processing /home/airflow/.local/lib/python3.12/site-packages/airflow/example_dags/example_datasets.py took 0.106 seconds
Started process (PID=2334) to work on /home/airflow/.local/lib/python3.12/site-packages/airflow/example_dags/example_datasets.py
Processing file /home/airflow/.local/lib/python3.12/site-packages/airflow/example_dags/example_datasets.py for tasks to queue
Filling up the DagBag from /home/airflow/.local/lib/python3.12/site-packages/airflow/example_dags/example_datasets.py
DAG(s) 'consume_1_or_both_2_and_3_with_dataset_expressions', 'consume_1_and_2_with_dataset_expressions', 'dataset_consumes_1', 'consume_1_or_2_with_dataset_expressions', 'dataset_produces_2', 'dataset_consumes_1_and_2', 'dataset_consumes_1_never_scheduled', 'dataset_produces_1', 'dataset_consumes_unknown_never_scheduled', 'conditional_dataset_and_time_based_timetable' retrieved from /home/airflow/.local/lib/python3.12/site-packages/airflow/example_dags/example_datasets.py
Sync 10 DAGs
Setting next_dagrun for conditional_dataset_and_time_based_timetable to 2026-01-28 01:00:00+00:00, run_after=2026-01-28 01:00:00+00:00
Setting next_dagrun for consume_1_and_2_with_dataset_expressions to None, run_after=None
Setting next_dagrun for consume_1_or_2_with_dataset_expressions to None, run_after=None
Setting next_dagrun for consume_1_or_both_2_and_3_with_dataset_expressions to None, run_after=None
Setting next_dagrun for dataset_consumes_1 to None, run_after=None
Setting next_dagrun for dataset_consumes_1_and_2 to None, run_after=None
Setting next_dagrun for dataset_consumes_1_never_scheduled to None, run_after=None
Setting next_dagrun for dataset_consumes_unknown_never_scheduled to None, run_after=None
Setting next_dagrun for dataset_produces_1 to 2026-02-02 00:00:00+00:00, run_after=2026-02-02 00:00:00+00:00
Setting next_dagrun for dataset_produces_2 to None, run_after=None
Processing /home/airflow/.local/lib/python3.12/site-packages/airflow/example_dags/example_datasets.py took 0.096 seconds
Started process (PID=2407) to work on /home/airflow/.local/lib/python3.12/site-packages/airflow/example_dags/example_datasets.py
Processing file /home/airflow/.local/lib/python3.12/site-packages/airflow/example_dags/example_datasets.py for tasks to queue
Filling up the DagBag from /home/airflow/.local/lib/python3.12/site-packages/airflow/example_dags/example_datasets.py
DAG(s) 'consume_1_or_both_2_and_3_with_dataset_expressions', 'dataset_produces_2', 'conditional_dataset_and_time_based_timetable', 'consume_1_and_2_with_dataset_expressions', 'dataset_consumes_unknown_never_scheduled', 'dataset_consumes_1', 'dataset_produces_1', 'consume_1_or_2_with_dataset_expressions', 'dataset_consumes_1_and_2', 'dataset_consumes_1_never_scheduled' retrieved from /home/airflow/.local/lib/python3.12/site-packages/airflow/example_dags/example_datasets.py
Sync 10 DAGs
Setting next_dagrun for conditional_dataset_and_time_based_timetable to 2026-01-28 01:00:00+00:00, run_after=2026-01-28 01:00:00+00:00
Setting next_dagrun for consume_1_and_2_with_dataset_expressions to None, run_after=None
Setting next_dagrun for consume_1_or_2_with_dataset_expressions to None, run_after=None
Setting next_dagrun for consume_1_or_both_2_and_3_with_dataset_expressions to None, run_after=None
Setting next_dagrun for dataset_consumes_1 to None, run_after=None
Setting next_dagrun for dataset_consumes_1_and_2 to None, run_after=None
Setting next_dagrun for dataset_consumes_1_never_scheduled to None, run_after=None
Setting next_dagrun for dataset_consumes_unknown_never_scheduled to None, run_after=None
Setting next_dagrun for dataset_produces_1 to 2026-02-02 00:00:00+00:00, run_after=2026-02-02 00:00:00+00:00
Setting next_dagrun for dataset_produces_2 to None, run_after=None
Processing /home/airflow/.local/lib/python3.12/site-packages/airflow/example_dags/example_datasets.py took 0.114 seconds
Started process (PID=2473) to work on /home/airflow/.local/lib/python3.12/site-packages/airflow/example_dags/example_datasets.py
Processing file /home/airflow/.local/lib/python3.12/site-packages/airflow/example_dags/example_datasets.py for tasks to queue
Filling up the DagBag from /home/airflow/.local/lib/python3.12/site-packages/airflow/example_dags/example_datasets.py
DAG(s) 'consume_1_and_2_with_dataset_expressions', 'dataset_produces_1', 'conditional_dataset_and_time_based_timetable', 'dataset_consumes_1_never_scheduled', 'dataset_consumes_1', 'dataset_produces_2', 'dataset_consumes_1_and_2', 'dataset_consumes_unknown_never_scheduled', 'consume_1_or_both_2_and_3_with_dataset_expressions', 'consume_1_or_2_with_dataset_expressions' retrieved from /home/airflow/.local/lib/python3.12/site-packages/airflow/example_dags/example_datasets.py
Sync 10 DAGs
Setting next_dagrun for conditional_dataset_and_time_based_timetable to 2026-01-28 01:00:00+00:00, run_after=2026-01-28 01:00:00+00:00
Setting next_dagrun for consume_1_and_2_with_dataset_expressions to None, run_after=None
Setting next_dagrun for consume_1_or_2_with_dataset_expressions to None, run_after=None
Setting next_dagrun for consume_1_or_both_2_and_3_with_dataset_expressions to None, run_after=None
Setting next_dagrun for dataset_consumes_1 to None, run_after=None
Setting next_dagrun for dataset_consumes_1_and_2 to None, run_after=None
Setting next_dagrun for dataset_consumes_1_never_scheduled to None, run_after=None
Setting next_dagrun for dataset_consumes_unknown_never_scheduled to None, run_after=None
Setting next_dagrun for dataset_produces_1 to 2026-02-02 00:00:00+00:00, run_after=2026-02-02 00:00:00+00:00
Setting next_dagrun for dataset_produces_2 to None, run_after=None
Processing /home/airflow/.local/lib/python3.12/site-packages/airflow/example_dags/example_datasets.py took 0.101 seconds
Started process (PID=2546) to work on /home/airflow/.local/lib/python3.12/site-packages/airflow/example_dags/example_datasets.py
Processing file /home/airflow/.local/lib/python3.12/site-packages/airflow/example_dags/example_datasets.py for tasks to queue
Filling up the DagBag from /home/airflow/.local/lib/python3.12/site-packages/airflow/example_dags/example_datasets.py
DAG(s) 'consume_1_or_both_2_and_3_with_dataset_expressions', 'consume_1_or_2_with_dataset_expressions', 'conditional_dataset_and_time_based_timetable', 'dataset_consumes_1', 'dataset_consumes_unknown_never_scheduled', 'dataset_produces_1', 'dataset_consumes_1_never_scheduled', 'dataset_consumes_1_and_2', 'consume_1_and_2_with_dataset_expressions', 'dataset_produces_2' retrieved from /home/airflow/.local/lib/python3.12/site-packages/airflow/example_dags/example_datasets.py
Sync 10 DAGs
Setting next_dagrun for conditional_dataset_and_time_based_timetable to 2026-01-28 01:00:00+00:00, run_after=2026-01-28 01:00:00+00:00
Setting next_dagrun for consume_1_and_2_with_dataset_expressions to None, run_after=None
Setting next_dagrun for consume_1_or_2_with_dataset_expressions to None, run_after=None
Setting next_dagrun for consume_1_or_both_2_and_3_with_dataset_expressions to None, run_after=None
Setting next_dagrun for dataset_consumes_1 to None, run_after=None
Setting next_dagrun for dataset_consumes_1_and_2 to None, run_after=None
Setting next_dagrun for dataset_consumes_1_never_scheduled to None, run_after=None
Setting next_dagrun for dataset_consumes_unknown_never_scheduled to None, run_after=None
Setting next_dagrun for dataset_produces_1 to 2026-02-02 00:00:00+00:00, run_after=2026-02-02 00:00:00+00:00
Setting next_dagrun for dataset_produces_2 to None, run_after=None
Processing /home/airflow/.local/lib/python3.12/site-packages/airflow/example_dags/example_datasets.py took 0.111 seconds
Started process (PID=2612) to work on /home/airflow/.local/lib/python3.12/site-packages/airflow/example_dags/example_datasets.py
Processing file /home/airflow/.local/lib/python3.12/site-packages/airflow/example_dags/example_datasets.py for tasks to queue
Filling up the DagBag from /home/airflow/.local/lib/python3.12/site-packages/airflow/example_dags/example_datasets.py
DAG(s) 'dataset_consumes_1', 'dataset_consumes_1_never_scheduled', 'dataset_produces_2', 'dataset_produces_1', 'consume_1_or_2_with_dataset_expressions', 'dataset_consumes_unknown_never_scheduled', 'consume_1_or_both_2_and_3_with_dataset_expressions', 'dataset_consumes_1_and_2', 'consume_1_and_2_with_dataset_expressions', 'conditional_dataset_and_time_based_timetable' retrieved from /home/airflow/.local/lib/python3.12/site-packages/airflow/example_dags/example_datasets.py
Sync 10 DAGs
Setting next_dagrun for conditional_dataset_and_time_based_timetable to 2026-01-28 01:00:00+00:00, run_after=2026-01-28 01:00:00+00:00
Setting next_dagrun for consume_1_and_2_with_dataset_expressions to None, run_after=None
Setting next_dagrun for consume_1_or_2_with_dataset_expressions to None, run_after=None
Setting next_dagrun for consume_1_or_both_2_and_3_with_dataset_expressions to None, run_after=None
Setting next_dagrun for dataset_consumes_1 to None, run_after=None
Setting next_dagrun for dataset_consumes_1_and_2 to None, run_after=None
Setting next_dagrun for dataset_consumes_1_never_scheduled to None, run_after=None
Setting next_dagrun for dataset_consumes_unknown_never_scheduled to None, run_after=None
Setting next_dagrun for dataset_produces_1 to 2026-02-02 00:00:00+00:00, run_after=2026-02-02 00:00:00+00:00
Setting next_dagrun for dataset_produces_2 to None, run_after=None
Processing /home/airflow/.local/lib/python3.12/site-packages/airflow/example_dags/example_datasets.py took 0.099 seconds
Started process (PID=2685) to work on /home/airflow/.local/lib/python3.12/site-packages/airflow/example_dags/example_datasets.py
Processing file /home/airflow/.local/lib/python3.12/site-packages/airflow/example_dags/example_datasets.py for tasks to queue
Filling up the DagBag from /home/airflow/.local/lib/python3.12/site-packages/airflow/example_dags/example_datasets.py
DAG(s) 'conditional_dataset_and_time_based_timetable', 'consume_1_or_both_2_and_3_with_dataset_expressions', 'dataset_consumes_1_and_2', 'consume_1_or_2_with_dataset_expressions', 'dataset_consumes_1', 'dataset_consumes_unknown_never_scheduled', 'dataset_produces_1', 'dataset_consumes_1_never_scheduled', 'dataset_produces_2', 'consume_1_and_2_with_dataset_expressions' retrieved from /home/airflow/.local/lib/python3.12/site-packages/airflow/example_dags/example_datasets.py
Sync 10 DAGs
Setting next_dagrun for conditional_dataset_and_time_based_timetable to 2026-01-28 01:00:00+00:00, run_after=2026-01-28 01:00:00+00:00
Setting next_dagrun for consume_1_and_2_with_dataset_expressions to None, run_after=None
Setting next_dagrun for consume_1_or_2_with_dataset_expressions to None, run_after=None
Setting next_dagrun for consume_1_or_both_2_and_3_with_dataset_expressions to None, run_after=None
Setting next_dagrun for dataset_consumes_1 to None, run_after=None
Setting next_dagrun for dataset_consumes_1_and_2 to None, run_after=None
Setting next_dagrun for dataset_consumes_1_never_scheduled to None, run_after=None
Setting next_dagrun for dataset_consumes_unknown_never_scheduled to None, run_after=None
Setting next_dagrun for dataset_produces_1 to 2026-02-02 00:00:00+00:00, run_after=2026-02-02 00:00:00+00:00
Setting next_dagrun for dataset_produces_2 to None, run_after=None
Processing /home/airflow/.local/lib/python3.12/site-packages/airflow/example_dags/example_datasets.py took 0.117 seconds
Started process (PID=2751) to work on /home/airflow/.local/lib/python3.12/site-packages/airflow/example_dags/example_datasets.py
Processing file /home/airflow/.local/lib/python3.12/site-packages/airflow/example_dags/example_datasets.py for tasks to queue
Filling up the DagBag from /home/airflow/.local/lib/python3.12/site-packages/airflow/example_dags/example_datasets.py
DAG(s) 'dataset_produces_1', 'conditional_dataset_and_time_based_timetable', 'dataset_consumes_1_never_scheduled', 'dataset_produces_2', 'dataset_consumes_unknown_never_scheduled', 'consume_1_and_2_with_dataset_expressions', 'dataset_consumes_1', 'consume_1_or_2_with_dataset_expressions', 'dataset_consumes_1_and_2', 'consume_1_or_both_2_and_3_with_dataset_expressions' retrieved from /home/airflow/.local/lib/python3.12/site-packages/airflow/example_dags/example_datasets.py
Sync 10 DAGs
Setting next_dagrun for conditional_dataset_and_time_based_timetable to 2026-01-28 01:00:00+00:00, run_after=2026-01-28 01:00:00+00:00
Setting next_dagrun for consume_1_and_2_with_dataset_expressions to None, run_after=None
Setting next_dagrun for consume_1_or_2_with_dataset_expressions to None, run_after=None
Setting next_dagrun for consume_1_or_both_2_and_3_with_dataset_expressions to None, run_after=None
Setting next_dagrun for dataset_consumes_1 to None, run_after=None
Setting next_dagrun for dataset_consumes_1_and_2 to None, run_after=None
Setting next_dagrun for dataset_consumes_1_never_scheduled to None, run_after=None
Setting next_dagrun for dataset_consumes_unknown_never_scheduled to None, run_after=None
Setting next_dagrun for dataset_produces_1 to 2026-02-02 00:00:00+00:00, run_after=2026-02-02 00:00:00+00:00
Setting next_dagrun for dataset_produces_2 to None, run_after=None
Processing /home/airflow/.local/lib/python3.12/site-packages/airflow/example_dags/example_datasets.py took 0.100 seconds
Started process (PID=2824) to work on /home/airflow/.local/lib/python3.12/site-packages/airflow/example_dags/example_datasets.py
Processing file /home/airflow/.local/lib/python3.12/site-packages/airflow/example_dags/example_datasets.py for tasks to queue
Filling up the DagBag from /home/airflow/.local/lib/python3.12/site-packages/airflow/example_dags/example_datasets.py
DAG(s) 'dataset_consumes_1_and_2', 'dataset_produces_1', 'dataset_produces_2', 'dataset_consumes_1_never_scheduled', 'consume_1_or_both_2_and_3_with_dataset_expressions', 'consume_1_or_2_with_dataset_expressions', 'dataset_consumes_unknown_never_scheduled', 'conditional_dataset_and_time_based_timetable', 'dataset_consumes_1', 'consume_1_and_2_with_dataset_expressions' retrieved from /home/airflow/.local/lib/python3.12/site-packages/airflow/example_dags/example_datasets.py
Sync 10 DAGs
Setting next_dagrun for conditional_dataset_and_time_based_timetable to 2026-01-28 01:00:00+00:00, run_after=2026-01-28 01:00:00+00:00
Setting next_dagrun for consume_1_and_2_with_dataset_expressions to None, run_after=None
Setting next_dagrun for consume_1_or_2_with_dataset_expressions to None, run_after=None
Setting next_dagrun for consume_1_or_both_2_and_3_with_dataset_expressions to None, run_after=None
Setting next_dagrun for dataset_consumes_1 to None, run_after=None
Setting next_dagrun for dataset_consumes_1_and_2 to None, run_after=None
Setting next_dagrun for dataset_consumes_1_never_scheduled to None, run_after=None
Setting next_dagrun for dataset_consumes_unknown_never_scheduled to None, run_after=None
Setting next_dagrun for dataset_produces_1 to 2026-02-02 00:00:00+00:00, run_after=2026-02-02 00:00:00+00:00
Setting next_dagrun for dataset_produces_2 to None, run_after=None
Processing /home/airflow/.local/lib/python3.12/site-packages/airflow/example_dags/example_datasets.py took 0.186 seconds
Started process (PID=2891) to work on /home/airflow/.local/lib/python3.12/site-packages/airflow/example_dags/example_datasets.py
Processing file /home/airflow/.local/lib/python3.12/site-packages/airflow/example_dags/example_datasets.py for tasks to queue
Filling up the DagBag from /home/airflow/.local/lib/python3.12/site-packages/airflow/example_dags/example_datasets.py
DAG(s) 'dataset_consumes_1_and_2', 'dataset_produces_2', 'consume_1_or_both_2_and_3_with_dataset_expressions', 'consume_1_and_2_with_dataset_expressions', 'dataset_consumes_unknown_never_scheduled', 'dataset_consumes_1_never_scheduled', 'conditional_dataset_and_time_based_timetable', 'dataset_consumes_1', 'dataset_produces_1', 'consume_1_or_2_with_dataset_expressions' retrieved from /home/airflow/.local/lib/python3.12/site-packages/airflow/example_dags/example_datasets.py
Sync 10 DAGs
Setting next_dagrun for conditional_dataset_and_time_based_timetable to 2026-01-28 01:00:00+00:00, run_after=2026-01-28 01:00:00+00:00
Setting next_dagrun for consume_1_and_2_with_dataset_expressions to None, run_after=None
Setting next_dagrun for consume_1_or_2_with_dataset_expressions to None, run_after=None
Setting next_dagrun for consume_1_or_both_2_and_3_with_dataset_expressions to None, run_after=None
Setting next_dagrun for dataset_consumes_1 to None, run_after=None
Setting next_dagrun for dataset_consumes_1_and_2 to None, run_after=None
Setting next_dagrun for dataset_consumes_1_never_scheduled to None, run_after=None
Setting next_dagrun for dataset_consumes_unknown_never_scheduled to None, run_after=None
Setting next_dagrun for dataset_produces_1 to 2026-02-02 00:00:00+00:00, run_after=2026-02-02 00:00:00+00:00
Setting next_dagrun for dataset_produces_2 to None, run_after=None
Processing /home/airflow/.local/lib/python3.12/site-packages/airflow/example_dags/example_datasets.py took 0.097 seconds
Started process (PID=2964) to work on /home/airflow/.local/lib/python3.12/site-packages/airflow/example_dags/example_datasets.py
Processing file /home/airflow/.local/lib/python3.12/site-packages/airflow/example_dags/example_datasets.py for tasks to queue
Filling up the DagBag from /home/airflow/.local/lib/python3.12/site-packages/airflow/example_dags/example_datasets.py
DAG(s) 'dataset_produces_2', 'conditional_dataset_and_time_based_timetable', 'dataset_consumes_1_never_scheduled', 'dataset_consumes_1_and_2', 'dataset_consumes_1', 'consume_1_or_2_with_dataset_expressions', 'dataset_produces_1', 'consume_1_and_2_with_dataset_expressions', 'dataset_consumes_unknown_never_scheduled', 'consume_1_or_both_2_and_3_with_dataset_expressions' retrieved from /home/airflow/.local/lib/python3.12/site-packages/airflow/example_dags/example_datasets.py
Sync 10 DAGs
Setting next_dagrun for conditional_dataset_and_time_based_timetable to 2026-01-28 01:00:00+00:00, run_after=2026-01-28 01:00:00+00:00
Setting next_dagrun for consume_1_and_2_with_dataset_expressions to None, run_after=None
Setting next_dagrun for consume_1_or_2_with_dataset_expressions to None, run_after=None
Setting next_dagrun for consume_1_or_both_2_and_3_with_dataset_expressions to None, run_after=None
Setting next_dagrun for dataset_consumes_1 to None, run_after=None
Setting next_dagrun for dataset_consumes_1_and_2 to None, run_after=None
Setting next_dagrun for dataset_consumes_1_never_scheduled to None, run_after=None
Setting next_dagrun for dataset_consumes_unknown_never_scheduled to None, run_after=None
Setting next_dagrun for dataset_produces_1 to 2026-02-02 00:00:00+00:00, run_after=2026-02-02 00:00:00+00:00
Setting next_dagrun for dataset_produces_2 to None, run_after=None
Processing /home/airflow/.local/lib/python3.12/site-packages/airflow/example_dags/example_datasets.py took 0.224 seconds
Started process (PID=3030) to work on /home/airflow/.local/lib/python3.12/site-packages/airflow/example_dags/example_datasets.py
Processing file /home/airflow/.local/lib/python3.12/site-packages/airflow/example_dags/example_datasets.py for tasks to queue
Filling up the DagBag from /home/airflow/.local/lib/python3.12/site-packages/airflow/example_dags/example_datasets.py
DAG(s) 'dataset_produces_2', 'dataset_produces_1', 'dataset_consumes_unknown_never_scheduled', 'dataset_consumes_1_and_2', 'conditional_dataset_and_time_based_timetable', 'dataset_consumes_1', 'consume_1_or_2_with_dataset_expressions', 'consume_1_or_both_2_and_3_with_dataset_expressions', 'consume_1_and_2_with_dataset_expressions', 'dataset_consumes_1_never_scheduled' retrieved from /home/airflow/.local/lib/python3.12/site-packages/airflow/example_dags/example_datasets.py
Sync 10 DAGs
Setting next_dagrun for conditional_dataset_and_time_based_timetable to 2026-01-28 01:00:00+00:00, run_after=2026-01-28 01:00:00+00:00
Setting next_dagrun for consume_1_and_2_with_dataset_expressions to None, run_after=None
Setting next_dagrun for consume_1_or_2_with_dataset_expressions to None, run_after=None
Setting next_dagrun for consume_1_or_both_2_and_3_with_dataset_expressions to None, run_after=None
Setting next_dagrun for dataset_consumes_1 to None, run_after=None
Setting next_dagrun for dataset_consumes_1_and_2 to None, run_after=None
Setting next_dagrun for dataset_consumes_1_never_scheduled to None, run_after=None
Setting next_dagrun for dataset_consumes_unknown_never_scheduled to None, run_after=None
Setting next_dagrun for dataset_produces_1 to 2026-02-02 00:00:00+00:00, run_after=2026-02-02 00:00:00+00:00
Setting next_dagrun for dataset_produces_2 to None, run_after=None
Processing /home/airflow/.local/lib/python3.12/site-packages/airflow/example_dags/example_datasets.py took 0.127 seconds
Started process (PID=3103) to work on /home/airflow/.local/lib/python3.12/site-packages/airflow/example_dags/example_datasets.py
Processing file /home/airflow/.local/lib/python3.12/site-packages/airflow/example_dags/example_datasets.py for tasks to queue
Filling up the DagBag from /home/airflow/.local/lib/python3.12/site-packages/airflow/example_dags/example_datasets.py
DAG(s) 'dataset_produces_2', 'dataset_consumes_1_never_scheduled', 'conditional_dataset_and_time_based_timetable', 'dataset_consumes_unknown_never_scheduled', 'consume_1_or_2_with_dataset_expressions', 'dataset_consumes_1', 'dataset_consumes_1_and_2', 'dataset_produces_1', 'consume_1_or_both_2_and_3_with_dataset_expressions', 'consume_1_and_2_with_dataset_expressions' retrieved from /home/airflow/.local/lib/python3.12/site-packages/airflow/example_dags/example_datasets.py
Sync 10 DAGs
Setting next_dagrun for conditional_dataset_and_time_based_timetable to 2026-01-28 01:00:00+00:00, run_after=2026-01-28 01:00:00+00:00
Setting next_dagrun for consume_1_and_2_with_dataset_expressions to None, run_after=None
Setting next_dagrun for consume_1_or_2_with_dataset_expressions to None, run_after=None
Setting next_dagrun for consume_1_or_both_2_and_3_with_dataset_expressions to None, run_after=None
Setting next_dagrun for dataset_consumes_1 to None, run_after=None
Setting next_dagrun for dataset_consumes_1_and_2 to None, run_after=None
Setting next_dagrun for dataset_consumes_1_never_scheduled to None, run_after=None
Setting next_dagrun for dataset_consumes_unknown_never_scheduled to None, run_after=None
Setting next_dagrun for dataset_produces_1 to 2026-02-02 00:00:00+00:00, run_after=2026-02-02 00:00:00+00:00
Setting next_dagrun for dataset_produces_2 to None, run_after=None
Processing /home/airflow/.local/lib/python3.12/site-packages/airflow/example_dags/example_datasets.py took 0.100 seconds
Started process (PID=3169) to work on /home/airflow/.local/lib/python3.12/site-packages/airflow/example_dags/example_datasets.py
Processing file /home/airflow/.local/lib/python3.12/site-packages/airflow/example_dags/example_datasets.py for tasks to queue
Filling up the DagBag from /home/airflow/.local/lib/python3.12/site-packages/airflow/example_dags/example_datasets.py
DAG(s) 'consume_1_or_2_with_dataset_expressions', 'dataset_consumes_unknown_never_scheduled', 'dataset_consumes_1_and_2', 'dataset_consumes_1_never_scheduled', 'consume_1_and_2_with_dataset_expressions', 'dataset_consumes_1', 'dataset_produces_2', 'dataset_produces_1', 'conditional_dataset_and_time_based_timetable', 'consume_1_or_both_2_and_3_with_dataset_expressions' retrieved from /home/airflow/.local/lib/python3.12/site-packages/airflow/example_dags/example_datasets.py
Sync 10 DAGs
Setting next_dagrun for conditional_dataset_and_time_based_timetable to 2026-01-28 01:00:00+00:00, run_after=2026-01-28 01:00:00+00:00
Setting next_dagrun for consume_1_and_2_with_dataset_expressions to None, run_after=None
Setting next_dagrun for consume_1_or_2_with_dataset_expressions to None, run_after=None
Setting next_dagrun for consume_1_or_both_2_and_3_with_dataset_expressions to None, run_after=None
Setting next_dagrun for dataset_consumes_1 to None, run_after=None
Setting next_dagrun for dataset_consumes_1_and_2 to None, run_after=None
Setting next_dagrun for dataset_consumes_1_never_scheduled to None, run_after=None
Setting next_dagrun for dataset_consumes_unknown_never_scheduled to None, run_after=None
Setting next_dagrun for dataset_produces_1 to 2026-02-02 00:00:00+00:00, run_after=2026-02-02 00:00:00+00:00
Setting next_dagrun for dataset_produces_2 to None, run_after=None
Processing /home/airflow/.local/lib/python3.12/site-packages/airflow/example_dags/example_datasets.py took 0.094 seconds
Started process (PID=40) to work on /home/airflow/.local/lib/python3.12/site-packages/airflow/example_dags/example_datasets.py
Processing file /home/airflow/.local/lib/python3.12/site-packages/airflow/example_dags/example_datasets.py for tasks to queue
Filling up the DagBag from /home/airflow/.local/lib/python3.12/site-packages/airflow/example_dags/example_datasets.py
DAG(s) 'conditional_dataset_and_time_based_timetable', 'dataset_consumes_1_never_scheduled', 'dataset_produces_2', 'consume_1_or_both_2_and_3_with_dataset_expressions', 'dataset_consumes_1_and_2', 'dataset_produces_1', 'consume_1_and_2_with_dataset_expressions', 'consume_1_or_2_with_dataset_expressions', 'dataset_consumes_1', 'dataset_consumes_unknown_never_scheduled' retrieved from /home/airflow/.local/lib/python3.12/site-packages/airflow/example_dags/example_datasets.py
Sync 10 DAGs
Setting next_dagrun for conditional_dataset_and_time_based_timetable to 2026-01-28 01:00:00+00:00, run_after=2026-01-28 01:00:00+00:00
Setting next_dagrun for consume_1_and_2_with_dataset_expressions to None, run_after=None
Setting next_dagrun for consume_1_or_2_with_dataset_expressions to None, run_after=None
Setting next_dagrun for consume_1_or_both_2_and_3_with_dataset_expressions to None, run_after=None
Setting next_dagrun for dataset_consumes_1 to None, run_after=None
Setting next_dagrun for dataset_consumes_1_and_2 to None, run_after=None
Setting next_dagrun for dataset_consumes_1_never_scheduled to None, run_after=None
Setting next_dagrun for dataset_consumes_unknown_never_scheduled to None, run_after=None
Setting next_dagrun for dataset_produces_1 to 2026-02-02 00:00:00+00:00, run_after=2026-02-02 00:00:00+00:00
Setting next_dagrun for dataset_produces_2 to None, run_after=None
Processing /home/airflow/.local/lib/python3.12/site-packages/airflow/example_dags/example_datasets.py took 0.125 seconds
Started process (PID=106) to work on /home/airflow/.local/lib/python3.12/site-packages/airflow/example_dags/example_datasets.py
Processing file /home/airflow/.local/lib/python3.12/site-packages/airflow/example_dags/example_datasets.py for tasks to queue
Filling up the DagBag from /home/airflow/.local/lib/python3.12/site-packages/airflow/example_dags/example_datasets.py
DAG(s) 'dataset_produces_1', 'consume_1_or_2_with_dataset_expressions', 'consume_1_and_2_with_dataset_expressions', 'consume_1_or_both_2_and_3_with_dataset_expressions', 'dataset_produces_2', 'conditional_dataset_and_time_based_timetable', 'dataset_consumes_1_and_2', 'dataset_consumes_1_never_scheduled', 'dataset_consumes_unknown_never_scheduled', 'dataset_consumes_1' retrieved from /home/airflow/.local/lib/python3.12/site-packages/airflow/example_dags/example_datasets.py
Sync 10 DAGs
Setting next_dagrun for conditional_dataset_and_time_based_timetable to 2026-01-28 01:00:00+00:00, run_after=2026-01-28 01:00:00+00:00
Setting next_dagrun for consume_1_and_2_with_dataset_expressions to None, run_after=None
Setting next_dagrun for consume_1_or_2_with_dataset_expressions to None, run_after=None
Setting next_dagrun for consume_1_or_both_2_and_3_with_dataset_expressions to None, run_after=None
Setting next_dagrun for dataset_consumes_1 to None, run_after=None
Setting next_dagrun for dataset_consumes_1_and_2 to None, run_after=None
Setting next_dagrun for dataset_consumes_1_never_scheduled to None, run_after=None
Setting next_dagrun for dataset_consumes_unknown_never_scheduled to None, run_after=None
Setting next_dagrun for dataset_produces_1 to 2026-02-02 00:00:00+00:00, run_after=2026-02-02 00:00:00+00:00
Setting next_dagrun for dataset_produces_2 to None, run_after=None
Processing /home/airflow/.local/lib/python3.12/site-packages/airflow/example_dags/example_datasets.py took 0.203 seconds
Started process (PID=180) to work on /home/airflow/.local/lib/python3.12/site-packages/airflow/example_dags/example_datasets.py
Processing file /home/airflow/.local/lib/python3.12/site-packages/airflow/example_dags/example_datasets.py for tasks to queue
Filling up the DagBag from /home/airflow/.local/lib/python3.12/site-packages/airflow/example_dags/example_datasets.py
DAG(s) 'conditional_dataset_and_time_based_timetable', 'dataset_consumes_1_and_2', 'dataset_consumes_1', 'consume_1_and_2_with_dataset_expressions', 'consume_1_or_both_2_and_3_with_dataset_expressions', 'dataset_produces_2', 'consume_1_or_2_with_dataset_expressions', 'dataset_consumes_1_never_scheduled', 'dataset_consumes_unknown_never_scheduled', 'dataset_produces_1' retrieved from /home/airflow/.local/lib/python3.12/site-packages/airflow/example_dags/example_datasets.py
Sync 10 DAGs
Setting next_dagrun for conditional_dataset_and_time_based_timetable to 2026-01-28 01:00:00+00:00, run_after=2026-01-28 01:00:00+00:00
Setting next_dagrun for consume_1_and_2_with_dataset_expressions to None, run_after=None
Setting next_dagrun for consume_1_or_2_with_dataset_expressions to None, run_after=None
Setting next_dagrun for consume_1_or_both_2_and_3_with_dataset_expressions to None, run_after=None
Setting next_dagrun for dataset_consumes_1 to None, run_after=None
Setting next_dagrun for dataset_consumes_1_and_2 to None, run_after=None
Setting next_dagrun for dataset_consumes_1_never_scheduled to None, run_after=None
Setting next_dagrun for dataset_consumes_unknown_never_scheduled to None, run_after=None
Setting next_dagrun for dataset_produces_1 to 2026-02-02 00:00:00+00:00, run_after=2026-02-02 00:00:00+00:00
Setting next_dagrun for dataset_produces_2 to None, run_after=None
Processing /home/airflow/.local/lib/python3.12/site-packages/airflow/example_dags/example_datasets.py took 0.106 seconds
Started process (PID=245) to work on /home/airflow/.local/lib/python3.12/site-packages/airflow/example_dags/example_datasets.py
Processing file /home/airflow/.local/lib/python3.12/site-packages/airflow/example_dags/example_datasets.py for tasks to queue
Filling up the DagBag from /home/airflow/.local/lib/python3.12/site-packages/airflow/example_dags/example_datasets.py
DAG(s) 'dataset_consumes_1_never_scheduled', 'dataset_consumes_unknown_never_scheduled', 'consume_1_and_2_with_dataset_expressions', 'consume_1_or_both_2_and_3_with_dataset_expressions', 'conditional_dataset_and_time_based_timetable', 'dataset_consumes_1', 'dataset_produces_1', 'consume_1_or_2_with_dataset_expressions', 'dataset_produces_2', 'dataset_consumes_1_and_2' retrieved from /home/airflow/.local/lib/python3.12/site-packages/airflow/example_dags/example_datasets.py
Sync 10 DAGs
Setting next_dagrun for conditional_dataset_and_time_based_timetable to 2026-01-28 01:00:00+00:00, run_after=2026-01-28 01:00:00+00:00
Setting next_dagrun for consume_1_and_2_with_dataset_expressions to None, run_after=None
Setting next_dagrun for consume_1_or_2_with_dataset_expressions to None, run_after=None
Setting next_dagrun for consume_1_or_both_2_and_3_with_dataset_expressions to None, run_after=None
Setting next_dagrun for dataset_consumes_1 to None, run_after=None
Setting next_dagrun for dataset_consumes_1_and_2 to None, run_after=None
Setting next_dagrun for dataset_consumes_1_never_scheduled to None, run_after=None
Setting next_dagrun for dataset_consumes_unknown_never_scheduled to None, run_after=None
Setting next_dagrun for dataset_produces_1 to 2026-02-02 00:00:00+00:00, run_after=2026-02-02 00:00:00+00:00
Setting next_dagrun for dataset_produces_2 to None, run_after=None
Processing /home/airflow/.local/lib/python3.12/site-packages/airflow/example_dags/example_datasets.py took 0.099 seconds
Started process (PID=40) to work on /home/airflow/.local/lib/python3.12/site-packages/airflow/example_dags/example_datasets.py
Processing file /home/airflow/.local/lib/python3.12/site-packages/airflow/example_dags/example_datasets.py for tasks to queue
Filling up the DagBag from /home/airflow/.local/lib/python3.12/site-packages/airflow/example_dags/example_datasets.py
DAG(s) 'dataset_produces_1', 'consume_1_or_2_with_dataset_expressions', 'conditional_dataset_and_time_based_timetable', 'consume_1_or_both_2_and_3_with_dataset_expressions', 'dataset_consumes_unknown_never_scheduled', 'dataset_consumes_1', 'dataset_produces_2', 'dataset_consumes_1_and_2', 'dataset_consumes_1_never_scheduled', 'consume_1_and_2_with_dataset_expressions' retrieved from /home/airflow/.local/lib/python3.12/site-packages/airflow/example_dags/example_datasets.py
Sync 10 DAGs
Setting next_dagrun for conditional_dataset_and_time_based_timetable to 2026-01-28 01:00:00+00:00, run_after=2026-01-28 01:00:00+00:00
Setting next_dagrun for consume_1_and_2_with_dataset_expressions to None, run_after=None
Setting next_dagrun for consume_1_or_2_with_dataset_expressions to None, run_after=None
Setting next_dagrun for consume_1_or_both_2_and_3_with_dataset_expressions to None, run_after=None
Setting next_dagrun for dataset_consumes_1 to None, run_after=None
Setting next_dagrun for dataset_consumes_1_and_2 to None, run_after=None
Setting next_dagrun for dataset_consumes_1_never_scheduled to None, run_after=None
Setting next_dagrun for dataset_consumes_unknown_never_scheduled to None, run_after=None
Setting next_dagrun for dataset_produces_1 to 2026-02-02 00:00:00+00:00, run_after=2026-02-02 00:00:00+00:00
Setting next_dagrun for dataset_produces_2 to None, run_after=None
Processing /home/airflow/.local/lib/python3.12/site-packages/airflow/example_dags/example_datasets.py took 0.424 seconds
Started process (PID=106) to work on /home/airflow/.local/lib/python3.12/site-packages/airflow/example_dags/example_datasets.py
Processing file /home/airflow/.local/lib/python3.12/site-packages/airflow/example_dags/example_datasets.py for tasks to queue
Filling up the DagBag from /home/airflow/.local/lib/python3.12/site-packages/airflow/example_dags/example_datasets.py
DAG(s) 'consume_1_and_2_with_dataset_expressions', 'conditional_dataset_and_time_based_timetable', 'dataset_consumes_unknown_never_scheduled', 'dataset_produces_1', 'consume_1_or_both_2_and_3_with_dataset_expressions', 'dataset_consumes_1_never_scheduled', 'dataset_consumes_1', 'consume_1_or_2_with_dataset_expressions', 'dataset_produces_2', 'dataset_consumes_1_and_2' retrieved from /home/airflow/.local/lib/python3.12/site-packages/airflow/example_dags/example_datasets.py
Sync 10 DAGs
Setting next_dagrun for conditional_dataset_and_time_based_timetable to 2026-01-28 01:00:00+00:00, run_after=2026-01-28 01:00:00+00:00
Setting next_dagrun for consume_1_and_2_with_dataset_expressions to None, run_after=None
Setting next_dagrun for consume_1_or_2_with_dataset_expressions to None, run_after=None
Setting next_dagrun for consume_1_or_both_2_and_3_with_dataset_expressions to None, run_after=None
Setting next_dagrun for dataset_consumes_1 to None, run_after=None
Setting next_dagrun for dataset_consumes_1_and_2 to None, run_after=None
Setting next_dagrun for dataset_consumes_1_never_scheduled to None, run_after=None
Setting next_dagrun for dataset_consumes_unknown_never_scheduled to None, run_after=None
Setting next_dagrun for dataset_produces_1 to 2026-02-02 00:00:00+00:00, run_after=2026-02-02 00:00:00+00:00
Setting next_dagrun for dataset_produces_2 to None, run_after=None
Processing /home/airflow/.local/lib/python3.12/site-packages/airflow/example_dags/example_datasets.py took 0.112 seconds
Started process (PID=172) to work on /home/airflow/.local/lib/python3.12/site-packages/airflow/example_dags/example_datasets.py
Processing file /home/airflow/.local/lib/python3.12/site-packages/airflow/example_dags/example_datasets.py for tasks to queue
Filling up the DagBag from /home/airflow/.local/lib/python3.12/site-packages/airflow/example_dags/example_datasets.py
DAG(s) 'consume_1_and_2_with_dataset_expressions', 'dataset_produces_2', 'dataset_consumes_1_and_2', 'consume_1_or_both_2_and_3_with_dataset_expressions', 'dataset_produces_1', 'dataset_consumes_unknown_never_scheduled', 'dataset_consumes_1', 'conditional_dataset_and_time_based_timetable', 'dataset_consumes_1_never_scheduled', 'consume_1_or_2_with_dataset_expressions' retrieved from /home/airflow/.local/lib/python3.12/site-packages/airflow/example_dags/example_datasets.py
Sync 10 DAGs
Setting next_dagrun for conditional_dataset_and_time_based_timetable to 2026-01-28 01:00:00+00:00, run_after=2026-01-28 01:00:00+00:00
Setting next_dagrun for consume_1_and_2_with_dataset_expressions to None, run_after=None
Setting next_dagrun for consume_1_or_2_with_dataset_expressions to None, run_after=None
Setting next_dagrun for consume_1_or_both_2_and_3_with_dataset_expressions to None, run_after=None
Setting next_dagrun for dataset_consumes_1 to None, run_after=None
Setting next_dagrun for dataset_consumes_1_and_2 to None, run_after=None
Setting next_dagrun for dataset_consumes_1_never_scheduled to None, run_after=None
Setting next_dagrun for dataset_consumes_unknown_never_scheduled to None, run_after=None
Setting next_dagrun for dataset_produces_1 to 2026-02-02 00:00:00+00:00, run_after=2026-02-02 00:00:00+00:00
Setting next_dagrun for dataset_produces_2 to None, run_after=None
Processing /home/airflow/.local/lib/python3.12/site-packages/airflow/example_dags/example_datasets.py took 0.148 seconds
Started process (PID=245) to work on /home/airflow/.local/lib/python3.12/site-packages/airflow/example_dags/example_datasets.py
Processing file /home/airflow/.local/lib/python3.12/site-packages/airflow/example_dags/example_datasets.py for tasks to queue
Filling up the DagBag from /home/airflow/.local/lib/python3.12/site-packages/airflow/example_dags/example_datasets.py
DAG(s) 'consume_1_or_both_2_and_3_with_dataset_expressions', 'consume_1_and_2_with_dataset_expressions', 'dataset_consumes_1_never_scheduled', 'dataset_produces_1', 'dataset_consumes_1', 'conditional_dataset_and_time_based_timetable', 'dataset_consumes_unknown_never_scheduled', 'consume_1_or_2_with_dataset_expressions', 'dataset_produces_2', 'dataset_consumes_1_and_2' retrieved from /home/airflow/.local/lib/python3.12/site-packages/airflow/example_dags/example_datasets.py
Sync 10 DAGs
Setting next_dagrun for conditional_dataset_and_time_based_timetable to 2026-01-28 01:00:00+00:00, run_after=2026-01-28 01:00:00+00:00
Setting next_dagrun for consume_1_and_2_with_dataset_expressions to None, run_after=None
Setting next_dagrun for consume_1_or_2_with_dataset_expressions to None, run_after=None
Setting next_dagrun for consume_1_or_both_2_and_3_with_dataset_expressions to None, run_after=None
Setting next_dagrun for dataset_consumes_1 to None, run_after=None
Setting next_dagrun for dataset_consumes_1_and_2 to None, run_after=None
Setting next_dagrun for dataset_consumes_1_never_scheduled to None, run_after=None
Setting next_dagrun for dataset_consumes_unknown_never_scheduled to None, run_after=None
Setting next_dagrun for dataset_produces_1 to 2026-02-02 00:00:00+00:00, run_after=2026-02-02 00:00:00+00:00
Setting next_dagrun for dataset_produces_2 to None, run_after=None
Processing /home/airflow/.local/lib/python3.12/site-packages/airflow/example_dags/example_datasets.py took 0.103 seconds
Started process (PID=311) to work on /home/airflow/.local/lib/python3.12/site-packages/airflow/example_dags/example_datasets.py
Processing file /home/airflow/.local/lib/python3.12/site-packages/airflow/example_dags/example_datasets.py for tasks to queue
Filling up the DagBag from /home/airflow/.local/lib/python3.12/site-packages/airflow/example_dags/example_datasets.py
DAG(s) 'dataset_consumes_1_and_2', 'dataset_consumes_1', 'consume_1_and_2_with_dataset_expressions', 'dataset_produces_2', 'conditional_dataset_and_time_based_timetable', 'consume_1_or_both_2_and_3_with_dataset_expressions', 'dataset_produces_1', 'dataset_consumes_unknown_never_scheduled', 'consume_1_or_2_with_dataset_expressions', 'dataset_consumes_1_never_scheduled' retrieved from /home/airflow/.local/lib/python3.12/site-packages/airflow/example_dags/example_datasets.py
Sync 10 DAGs
Setting next_dagrun for conditional_dataset_and_time_based_timetable to 2026-01-28 01:00:00+00:00, run_after=2026-01-28 01:00:00+00:00
Setting next_dagrun for consume_1_and_2_with_dataset_expressions to None, run_after=None
Setting next_dagrun for consume_1_or_2_with_dataset_expressions to None, run_after=None
Setting next_dagrun for consume_1_or_both_2_and_3_with_dataset_expressions to None, run_after=None
Setting next_dagrun for dataset_consumes_1 to None, run_after=None
Setting next_dagrun for dataset_consumes_1_and_2 to None, run_after=None
Setting next_dagrun for dataset_consumes_1_never_scheduled to None, run_after=None
Setting next_dagrun for dataset_consumes_unknown_never_scheduled to None, run_after=None
Setting next_dagrun for dataset_produces_1 to 2026-02-02 00:00:00+00:00, run_after=2026-02-02 00:00:00+00:00
Setting next_dagrun for dataset_produces_2 to None, run_after=None
Processing /home/airflow/.local/lib/python3.12/site-packages/airflow/example_dags/example_datasets.py took 0.094 seconds
Started process (PID=384) to work on /home/airflow/.local/lib/python3.12/site-packages/airflow/example_dags/example_datasets.py
Processing file /home/airflow/.local/lib/python3.12/site-packages/airflow/example_dags/example_datasets.py for tasks to queue
Filling up the DagBag from /home/airflow/.local/lib/python3.12/site-packages/airflow/example_dags/example_datasets.py
DAG(s) 'dataset_produces_1', 'dataset_consumes_1_never_scheduled', 'dataset_consumes_unknown_never_scheduled', 'consume_1_and_2_with_dataset_expressions', 'consume_1_or_2_with_dataset_expressions', 'dataset_consumes_1', 'consume_1_or_both_2_and_3_with_dataset_expressions', 'conditional_dataset_and_time_based_timetable', 'dataset_consumes_1_and_2', 'dataset_produces_2' retrieved from /home/airflow/.local/lib/python3.12/site-packages/airflow/example_dags/example_datasets.py
Sync 10 DAGs
Setting next_dagrun for conditional_dataset_and_time_based_timetable to 2026-01-28 01:00:00+00:00, run_after=2026-01-28 01:00:00+00:00
Setting next_dagrun for consume_1_and_2_with_dataset_expressions to None, run_after=None
Setting next_dagrun for consume_1_or_2_with_dataset_expressions to None, run_after=None
Setting next_dagrun for consume_1_or_both_2_and_3_with_dataset_expressions to None, run_after=None
Setting next_dagrun for dataset_consumes_1 to None, run_after=None
Setting next_dagrun for dataset_consumes_1_and_2 to None, run_after=None
Setting next_dagrun for dataset_consumes_1_never_scheduled to None, run_after=None
Setting next_dagrun for dataset_consumes_unknown_never_scheduled to None, run_after=None
Setting next_dagrun for dataset_produces_1 to 2026-02-02 00:00:00+00:00, run_after=2026-02-02 00:00:00+00:00
Setting next_dagrun for dataset_produces_2 to None, run_after=None
Processing /home/airflow/.local/lib/python3.12/site-packages/airflow/example_dags/example_datasets.py took 0.096 seconds
Started process (PID=33) to work on /home/airflow/.local/lib/python3.12/site-packages/airflow/example_dags/example_datasets.py
Processing file /home/airflow/.local/lib/python3.12/site-packages/airflow/example_dags/example_datasets.py for tasks to queue
Filling up the DagBag from /home/airflow/.local/lib/python3.12/site-packages/airflow/example_dags/example_datasets.py
DAG(s) 'dataset_consumes_1', 'dataset_consumes_1_and_2', 'consume_1_or_both_2_and_3_with_dataset_expressions', 'dataset_produces_1', 'conditional_dataset_and_time_based_timetable', 'consume_1_or_2_with_dataset_expressions', 'dataset_consumes_unknown_never_scheduled', 'dataset_produces_2', 'dataset_consumes_1_never_scheduled', 'consume_1_and_2_with_dataset_expressions' retrieved from /home/airflow/.local/lib/python3.12/site-packages/airflow/example_dags/example_datasets.py
Sync 10 DAGs
Setting next_dagrun for conditional_dataset_and_time_based_timetable to 2026-01-28 01:00:00+00:00, run_after=2026-01-28 01:00:00+00:00
Setting next_dagrun for consume_1_and_2_with_dataset_expressions to None, run_after=None
Setting next_dagrun for consume_1_or_2_with_dataset_expressions to None, run_after=None
Setting next_dagrun for consume_1_or_both_2_and_3_with_dataset_expressions to None, run_after=None
Setting next_dagrun for dataset_consumes_1 to None, run_after=None
Setting next_dagrun for dataset_consumes_1_and_2 to None, run_after=None
Setting next_dagrun for dataset_consumes_1_never_scheduled to None, run_after=None
Setting next_dagrun for dataset_consumes_unknown_never_scheduled to None, run_after=None
Setting next_dagrun for dataset_produces_1 to 2026-02-02 00:00:00+00:00, run_after=2026-02-02 00:00:00+00:00
Setting next_dagrun for dataset_produces_2 to None, run_after=None
Processing /home/airflow/.local/lib/python3.12/site-packages/airflow/example_dags/example_datasets.py took 0.429 seconds
Started process (PID=107) to work on /home/airflow/.local/lib/python3.12/site-packages/airflow/example_dags/example_datasets.py
Processing file /home/airflow/.local/lib/python3.12/site-packages/airflow/example_dags/example_datasets.py for tasks to queue
Filling up the DagBag from /home/airflow/.local/lib/python3.12/site-packages/airflow/example_dags/example_datasets.py
DAG(s) 'conditional_dataset_and_time_based_timetable', 'dataset_produces_1', 'consume_1_or_2_with_dataset_expressions', 'consume_1_and_2_with_dataset_expressions', 'consume_1_or_both_2_and_3_with_dataset_expressions', 'dataset_consumes_unknown_never_scheduled', 'dataset_produces_2', 'dataset_consumes_1', 'dataset_consumes_1_never_scheduled', 'dataset_consumes_1_and_2' retrieved from /home/airflow/.local/lib/python3.12/site-packages/airflow/example_dags/example_datasets.py
Sync 10 DAGs
Setting next_dagrun for conditional_dataset_and_time_based_timetable to 2026-01-28 01:00:00+00:00, run_after=2026-01-28 01:00:00+00:00
Setting next_dagrun for consume_1_and_2_with_dataset_expressions to None, run_after=None
Setting next_dagrun for consume_1_or_2_with_dataset_expressions to None, run_after=None
Setting next_dagrun for consume_1_or_both_2_and_3_with_dataset_expressions to None, run_after=None
Setting next_dagrun for dataset_consumes_1 to None, run_after=None
Setting next_dagrun for dataset_consumes_1_and_2 to None, run_after=None
Setting next_dagrun for dataset_consumes_1_never_scheduled to None, run_after=None
Setting next_dagrun for dataset_consumes_unknown_never_scheduled to None, run_after=None
Setting next_dagrun for dataset_produces_1 to 2026-02-02 00:00:00+00:00, run_after=2026-02-02 00:00:00+00:00
Setting next_dagrun for dataset_produces_2 to None, run_after=None
Processing /home/airflow/.local/lib/python3.12/site-packages/airflow/example_dags/example_datasets.py took 0.099 seconds
Started process (PID=173) to work on /home/airflow/.local/lib/python3.12/site-packages/airflow/example_dags/example_datasets.py
Processing file /home/airflow/.local/lib/python3.12/site-packages/airflow/example_dags/example_datasets.py for tasks to queue
Filling up the DagBag from /home/airflow/.local/lib/python3.12/site-packages/airflow/example_dags/example_datasets.py
DAG(s) 'dataset_consumes_unknown_never_scheduled', 'dataset_consumes_1_and_2', 'conditional_dataset_and_time_based_timetable', 'dataset_produces_1', 'dataset_consumes_1', 'consume_1_or_both_2_and_3_with_dataset_expressions', 'dataset_consumes_1_never_scheduled', 'consume_1_or_2_with_dataset_expressions', 'dataset_produces_2', 'consume_1_and_2_with_dataset_expressions' retrieved from /home/airflow/.local/lib/python3.12/site-packages/airflow/example_dags/example_datasets.py
Sync 10 DAGs
Setting next_dagrun for conditional_dataset_and_time_based_timetable to 2026-01-28 01:00:00+00:00, run_after=2026-01-28 01:00:00+00:00
Setting next_dagrun for consume_1_and_2_with_dataset_expressions to None, run_after=None
Setting next_dagrun for consume_1_or_2_with_dataset_expressions to None, run_after=None
Setting next_dagrun for consume_1_or_both_2_and_3_with_dataset_expressions to None, run_after=None
Setting next_dagrun for dataset_consumes_1 to None, run_after=None
Setting next_dagrun for dataset_consumes_1_and_2 to None, run_after=None
Setting next_dagrun for dataset_consumes_1_never_scheduled to None, run_after=None
Setting next_dagrun for dataset_consumes_unknown_never_scheduled to None, run_after=None
Setting next_dagrun for dataset_produces_1 to 2026-02-02 00:00:00+00:00, run_after=2026-02-02 00:00:00+00:00
Setting next_dagrun for dataset_produces_2 to None, run_after=None
Processing /home/airflow/.local/lib/python3.12/site-packages/airflow/example_dags/example_datasets.py took 0.115 seconds
Started process (PID=247) to work on /home/airflow/.local/lib/python3.12/site-packages/airflow/example_dags/example_datasets.py
Processing file /home/airflow/.local/lib/python3.12/site-packages/airflow/example_dags/example_datasets.py for tasks to queue
Filling up the DagBag from /home/airflow/.local/lib/python3.12/site-packages/airflow/example_dags/example_datasets.py
DAG(s) 'dataset_consumes_unknown_never_scheduled', 'dataset_produces_1', 'consume_1_or_2_with_dataset_expressions', 'dataset_consumes_1_and_2', 'conditional_dataset_and_time_based_timetable', 'consume_1_and_2_with_dataset_expressions', 'dataset_consumes_1', 'dataset_produces_2', 'consume_1_or_both_2_and_3_with_dataset_expressions', 'dataset_consumes_1_never_scheduled' retrieved from /home/airflow/.local/lib/python3.12/site-packages/airflow/example_dags/example_datasets.py
Sync 10 DAGs
Setting next_dagrun for conditional_dataset_and_time_based_timetable to 2026-01-28 01:00:00+00:00, run_after=2026-01-28 01:00:00+00:00
Setting next_dagrun for consume_1_and_2_with_dataset_expressions to None, run_after=None
Setting next_dagrun for consume_1_or_2_with_dataset_expressions to None, run_after=None
Setting next_dagrun for consume_1_or_both_2_and_3_with_dataset_expressions to None, run_after=None
Setting next_dagrun for dataset_consumes_1 to None, run_after=None
Setting next_dagrun for dataset_consumes_1_and_2 to None, run_after=None
Setting next_dagrun for dataset_consumes_1_never_scheduled to None, run_after=None
Setting next_dagrun for dataset_consumes_unknown_never_scheduled to None, run_after=None
Setting next_dagrun for dataset_produces_1 to 2026-02-02 00:00:00+00:00, run_after=2026-02-02 00:00:00+00:00
Setting next_dagrun for dataset_produces_2 to None, run_after=None
Processing /home/airflow/.local/lib/python3.12/site-packages/airflow/example_dags/example_datasets.py took 0.128 seconds
Started process (PID=313) to work on /home/airflow/.local/lib/python3.12/site-packages/airflow/example_dags/example_datasets.py
Processing file /home/airflow/.local/lib/python3.12/site-packages/airflow/example_dags/example_datasets.py for tasks to queue
Filling up the DagBag from /home/airflow/.local/lib/python3.12/site-packages/airflow/example_dags/example_datasets.py
DAG(s) 'dataset_consumes_1', 'dataset_consumes_unknown_never_scheduled', 'consume_1_and_2_with_dataset_expressions', 'dataset_consumes_1_and_2', 'consume_1_or_both_2_and_3_with_dataset_expressions', 'dataset_consumes_1_never_scheduled', 'dataset_produces_2', 'consume_1_or_2_with_dataset_expressions', 'dataset_produces_1', 'conditional_dataset_and_time_based_timetable' retrieved from /home/airflow/.local/lib/python3.12/site-packages/airflow/example_dags/example_datasets.py
Sync 10 DAGs
Setting next_dagrun for conditional_dataset_and_time_based_timetable to 2026-01-28 01:00:00+00:00, run_after=2026-01-28 01:00:00+00:00
Setting next_dagrun for consume_1_and_2_with_dataset_expressions to None, run_after=None
Setting next_dagrun for consume_1_or_2_with_dataset_expressions to None, run_after=None
Setting next_dagrun for consume_1_or_both_2_and_3_with_dataset_expressions to None, run_after=None
Setting next_dagrun for dataset_consumes_1 to None, run_after=None
Setting next_dagrun for dataset_consumes_1_and_2 to None, run_after=None
Setting next_dagrun for dataset_consumes_1_never_scheduled to None, run_after=None
Setting next_dagrun for dataset_consumes_unknown_never_scheduled to None, run_after=None
Setting next_dagrun for dataset_produces_1 to 2026-02-02 00:00:00+00:00, run_after=2026-02-02 00:00:00+00:00
Setting next_dagrun for dataset_produces_2 to None, run_after=None
Processing /home/airflow/.local/lib/python3.12/site-packages/airflow/example_dags/example_datasets.py took 0.096 seconds
Started process (PID=387) to work on /home/airflow/.local/lib/python3.12/site-packages/airflow/example_dags/example_datasets.py
Processing file /home/airflow/.local/lib/python3.12/site-packages/airflow/example_dags/example_datasets.py for tasks to queue
Filling up the DagBag from /home/airflow/.local/lib/python3.12/site-packages/airflow/example_dags/example_datasets.py
DAG(s) 'dataset_consumes_unknown_never_scheduled', 'dataset_produces_2', 'consume_1_and_2_with_dataset_expressions', 'dataset_produces_1', 'consume_1_or_2_with_dataset_expressions', 'consume_1_or_both_2_and_3_with_dataset_expressions', 'dataset_consumes_1_never_scheduled', 'dataset_consumes_1_and_2', 'dataset_consumes_1', 'conditional_dataset_and_time_based_timetable' retrieved from /home/airflow/.local/lib/python3.12/site-packages/airflow/example_dags/example_datasets.py
Sync 10 DAGs
Setting next_dagrun for conditional_dataset_and_time_based_timetable to 2026-01-28 01:00:00+00:00, run_after=2026-01-28 01:00:00+00:00
Setting next_dagrun for consume_1_and_2_with_dataset_expressions to None, run_after=None
Setting next_dagrun for consume_1_or_2_with_dataset_expressions to None, run_after=None
Setting next_dagrun for consume_1_or_both_2_and_3_with_dataset_expressions to None, run_after=None
Setting next_dagrun for dataset_consumes_1 to None, run_after=None
Setting next_dagrun for dataset_consumes_1_and_2 to None, run_after=None
Setting next_dagrun for dataset_consumes_1_never_scheduled to None, run_after=None
Setting next_dagrun for dataset_consumes_unknown_never_scheduled to None, run_after=None
Setting next_dagrun for dataset_produces_1 to 2026-02-02 00:00:00+00:00, run_after=2026-02-02 00:00:00+00:00
Setting next_dagrun for dataset_produces_2 to None, run_after=None
Processing /home/airflow/.local/lib/python3.12/site-packages/airflow/example_dags/example_datasets.py took 0.103 seconds
Started process (PID=452) to work on /home/airflow/.local/lib/python3.12/site-packages/airflow/example_dags/example_datasets.py
Processing file /home/airflow/.local/lib/python3.12/site-packages/airflow/example_dags/example_datasets.py for tasks to queue
Filling up the DagBag from /home/airflow/.local/lib/python3.12/site-packages/airflow/example_dags/example_datasets.py
DAG(s) 'dataset_consumes_1_never_scheduled', 'dataset_produces_1', 'consume_1_or_both_2_and_3_with_dataset_expressions', 'consume_1_and_2_with_dataset_expressions', 'dataset_consumes_1', 'consume_1_or_2_with_dataset_expressions', 'dataset_produces_2', 'dataset_consumes_unknown_never_scheduled', 'dataset_consumes_1_and_2', 'conditional_dataset_and_time_based_timetable' retrieved from /home/airflow/.local/lib/python3.12/site-packages/airflow/example_dags/example_datasets.py
Sync 10 DAGs
Setting next_dagrun for conditional_dataset_and_time_based_timetable to 2026-01-28 01:00:00+00:00, run_after=2026-01-28 01:00:00+00:00
Setting next_dagrun for consume_1_and_2_with_dataset_expressions to None, run_after=None
Setting next_dagrun for consume_1_or_2_with_dataset_expressions to None, run_after=None
Setting next_dagrun for consume_1_or_both_2_and_3_with_dataset_expressions to None, run_after=None
Setting next_dagrun for dataset_consumes_1 to None, run_after=None
Setting next_dagrun for dataset_consumes_1_and_2 to None, run_after=None
Setting next_dagrun for dataset_consumes_1_never_scheduled to None, run_after=None
Setting next_dagrun for dataset_consumes_unknown_never_scheduled to None, run_after=None
Setting next_dagrun for dataset_produces_1 to 2026-02-02 00:00:00+00:00, run_after=2026-02-02 00:00:00+00:00
Setting next_dagrun for dataset_produces_2 to None, run_after=None
Processing /home/airflow/.local/lib/python3.12/site-packages/airflow/example_dags/example_datasets.py took 0.133 seconds
Started process (PID=525) to work on /home/airflow/.local/lib/python3.12/site-packages/airflow/example_dags/example_datasets.py
Processing file /home/airflow/.local/lib/python3.12/site-packages/airflow/example_dags/example_datasets.py for tasks to queue
Filling up the DagBag from /home/airflow/.local/lib/python3.12/site-packages/airflow/example_dags/example_datasets.py
DAG(s) 'dataset_consumes_1', 'dataset_produces_1', 'conditional_dataset_and_time_based_timetable', 'dataset_consumes_unknown_never_scheduled', 'consume_1_and_2_with_dataset_expressions', 'dataset_consumes_1_never_scheduled', 'consume_1_or_2_with_dataset_expressions', 'consume_1_or_both_2_and_3_with_dataset_expressions', 'dataset_consumes_1_and_2', 'dataset_produces_2' retrieved from /home/airflow/.local/lib/python3.12/site-packages/airflow/example_dags/example_datasets.py
Sync 10 DAGs
Setting next_dagrun for conditional_dataset_and_time_based_timetable to 2026-01-28 01:00:00+00:00, run_after=2026-01-28 01:00:00+00:00
Setting next_dagrun for consume_1_and_2_with_dataset_expressions to None, run_after=None
Setting next_dagrun for consume_1_or_2_with_dataset_expressions to None, run_after=None
Setting next_dagrun for consume_1_or_both_2_and_3_with_dataset_expressions to None, run_after=None
Setting next_dagrun for dataset_consumes_1 to None, run_after=None
Setting next_dagrun for dataset_consumes_1_and_2 to None, run_after=None
Setting next_dagrun for dataset_consumes_1_never_scheduled to None, run_after=None
Setting next_dagrun for dataset_consumes_unknown_never_scheduled to None, run_after=None
Setting next_dagrun for dataset_produces_1 to 2026-02-02 00:00:00+00:00, run_after=2026-02-02 00:00:00+00:00
Setting next_dagrun for dataset_produces_2 to None, run_after=None
Processing /home/airflow/.local/lib/python3.12/site-packages/airflow/example_dags/example_datasets.py took 0.102 seconds
Started process (PID=591) to work on /home/airflow/.local/lib/python3.12/site-packages/airflow/example_dags/example_datasets.py
Processing file /home/airflow/.local/lib/python3.12/site-packages/airflow/example_dags/example_datasets.py for tasks to queue
Filling up the DagBag from /home/airflow/.local/lib/python3.12/site-packages/airflow/example_dags/example_datasets.py
DAG(s) 'dataset_produces_1', 'dataset_produces_2', 'consume_1_or_2_with_dataset_expressions', 'dataset_consumes_1_never_scheduled', 'dataset_consumes_unknown_never_scheduled', 'consume_1_and_2_with_dataset_expressions', 'dataset_consumes_1_and_2', 'dataset_consumes_1', 'conditional_dataset_and_time_based_timetable', 'consume_1_or_both_2_and_3_with_dataset_expressions' retrieved from /home/airflow/.local/lib/python3.12/site-packages/airflow/example_dags/example_datasets.py
Sync 10 DAGs
Setting next_dagrun for conditional_dataset_and_time_based_timetable to 2026-01-28 01:00:00+00:00, run_after=2026-01-28 01:00:00+00:00
Setting next_dagrun for consume_1_and_2_with_dataset_expressions to None, run_after=None
Setting next_dagrun for consume_1_or_2_with_dataset_expressions to None, run_after=None
Setting next_dagrun for consume_1_or_both_2_and_3_with_dataset_expressions to None, run_after=None
Setting next_dagrun for dataset_consumes_1 to None, run_after=None
Setting next_dagrun for dataset_consumes_1_and_2 to None, run_after=None
Setting next_dagrun for dataset_consumes_1_never_scheduled to None, run_after=None
Setting next_dagrun for dataset_consumes_unknown_never_scheduled to None, run_after=None
Setting next_dagrun for dataset_produces_1 to 2026-02-02 00:00:00+00:00, run_after=2026-02-02 00:00:00+00:00
Setting next_dagrun for dataset_produces_2 to None, run_after=None
Processing /home/airflow/.local/lib/python3.12/site-packages/airflow/example_dags/example_datasets.py took 0.115 seconds
Started process (PID=665) to work on /home/airflow/.local/lib/python3.12/site-packages/airflow/example_dags/example_datasets.py
Processing file /home/airflow/.local/lib/python3.12/site-packages/airflow/example_dags/example_datasets.py for tasks to queue
Filling up the DagBag from /home/airflow/.local/lib/python3.12/site-packages/airflow/example_dags/example_datasets.py
DAG(s) 'consume_1_or_2_with_dataset_expressions', 'dataset_produces_1', 'dataset_produces_2', 'dataset_consumes_1_never_scheduled', 'consume_1_or_both_2_and_3_with_dataset_expressions', 'conditional_dataset_and_time_based_timetable', 'dataset_consumes_1_and_2', 'dataset_consumes_unknown_never_scheduled', 'dataset_consumes_1', 'consume_1_and_2_with_dataset_expressions' retrieved from /home/airflow/.local/lib/python3.12/site-packages/airflow/example_dags/example_datasets.py
Sync 10 DAGs
Setting next_dagrun for conditional_dataset_and_time_based_timetable to 2026-01-28 01:00:00+00:00, run_after=2026-01-28 01:00:00+00:00
Setting next_dagrun for consume_1_and_2_with_dataset_expressions to None, run_after=None
Setting next_dagrun for consume_1_or_2_with_dataset_expressions to None, run_after=None
Setting next_dagrun for consume_1_or_both_2_and_3_with_dataset_expressions to None, run_after=None
Setting next_dagrun for dataset_consumes_1 to None, run_after=None
Setting next_dagrun for dataset_consumes_1_and_2 to None, run_after=None
Setting next_dagrun for dataset_consumes_1_never_scheduled to None, run_after=None
Setting next_dagrun for dataset_consumes_unknown_never_scheduled to None, run_after=None
Setting next_dagrun for dataset_produces_1 to 2026-02-02 00:00:00+00:00, run_after=2026-02-02 00:00:00+00:00
Setting next_dagrun for dataset_produces_2 to None, run_after=None
Processing /home/airflow/.local/lib/python3.12/site-packages/airflow/example_dags/example_datasets.py took 0.149 seconds
Started process (PID=739) to work on /home/airflow/.local/lib/python3.12/site-packages/airflow/example_dags/example_datasets.py
Processing file /home/airflow/.local/lib/python3.12/site-packages/airflow/example_dags/example_datasets.py for tasks to queue
Filling up the DagBag from /home/airflow/.local/lib/python3.12/site-packages/airflow/example_dags/example_datasets.py
DAG(s) 'dataset_consumes_unknown_never_scheduled', 'dataset_produces_2', 'consume_1_and_2_with_dataset_expressions', 'consume_1_or_2_with_dataset_expressions', 'dataset_consumes_1_never_scheduled', 'dataset_produces_1', 'conditional_dataset_and_time_based_timetable', 'dataset_consumes_1', 'dataset_consumes_1_and_2', 'consume_1_or_both_2_and_3_with_dataset_expressions' retrieved from /home/airflow/.local/lib/python3.12/site-packages/airflow/example_dags/example_datasets.py
Sync 10 DAGs
Setting next_dagrun for conditional_dataset_and_time_based_timetable to 2026-01-28 01:00:00+00:00, run_after=2026-01-28 01:00:00+00:00
Setting next_dagrun for consume_1_and_2_with_dataset_expressions to None, run_after=None
Setting next_dagrun for consume_1_or_2_with_dataset_expressions to None, run_after=None
Setting next_dagrun for consume_1_or_both_2_and_3_with_dataset_expressions to None, run_after=None
Setting next_dagrun for dataset_consumes_1 to None, run_after=None
Setting next_dagrun for dataset_consumes_1_and_2 to None, run_after=None
Setting next_dagrun for dataset_consumes_1_never_scheduled to None, run_after=None
Setting next_dagrun for dataset_consumes_unknown_never_scheduled to None, run_after=None
Setting next_dagrun for dataset_produces_1 to 2026-02-02 00:00:00+00:00, run_after=2026-02-02 00:00:00+00:00
Setting next_dagrun for dataset_produces_2 to None, run_after=None
Processing /home/airflow/.local/lib/python3.12/site-packages/airflow/example_dags/example_datasets.py took 0.104 seconds
Started process (PID=806) to work on /home/airflow/.local/lib/python3.12/site-packages/airflow/example_dags/example_datasets.py
Processing file /home/airflow/.local/lib/python3.12/site-packages/airflow/example_dags/example_datasets.py for tasks to queue
Filling up the DagBag from /home/airflow/.local/lib/python3.12/site-packages/airflow/example_dags/example_datasets.py
DAG(s) 'dataset_consumes_1_never_scheduled', 'dataset_produces_2', 'consume_1_or_2_with_dataset_expressions', 'consume_1_or_both_2_and_3_with_dataset_expressions', 'dataset_consumes_1', 'dataset_consumes_1_and_2', 'consume_1_and_2_with_dataset_expressions', 'conditional_dataset_and_time_based_timetable', 'dataset_produces_1', 'dataset_consumes_unknown_never_scheduled' retrieved from /home/airflow/.local/lib/python3.12/site-packages/airflow/example_dags/example_datasets.py
Sync 10 DAGs
Setting next_dagrun for conditional_dataset_and_time_based_timetable to 2026-01-28 01:00:00+00:00, run_after=2026-01-28 01:00:00+00:00
Setting next_dagrun for consume_1_and_2_with_dataset_expressions to None, run_after=None
Setting next_dagrun for consume_1_or_2_with_dataset_expressions to None, run_after=None
Setting next_dagrun for consume_1_or_both_2_and_3_with_dataset_expressions to None, run_after=None
Setting next_dagrun for dataset_consumes_1 to None, run_after=None
Setting next_dagrun for dataset_consumes_1_and_2 to None, run_after=None
Setting next_dagrun for dataset_consumes_1_never_scheduled to None, run_after=None
Setting next_dagrun for dataset_consumes_unknown_never_scheduled to None, run_after=None
Setting next_dagrun for dataset_produces_1 to 2026-02-02 00:00:00+00:00, run_after=2026-02-02 00:00:00+00:00
Setting next_dagrun for dataset_produces_2 to None, run_after=None
Processing /home/airflow/.local/lib/python3.12/site-packages/airflow/example_dags/example_datasets.py took 0.119 seconds
Started process (PID=879) to work on /home/airflow/.local/lib/python3.12/site-packages/airflow/example_dags/example_datasets.py
Processing file /home/airflow/.local/lib/python3.12/site-packages/airflow/example_dags/example_datasets.py for tasks to queue
Filling up the DagBag from /home/airflow/.local/lib/python3.12/site-packages/airflow/example_dags/example_datasets.py
DAG(s) 'dataset_consumes_1', 'dataset_produces_2', 'dataset_consumes_1_never_scheduled', 'dataset_consumes_unknown_never_scheduled', 'dataset_produces_1', 'dataset_consumes_1_and_2', 'consume_1_or_2_with_dataset_expressions', 'conditional_dataset_and_time_based_timetable', 'consume_1_and_2_with_dataset_expressions', 'consume_1_or_both_2_and_3_with_dataset_expressions' retrieved from /home/airflow/.local/lib/python3.12/site-packages/airflow/example_dags/example_datasets.py
Sync 10 DAGs
Setting next_dagrun for conditional_dataset_and_time_based_timetable to 2026-01-28 01:00:00+00:00, run_after=2026-01-28 01:00:00+00:00
Setting next_dagrun for consume_1_and_2_with_dataset_expressions to None, run_after=None
Setting next_dagrun for consume_1_or_2_with_dataset_expressions to None, run_after=None
Setting next_dagrun for consume_1_or_both_2_and_3_with_dataset_expressions to None, run_after=None
Setting next_dagrun for dataset_consumes_1 to None, run_after=None
Setting next_dagrun for dataset_consumes_1_and_2 to None, run_after=None
Setting next_dagrun for dataset_consumes_1_never_scheduled to None, run_after=None
Setting next_dagrun for dataset_consumes_unknown_never_scheduled to None, run_after=None
Setting next_dagrun for dataset_produces_1 to 2026-02-02 00:00:00+00:00, run_after=2026-02-02 00:00:00+00:00
Setting next_dagrun for dataset_produces_2 to None, run_after=None
Processing /home/airflow/.local/lib/python3.12/site-packages/airflow/example_dags/example_datasets.py took 0.110 seconds
Started process (PID=944) to work on /home/airflow/.local/lib/python3.12/site-packages/airflow/example_dags/example_datasets.py
Processing file /home/airflow/.local/lib/python3.12/site-packages/airflow/example_dags/example_datasets.py for tasks to queue
Filling up the DagBag from /home/airflow/.local/lib/python3.12/site-packages/airflow/example_dags/example_datasets.py
DAG(s) 'dataset_produces_1', 'consume_1_or_2_with_dataset_expressions', 'consume_1_and_2_with_dataset_expressions', 'dataset_consumes_1', 'dataset_produces_2', 'consume_1_or_both_2_and_3_with_dataset_expressions', 'conditional_dataset_and_time_based_timetable', 'dataset_consumes_1_never_scheduled', 'dataset_consumes_1_and_2', 'dataset_consumes_unknown_never_scheduled' retrieved from /home/airflow/.local/lib/python3.12/site-packages/airflow/example_dags/example_datasets.py
Sync 10 DAGs
Setting next_dagrun for conditional_dataset_and_time_based_timetable to 2026-01-28 01:00:00+00:00, run_after=2026-01-28 01:00:00+00:00
Setting next_dagrun for consume_1_and_2_with_dataset_expressions to None, run_after=None
Setting next_dagrun for consume_1_or_2_with_dataset_expressions to None, run_after=None
Setting next_dagrun for consume_1_or_both_2_and_3_with_dataset_expressions to None, run_after=None
Setting next_dagrun for dataset_consumes_1 to None, run_after=None
Setting next_dagrun for dataset_consumes_1_and_2 to None, run_after=None
Setting next_dagrun for dataset_consumes_1_never_scheduled to None, run_after=None
Setting next_dagrun for dataset_consumes_unknown_never_scheduled to None, run_after=None
Setting next_dagrun for dataset_produces_1 to 2026-02-02 00:00:00+00:00, run_after=2026-02-02 00:00:00+00:00
Setting next_dagrun for dataset_produces_2 to None, run_after=None
Processing /home/airflow/.local/lib/python3.12/site-packages/airflow/example_dags/example_datasets.py took 0.127 seconds
Started process (PID=1019) to work on /home/airflow/.local/lib/python3.12/site-packages/airflow/example_dags/example_datasets.py
Processing file /home/airflow/.local/lib/python3.12/site-packages/airflow/example_dags/example_datasets.py for tasks to queue
Filling up the DagBag from /home/airflow/.local/lib/python3.12/site-packages/airflow/example_dags/example_datasets.py
DAG(s) 'dataset_produces_1', 'consume_1_and_2_with_dataset_expressions', 'consume_1_or_2_with_dataset_expressions', 'dataset_consumes_1_never_scheduled', 'conditional_dataset_and_time_based_timetable', 'dataset_produces_2', 'consume_1_or_both_2_and_3_with_dataset_expressions', 'dataset_consumes_unknown_never_scheduled', 'dataset_consumes_1_and_2', 'dataset_consumes_1' retrieved from /home/airflow/.local/lib/python3.12/site-packages/airflow/example_dags/example_datasets.py
Sync 10 DAGs
Setting next_dagrun for conditional_dataset_and_time_based_timetable to 2026-01-28 01:00:00+00:00, run_after=2026-01-28 01:00:00+00:00
Setting next_dagrun for consume_1_and_2_with_dataset_expressions to None, run_after=None
Setting next_dagrun for consume_1_or_2_with_dataset_expressions to None, run_after=None
Setting next_dagrun for consume_1_or_both_2_and_3_with_dataset_expressions to None, run_after=None
Setting next_dagrun for dataset_consumes_1 to None, run_after=None
Setting next_dagrun for dataset_consumes_1_and_2 to None, run_after=None
Setting next_dagrun for dataset_consumes_1_never_scheduled to None, run_after=None
Setting next_dagrun for dataset_consumes_unknown_never_scheduled to None, run_after=None
Setting next_dagrun for dataset_produces_1 to 2026-02-02 00:00:00+00:00, run_after=2026-02-02 00:00:00+00:00
Setting next_dagrun for dataset_produces_2 to None, run_after=None
Processing /home/airflow/.local/lib/python3.12/site-packages/airflow/example_dags/example_datasets.py took 0.106 seconds
Started process (PID=1092) to work on /home/airflow/.local/lib/python3.12/site-packages/airflow/example_dags/example_datasets.py
Processing file /home/airflow/.local/lib/python3.12/site-packages/airflow/example_dags/example_datasets.py for tasks to queue
Filling up the DagBag from /home/airflow/.local/lib/python3.12/site-packages/airflow/example_dags/example_datasets.py
DAG(s) 'conditional_dataset_and_time_based_timetable', 'consume_1_or_both_2_and_3_with_dataset_expressions', 'dataset_consumes_1_never_scheduled', 'dataset_produces_1', 'dataset_produces_2', 'consume_1_and_2_with_dataset_expressions', 'dataset_consumes_1', 'consume_1_or_2_with_dataset_expressions', 'dataset_consumes_unknown_never_scheduled', 'dataset_consumes_1_and_2' retrieved from /home/airflow/.local/lib/python3.12/site-packages/airflow/example_dags/example_datasets.py
Sync 10 DAGs
Setting next_dagrun for conditional_dataset_and_time_based_timetable to 2026-01-28 01:00:00+00:00, run_after=2026-01-28 01:00:00+00:00
Setting next_dagrun for consume_1_and_2_with_dataset_expressions to None, run_after=None
Setting next_dagrun for consume_1_or_2_with_dataset_expressions to None, run_after=None
Setting next_dagrun for consume_1_or_both_2_and_3_with_dataset_expressions to None, run_after=None
Setting next_dagrun for dataset_consumes_1 to None, run_after=None
Setting next_dagrun for dataset_consumes_1_and_2 to None, run_after=None
Setting next_dagrun for dataset_consumes_1_never_scheduled to None, run_after=None
Setting next_dagrun for dataset_consumes_unknown_never_scheduled to None, run_after=None
Setting next_dagrun for dataset_produces_1 to 2026-02-02 00:00:00+00:00, run_after=2026-02-02 00:00:00+00:00
Setting next_dagrun for dataset_produces_2 to None, run_after=None
Processing /home/airflow/.local/lib/python3.12/site-packages/airflow/example_dags/example_datasets.py took 0.110 seconds
Started process (PID=1158) to work on /home/airflow/.local/lib/python3.12/site-packages/airflow/example_dags/example_datasets.py
Processing file /home/airflow/.local/lib/python3.12/site-packages/airflow/example_dags/example_datasets.py for tasks to queue
Filling up the DagBag from /home/airflow/.local/lib/python3.12/site-packages/airflow/example_dags/example_datasets.py
DAG(s) 'dataset_consumes_1_never_scheduled', 'dataset_produces_2', 'dataset_consumes_unknown_never_scheduled', 'conditional_dataset_and_time_based_timetable', 'consume_1_and_2_with_dataset_expressions', 'dataset_produces_1', 'dataset_consumes_1_and_2', 'dataset_consumes_1', 'consume_1_or_2_with_dataset_expressions', 'consume_1_or_both_2_and_3_with_dataset_expressions' retrieved from /home/airflow/.local/lib/python3.12/site-packages/airflow/example_dags/example_datasets.py
Sync 10 DAGs
Setting next_dagrun for conditional_dataset_and_time_based_timetable to 2026-01-28 01:00:00+00:00, run_after=2026-01-28 01:00:00+00:00
Setting next_dagrun for consume_1_and_2_with_dataset_expressions to None, run_after=None
Setting next_dagrun for consume_1_or_2_with_dataset_expressions to None, run_after=None
Setting next_dagrun for consume_1_or_both_2_and_3_with_dataset_expressions to None, run_after=None
Setting next_dagrun for dataset_consumes_1 to None, run_after=None
Setting next_dagrun for dataset_consumes_1_and_2 to None, run_after=None
Setting next_dagrun for dataset_consumes_1_never_scheduled to None, run_after=None
Setting next_dagrun for dataset_consumes_unknown_never_scheduled to None, run_after=None
Setting next_dagrun for dataset_produces_1 to 2026-02-02 00:00:00+00:00, run_after=2026-02-02 00:00:00+00:00
Setting next_dagrun for dataset_produces_2 to None, run_after=None
Processing /home/airflow/.local/lib/python3.12/site-packages/airflow/example_dags/example_datasets.py took 0.099 seconds
Started process (PID=1231) to work on /home/airflow/.local/lib/python3.12/site-packages/airflow/example_dags/example_datasets.py
Processing file /home/airflow/.local/lib/python3.12/site-packages/airflow/example_dags/example_datasets.py for tasks to queue
Filling up the DagBag from /home/airflow/.local/lib/python3.12/site-packages/airflow/example_dags/example_datasets.py
DAG(s) 'consume_1_or_2_with_dataset_expressions', 'dataset_produces_2', 'dataset_consumes_unknown_never_scheduled', 'dataset_consumes_1_and_2', 'dataset_consumes_1_never_scheduled', 'dataset_produces_1', 'consume_1_and_2_with_dataset_expressions', 'dataset_consumes_1', 'consume_1_or_both_2_and_3_with_dataset_expressions', 'conditional_dataset_and_time_based_timetable' retrieved from /home/airflow/.local/lib/python3.12/site-packages/airflow/example_dags/example_datasets.py
Sync 10 DAGs
Setting next_dagrun for conditional_dataset_and_time_based_timetable to 2026-01-28 01:00:00+00:00, run_after=2026-01-28 01:00:00+00:00
Setting next_dagrun for consume_1_and_2_with_dataset_expressions to None, run_after=None
Setting next_dagrun for consume_1_or_2_with_dataset_expressions to None, run_after=None
Setting next_dagrun for consume_1_or_both_2_and_3_with_dataset_expressions to None, run_after=None
Setting next_dagrun for dataset_consumes_1 to None, run_after=None
Setting next_dagrun for dataset_consumes_1_and_2 to None, run_after=None
Setting next_dagrun for dataset_consumes_1_never_scheduled to None, run_after=None
Setting next_dagrun for dataset_consumes_unknown_never_scheduled to None, run_after=None
Setting next_dagrun for dataset_produces_1 to 2026-02-02 00:00:00+00:00, run_after=2026-02-02 00:00:00+00:00
Setting next_dagrun for dataset_produces_2 to None, run_after=None
Processing /home/airflow/.local/lib/python3.12/site-packages/airflow/example_dags/example_datasets.py took 0.101 seconds
Started process (PID=1297) to work on /home/airflow/.local/lib/python3.12/site-packages/airflow/example_dags/example_datasets.py
Processing file /home/airflow/.local/lib/python3.12/site-packages/airflow/example_dags/example_datasets.py for tasks to queue
Filling up the DagBag from /home/airflow/.local/lib/python3.12/site-packages/airflow/example_dags/example_datasets.py
DAG(s) 'dataset_consumes_unknown_never_scheduled', 'dataset_consumes_1_and_2', 'consume_1_or_both_2_and_3_with_dataset_expressions', 'consume_1_or_2_with_dataset_expressions', 'dataset_produces_2', 'consume_1_and_2_with_dataset_expressions', 'dataset_produces_1', 'dataset_consumes_1_never_scheduled', 'conditional_dataset_and_time_based_timetable', 'dataset_consumes_1' retrieved from /home/airflow/.local/lib/python3.12/site-packages/airflow/example_dags/example_datasets.py
Sync 10 DAGs
Setting next_dagrun for conditional_dataset_and_time_based_timetable to 2026-01-28 01:00:00+00:00, run_after=2026-01-28 01:00:00+00:00
Setting next_dagrun for consume_1_and_2_with_dataset_expressions to None, run_after=None
Setting next_dagrun for consume_1_or_2_with_dataset_expressions to None, run_after=None
Setting next_dagrun for consume_1_or_both_2_and_3_with_dataset_expressions to None, run_after=None
Setting next_dagrun for dataset_consumes_1 to None, run_after=None
Setting next_dagrun for dataset_consumes_1_and_2 to None, run_after=None
Setting next_dagrun for dataset_consumes_1_never_scheduled to None, run_after=None
Setting next_dagrun for dataset_consumes_unknown_never_scheduled to None, run_after=None
Setting next_dagrun for dataset_produces_1 to 2026-02-02 00:00:00+00:00, run_after=2026-02-02 00:00:00+00:00
Setting next_dagrun for dataset_produces_2 to None, run_after=None
Processing /home/airflow/.local/lib/python3.12/site-packages/airflow/example_dags/example_datasets.py took 0.304 seconds
Started process (PID=1370) to work on /home/airflow/.local/lib/python3.12/site-packages/airflow/example_dags/example_datasets.py
Processing file /home/airflow/.local/lib/python3.12/site-packages/airflow/example_dags/example_datasets.py for tasks to queue
Filling up the DagBag from /home/airflow/.local/lib/python3.12/site-packages/airflow/example_dags/example_datasets.py
DAG(s) 'dataset_consumes_1_never_scheduled', 'dataset_produces_1', 'dataset_consumes_1_and_2', 'dataset_produces_2', 'consume_1_or_both_2_and_3_with_dataset_expressions', 'conditional_dataset_and_time_based_timetable', 'consume_1_or_2_with_dataset_expressions', 'dataset_consumes_1', 'dataset_consumes_unknown_never_scheduled', 'consume_1_and_2_with_dataset_expressions' retrieved from /home/airflow/.local/lib/python3.12/site-packages/airflow/example_dags/example_datasets.py
Sync 10 DAGs
Setting next_dagrun for conditional_dataset_and_time_based_timetable to 2026-01-28 01:00:00+00:00, run_after=2026-01-28 01:00:00+00:00
Setting next_dagrun for consume_1_and_2_with_dataset_expressions to None, run_after=None
Setting next_dagrun for consume_1_or_2_with_dataset_expressions to None, run_after=None
Setting next_dagrun for consume_1_or_both_2_and_3_with_dataset_expressions to None, run_after=None
Setting next_dagrun for dataset_consumes_1 to None, run_after=None
Setting next_dagrun for dataset_consumes_1_and_2 to None, run_after=None
Setting next_dagrun for dataset_consumes_1_never_scheduled to None, run_after=None
Setting next_dagrun for dataset_consumes_unknown_never_scheduled to None, run_after=None
Setting next_dagrun for dataset_produces_1 to 2026-02-02 00:00:00+00:00, run_after=2026-02-02 00:00:00+00:00
Setting next_dagrun for dataset_produces_2 to None, run_after=None
Processing /home/airflow/.local/lib/python3.12/site-packages/airflow/example_dags/example_datasets.py took 0.130 seconds
Started process (PID=1436) to work on /home/airflow/.local/lib/python3.12/site-packages/airflow/example_dags/example_datasets.py
Processing file /home/airflow/.local/lib/python3.12/site-packages/airflow/example_dags/example_datasets.py for tasks to queue
Filling up the DagBag from /home/airflow/.local/lib/python3.12/site-packages/airflow/example_dags/example_datasets.py
DAG(s) 'consume_1_and_2_with_dataset_expressions', 'dataset_produces_1', 'consume_1_or_both_2_and_3_with_dataset_expressions', 'dataset_consumes_1', 'dataset_produces_2', 'dataset_consumes_1_never_scheduled', 'dataset_consumes_1_and_2', 'dataset_consumes_unknown_never_scheduled', 'consume_1_or_2_with_dataset_expressions', 'conditional_dataset_and_time_based_timetable' retrieved from /home/airflow/.local/lib/python3.12/site-packages/airflow/example_dags/example_datasets.py
Sync 10 DAGs
Setting next_dagrun for conditional_dataset_and_time_based_timetable to 2026-01-28 01:00:00+00:00, run_after=2026-01-28 01:00:00+00:00
Setting next_dagrun for consume_1_and_2_with_dataset_expressions to None, run_after=None
Setting next_dagrun for consume_1_or_2_with_dataset_expressions to None, run_after=None
Setting next_dagrun for consume_1_or_both_2_and_3_with_dataset_expressions to None, run_after=None
Setting next_dagrun for dataset_consumes_1 to None, run_after=None
Setting next_dagrun for dataset_consumes_1_and_2 to None, run_after=None
Setting next_dagrun for dataset_consumes_1_never_scheduled to None, run_after=None
Setting next_dagrun for dataset_consumes_unknown_never_scheduled to None, run_after=None
Setting next_dagrun for dataset_produces_1 to 2026-02-02 00:00:00+00:00, run_after=2026-02-02 00:00:00+00:00
Setting next_dagrun for dataset_produces_2 to None, run_after=None
Processing /home/airflow/.local/lib/python3.12/site-packages/airflow/example_dags/example_datasets.py took 0.106 seconds
Started process (PID=1509) to work on /home/airflow/.local/lib/python3.12/site-packages/airflow/example_dags/example_datasets.py
Processing file /home/airflow/.local/lib/python3.12/site-packages/airflow/example_dags/example_datasets.py for tasks to queue
Filling up the DagBag from /home/airflow/.local/lib/python3.12/site-packages/airflow/example_dags/example_datasets.py
DAG(s) 'dataset_produces_1', 'dataset_consumes_1', 'conditional_dataset_and_time_based_timetable', 'dataset_consumes_1_never_scheduled', 'consume_1_or_2_with_dataset_expressions', 'dataset_consumes_unknown_never_scheduled', 'dataset_consumes_1_and_2', 'consume_1_or_both_2_and_3_with_dataset_expressions', 'dataset_produces_2', 'consume_1_and_2_with_dataset_expressions' retrieved from /home/airflow/.local/lib/python3.12/site-packages/airflow/example_dags/example_datasets.py
Sync 10 DAGs
Setting next_dagrun for conditional_dataset_and_time_based_timetable to 2026-01-28 01:00:00+00:00, run_after=2026-01-28 01:00:00+00:00
Setting next_dagrun for consume_1_and_2_with_dataset_expressions to None, run_after=None
Setting next_dagrun for consume_1_or_2_with_dataset_expressions to None, run_after=None
Setting next_dagrun for consume_1_or_both_2_and_3_with_dataset_expressions to None, run_after=None
Setting next_dagrun for dataset_consumes_1 to None, run_after=None
Setting next_dagrun for dataset_consumes_1_and_2 to None, run_after=None
Setting next_dagrun for dataset_consumes_1_never_scheduled to None, run_after=None
Setting next_dagrun for dataset_consumes_unknown_never_scheduled to None, run_after=None
Setting next_dagrun for dataset_produces_1 to 2026-02-02 00:00:00+00:00, run_after=2026-02-02 00:00:00+00:00
Setting next_dagrun for dataset_produces_2 to None, run_after=None
Processing /home/airflow/.local/lib/python3.12/site-packages/airflow/example_dags/example_datasets.py took 0.108 seconds
Started process (PID=1575) to work on /home/airflow/.local/lib/python3.12/site-packages/airflow/example_dags/example_datasets.py
Processing file /home/airflow/.local/lib/python3.12/site-packages/airflow/example_dags/example_datasets.py for tasks to queue
Filling up the DagBag from /home/airflow/.local/lib/python3.12/site-packages/airflow/example_dags/example_datasets.py
DAG(s) 'consume_1_or_both_2_and_3_with_dataset_expressions', 'dataset_consumes_1_and_2', 'conditional_dataset_and_time_based_timetable', 'dataset_consumes_1_never_scheduled', 'consume_1_or_2_with_dataset_expressions', 'dataset_consumes_1', 'consume_1_and_2_with_dataset_expressions', 'dataset_consumes_unknown_never_scheduled', 'dataset_produces_2', 'dataset_produces_1' retrieved from /home/airflow/.local/lib/python3.12/site-packages/airflow/example_dags/example_datasets.py
Sync 10 DAGs
Setting next_dagrun for conditional_dataset_and_time_based_timetable to 2026-01-28 01:00:00+00:00, run_after=2026-01-28 01:00:00+00:00
Setting next_dagrun for consume_1_and_2_with_dataset_expressions to None, run_after=None
Setting next_dagrun for consume_1_or_2_with_dataset_expressions to None, run_after=None
Setting next_dagrun for consume_1_or_both_2_and_3_with_dataset_expressions to None, run_after=None
Setting next_dagrun for dataset_consumes_1 to None, run_after=None
Setting next_dagrun for dataset_consumes_1_and_2 to None, run_after=None
Setting next_dagrun for dataset_consumes_1_never_scheduled to None, run_after=None
Setting next_dagrun for dataset_consumes_unknown_never_scheduled to None, run_after=None
Setting next_dagrun for dataset_produces_1 to 2026-02-02 00:00:00+00:00, run_after=2026-02-02 00:00:00+00:00
Setting next_dagrun for dataset_produces_2 to None, run_after=None
Processing /home/airflow/.local/lib/python3.12/site-packages/airflow/example_dags/example_datasets.py took 0.120 seconds
Started process (PID=1648) to work on /home/airflow/.local/lib/python3.12/site-packages/airflow/example_dags/example_datasets.py
Processing file /home/airflow/.local/lib/python3.12/site-packages/airflow/example_dags/example_datasets.py for tasks to queue
Filling up the DagBag from /home/airflow/.local/lib/python3.12/site-packages/airflow/example_dags/example_datasets.py
DAG(s) 'dataset_consumes_1', 'dataset_produces_2', 'consume_1_and_2_with_dataset_expressions', 'dataset_produces_1', 'dataset_consumes_1_never_scheduled', 'consume_1_or_2_with_dataset_expressions', 'dataset_consumes_unknown_never_scheduled', 'dataset_consumes_1_and_2', 'consume_1_or_both_2_and_3_with_dataset_expressions', 'conditional_dataset_and_time_based_timetable' retrieved from /home/airflow/.local/lib/python3.12/site-packages/airflow/example_dags/example_datasets.py
Sync 10 DAGs
Setting next_dagrun for conditional_dataset_and_time_based_timetable to 2026-01-28 01:00:00+00:00, run_after=2026-01-28 01:00:00+00:00
Setting next_dagrun for consume_1_and_2_with_dataset_expressions to None, run_after=None
Setting next_dagrun for consume_1_or_2_with_dataset_expressions to None, run_after=None
Setting next_dagrun for consume_1_or_both_2_and_3_with_dataset_expressions to None, run_after=None
Setting next_dagrun for dataset_consumes_1 to None, run_after=None
Setting next_dagrun for dataset_consumes_1_and_2 to None, run_after=None
Setting next_dagrun for dataset_consumes_1_never_scheduled to None, run_after=None
Setting next_dagrun for dataset_consumes_unknown_never_scheduled to None, run_after=None
Setting next_dagrun for dataset_produces_1 to 2026-02-02 00:00:00+00:00, run_after=2026-02-02 00:00:00+00:00
Setting next_dagrun for dataset_produces_2 to None, run_after=None
Processing /home/airflow/.local/lib/python3.12/site-packages/airflow/example_dags/example_datasets.py took 1.137 seconds
Started process (PID=1714) to work on /home/airflow/.local/lib/python3.12/site-packages/airflow/example_dags/example_datasets.py
Processing file /home/airflow/.local/lib/python3.12/site-packages/airflow/example_dags/example_datasets.py for tasks to queue
Filling up the DagBag from /home/airflow/.local/lib/python3.12/site-packages/airflow/example_dags/example_datasets.py
DAG(s) 'conditional_dataset_and_time_based_timetable', 'consume_1_or_both_2_and_3_with_dataset_expressions', 'dataset_consumes_1_never_scheduled', 'dataset_produces_1', 'dataset_consumes_1_and_2', 'dataset_consumes_unknown_never_scheduled', 'dataset_consumes_1', 'consume_1_or_2_with_dataset_expressions', 'dataset_produces_2', 'consume_1_and_2_with_dataset_expressions' retrieved from /home/airflow/.local/lib/python3.12/site-packages/airflow/example_dags/example_datasets.py
Sync 10 DAGs
Setting next_dagrun for conditional_dataset_and_time_based_timetable to 2026-01-28 01:00:00+00:00, run_after=2026-01-28 01:00:00+00:00
Setting next_dagrun for consume_1_and_2_with_dataset_expressions to None, run_after=None
Setting next_dagrun for consume_1_or_2_with_dataset_expressions to None, run_after=None
Setting next_dagrun for consume_1_or_both_2_and_3_with_dataset_expressions to None, run_after=None
Setting next_dagrun for dataset_consumes_1 to None, run_after=None
Setting next_dagrun for dataset_consumes_1_and_2 to None, run_after=None
Setting next_dagrun for dataset_consumes_1_never_scheduled to None, run_after=None
Setting next_dagrun for dataset_consumes_unknown_never_scheduled to None, run_after=None
Setting next_dagrun for dataset_produces_1 to 2026-02-02 00:00:00+00:00, run_after=2026-02-02 00:00:00+00:00
Setting next_dagrun for dataset_produces_2 to None, run_after=None
Processing /home/airflow/.local/lib/python3.12/site-packages/airflow/example_dags/example_datasets.py took 0.113 seconds
Started process (PID=1787) to work on /home/airflow/.local/lib/python3.12/site-packages/airflow/example_dags/example_datasets.py
Processing file /home/airflow/.local/lib/python3.12/site-packages/airflow/example_dags/example_datasets.py for tasks to queue
Filling up the DagBag from /home/airflow/.local/lib/python3.12/site-packages/airflow/example_dags/example_datasets.py
DAG(s) 'dataset_produces_1', 'dataset_consumes_unknown_never_scheduled', 'consume_1_or_2_with_dataset_expressions', 'conditional_dataset_and_time_based_timetable', 'dataset_consumes_1_and_2', 'consume_1_and_2_with_dataset_expressions', 'consume_1_or_both_2_and_3_with_dataset_expressions', 'dataset_consumes_1_never_scheduled', 'dataset_consumes_1', 'dataset_produces_2' retrieved from /home/airflow/.local/lib/python3.12/site-packages/airflow/example_dags/example_datasets.py
Sync 10 DAGs
Setting next_dagrun for conditional_dataset_and_time_based_timetable to 2026-01-28 01:00:00+00:00, run_after=2026-01-28 01:00:00+00:00
Setting next_dagrun for consume_1_and_2_with_dataset_expressions to None, run_after=None
Setting next_dagrun for consume_1_or_2_with_dataset_expressions to None, run_after=None
Setting next_dagrun for consume_1_or_both_2_and_3_with_dataset_expressions to None, run_after=None
Setting next_dagrun for dataset_consumes_1 to None, run_after=None
Setting next_dagrun for dataset_consumes_1_and_2 to None, run_after=None
Setting next_dagrun for dataset_consumes_1_never_scheduled to None, run_after=None
Setting next_dagrun for dataset_consumes_unknown_never_scheduled to None, run_after=None
Setting next_dagrun for dataset_produces_1 to 2026-02-02 00:00:00+00:00, run_after=2026-02-02 00:00:00+00:00
Setting next_dagrun for dataset_produces_2 to None, run_after=None
Processing /home/airflow/.local/lib/python3.12/site-packages/airflow/example_dags/example_datasets.py took 0.125 seconds
Started process (PID=1854) to work on /home/airflow/.local/lib/python3.12/site-packages/airflow/example_dags/example_datasets.py
Processing file /home/airflow/.local/lib/python3.12/site-packages/airflow/example_dags/example_datasets.py for tasks to queue
Filling up the DagBag from /home/airflow/.local/lib/python3.12/site-packages/airflow/example_dags/example_datasets.py
DAG(s) 'consume_1_or_both_2_and_3_with_dataset_expressions', 'dataset_consumes_1', 'dataset_produces_1', 'consume_1_or_2_with_dataset_expressions', 'conditional_dataset_and_time_based_timetable', 'consume_1_and_2_with_dataset_expressions', 'dataset_consumes_1_and_2', 'dataset_consumes_1_never_scheduled', 'dataset_produces_2', 'dataset_consumes_unknown_never_scheduled' retrieved from /home/airflow/.local/lib/python3.12/site-packages/airflow/example_dags/example_datasets.py
Sync 10 DAGs
Setting next_dagrun for conditional_dataset_and_time_based_timetable to 2026-01-28 01:00:00+00:00, run_after=2026-01-28 01:00:00+00:00
Setting next_dagrun for consume_1_and_2_with_dataset_expressions to None, run_after=None
Setting next_dagrun for consume_1_or_2_with_dataset_expressions to None, run_after=None
Setting next_dagrun for consume_1_or_both_2_and_3_with_dataset_expressions to None, run_after=None
Setting next_dagrun for dataset_consumes_1 to None, run_after=None
Setting next_dagrun for dataset_consumes_1_and_2 to None, run_after=None
Setting next_dagrun for dataset_consumes_1_never_scheduled to None, run_after=None
Setting next_dagrun for dataset_consumes_unknown_never_scheduled to None, run_after=None
Setting next_dagrun for dataset_produces_1 to 2026-02-02 00:00:00+00:00, run_after=2026-02-02 00:00:00+00:00
Setting next_dagrun for dataset_produces_2 to None, run_after=None
Processing /home/airflow/.local/lib/python3.12/site-packages/airflow/example_dags/example_datasets.py took 0.142 seconds
Started process (PID=1928) to work on /home/airflow/.local/lib/python3.12/site-packages/airflow/example_dags/example_datasets.py
Processing file /home/airflow/.local/lib/python3.12/site-packages/airflow/example_dags/example_datasets.py for tasks to queue
Filling up the DagBag from /home/airflow/.local/lib/python3.12/site-packages/airflow/example_dags/example_datasets.py
DAG(s) 'dataset_consumes_1_and_2', 'dataset_produces_2', 'dataset_consumes_1_never_scheduled', 'consume_1_and_2_with_dataset_expressions', 'conditional_dataset_and_time_based_timetable', 'dataset_consumes_unknown_never_scheduled', 'dataset_produces_1', 'dataset_consumes_1', 'consume_1_or_both_2_and_3_with_dataset_expressions', 'consume_1_or_2_with_dataset_expressions' retrieved from /home/airflow/.local/lib/python3.12/site-packages/airflow/example_dags/example_datasets.py
Sync 10 DAGs
Setting next_dagrun for conditional_dataset_and_time_based_timetable to 2026-01-28 01:00:00+00:00, run_after=2026-01-28 01:00:00+00:00
Setting next_dagrun for consume_1_and_2_with_dataset_expressions to None, run_after=None
Setting next_dagrun for consume_1_or_2_with_dataset_expressions to None, run_after=None
Setting next_dagrun for consume_1_or_both_2_and_3_with_dataset_expressions to None, run_after=None
Setting next_dagrun for dataset_consumes_1 to None, run_after=None
Setting next_dagrun for dataset_consumes_1_and_2 to None, run_after=None
Setting next_dagrun for dataset_consumes_1_never_scheduled to None, run_after=None
Setting next_dagrun for dataset_consumes_unknown_never_scheduled to None, run_after=None
Setting next_dagrun for dataset_produces_1 to 2026-02-02 00:00:00+00:00, run_after=2026-02-02 00:00:00+00:00
Setting next_dagrun for dataset_produces_2 to None, run_after=None
Processing /home/airflow/.local/lib/python3.12/site-packages/airflow/example_dags/example_datasets.py took 0.095 seconds
Started process (PID=1994) to work on /home/airflow/.local/lib/python3.12/site-packages/airflow/example_dags/example_datasets.py
Processing file /home/airflow/.local/lib/python3.12/site-packages/airflow/example_dags/example_datasets.py for tasks to queue
Filling up the DagBag from /home/airflow/.local/lib/python3.12/site-packages/airflow/example_dags/example_datasets.py
DAG(s) 'dataset_consumes_unknown_never_scheduled', 'dataset_consumes_1_and_2', 'consume_1_and_2_with_dataset_expressions', 'dataset_produces_1', 'dataset_produces_2', 'dataset_consumes_1_never_scheduled', 'conditional_dataset_and_time_based_timetable', 'consume_1_or_both_2_and_3_with_dataset_expressions', 'dataset_consumes_1', 'consume_1_or_2_with_dataset_expressions' retrieved from /home/airflow/.local/lib/python3.12/site-packages/airflow/example_dags/example_datasets.py
Sync 10 DAGs
Setting next_dagrun for conditional_dataset_and_time_based_timetable to 2026-01-28 01:00:00+00:00, run_after=2026-01-28 01:00:00+00:00
Setting next_dagrun for consume_1_and_2_with_dataset_expressions to None, run_after=None
Setting next_dagrun for consume_1_or_2_with_dataset_expressions to None, run_after=None
Setting next_dagrun for consume_1_or_both_2_and_3_with_dataset_expressions to None, run_after=None
Setting next_dagrun for dataset_consumes_1 to None, run_after=None
Setting next_dagrun for dataset_consumes_1_and_2 to None, run_after=None
Setting next_dagrun for dataset_consumes_1_never_scheduled to None, run_after=None
Setting next_dagrun for dataset_consumes_unknown_never_scheduled to None, run_after=None
Setting next_dagrun for dataset_produces_1 to 2026-02-02 00:00:00+00:00, run_after=2026-02-02 00:00:00+00:00
Setting next_dagrun for dataset_produces_2 to None, run_after=None
Processing /home/airflow/.local/lib/python3.12/site-packages/airflow/example_dags/example_datasets.py took 0.097 seconds
Started process (PID=2067) to work on /home/airflow/.local/lib/python3.12/site-packages/airflow/example_dags/example_datasets.py
Processing file /home/airflow/.local/lib/python3.12/site-packages/airflow/example_dags/example_datasets.py for tasks to queue
Filling up the DagBag from /home/airflow/.local/lib/python3.12/site-packages/airflow/example_dags/example_datasets.py
DAG(s) 'dataset_consumes_1_and_2', 'consume_1_and_2_with_dataset_expressions', 'conditional_dataset_and_time_based_timetable', 'dataset_consumes_1_never_scheduled', 'dataset_produces_1', 'dataset_consumes_unknown_never_scheduled', 'dataset_produces_2', 'dataset_consumes_1', 'consume_1_or_2_with_dataset_expressions', 'consume_1_or_both_2_and_3_with_dataset_expressions' retrieved from /home/airflow/.local/lib/python3.12/site-packages/airflow/example_dags/example_datasets.py
Sync 10 DAGs
Setting next_dagrun for conditional_dataset_and_time_based_timetable to 2026-01-28 01:00:00+00:00, run_after=2026-01-28 01:00:00+00:00
Setting next_dagrun for consume_1_and_2_with_dataset_expressions to None, run_after=None
Setting next_dagrun for consume_1_or_2_with_dataset_expressions to None, run_after=None
Setting next_dagrun for consume_1_or_both_2_and_3_with_dataset_expressions to None, run_after=None
Setting next_dagrun for dataset_consumes_1 to None, run_after=None
Setting next_dagrun for dataset_consumes_1_and_2 to None, run_after=None
Setting next_dagrun for dataset_consumes_1_never_scheduled to None, run_after=None
Setting next_dagrun for dataset_consumes_unknown_never_scheduled to None, run_after=None
Setting next_dagrun for dataset_produces_1 to 2026-02-02 00:00:00+00:00, run_after=2026-02-02 00:00:00+00:00
Setting next_dagrun for dataset_produces_2 to None, run_after=None
Processing /home/airflow/.local/lib/python3.12/site-packages/airflow/example_dags/example_datasets.py took 0.119 seconds
Started process (PID=2133) to work on /home/airflow/.local/lib/python3.12/site-packages/airflow/example_dags/example_datasets.py
Processing file /home/airflow/.local/lib/python3.12/site-packages/airflow/example_dags/example_datasets.py for tasks to queue
Filling up the DagBag from /home/airflow/.local/lib/python3.12/site-packages/airflow/example_dags/example_datasets.py
DAG(s) 'consume_1_and_2_with_dataset_expressions', 'dataset_produces_1', 'dataset_consumes_unknown_never_scheduled', 'dataset_consumes_1', 'consume_1_or_2_with_dataset_expressions', 'dataset_consumes_1_and_2', 'dataset_consumes_1_never_scheduled', 'dataset_produces_2', 'consume_1_or_both_2_and_3_with_dataset_expressions', 'conditional_dataset_and_time_based_timetable' retrieved from /home/airflow/.local/lib/python3.12/site-packages/airflow/example_dags/example_datasets.py
Sync 10 DAGs
Setting next_dagrun for conditional_dataset_and_time_based_timetable to 2026-01-28 01:00:00+00:00, run_after=2026-01-28 01:00:00+00:00
Setting next_dagrun for consume_1_and_2_with_dataset_expressions to None, run_after=None
Setting next_dagrun for consume_1_or_2_with_dataset_expressions to None, run_after=None
Setting next_dagrun for consume_1_or_both_2_and_3_with_dataset_expressions to None, run_after=None
Setting next_dagrun for dataset_consumes_1 to None, run_after=None
Setting next_dagrun for dataset_consumes_1_and_2 to None, run_after=None
Setting next_dagrun for dataset_consumes_1_never_scheduled to None, run_after=None
Setting next_dagrun for dataset_consumes_unknown_never_scheduled to None, run_after=None
Setting next_dagrun for dataset_produces_1 to 2026-02-02 00:00:00+00:00, run_after=2026-02-02 00:00:00+00:00
Setting next_dagrun for dataset_produces_2 to None, run_after=None
Processing /home/airflow/.local/lib/python3.12/site-packages/airflow/example_dags/example_datasets.py took 0.104 seconds
Started process (PID=2206) to work on /home/airflow/.local/lib/python3.12/site-packages/airflow/example_dags/example_datasets.py
Processing file /home/airflow/.local/lib/python3.12/site-packages/airflow/example_dags/example_datasets.py for tasks to queue
Filling up the DagBag from /home/airflow/.local/lib/python3.12/site-packages/airflow/example_dags/example_datasets.py
DAG(s) 'consume_1_and_2_with_dataset_expressions', 'dataset_produces_1', 'consume_1_or_2_with_dataset_expressions', 'dataset_consumes_1', 'conditional_dataset_and_time_based_timetable', 'dataset_consumes_1_never_scheduled', 'dataset_consumes_1_and_2', 'dataset_produces_2', 'consume_1_or_both_2_and_3_with_dataset_expressions', 'dataset_consumes_unknown_never_scheduled' retrieved from /home/airflow/.local/lib/python3.12/site-packages/airflow/example_dags/example_datasets.py
Sync 10 DAGs
Setting next_dagrun for conditional_dataset_and_time_based_timetable to 2026-01-28 01:00:00+00:00, run_after=2026-01-28 01:00:00+00:00
Setting next_dagrun for consume_1_and_2_with_dataset_expressions to None, run_after=None
Setting next_dagrun for consume_1_or_2_with_dataset_expressions to None, run_after=None
Setting next_dagrun for consume_1_or_both_2_and_3_with_dataset_expressions to None, run_after=None
Setting next_dagrun for dataset_consumes_1 to None, run_after=None
Setting next_dagrun for dataset_consumes_1_and_2 to None, run_after=None
Setting next_dagrun for dataset_consumes_1_never_scheduled to None, run_after=None
Setting next_dagrun for dataset_consumes_unknown_never_scheduled to None, run_after=None
Setting next_dagrun for dataset_produces_1 to 2026-02-02 00:00:00+00:00, run_after=2026-02-02 00:00:00+00:00
Setting next_dagrun for dataset_produces_2 to None, run_after=None
Processing /home/airflow/.local/lib/python3.12/site-packages/airflow/example_dags/example_datasets.py took 0.100 seconds
Started process (PID=2272) to work on /home/airflow/.local/lib/python3.12/site-packages/airflow/example_dags/example_datasets.py
Processing file /home/airflow/.local/lib/python3.12/site-packages/airflow/example_dags/example_datasets.py for tasks to queue
Filling up the DagBag from /home/airflow/.local/lib/python3.12/site-packages/airflow/example_dags/example_datasets.py
DAG(s) 'dataset_produces_2', 'dataset_consumes_1_and_2', 'dataset_consumes_1', 'consume_1_or_both_2_and_3_with_dataset_expressions', 'conditional_dataset_and_time_based_timetable', 'dataset_consumes_unknown_never_scheduled', 'consume_1_and_2_with_dataset_expressions', 'dataset_consumes_1_never_scheduled', 'dataset_produces_1', 'consume_1_or_2_with_dataset_expressions' retrieved from /home/airflow/.local/lib/python3.12/site-packages/airflow/example_dags/example_datasets.py
Sync 10 DAGs
Setting next_dagrun for conditional_dataset_and_time_based_timetable to 2026-01-28 01:00:00+00:00, run_after=2026-01-28 01:00:00+00:00
Setting next_dagrun for consume_1_and_2_with_dataset_expressions to None, run_after=None
Setting next_dagrun for consume_1_or_2_with_dataset_expressions to None, run_after=None
Setting next_dagrun for consume_1_or_both_2_and_3_with_dataset_expressions to None, run_after=None
Setting next_dagrun for dataset_consumes_1 to None, run_after=None
Setting next_dagrun for dataset_consumes_1_and_2 to None, run_after=None
Setting next_dagrun for dataset_consumes_1_never_scheduled to None, run_after=None
Setting next_dagrun for dataset_consumes_unknown_never_scheduled to None, run_after=None
Setting next_dagrun for dataset_produces_1 to 2026-02-02 00:00:00+00:00, run_after=2026-02-02 00:00:00+00:00
Setting next_dagrun for dataset_produces_2 to None, run_after=None
Processing /home/airflow/.local/lib/python3.12/site-packages/airflow/example_dags/example_datasets.py took 0.092 seconds
Started process (PID=2345) to work on /home/airflow/.local/lib/python3.12/site-packages/airflow/example_dags/example_datasets.py
Processing file /home/airflow/.local/lib/python3.12/site-packages/airflow/example_dags/example_datasets.py for tasks to queue
Filling up the DagBag from /home/airflow/.local/lib/python3.12/site-packages/airflow/example_dags/example_datasets.py
DAG(s) 'dataset_produces_2', 'dataset_produces_1', 'consume_1_or_both_2_and_3_with_dataset_expressions', 'consume_1_and_2_with_dataset_expressions', 'consume_1_or_2_with_dataset_expressions', 'dataset_consumes_1_never_scheduled', 'dataset_consumes_1_and_2', 'conditional_dataset_and_time_based_timetable', 'dataset_consumes_unknown_never_scheduled', 'dataset_consumes_1' retrieved from /home/airflow/.local/lib/python3.12/site-packages/airflow/example_dags/example_datasets.py
Sync 10 DAGs
Setting next_dagrun for conditional_dataset_and_time_based_timetable to 2026-01-28 01:00:00+00:00, run_after=2026-01-28 01:00:00+00:00
Setting next_dagrun for consume_1_and_2_with_dataset_expressions to None, run_after=None
Setting next_dagrun for consume_1_or_2_with_dataset_expressions to None, run_after=None
Setting next_dagrun for consume_1_or_both_2_and_3_with_dataset_expressions to None, run_after=None
Setting next_dagrun for dataset_consumes_1 to None, run_after=None
Setting next_dagrun for dataset_consumes_1_and_2 to None, run_after=None
Setting next_dagrun for dataset_consumes_1_never_scheduled to None, run_after=None
Setting next_dagrun for dataset_consumes_unknown_never_scheduled to None, run_after=None
Setting next_dagrun for dataset_produces_1 to 2026-02-02 00:00:00+00:00, run_after=2026-02-02 00:00:00+00:00
Setting next_dagrun for dataset_produces_2 to None, run_after=None
Processing /home/airflow/.local/lib/python3.12/site-packages/airflow/example_dags/example_datasets.py took 0.104 seconds
Started process (PID=2411) to work on /home/airflow/.local/lib/python3.12/site-packages/airflow/example_dags/example_datasets.py
Processing file /home/airflow/.local/lib/python3.12/site-packages/airflow/example_dags/example_datasets.py for tasks to queue
Filling up the DagBag from /home/airflow/.local/lib/python3.12/site-packages/airflow/example_dags/example_datasets.py
DAG(s) 'dataset_consumes_1_and_2', 'dataset_consumes_unknown_never_scheduled', 'dataset_produces_2', 'conditional_dataset_and_time_based_timetable', 'dataset_consumes_1_never_scheduled', 'consume_1_and_2_with_dataset_expressions', 'consume_1_or_2_with_dataset_expressions', 'dataset_consumes_1', 'dataset_produces_1', 'consume_1_or_both_2_and_3_with_dataset_expressions' retrieved from /home/airflow/.local/lib/python3.12/site-packages/airflow/example_dags/example_datasets.py
Sync 10 DAGs
Setting next_dagrun for conditional_dataset_and_time_based_timetable to 2026-01-28 01:00:00+00:00, run_after=2026-01-28 01:00:00+00:00
Setting next_dagrun for consume_1_and_2_with_dataset_expressions to None, run_after=None
Setting next_dagrun for consume_1_or_2_with_dataset_expressions to None, run_after=None
Setting next_dagrun for consume_1_or_both_2_and_3_with_dataset_expressions to None, run_after=None
Setting next_dagrun for dataset_consumes_1 to None, run_after=None
Setting next_dagrun for dataset_consumes_1_and_2 to None, run_after=None
Setting next_dagrun for dataset_consumes_1_never_scheduled to None, run_after=None
Setting next_dagrun for dataset_consumes_unknown_never_scheduled to None, run_after=None
Setting next_dagrun for dataset_produces_1 to 2026-02-02 00:00:00+00:00, run_after=2026-02-02 00:00:00+00:00
Setting next_dagrun for dataset_produces_2 to None, run_after=None
Processing /home/airflow/.local/lib/python3.12/site-packages/airflow/example_dags/example_datasets.py took 0.094 seconds
Started process (PID=2484) to work on /home/airflow/.local/lib/python3.12/site-packages/airflow/example_dags/example_datasets.py
Processing file /home/airflow/.local/lib/python3.12/site-packages/airflow/example_dags/example_datasets.py for tasks to queue
Filling up the DagBag from /home/airflow/.local/lib/python3.12/site-packages/airflow/example_dags/example_datasets.py
DAG(s) 'dataset_consumes_unknown_never_scheduled', 'dataset_consumes_1_never_scheduled', 'dataset_produces_1', 'conditional_dataset_and_time_based_timetable', 'dataset_consumes_1_and_2', 'consume_1_and_2_with_dataset_expressions', 'dataset_consumes_1', 'consume_1_or_both_2_and_3_with_dataset_expressions', 'consume_1_or_2_with_dataset_expressions', 'dataset_produces_2' retrieved from /home/airflow/.local/lib/python3.12/site-packages/airflow/example_dags/example_datasets.py
Sync 10 DAGs
Setting next_dagrun for conditional_dataset_and_time_based_timetable to 2026-01-28 01:00:00+00:00, run_after=2026-01-28 01:00:00+00:00
Setting next_dagrun for consume_1_and_2_with_dataset_expressions to None, run_after=None
Setting next_dagrun for consume_1_or_2_with_dataset_expressions to None, run_after=None
Setting next_dagrun for consume_1_or_both_2_and_3_with_dataset_expressions to None, run_after=None
Setting next_dagrun for dataset_consumes_1 to None, run_after=None
Setting next_dagrun for dataset_consumes_1_and_2 to None, run_after=None
Setting next_dagrun for dataset_consumes_1_never_scheduled to None, run_after=None
Setting next_dagrun for dataset_consumes_unknown_never_scheduled to None, run_after=None
Setting next_dagrun for dataset_produces_1 to 2026-02-02 00:00:00+00:00, run_after=2026-02-02 00:00:00+00:00
Setting next_dagrun for dataset_produces_2 to None, run_after=None
Processing /home/airflow/.local/lib/python3.12/site-packages/airflow/example_dags/example_datasets.py took 0.097 seconds
Started process (PID=2551) to work on /home/airflow/.local/lib/python3.12/site-packages/airflow/example_dags/example_datasets.py
Processing file /home/airflow/.local/lib/python3.12/site-packages/airflow/example_dags/example_datasets.py for tasks to queue
Filling up the DagBag from /home/airflow/.local/lib/python3.12/site-packages/airflow/example_dags/example_datasets.py
DAG(s) 'dataset_consumes_1_and_2', 'dataset_produces_2', 'consume_1_or_both_2_and_3_with_dataset_expressions', 'consume_1_and_2_with_dataset_expressions', 'dataset_consumes_1', 'dataset_produces_1', 'consume_1_or_2_with_dataset_expressions', 'dataset_consumes_1_never_scheduled', 'dataset_consumes_unknown_never_scheduled', 'conditional_dataset_and_time_based_timetable' retrieved from /home/airflow/.local/lib/python3.12/site-packages/airflow/example_dags/example_datasets.py
Sync 10 DAGs
Setting next_dagrun for conditional_dataset_and_time_based_timetable to 2026-01-28 01:00:00+00:00, run_after=2026-01-28 01:00:00+00:00
Setting next_dagrun for consume_1_and_2_with_dataset_expressions to None, run_after=None
Setting next_dagrun for consume_1_or_2_with_dataset_expressions to None, run_after=None
Setting next_dagrun for consume_1_or_both_2_and_3_with_dataset_expressions to None, run_after=None
Setting next_dagrun for dataset_consumes_1 to None, run_after=None
Setting next_dagrun for dataset_consumes_1_and_2 to None, run_after=None
Setting next_dagrun for dataset_consumes_1_never_scheduled to None, run_after=None
Setting next_dagrun for dataset_consumes_unknown_never_scheduled to None, run_after=None
Setting next_dagrun for dataset_produces_1 to 2026-02-02 00:00:00+00:00, run_after=2026-02-02 00:00:00+00:00
Setting next_dagrun for dataset_produces_2 to None, run_after=None
Processing /home/airflow/.local/lib/python3.12/site-packages/airflow/example_dags/example_datasets.py took 0.101 seconds
Started process (PID=2624) to work on /home/airflow/.local/lib/python3.12/site-packages/airflow/example_dags/example_datasets.py
Processing file /home/airflow/.local/lib/python3.12/site-packages/airflow/example_dags/example_datasets.py for tasks to queue
Filling up the DagBag from /home/airflow/.local/lib/python3.12/site-packages/airflow/example_dags/example_datasets.py
DAG(s) 'conditional_dataset_and_time_based_timetable', 'dataset_produces_2', 'dataset_consumes_1_never_scheduled', 'consume_1_or_2_with_dataset_expressions', 'consume_1_or_both_2_and_3_with_dataset_expressions', 'dataset_consumes_1_and_2', 'consume_1_and_2_with_dataset_expressions', 'dataset_consumes_1', 'dataset_produces_1', 'dataset_consumes_unknown_never_scheduled' retrieved from /home/airflow/.local/lib/python3.12/site-packages/airflow/example_dags/example_datasets.py
Sync 10 DAGs
Setting next_dagrun for conditional_dataset_and_time_based_timetable to 2026-01-28 01:00:00+00:00, run_after=2026-01-28 01:00:00+00:00
Setting next_dagrun for consume_1_and_2_with_dataset_expressions to None, run_after=None
Setting next_dagrun for consume_1_or_2_with_dataset_expressions to None, run_after=None
Setting next_dagrun for consume_1_or_both_2_and_3_with_dataset_expressions to None, run_after=None
Setting next_dagrun for dataset_consumes_1 to None, run_after=None
Setting next_dagrun for dataset_consumes_1_and_2 to None, run_after=None
Setting next_dagrun for dataset_consumes_1_never_scheduled to None, run_after=None
Setting next_dagrun for dataset_consumes_unknown_never_scheduled to None, run_after=None
Setting next_dagrun for dataset_produces_1 to 2026-02-02 00:00:00+00:00, run_after=2026-02-02 00:00:00+00:00
Setting next_dagrun for dataset_produces_2 to None, run_after=None
Processing /home/airflow/.local/lib/python3.12/site-packages/airflow/example_dags/example_datasets.py took 0.100 seconds
Started process (PID=2690) to work on /home/airflow/.local/lib/python3.12/site-packages/airflow/example_dags/example_datasets.py
Processing file /home/airflow/.local/lib/python3.12/site-packages/airflow/example_dags/example_datasets.py for tasks to queue
Filling up the DagBag from /home/airflow/.local/lib/python3.12/site-packages/airflow/example_dags/example_datasets.py
DAG(s) 'conditional_dataset_and_time_based_timetable', 'consume_1_or_2_with_dataset_expressions', 'consume_1_and_2_with_dataset_expressions', 'consume_1_or_both_2_and_3_with_dataset_expressions', 'dataset_consumes_1', 'dataset_consumes_1_never_scheduled', 'dataset_consumes_1_and_2', 'dataset_produces_2', 'dataset_consumes_unknown_never_scheduled', 'dataset_produces_1' retrieved from /home/airflow/.local/lib/python3.12/site-packages/airflow/example_dags/example_datasets.py
Sync 10 DAGs
Setting next_dagrun for conditional_dataset_and_time_based_timetable to 2026-01-28 01:00:00+00:00, run_after=2026-01-28 01:00:00+00:00
Setting next_dagrun for consume_1_and_2_with_dataset_expressions to None, run_after=None
Setting next_dagrun for consume_1_or_2_with_dataset_expressions to None, run_after=None
Setting next_dagrun for consume_1_or_both_2_and_3_with_dataset_expressions to None, run_after=None
Setting next_dagrun for dataset_consumes_1 to None, run_after=None
Setting next_dagrun for dataset_consumes_1_and_2 to None, run_after=None
Setting next_dagrun for dataset_consumes_1_never_scheduled to None, run_after=None
Setting next_dagrun for dataset_consumes_unknown_never_scheduled to None, run_after=None
Setting next_dagrun for dataset_produces_1 to 2026-02-02 00:00:00+00:00, run_after=2026-02-02 00:00:00+00:00
Setting next_dagrun for dataset_produces_2 to None, run_after=None
Processing /home/airflow/.local/lib/python3.12/site-packages/airflow/example_dags/example_datasets.py took 0.102 seconds
Started process (PID=2764) to work on /home/airflow/.local/lib/python3.12/site-packages/airflow/example_dags/example_datasets.py
Processing file /home/airflow/.local/lib/python3.12/site-packages/airflow/example_dags/example_datasets.py for tasks to queue
Filling up the DagBag from /home/airflow/.local/lib/python3.12/site-packages/airflow/example_dags/example_datasets.py
DAG(s) 'dataset_produces_1', 'consume_1_or_both_2_and_3_with_dataset_expressions', 'dataset_produces_2', 'dataset_consumes_unknown_never_scheduled', 'conditional_dataset_and_time_based_timetable', 'dataset_consumes_1_and_2', 'dataset_consumes_1_never_scheduled', 'consume_1_and_2_with_dataset_expressions', 'dataset_consumes_1', 'consume_1_or_2_with_dataset_expressions' retrieved from /home/airflow/.local/lib/python3.12/site-packages/airflow/example_dags/example_datasets.py
Sync 10 DAGs
Setting next_dagrun for conditional_dataset_and_time_based_timetable to 2026-01-28 01:00:00+00:00, run_after=2026-01-28 01:00:00+00:00
Setting next_dagrun for consume_1_and_2_with_dataset_expressions to None, run_after=None
Setting next_dagrun for consume_1_or_2_with_dataset_expressions to None, run_after=None
Setting next_dagrun for consume_1_or_both_2_and_3_with_dataset_expressions to None, run_after=None
Setting next_dagrun for dataset_consumes_1 to None, run_after=None
Setting next_dagrun for dataset_consumes_1_and_2 to None, run_after=None
Setting next_dagrun for dataset_consumes_1_never_scheduled to None, run_after=None
Setting next_dagrun for dataset_consumes_unknown_never_scheduled to None, run_after=None
Setting next_dagrun for dataset_produces_1 to 2026-02-02 00:00:00+00:00, run_after=2026-02-02 00:00:00+00:00
Setting next_dagrun for dataset_produces_2 to None, run_after=None
Processing /home/airflow/.local/lib/python3.12/site-packages/airflow/example_dags/example_datasets.py took 0.096 seconds
Started process (PID=38) to work on /home/airflow/.local/lib/python3.12/site-packages/airflow/example_dags/example_datasets.py
Processing file /home/airflow/.local/lib/python3.12/site-packages/airflow/example_dags/example_datasets.py for tasks to queue
Filling up the DagBag from /home/airflow/.local/lib/python3.12/site-packages/airflow/example_dags/example_datasets.py
DAG(s) 'dataset_consumes_1_never_scheduled', 'dataset_produces_1', 'dataset_produces_2', 'dataset_consumes_1_and_2', 'consume_1_or_2_with_dataset_expressions', 'consume_1_or_both_2_and_3_with_dataset_expressions', 'dataset_consumes_unknown_never_scheduled', 'consume_1_and_2_with_dataset_expressions', 'dataset_consumes_1', 'conditional_dataset_and_time_based_timetable' retrieved from /home/airflow/.local/lib/python3.12/site-packages/airflow/example_dags/example_datasets.py
Sync 10 DAGs
Setting next_dagrun for conditional_dataset_and_time_based_timetable to 2026-01-28 01:00:00+00:00, run_after=2026-01-28 01:00:00+00:00
Setting next_dagrun for consume_1_and_2_with_dataset_expressions to None, run_after=None
Setting next_dagrun for consume_1_or_2_with_dataset_expressions to None, run_after=None
Setting next_dagrun for consume_1_or_both_2_and_3_with_dataset_expressions to None, run_after=None
Setting next_dagrun for dataset_consumes_1 to None, run_after=None
Setting next_dagrun for dataset_consumes_1_and_2 to None, run_after=None
Setting next_dagrun for dataset_consumes_1_never_scheduled to None, run_after=None
Setting next_dagrun for dataset_consumes_unknown_never_scheduled to None, run_after=None
Setting next_dagrun for dataset_produces_1 to 2026-02-02 00:00:00+00:00, run_after=2026-02-02 00:00:00+00:00
Setting next_dagrun for dataset_produces_2 to None, run_after=None
Processing /home/airflow/.local/lib/python3.12/site-packages/airflow/example_dags/example_datasets.py took 0.344 seconds
Started process (PID=104) to work on /home/airflow/.local/lib/python3.12/site-packages/airflow/example_dags/example_datasets.py
Processing file /home/airflow/.local/lib/python3.12/site-packages/airflow/example_dags/example_datasets.py for tasks to queue
Filling up the DagBag from /home/airflow/.local/lib/python3.12/site-packages/airflow/example_dags/example_datasets.py
DAG(s) 'dataset_consumes_1_and_2', 'dataset_consumes_1', 'consume_1_or_both_2_and_3_with_dataset_expressions', 'consume_1_and_2_with_dataset_expressions', 'dataset_consumes_1_never_scheduled', 'dataset_produces_2', 'consume_1_or_2_with_dataset_expressions', 'dataset_produces_1', 'conditional_dataset_and_time_based_timetable', 'dataset_consumes_unknown_never_scheduled' retrieved from /home/airflow/.local/lib/python3.12/site-packages/airflow/example_dags/example_datasets.py
Sync 10 DAGs
Setting next_dagrun for conditional_dataset_and_time_based_timetable to 2026-01-28 01:00:00+00:00, run_after=2026-01-28 01:00:00+00:00
Setting next_dagrun for consume_1_and_2_with_dataset_expressions to None, run_after=None
Setting next_dagrun for consume_1_or_2_with_dataset_expressions to None, run_after=None
Setting next_dagrun for consume_1_or_both_2_and_3_with_dataset_expressions to None, run_after=None
Setting next_dagrun for dataset_consumes_1 to None, run_after=None
Setting next_dagrun for dataset_consumes_1_and_2 to None, run_after=None
Setting next_dagrun for dataset_consumes_1_never_scheduled to None, run_after=None
Setting next_dagrun for dataset_consumes_unknown_never_scheduled to None, run_after=None
Setting next_dagrun for dataset_produces_1 to 2026-02-02 00:00:00+00:00, run_after=2026-02-02 00:00:00+00:00
Setting next_dagrun for dataset_produces_2 to None, run_after=None
Processing /home/airflow/.local/lib/python3.12/site-packages/airflow/example_dags/example_datasets.py took 0.136 seconds
Started process (PID=177) to work on /home/airflow/.local/lib/python3.12/site-packages/airflow/example_dags/example_datasets.py
Processing file /home/airflow/.local/lib/python3.12/site-packages/airflow/example_dags/example_datasets.py for tasks to queue
Filling up the DagBag from /home/airflow/.local/lib/python3.12/site-packages/airflow/example_dags/example_datasets.py
DAG(s) 'dataset_consumes_unknown_never_scheduled', 'dataset_consumes_1', 'dataset_consumes_1_never_scheduled', 'dataset_produces_1', 'dataset_consumes_1_and_2', 'consume_1_and_2_with_dataset_expressions', 'consume_1_or_2_with_dataset_expressions', 'conditional_dataset_and_time_based_timetable', 'dataset_produces_2', 'consume_1_or_both_2_and_3_with_dataset_expressions' retrieved from /home/airflow/.local/lib/python3.12/site-packages/airflow/example_dags/example_datasets.py
Sync 10 DAGs
Setting next_dagrun for conditional_dataset_and_time_based_timetable to 2026-01-28 01:00:00+00:00, run_after=2026-01-28 01:00:00+00:00
Setting next_dagrun for consume_1_and_2_with_dataset_expressions to None, run_after=None
Setting next_dagrun for consume_1_or_2_with_dataset_expressions to None, run_after=None
Setting next_dagrun for consume_1_or_both_2_and_3_with_dataset_expressions to None, run_after=None
Setting next_dagrun for dataset_consumes_1 to None, run_after=None
Setting next_dagrun for dataset_consumes_1_and_2 to None, run_after=None
Setting next_dagrun for dataset_consumes_1_never_scheduled to None, run_after=None
Setting next_dagrun for dataset_consumes_unknown_never_scheduled to None, run_after=None
Setting next_dagrun for dataset_produces_1 to 2026-02-02 00:00:00+00:00, run_after=2026-02-02 00:00:00+00:00
Setting next_dagrun for dataset_produces_2 to None, run_after=None
Processing /home/airflow/.local/lib/python3.12/site-packages/airflow/example_dags/example_datasets.py took 0.108 seconds
Started process (PID=243) to work on /home/airflow/.local/lib/python3.12/site-packages/airflow/example_dags/example_datasets.py
Processing file /home/airflow/.local/lib/python3.12/site-packages/airflow/example_dags/example_datasets.py for tasks to queue
Filling up the DagBag from /home/airflow/.local/lib/python3.12/site-packages/airflow/example_dags/example_datasets.py
DAG(s) 'dataset_consumes_1_never_scheduled', 'dataset_consumes_1', 'consume_1_or_2_with_dataset_expressions', 'consume_1_or_both_2_and_3_with_dataset_expressions', 'conditional_dataset_and_time_based_timetable', 'consume_1_and_2_with_dataset_expressions', 'dataset_produces_1', 'dataset_consumes_1_and_2', 'dataset_consumes_unknown_never_scheduled', 'dataset_produces_2' retrieved from /home/airflow/.local/lib/python3.12/site-packages/airflow/example_dags/example_datasets.py
Sync 10 DAGs
Setting next_dagrun for conditional_dataset_and_time_based_timetable to 2026-01-28 01:00:00+00:00, run_after=2026-01-28 01:00:00+00:00
Setting next_dagrun for consume_1_and_2_with_dataset_expressions to None, run_after=None
Setting next_dagrun for consume_1_or_2_with_dataset_expressions to None, run_after=None
Setting next_dagrun for consume_1_or_both_2_and_3_with_dataset_expressions to None, run_after=None
Setting next_dagrun for dataset_consumes_1 to None, run_after=None
Setting next_dagrun for dataset_consumes_1_and_2 to None, run_after=None
Setting next_dagrun for dataset_consumes_1_never_scheduled to None, run_after=None
Setting next_dagrun for dataset_consumes_unknown_never_scheduled to None, run_after=None
Setting next_dagrun for dataset_produces_1 to 2026-02-02 00:00:00+00:00, run_after=2026-02-02 00:00:00+00:00
Setting next_dagrun for dataset_produces_2 to None, run_after=None
Processing /home/airflow/.local/lib/python3.12/site-packages/airflow/example_dags/example_datasets.py took 0.095 seconds
Started process (PID=317) to work on /home/airflow/.local/lib/python3.12/site-packages/airflow/example_dags/example_datasets.py
Processing file /home/airflow/.local/lib/python3.12/site-packages/airflow/example_dags/example_datasets.py for tasks to queue
Filling up the DagBag from /home/airflow/.local/lib/python3.12/site-packages/airflow/example_dags/example_datasets.py
DAG(s) 'dataset_produces_2', 'dataset_consumes_1_and_2', 'dataset_produces_1', 'consume_1_and_2_with_dataset_expressions', 'dataset_consumes_1_never_scheduled', 'dataset_consumes_unknown_never_scheduled', 'consume_1_or_2_with_dataset_expressions', 'conditional_dataset_and_time_based_timetable', 'dataset_consumes_1', 'consume_1_or_both_2_and_3_with_dataset_expressions' retrieved from /home/airflow/.local/lib/python3.12/site-packages/airflow/example_dags/example_datasets.py
Sync 10 DAGs
Setting next_dagrun for conditional_dataset_and_time_based_timetable to 2026-01-28 01:00:00+00:00, run_after=2026-01-28 01:00:00+00:00
Setting next_dagrun for consume_1_and_2_with_dataset_expressions to None, run_after=None
Setting next_dagrun for consume_1_or_2_with_dataset_expressions to None, run_after=None
Setting next_dagrun for consume_1_or_both_2_and_3_with_dataset_expressions to None, run_after=None
Setting next_dagrun for dataset_consumes_1 to None, run_after=None
Setting next_dagrun for dataset_consumes_1_and_2 to None, run_after=None
Setting next_dagrun for dataset_consumes_1_never_scheduled to None, run_after=None
Setting next_dagrun for dataset_consumes_unknown_never_scheduled to None, run_after=None
Setting next_dagrun for dataset_produces_1 to 2026-02-02 00:00:00+00:00, run_after=2026-02-02 00:00:00+00:00
Setting next_dagrun for dataset_produces_2 to None, run_after=None
Processing /home/airflow/.local/lib/python3.12/site-packages/airflow/example_dags/example_datasets.py took 0.098 seconds
Started process (PID=383) to work on /home/airflow/.local/lib/python3.12/site-packages/airflow/example_dags/example_datasets.py
Processing file /home/airflow/.local/lib/python3.12/site-packages/airflow/example_dags/example_datasets.py for tasks to queue
Filling up the DagBag from /home/airflow/.local/lib/python3.12/site-packages/airflow/example_dags/example_datasets.py
DAG(s) 'dataset_consumes_1', 'consume_1_or_both_2_and_3_with_dataset_expressions', 'consume_1_and_2_with_dataset_expressions', 'dataset_consumes_unknown_never_scheduled', 'dataset_consumes_1_and_2', 'conditional_dataset_and_time_based_timetable', 'dataset_produces_1', 'consume_1_or_2_with_dataset_expressions', 'dataset_produces_2', 'dataset_consumes_1_never_scheduled' retrieved from /home/airflow/.local/lib/python3.12/site-packages/airflow/example_dags/example_datasets.py
Sync 10 DAGs
Setting next_dagrun for conditional_dataset_and_time_based_timetable to 2026-01-28 01:00:00+00:00, run_after=2026-01-28 01:00:00+00:00
Setting next_dagrun for consume_1_and_2_with_dataset_expressions to None, run_after=None
Setting next_dagrun for consume_1_or_2_with_dataset_expressions to None, run_after=None
Setting next_dagrun for consume_1_or_both_2_and_3_with_dataset_expressions to None, run_after=None
Setting next_dagrun for dataset_consumes_1 to None, run_after=None
Setting next_dagrun for dataset_consumes_1_and_2 to None, run_after=None
Setting next_dagrun for dataset_consumes_1_never_scheduled to None, run_after=None
Setting next_dagrun for dataset_consumes_unknown_never_scheduled to None, run_after=None
Setting next_dagrun for dataset_produces_1 to 2026-02-02 00:00:00+00:00, run_after=2026-02-02 00:00:00+00:00
Setting next_dagrun for dataset_produces_2 to None, run_after=None
Processing /home/airflow/.local/lib/python3.12/site-packages/airflow/example_dags/example_datasets.py took 0.107 seconds
Started process (PID=457) to work on /home/airflow/.local/lib/python3.12/site-packages/airflow/example_dags/example_datasets.py
Processing file /home/airflow/.local/lib/python3.12/site-packages/airflow/example_dags/example_datasets.py for tasks to queue
Filling up the DagBag from /home/airflow/.local/lib/python3.12/site-packages/airflow/example_dags/example_datasets.py
DAG(s) 'dataset_consumes_1_and_2', 'consume_1_or_2_with_dataset_expressions', 'dataset_consumes_unknown_never_scheduled', 'dataset_produces_2', 'consume_1_or_both_2_and_3_with_dataset_expressions', 'dataset_produces_1', 'dataset_consumes_1', 'conditional_dataset_and_time_based_timetable', 'consume_1_and_2_with_dataset_expressions', 'dataset_consumes_1_never_scheduled' retrieved from /home/airflow/.local/lib/python3.12/site-packages/airflow/example_dags/example_datasets.py
Sync 10 DAGs
Setting next_dagrun for conditional_dataset_and_time_based_timetable to 2026-01-28 01:00:00+00:00, run_after=2026-01-28 01:00:00+00:00
Setting next_dagrun for consume_1_and_2_with_dataset_expressions to None, run_after=None
Setting next_dagrun for consume_1_or_2_with_dataset_expressions to None, run_after=None
Setting next_dagrun for consume_1_or_both_2_and_3_with_dataset_expressions to None, run_after=None
Setting next_dagrun for dataset_consumes_1 to None, run_after=None
Setting next_dagrun for dataset_consumes_1_and_2 to None, run_after=None
Setting next_dagrun for dataset_consumes_1_never_scheduled to None, run_after=None
Setting next_dagrun for dataset_consumes_unknown_never_scheduled to None, run_after=None
Setting next_dagrun for dataset_produces_1 to 2026-02-02 00:00:00+00:00, run_after=2026-02-02 00:00:00+00:00
Setting next_dagrun for dataset_produces_2 to None, run_after=None
Processing /home/airflow/.local/lib/python3.12/site-packages/airflow/example_dags/example_datasets.py took 0.129 seconds
Started process (PID=523) to work on /home/airflow/.local/lib/python3.12/site-packages/airflow/example_dags/example_datasets.py
Processing file /home/airflow/.local/lib/python3.12/site-packages/airflow/example_dags/example_datasets.py for tasks to queue
Filling up the DagBag from /home/airflow/.local/lib/python3.12/site-packages/airflow/example_dags/example_datasets.py
DAG(s) 'consume_1_or_2_with_dataset_expressions', 'dataset_consumes_unknown_never_scheduled', 'consume_1_or_both_2_and_3_with_dataset_expressions', 'conditional_dataset_and_time_based_timetable', 'dataset_consumes_1', 'dataset_produces_1', 'dataset_consumes_1_and_2', 'dataset_produces_2', 'consume_1_and_2_with_dataset_expressions', 'dataset_consumes_1_never_scheduled' retrieved from /home/airflow/.local/lib/python3.12/site-packages/airflow/example_dags/example_datasets.py
Sync 10 DAGs
Setting next_dagrun for conditional_dataset_and_time_based_timetable to 2026-01-28 01:00:00+00:00, run_after=2026-01-28 01:00:00+00:00
Setting next_dagrun for consume_1_and_2_with_dataset_expressions to None, run_after=None
Setting next_dagrun for consume_1_or_2_with_dataset_expressions to None, run_after=None
Setting next_dagrun for consume_1_or_both_2_and_3_with_dataset_expressions to None, run_after=None
Setting next_dagrun for dataset_consumes_1 to None, run_after=None
Setting next_dagrun for dataset_consumes_1_and_2 to None, run_after=None
Setting next_dagrun for dataset_consumes_1_never_scheduled to None, run_after=None
Setting next_dagrun for dataset_consumes_unknown_never_scheduled to None, run_after=None
Setting next_dagrun for dataset_produces_1 to 2026-02-02 00:00:00+00:00, run_after=2026-02-02 00:00:00+00:00
Setting next_dagrun for dataset_produces_2 to None, run_after=None
Processing /home/airflow/.local/lib/python3.12/site-packages/airflow/example_dags/example_datasets.py took 0.126 seconds
Started process (PID=596) to work on /home/airflow/.local/lib/python3.12/site-packages/airflow/example_dags/example_datasets.py
Processing file /home/airflow/.local/lib/python3.12/site-packages/airflow/example_dags/example_datasets.py for tasks to queue
Filling up the DagBag from /home/airflow/.local/lib/python3.12/site-packages/airflow/example_dags/example_datasets.py
DAG(s) 'consume_1_and_2_with_dataset_expressions', 'dataset_consumes_1', 'conditional_dataset_and_time_based_timetable', 'dataset_produces_2', 'consume_1_or_2_with_dataset_expressions', 'dataset_consumes_1_never_scheduled', 'dataset_produces_1', 'dataset_consumes_unknown_never_scheduled', 'consume_1_or_both_2_and_3_with_dataset_expressions', 'dataset_consumes_1_and_2' retrieved from /home/airflow/.local/lib/python3.12/site-packages/airflow/example_dags/example_datasets.py
Sync 10 DAGs
Setting next_dagrun for conditional_dataset_and_time_based_timetable to 2026-01-28 01:00:00+00:00, run_after=2026-01-28 01:00:00+00:00
Setting next_dagrun for consume_1_and_2_with_dataset_expressions to None, run_after=None
Setting next_dagrun for consume_1_or_2_with_dataset_expressions to None, run_after=None
Setting next_dagrun for consume_1_or_both_2_and_3_with_dataset_expressions to None, run_after=None
Setting next_dagrun for dataset_consumes_1 to None, run_after=None
Setting next_dagrun for dataset_consumes_1_and_2 to None, run_after=None
Setting next_dagrun for dataset_consumes_1_never_scheduled to None, run_after=None
Setting next_dagrun for dataset_consumes_unknown_never_scheduled to None, run_after=None
Setting next_dagrun for dataset_produces_1 to 2026-02-02 00:00:00+00:00, run_after=2026-02-02 00:00:00+00:00
Setting next_dagrun for dataset_produces_2 to None, run_after=None
Processing /home/airflow/.local/lib/python3.12/site-packages/airflow/example_dags/example_datasets.py took 0.098 seconds
Started process (PID=662) to work on /home/airflow/.local/lib/python3.12/site-packages/airflow/example_dags/example_datasets.py
Processing file /home/airflow/.local/lib/python3.12/site-packages/airflow/example_dags/example_datasets.py for tasks to queue
Filling up the DagBag from /home/airflow/.local/lib/python3.12/site-packages/airflow/example_dags/example_datasets.py
DAG(s) 'dataset_consumes_1_never_scheduled', 'dataset_consumes_1_and_2', 'dataset_consumes_unknown_never_scheduled', 'dataset_produces_2', 'consume_1_and_2_with_dataset_expressions', 'conditional_dataset_and_time_based_timetable', 'consume_1_or_both_2_and_3_with_dataset_expressions', 'consume_1_or_2_with_dataset_expressions', 'dataset_produces_1', 'dataset_consumes_1' retrieved from /home/airflow/.local/lib/python3.12/site-packages/airflow/example_dags/example_datasets.py
Sync 10 DAGs
Setting next_dagrun for conditional_dataset_and_time_based_timetable to 2026-01-28 01:00:00+00:00, run_after=2026-01-28 01:00:00+00:00
Setting next_dagrun for consume_1_and_2_with_dataset_expressions to None, run_after=None
Setting next_dagrun for consume_1_or_2_with_dataset_expressions to None, run_after=None
Setting next_dagrun for consume_1_or_both_2_and_3_with_dataset_expressions to None, run_after=None
Setting next_dagrun for dataset_consumes_1 to None, run_after=None
Setting next_dagrun for dataset_consumes_1_and_2 to None, run_after=None
Setting next_dagrun for dataset_consumes_1_never_scheduled to None, run_after=None
Setting next_dagrun for dataset_consumes_unknown_never_scheduled to None, run_after=None
Setting next_dagrun for dataset_produces_1 to 2026-02-02 00:00:00+00:00, run_after=2026-02-02 00:00:00+00:00
Setting next_dagrun for dataset_produces_2 to None, run_after=None
Processing /home/airflow/.local/lib/python3.12/site-packages/airflow/example_dags/example_datasets.py took 0.101 seconds
Started process (PID=735) to work on /home/airflow/.local/lib/python3.12/site-packages/airflow/example_dags/example_datasets.py
Processing file /home/airflow/.local/lib/python3.12/site-packages/airflow/example_dags/example_datasets.py for tasks to queue
Filling up the DagBag from /home/airflow/.local/lib/python3.12/site-packages/airflow/example_dags/example_datasets.py
DAG(s) 'consume_1_or_both_2_and_3_with_dataset_expressions', 'dataset_consumes_unknown_never_scheduled', 'dataset_consumes_1', 'consume_1_or_2_with_dataset_expressions', 'dataset_produces_1', 'conditional_dataset_and_time_based_timetable', 'dataset_produces_2', 'consume_1_and_2_with_dataset_expressions', 'dataset_consumes_1_and_2', 'dataset_consumes_1_never_scheduled' retrieved from /home/airflow/.local/lib/python3.12/site-packages/airflow/example_dags/example_datasets.py
Sync 10 DAGs
Setting next_dagrun for conditional_dataset_and_time_based_timetable to 2026-01-28 01:00:00+00:00, run_after=2026-01-28 01:00:00+00:00
Setting next_dagrun for consume_1_and_2_with_dataset_expressions to None, run_after=None
Setting next_dagrun for consume_1_or_2_with_dataset_expressions to None, run_after=None
Setting next_dagrun for consume_1_or_both_2_and_3_with_dataset_expressions to None, run_after=None
Setting next_dagrun for dataset_consumes_1 to None, run_after=None
Setting next_dagrun for dataset_consumes_1_and_2 to None, run_after=None
Setting next_dagrun for dataset_consumes_1_never_scheduled to None, run_after=None
Setting next_dagrun for dataset_consumes_unknown_never_scheduled to None, run_after=None
Setting next_dagrun for dataset_produces_1 to 2026-02-02 00:00:00+00:00, run_after=2026-02-02 00:00:00+00:00
Setting next_dagrun for dataset_produces_2 to None, run_after=None
Processing /home/airflow/.local/lib/python3.12/site-packages/airflow/example_dags/example_datasets.py took 0.173 seconds
Started process (PID=801) to work on /home/airflow/.local/lib/python3.12/site-packages/airflow/example_dags/example_datasets.py
Processing file /home/airflow/.local/lib/python3.12/site-packages/airflow/example_dags/example_datasets.py for tasks to queue
Filling up the DagBag from /home/airflow/.local/lib/python3.12/site-packages/airflow/example_dags/example_datasets.py
DAG(s) 'conditional_dataset_and_time_based_timetable', 'dataset_produces_1', 'dataset_consumes_unknown_never_scheduled', 'dataset_consumes_1', 'consume_1_or_both_2_and_3_with_dataset_expressions', 'dataset_consumes_1_never_scheduled', 'dataset_produces_2', 'dataset_consumes_1_and_2', 'consume_1_and_2_with_dataset_expressions', 'consume_1_or_2_with_dataset_expressions' retrieved from /home/airflow/.local/lib/python3.12/site-packages/airflow/example_dags/example_datasets.py
Sync 10 DAGs
Setting next_dagrun for conditional_dataset_and_time_based_timetable to 2026-01-28 01:00:00+00:00, run_after=2026-01-28 01:00:00+00:00
Setting next_dagrun for consume_1_and_2_with_dataset_expressions to None, run_after=None
Setting next_dagrun for consume_1_or_2_with_dataset_expressions to None, run_after=None
Setting next_dagrun for consume_1_or_both_2_and_3_with_dataset_expressions to None, run_after=None
Setting next_dagrun for dataset_consumes_1 to None, run_after=None
Setting next_dagrun for dataset_consumes_1_and_2 to None, run_after=None
Setting next_dagrun for dataset_consumes_1_never_scheduled to None, run_after=None
Setting next_dagrun for dataset_consumes_unknown_never_scheduled to None, run_after=None
Setting next_dagrun for dataset_produces_1 to 2026-02-02 00:00:00+00:00, run_after=2026-02-02 00:00:00+00:00
Setting next_dagrun for dataset_produces_2 to None, run_after=None
Processing /home/airflow/.local/lib/python3.12/site-packages/airflow/example_dags/example_datasets.py took 0.115 seconds
Started process (PID=875) to work on /home/airflow/.local/lib/python3.12/site-packages/airflow/example_dags/example_datasets.py
Processing file /home/airflow/.local/lib/python3.12/site-packages/airflow/example_dags/example_datasets.py for tasks to queue
Filling up the DagBag from /home/airflow/.local/lib/python3.12/site-packages/airflow/example_dags/example_datasets.py
DAG(s) 'dataset_produces_2', 'dataset_consumes_1_never_scheduled', 'dataset_consumes_1', 'dataset_consumes_unknown_never_scheduled', 'consume_1_or_both_2_and_3_with_dataset_expressions', 'consume_1_and_2_with_dataset_expressions', 'consume_1_or_2_with_dataset_expressions', 'dataset_consumes_1_and_2', 'conditional_dataset_and_time_based_timetable', 'dataset_produces_1' retrieved from /home/airflow/.local/lib/python3.12/site-packages/airflow/example_dags/example_datasets.py
Sync 10 DAGs
Setting next_dagrun for conditional_dataset_and_time_based_timetable to 2026-01-28 01:00:00+00:00, run_after=2026-01-28 01:00:00+00:00
Setting next_dagrun for consume_1_and_2_with_dataset_expressions to None, run_after=None
Setting next_dagrun for consume_1_or_2_with_dataset_expressions to None, run_after=None
Setting next_dagrun for consume_1_or_both_2_and_3_with_dataset_expressions to None, run_after=None
Setting next_dagrun for dataset_consumes_1 to None, run_after=None
Setting next_dagrun for dataset_consumes_1_and_2 to None, run_after=None
Setting next_dagrun for dataset_consumes_1_never_scheduled to None, run_after=None
Setting next_dagrun for dataset_consumes_unknown_never_scheduled to None, run_after=None
Setting next_dagrun for dataset_produces_1 to 2026-02-02 00:00:00+00:00, run_after=2026-02-02 00:00:00+00:00
Setting next_dagrun for dataset_produces_2 to None, run_after=None
Processing /home/airflow/.local/lib/python3.12/site-packages/airflow/example_dags/example_datasets.py took 0.104 seconds
Started process (PID=940) to work on /home/airflow/.local/lib/python3.12/site-packages/airflow/example_dags/example_datasets.py
Processing file /home/airflow/.local/lib/python3.12/site-packages/airflow/example_dags/example_datasets.py for tasks to queue
Filling up the DagBag from /home/airflow/.local/lib/python3.12/site-packages/airflow/example_dags/example_datasets.py
DAG(s) 'consume_1_and_2_with_dataset_expressions', 'conditional_dataset_and_time_based_timetable', 'dataset_consumes_1_never_scheduled', 'dataset_consumes_1_and_2', 'dataset_consumes_1', 'consume_1_or_both_2_and_3_with_dataset_expressions', 'dataset_produces_1', 'consume_1_or_2_with_dataset_expressions', 'dataset_produces_2', 'dataset_consumes_unknown_never_scheduled' retrieved from /home/airflow/.local/lib/python3.12/site-packages/airflow/example_dags/example_datasets.py
Sync 10 DAGs
Setting next_dagrun for conditional_dataset_and_time_based_timetable to 2026-01-28 01:00:00+00:00, run_after=2026-01-28 01:00:00+00:00
Setting next_dagrun for consume_1_and_2_with_dataset_expressions to None, run_after=None
Setting next_dagrun for consume_1_or_2_with_dataset_expressions to None, run_after=None
Setting next_dagrun for consume_1_or_both_2_and_3_with_dataset_expressions to None, run_after=None
Setting next_dagrun for dataset_consumes_1 to None, run_after=None
Setting next_dagrun for dataset_consumes_1_and_2 to None, run_after=None
Setting next_dagrun for dataset_consumes_1_never_scheduled to None, run_after=None
Setting next_dagrun for dataset_consumes_unknown_never_scheduled to None, run_after=None
Setting next_dagrun for dataset_produces_1 to 2026-02-02 00:00:00+00:00, run_after=2026-02-02 00:00:00+00:00
Setting next_dagrun for dataset_produces_2 to None, run_after=None
Processing /home/airflow/.local/lib/python3.12/site-packages/airflow/example_dags/example_datasets.py took 0.099 seconds
Started process (PID=1013) to work on /home/airflow/.local/lib/python3.12/site-packages/airflow/example_dags/example_datasets.py
Processing file /home/airflow/.local/lib/python3.12/site-packages/airflow/example_dags/example_datasets.py for tasks to queue
Filling up the DagBag from /home/airflow/.local/lib/python3.12/site-packages/airflow/example_dags/example_datasets.py
DAG(s) 'dataset_produces_2', 'dataset_produces_1', 'consume_1_or_2_with_dataset_expressions', 'consume_1_and_2_with_dataset_expressions', 'dataset_consumes_1_and_2', 'dataset_consumes_1_never_scheduled', 'consume_1_or_both_2_and_3_with_dataset_expressions', 'conditional_dataset_and_time_based_timetable', 'dataset_consumes_1', 'dataset_consumes_unknown_never_scheduled' retrieved from /home/airflow/.local/lib/python3.12/site-packages/airflow/example_dags/example_datasets.py
Sync 10 DAGs
Setting next_dagrun for conditional_dataset_and_time_based_timetable to 2026-01-28 01:00:00+00:00, run_after=2026-01-28 01:00:00+00:00
Setting next_dagrun for consume_1_and_2_with_dataset_expressions to None, run_after=None
Setting next_dagrun for consume_1_or_2_with_dataset_expressions to None, run_after=None
Setting next_dagrun for consume_1_or_both_2_and_3_with_dataset_expressions to None, run_after=None
Setting next_dagrun for dataset_consumes_1 to None, run_after=None
Setting next_dagrun for dataset_consumes_1_and_2 to None, run_after=None
Setting next_dagrun for dataset_consumes_1_never_scheduled to None, run_after=None
Setting next_dagrun for dataset_consumes_unknown_never_scheduled to None, run_after=None
Setting next_dagrun for dataset_produces_1 to 2026-02-02 00:00:00+00:00, run_after=2026-02-02 00:00:00+00:00
Setting next_dagrun for dataset_produces_2 to None, run_after=None
Processing /home/airflow/.local/lib/python3.12/site-packages/airflow/example_dags/example_datasets.py took 0.101 seconds
Started process (PID=1079) to work on /home/airflow/.local/lib/python3.12/site-packages/airflow/example_dags/example_datasets.py
Processing file /home/airflow/.local/lib/python3.12/site-packages/airflow/example_dags/example_datasets.py for tasks to queue
Filling up the DagBag from /home/airflow/.local/lib/python3.12/site-packages/airflow/example_dags/example_datasets.py
DAG(s) 'dataset_produces_1', 'conditional_dataset_and_time_based_timetable', 'consume_1_and_2_with_dataset_expressions', 'dataset_consumes_1', 'dataset_consumes_1_never_scheduled', 'dataset_consumes_unknown_never_scheduled', 'dataset_produces_2', 'consume_1_or_2_with_dataset_expressions', 'dataset_consumes_1_and_2', 'consume_1_or_both_2_and_3_with_dataset_expressions' retrieved from /home/airflow/.local/lib/python3.12/site-packages/airflow/example_dags/example_datasets.py
Sync 10 DAGs
Setting next_dagrun for conditional_dataset_and_time_based_timetable to 2026-01-28 01:00:00+00:00, run_after=2026-01-28 01:00:00+00:00
Setting next_dagrun for consume_1_and_2_with_dataset_expressions to None, run_after=None
Setting next_dagrun for consume_1_or_2_with_dataset_expressions to None, run_after=None
Setting next_dagrun for consume_1_or_both_2_and_3_with_dataset_expressions to None, run_after=None
Setting next_dagrun for dataset_consumes_1 to None, run_after=None
Setting next_dagrun for dataset_consumes_1_and_2 to None, run_after=None
Setting next_dagrun for dataset_consumes_1_never_scheduled to None, run_after=None
Setting next_dagrun for dataset_consumes_unknown_never_scheduled to None, run_after=None
Setting next_dagrun for dataset_produces_1 to 2026-02-02 00:00:00+00:00, run_after=2026-02-02 00:00:00+00:00
Setting next_dagrun for dataset_produces_2 to None, run_after=None
Processing /home/airflow/.local/lib/python3.12/site-packages/airflow/example_dags/example_datasets.py took 0.099 seconds
Started process (PID=1153) to work on /home/airflow/.local/lib/python3.12/site-packages/airflow/example_dags/example_datasets.py
Processing file /home/airflow/.local/lib/python3.12/site-packages/airflow/example_dags/example_datasets.py for tasks to queue
Filling up the DagBag from /home/airflow/.local/lib/python3.12/site-packages/airflow/example_dags/example_datasets.py
DAG(s) 'consume_1_and_2_with_dataset_expressions', 'dataset_consumes_unknown_never_scheduled', 'dataset_consumes_1_never_scheduled', 'dataset_consumes_1_and_2', 'consume_1_or_2_with_dataset_expressions', 'dataset_produces_1', 'consume_1_or_both_2_and_3_with_dataset_expressions', 'dataset_consumes_1', 'dataset_produces_2', 'conditional_dataset_and_time_based_timetable' retrieved from /home/airflow/.local/lib/python3.12/site-packages/airflow/example_dags/example_datasets.py
Sync 10 DAGs
Setting next_dagrun for conditional_dataset_and_time_based_timetable to 2026-01-28 01:00:00+00:00, run_after=2026-01-28 01:00:00+00:00
Setting next_dagrun for consume_1_and_2_with_dataset_expressions to None, run_after=None
Setting next_dagrun for consume_1_or_2_with_dataset_expressions to None, run_after=None
Setting next_dagrun for consume_1_or_both_2_and_3_with_dataset_expressions to None, run_after=None
Setting next_dagrun for dataset_consumes_1 to None, run_after=None
Setting next_dagrun for dataset_consumes_1_and_2 to None, run_after=None
Setting next_dagrun for dataset_consumes_1_never_scheduled to None, run_after=None
Setting next_dagrun for dataset_consumes_unknown_never_scheduled to None, run_after=None
Setting next_dagrun for dataset_produces_1 to 2026-02-02 00:00:00+00:00, run_after=2026-02-02 00:00:00+00:00
Setting next_dagrun for dataset_produces_2 to None, run_after=None
Processing /home/airflow/.local/lib/python3.12/site-packages/airflow/example_dags/example_datasets.py took 0.098 seconds
Started process (PID=1218) to work on /home/airflow/.local/lib/python3.12/site-packages/airflow/example_dags/example_datasets.py
Processing file /home/airflow/.local/lib/python3.12/site-packages/airflow/example_dags/example_datasets.py for tasks to queue
Filling up the DagBag from /home/airflow/.local/lib/python3.12/site-packages/airflow/example_dags/example_datasets.py
DAG(s) 'consume_1_or_2_with_dataset_expressions', 'dataset_consumes_1_and_2', 'consume_1_or_both_2_and_3_with_dataset_expressions', 'dataset_consumes_unknown_never_scheduled', 'dataset_produces_2', 'dataset_produces_1', 'dataset_consumes_1', 'dataset_consumes_1_never_scheduled', 'consume_1_and_2_with_dataset_expressions', 'conditional_dataset_and_time_based_timetable' retrieved from /home/airflow/.local/lib/python3.12/site-packages/airflow/example_dags/example_datasets.py
Sync 10 DAGs
Setting next_dagrun for conditional_dataset_and_time_based_timetable to 2026-01-28 01:00:00+00:00, run_after=2026-01-28 01:00:00+00:00
Setting next_dagrun for consume_1_and_2_with_dataset_expressions to None, run_after=None
Setting next_dagrun for consume_1_or_2_with_dataset_expressions to None, run_after=None
Setting next_dagrun for consume_1_or_both_2_and_3_with_dataset_expressions to None, run_after=None
Setting next_dagrun for dataset_consumes_1 to None, run_after=None
Setting next_dagrun for dataset_consumes_1_and_2 to None, run_after=None
Setting next_dagrun for dataset_consumes_1_never_scheduled to None, run_after=None
Setting next_dagrun for dataset_consumes_unknown_never_scheduled to None, run_after=None
Setting next_dagrun for dataset_produces_1 to 2026-02-02 00:00:00+00:00, run_after=2026-02-02 00:00:00+00:00
Setting next_dagrun for dataset_produces_2 to None, run_after=None
Processing /home/airflow/.local/lib/python3.12/site-packages/airflow/example_dags/example_datasets.py took 0.101 seconds
Started process (PID=1291) to work on /home/airflow/.local/lib/python3.12/site-packages/airflow/example_dags/example_datasets.py
Processing file /home/airflow/.local/lib/python3.12/site-packages/airflow/example_dags/example_datasets.py for tasks to queue
Filling up the DagBag from /home/airflow/.local/lib/python3.12/site-packages/airflow/example_dags/example_datasets.py
DAG(s) 'dataset_consumes_1_never_scheduled', 'consume_1_or_both_2_and_3_with_dataset_expressions', 'consume_1_and_2_with_dataset_expressions', 'dataset_consumes_unknown_never_scheduled', 'dataset_produces_2', 'dataset_produces_1', 'consume_1_or_2_with_dataset_expressions', 'dataset_consumes_1', 'conditional_dataset_and_time_based_timetable', 'dataset_consumes_1_and_2' retrieved from /home/airflow/.local/lib/python3.12/site-packages/airflow/example_dags/example_datasets.py
Sync 10 DAGs
Setting next_dagrun for conditional_dataset_and_time_based_timetable to 2026-01-28 01:00:00+00:00, run_after=2026-01-28 01:00:00+00:00
Setting next_dagrun for consume_1_and_2_with_dataset_expressions to None, run_after=None
Setting next_dagrun for consume_1_or_2_with_dataset_expressions to None, run_after=None
Setting next_dagrun for consume_1_or_both_2_and_3_with_dataset_expressions to None, run_after=None
Setting next_dagrun for dataset_consumes_1 to None, run_after=None
Setting next_dagrun for dataset_consumes_1_and_2 to None, run_after=None
Setting next_dagrun for dataset_consumes_1_never_scheduled to None, run_after=None
Setting next_dagrun for dataset_consumes_unknown_never_scheduled to None, run_after=None
Setting next_dagrun for dataset_produces_1 to 2026-02-02 00:00:00+00:00, run_after=2026-02-02 00:00:00+00:00
Setting next_dagrun for dataset_produces_2 to None, run_after=None
Processing /home/airflow/.local/lib/python3.12/site-packages/airflow/example_dags/example_datasets.py took 0.106 seconds
Started process (PID=1364) to work on /home/airflow/.local/lib/python3.12/site-packages/airflow/example_dags/example_datasets.py
Processing file /home/airflow/.local/lib/python3.12/site-packages/airflow/example_dags/example_datasets.py for tasks to queue
Filling up the DagBag from /home/airflow/.local/lib/python3.12/site-packages/airflow/example_dags/example_datasets.py
DAG(s) 'dataset_produces_1', 'dataset_consumes_1_and_2', 'dataset_consumes_unknown_never_scheduled', 'consume_1_or_2_with_dataset_expressions', 'dataset_produces_2', 'dataset_consumes_1_never_scheduled', 'dataset_consumes_1', 'conditional_dataset_and_time_based_timetable', 'consume_1_or_both_2_and_3_with_dataset_expressions', 'consume_1_and_2_with_dataset_expressions' retrieved from /home/airflow/.local/lib/python3.12/site-packages/airflow/example_dags/example_datasets.py
Sync 10 DAGs
Setting next_dagrun for conditional_dataset_and_time_based_timetable to 2026-01-28 01:00:00+00:00, run_after=2026-01-28 01:00:00+00:00
Setting next_dagrun for consume_1_and_2_with_dataset_expressions to None, run_after=None
Setting next_dagrun for consume_1_or_2_with_dataset_expressions to None, run_after=None
Setting next_dagrun for consume_1_or_both_2_and_3_with_dataset_expressions to None, run_after=None
Setting next_dagrun for dataset_consumes_1 to None, run_after=None
Setting next_dagrun for dataset_consumes_1_and_2 to None, run_after=None
Setting next_dagrun for dataset_consumes_1_never_scheduled to None, run_after=None
Setting next_dagrun for dataset_consumes_unknown_never_scheduled to None, run_after=None
Setting next_dagrun for dataset_produces_1 to 2026-02-02 00:00:00+00:00, run_after=2026-02-02 00:00:00+00:00
Setting next_dagrun for dataset_produces_2 to None, run_after=None
Processing /home/airflow/.local/lib/python3.12/site-packages/airflow/example_dags/example_datasets.py took 0.181 seconds
Started process (PID=1430) to work on /home/airflow/.local/lib/python3.12/site-packages/airflow/example_dags/example_datasets.py
Processing file /home/airflow/.local/lib/python3.12/site-packages/airflow/example_dags/example_datasets.py for tasks to queue
Filling up the DagBag from /home/airflow/.local/lib/python3.12/site-packages/airflow/example_dags/example_datasets.py
DAG(s) 'conditional_dataset_and_time_based_timetable', 'dataset_consumes_unknown_never_scheduled', 'dataset_consumes_1_and_2', 'dataset_consumes_1', 'consume_1_or_2_with_dataset_expressions', 'dataset_consumes_1_never_scheduled', 'consume_1_and_2_with_dataset_expressions', 'dataset_produces_2', 'dataset_produces_1', 'consume_1_or_both_2_and_3_with_dataset_expressions' retrieved from /home/airflow/.local/lib/python3.12/site-packages/airflow/example_dags/example_datasets.py
Sync 10 DAGs
Setting next_dagrun for conditional_dataset_and_time_based_timetable to 2026-01-28 01:00:00+00:00, run_after=2026-01-28 01:00:00+00:00
Setting next_dagrun for consume_1_and_2_with_dataset_expressions to None, run_after=None
Setting next_dagrun for consume_1_or_2_with_dataset_expressions to None, run_after=None
Setting next_dagrun for consume_1_or_both_2_and_3_with_dataset_expressions to None, run_after=None
Setting next_dagrun for dataset_consumes_1 to None, run_after=None
Setting next_dagrun for dataset_consumes_1_and_2 to None, run_after=None
Setting next_dagrun for dataset_consumes_1_never_scheduled to None, run_after=None
Setting next_dagrun for dataset_consumes_unknown_never_scheduled to None, run_after=None
Setting next_dagrun for dataset_produces_1 to 2026-02-02 00:00:00+00:00, run_after=2026-02-02 00:00:00+00:00
Setting next_dagrun for dataset_produces_2 to None, run_after=None
Processing /home/airflow/.local/lib/python3.12/site-packages/airflow/example_dags/example_datasets.py took 0.324 seconds
Started process (PID=1503) to work on /home/airflow/.local/lib/python3.12/site-packages/airflow/example_dags/example_datasets.py
Processing file /home/airflow/.local/lib/python3.12/site-packages/airflow/example_dags/example_datasets.py for tasks to queue
Filling up the DagBag from /home/airflow/.local/lib/python3.12/site-packages/airflow/example_dags/example_datasets.py
DAG(s) 'conditional_dataset_and_time_based_timetable', 'dataset_consumes_1_never_scheduled', 'consume_1_or_both_2_and_3_with_dataset_expressions', 'consume_1_and_2_with_dataset_expressions', 'dataset_produces_2', 'dataset_consumes_1_and_2', 'dataset_consumes_1', 'dataset_consumes_unknown_never_scheduled', 'dataset_produces_1', 'consume_1_or_2_with_dataset_expressions' retrieved from /home/airflow/.local/lib/python3.12/site-packages/airflow/example_dags/example_datasets.py
Sync 10 DAGs
Setting next_dagrun for conditional_dataset_and_time_based_timetable to 2026-01-28 01:00:00+00:00, run_after=2026-01-28 01:00:00+00:00
Setting next_dagrun for consume_1_and_2_with_dataset_expressions to None, run_after=None
Setting next_dagrun for consume_1_or_2_with_dataset_expressions to None, run_after=None
Setting next_dagrun for consume_1_or_both_2_and_3_with_dataset_expressions to None, run_after=None
Setting next_dagrun for dataset_consumes_1 to None, run_after=None
Setting next_dagrun for dataset_consumes_1_and_2 to None, run_after=None
Setting next_dagrun for dataset_consumes_1_never_scheduled to None, run_after=None
Setting next_dagrun for dataset_consumes_unknown_never_scheduled to None, run_after=None
Setting next_dagrun for dataset_produces_1 to 2026-02-02 00:00:00+00:00, run_after=2026-02-02 00:00:00+00:00
Setting next_dagrun for dataset_produces_2 to None, run_after=None
Processing /home/airflow/.local/lib/python3.12/site-packages/airflow/example_dags/example_datasets.py took 0.107 seconds
Started process (PID=1570) to work on /home/airflow/.local/lib/python3.12/site-packages/airflow/example_dags/example_datasets.py
Processing file /home/airflow/.local/lib/python3.12/site-packages/airflow/example_dags/example_datasets.py for tasks to queue
Filling up the DagBag from /home/airflow/.local/lib/python3.12/site-packages/airflow/example_dags/example_datasets.py
DAG(s) 'dataset_consumes_1_never_scheduled', 'consume_1_and_2_with_dataset_expressions', 'dataset_consumes_unknown_never_scheduled', 'dataset_produces_1', 'consume_1_or_both_2_and_3_with_dataset_expressions', 'dataset_produces_2', 'consume_1_or_2_with_dataset_expressions', 'conditional_dataset_and_time_based_timetable', 'dataset_consumes_1', 'dataset_consumes_1_and_2' retrieved from /home/airflow/.local/lib/python3.12/site-packages/airflow/example_dags/example_datasets.py
Sync 10 DAGs
Setting next_dagrun for conditional_dataset_and_time_based_timetable to 2026-01-28 01:00:00+00:00, run_after=2026-01-28 01:00:00+00:00
Setting next_dagrun for consume_1_and_2_with_dataset_expressions to None, run_after=None
Setting next_dagrun for consume_1_or_2_with_dataset_expressions to None, run_after=None
Setting next_dagrun for consume_1_or_both_2_and_3_with_dataset_expressions to None, run_after=None
Setting next_dagrun for dataset_consumes_1 to None, run_after=None
Setting next_dagrun for dataset_consumes_1_and_2 to None, run_after=None
Setting next_dagrun for dataset_consumes_1_never_scheduled to None, run_after=None
Setting next_dagrun for dataset_consumes_unknown_never_scheduled to None, run_after=None
Setting next_dagrun for dataset_produces_1 to 2026-02-02 00:00:00+00:00, run_after=2026-02-02 00:00:00+00:00
Setting next_dagrun for dataset_produces_2 to None, run_after=None
Processing /home/airflow/.local/lib/python3.12/site-packages/airflow/example_dags/example_datasets.py took 0.115 seconds
Started process (PID=1645) to work on /home/airflow/.local/lib/python3.12/site-packages/airflow/example_dags/example_datasets.py
Processing file /home/airflow/.local/lib/python3.12/site-packages/airflow/example_dags/example_datasets.py for tasks to queue
Filling up the DagBag from /home/airflow/.local/lib/python3.12/site-packages/airflow/example_dags/example_datasets.py
DAG(s) 'consume_1_or_2_with_dataset_expressions', 'dataset_consumes_unknown_never_scheduled', 'dataset_produces_1', 'consume_1_or_both_2_and_3_with_dataset_expressions', 'dataset_produces_2', 'dataset_consumes_1', 'consume_1_and_2_with_dataset_expressions', 'dataset_consumes_1_and_2', 'conditional_dataset_and_time_based_timetable', 'dataset_consumes_1_never_scheduled' retrieved from /home/airflow/.local/lib/python3.12/site-packages/airflow/example_dags/example_datasets.py
Sync 10 DAGs
Setting next_dagrun for conditional_dataset_and_time_based_timetable to 2026-01-28 01:00:00+00:00, run_after=2026-01-28 01:00:00+00:00
Setting next_dagrun for consume_1_and_2_with_dataset_expressions to None, run_after=None
Setting next_dagrun for consume_1_or_2_with_dataset_expressions to None, run_after=None
Setting next_dagrun for consume_1_or_both_2_and_3_with_dataset_expressions to None, run_after=None
Setting next_dagrun for dataset_consumes_1 to None, run_after=None
Setting next_dagrun for dataset_consumes_1_and_2 to None, run_after=None
Setting next_dagrun for dataset_consumes_1_never_scheduled to None, run_after=None
Setting next_dagrun for dataset_consumes_unknown_never_scheduled to None, run_after=None
Setting next_dagrun for dataset_produces_1 to 2026-02-02 00:00:00+00:00, run_after=2026-02-02 00:00:00+00:00
Setting next_dagrun for dataset_produces_2 to None, run_after=None
Processing /home/airflow/.local/lib/python3.12/site-packages/airflow/example_dags/example_datasets.py took 0.114 seconds
Started process (PID=1709) to work on /home/airflow/.local/lib/python3.12/site-packages/airflow/example_dags/example_datasets.py
Processing file /home/airflow/.local/lib/python3.12/site-packages/airflow/example_dags/example_datasets.py for tasks to queue
Filling up the DagBag from /home/airflow/.local/lib/python3.12/site-packages/airflow/example_dags/example_datasets.py
DAG(s) 'dataset_consumes_unknown_never_scheduled', 'consume_1_or_both_2_and_3_with_dataset_expressions', 'dataset_produces_2', 'dataset_consumes_1', 'consume_1_or_2_with_dataset_expressions', 'consume_1_and_2_with_dataset_expressions', 'dataset_produces_1', 'conditional_dataset_and_time_based_timetable', 'dataset_consumes_1_and_2', 'dataset_consumes_1_never_scheduled' retrieved from /home/airflow/.local/lib/python3.12/site-packages/airflow/example_dags/example_datasets.py
Sync 10 DAGs
Setting next_dagrun for conditional_dataset_and_time_based_timetable to 2026-01-28 01:00:00+00:00, run_after=2026-01-28 01:00:00+00:00
Setting next_dagrun for consume_1_and_2_with_dataset_expressions to None, run_after=None
Setting next_dagrun for consume_1_or_2_with_dataset_expressions to None, run_after=None
Setting next_dagrun for consume_1_or_both_2_and_3_with_dataset_expressions to None, run_after=None
Setting next_dagrun for dataset_consumes_1 to None, run_after=None
Setting next_dagrun for dataset_consumes_1_and_2 to None, run_after=None
Setting next_dagrun for dataset_consumes_1_never_scheduled to None, run_after=None
Setting next_dagrun for dataset_consumes_unknown_never_scheduled to None, run_after=None
Setting next_dagrun for dataset_produces_1 to 2026-02-02 00:00:00+00:00, run_after=2026-02-02 00:00:00+00:00
Setting next_dagrun for dataset_produces_2 to None, run_after=None
Processing /home/airflow/.local/lib/python3.12/site-packages/airflow/example_dags/example_datasets.py took 0.106 seconds
Started process (PID=1782) to work on /home/airflow/.local/lib/python3.12/site-packages/airflow/example_dags/example_datasets.py
Processing file /home/airflow/.local/lib/python3.12/site-packages/airflow/example_dags/example_datasets.py for tasks to queue
Filling up the DagBag from /home/airflow/.local/lib/python3.12/site-packages/airflow/example_dags/example_datasets.py
DAG(s) 'consume_1_and_2_with_dataset_expressions', 'dataset_consumes_unknown_never_scheduled', 'consume_1_or_both_2_and_3_with_dataset_expressions', 'consume_1_or_2_with_dataset_expressions', 'dataset_consumes_1', 'dataset_consumes_1_never_scheduled', 'dataset_produces_1', 'dataset_consumes_1_and_2', 'dataset_produces_2', 'conditional_dataset_and_time_based_timetable' retrieved from /home/airflow/.local/lib/python3.12/site-packages/airflow/example_dags/example_datasets.py
Sync 10 DAGs
Setting next_dagrun for conditional_dataset_and_time_based_timetable to 2026-01-28 01:00:00+00:00, run_after=2026-01-28 01:00:00+00:00
Setting next_dagrun for consume_1_and_2_with_dataset_expressions to None, run_after=None
Setting next_dagrun for consume_1_or_2_with_dataset_expressions to None, run_after=None
Setting next_dagrun for consume_1_or_both_2_and_3_with_dataset_expressions to None, run_after=None
Setting next_dagrun for dataset_consumes_1 to None, run_after=None
Setting next_dagrun for dataset_consumes_1_and_2 to None, run_after=None
Setting next_dagrun for dataset_consumes_1_never_scheduled to None, run_after=None
Setting next_dagrun for dataset_consumes_unknown_never_scheduled to None, run_after=None
Setting next_dagrun for dataset_produces_1 to 2026-02-02 00:00:00+00:00, run_after=2026-02-02 00:00:00+00:00
Setting next_dagrun for dataset_produces_2 to None, run_after=None
Processing /home/airflow/.local/lib/python3.12/site-packages/airflow/example_dags/example_datasets.py took 0.102 seconds
Started process (PID=1848) to work on /home/airflow/.local/lib/python3.12/site-packages/airflow/example_dags/example_datasets.py
Processing file /home/airflow/.local/lib/python3.12/site-packages/airflow/example_dags/example_datasets.py for tasks to queue
Filling up the DagBag from /home/airflow/.local/lib/python3.12/site-packages/airflow/example_dags/example_datasets.py
DAG(s) 'dataset_consumes_1', 'dataset_consumes_1_and_2', 'dataset_consumes_unknown_never_scheduled', 'consume_1_or_both_2_and_3_with_dataset_expressions', 'consume_1_and_2_with_dataset_expressions', 'conditional_dataset_and_time_based_timetable', 'dataset_consumes_1_never_scheduled', 'consume_1_or_2_with_dataset_expressions', 'dataset_produces_1', 'dataset_produces_2' retrieved from /home/airflow/.local/lib/python3.12/site-packages/airflow/example_dags/example_datasets.py
Sync 10 DAGs
Setting next_dagrun for conditional_dataset_and_time_based_timetable to 2026-01-28 01:00:00+00:00, run_after=2026-01-28 01:00:00+00:00
Setting next_dagrun for consume_1_and_2_with_dataset_expressions to None, run_after=None
Setting next_dagrun for consume_1_or_2_with_dataset_expressions to None, run_after=None
Setting next_dagrun for consume_1_or_both_2_and_3_with_dataset_expressions to None, run_after=None
Setting next_dagrun for dataset_consumes_1 to None, run_after=None
Setting next_dagrun for dataset_consumes_1_and_2 to None, run_after=None
Setting next_dagrun for dataset_consumes_1_never_scheduled to None, run_after=None
Setting next_dagrun for dataset_consumes_unknown_never_scheduled to None, run_after=None
Setting next_dagrun for dataset_produces_1 to 2026-02-02 00:00:00+00:00, run_after=2026-02-02 00:00:00+00:00
Setting next_dagrun for dataset_produces_2 to None, run_after=None
Processing /home/airflow/.local/lib/python3.12/site-packages/airflow/example_dags/example_datasets.py took 0.101 seconds
Started process (PID=1921) to work on /home/airflow/.local/lib/python3.12/site-packages/airflow/example_dags/example_datasets.py
Processing file /home/airflow/.local/lib/python3.12/site-packages/airflow/example_dags/example_datasets.py for tasks to queue
Filling up the DagBag from /home/airflow/.local/lib/python3.12/site-packages/airflow/example_dags/example_datasets.py
DAG(s) 'conditional_dataset_and_time_based_timetable', 'dataset_produces_1', 'consume_1_or_both_2_and_3_with_dataset_expressions', 'consume_1_and_2_with_dataset_expressions', 'dataset_consumes_1_never_scheduled', 'dataset_consumes_1', 'dataset_consumes_unknown_never_scheduled', 'dataset_produces_2', 'consume_1_or_2_with_dataset_expressions', 'dataset_consumes_1_and_2' retrieved from /home/airflow/.local/lib/python3.12/site-packages/airflow/example_dags/example_datasets.py
Sync 10 DAGs
Setting next_dagrun for conditional_dataset_and_time_based_timetable to 2026-01-28 01:00:00+00:00, run_after=2026-01-28 01:00:00+00:00
Setting next_dagrun for consume_1_and_2_with_dataset_expressions to None, run_after=None
Setting next_dagrun for consume_1_or_2_with_dataset_expressions to None, run_after=None
Setting next_dagrun for consume_1_or_both_2_and_3_with_dataset_expressions to None, run_after=None
Setting next_dagrun for dataset_consumes_1 to None, run_after=None
Setting next_dagrun for dataset_consumes_1_and_2 to None, run_after=None
Setting next_dagrun for dataset_consumes_1_never_scheduled to None, run_after=None
Setting next_dagrun for dataset_consumes_unknown_never_scheduled to None, run_after=None
Setting next_dagrun for dataset_produces_1 to 2026-02-02 00:00:00+00:00, run_after=2026-02-02 00:00:00+00:00
Setting next_dagrun for dataset_produces_2 to None, run_after=None
Processing /home/airflow/.local/lib/python3.12/site-packages/airflow/example_dags/example_datasets.py took 0.117 seconds
Started process (PID=1987) to work on /home/airflow/.local/lib/python3.12/site-packages/airflow/example_dags/example_datasets.py
Processing file /home/airflow/.local/lib/python3.12/site-packages/airflow/example_dags/example_datasets.py for tasks to queue
Filling up the DagBag from /home/airflow/.local/lib/python3.12/site-packages/airflow/example_dags/example_datasets.py
DAG(s) 'dataset_consumes_1', 'dataset_consumes_unknown_never_scheduled', 'dataset_consumes_1_and_2', 'consume_1_or_both_2_and_3_with_dataset_expressions', 'consume_1_or_2_with_dataset_expressions', 'dataset_consumes_1_never_scheduled', 'dataset_produces_1', 'conditional_dataset_and_time_based_timetable', 'dataset_produces_2', 'consume_1_and_2_with_dataset_expressions' retrieved from /home/airflow/.local/lib/python3.12/site-packages/airflow/example_dags/example_datasets.py
Sync 10 DAGs
Setting next_dagrun for conditional_dataset_and_time_based_timetable to 2026-01-28 01:00:00+00:00, run_after=2026-01-28 01:00:00+00:00
Setting next_dagrun for consume_1_and_2_with_dataset_expressions to None, run_after=None
Setting next_dagrun for consume_1_or_2_with_dataset_expressions to None, run_after=None
Setting next_dagrun for consume_1_or_both_2_and_3_with_dataset_expressions to None, run_after=None
Setting next_dagrun for dataset_consumes_1 to None, run_after=None
Setting next_dagrun for dataset_consumes_1_and_2 to None, run_after=None
Setting next_dagrun for dataset_consumes_1_never_scheduled to None, run_after=None
Setting next_dagrun for dataset_consumes_unknown_never_scheduled to None, run_after=None
Setting next_dagrun for dataset_produces_1 to 2026-02-02 00:00:00+00:00, run_after=2026-02-02 00:00:00+00:00
Setting next_dagrun for dataset_produces_2 to None, run_after=None
Processing /home/airflow/.local/lib/python3.12/site-packages/airflow/example_dags/example_datasets.py took 0.106 seconds
Started process (PID=2060) to work on /home/airflow/.local/lib/python3.12/site-packages/airflow/example_dags/example_datasets.py
Processing file /home/airflow/.local/lib/python3.12/site-packages/airflow/example_dags/example_datasets.py for tasks to queue
Filling up the DagBag from /home/airflow/.local/lib/python3.12/site-packages/airflow/example_dags/example_datasets.py
DAG(s) 'dataset_consumes_unknown_never_scheduled', 'dataset_produces_2', 'dataset_produces_1', 'dataset_consumes_1_never_scheduled', 'dataset_consumes_1', 'consume_1_or_2_with_dataset_expressions', 'dataset_consumes_1_and_2', 'conditional_dataset_and_time_based_timetable', 'consume_1_or_both_2_and_3_with_dataset_expressions', 'consume_1_and_2_with_dataset_expressions' retrieved from /home/airflow/.local/lib/python3.12/site-packages/airflow/example_dags/example_datasets.py
Sync 10 DAGs
Setting next_dagrun for conditional_dataset_and_time_based_timetable to 2026-01-28 01:00:00+00:00, run_after=2026-01-28 01:00:00+00:00
Setting next_dagrun for consume_1_and_2_with_dataset_expressions to None, run_after=None
Setting next_dagrun for consume_1_or_2_with_dataset_expressions to None, run_after=None
Setting next_dagrun for consume_1_or_both_2_and_3_with_dataset_expressions to None, run_after=None
Setting next_dagrun for dataset_consumes_1 to None, run_after=None
Setting next_dagrun for dataset_consumes_1_and_2 to None, run_after=None
Setting next_dagrun for dataset_consumes_1_never_scheduled to None, run_after=None
Setting next_dagrun for dataset_consumes_unknown_never_scheduled to None, run_after=None
Setting next_dagrun for dataset_produces_1 to 2026-02-02 00:00:00+00:00, run_after=2026-02-02 00:00:00+00:00
Setting next_dagrun for dataset_produces_2 to None, run_after=None
Processing /home/airflow/.local/lib/python3.12/site-packages/airflow/example_dags/example_datasets.py took 0.116 seconds
Started process (PID=2126) to work on /home/airflow/.local/lib/python3.12/site-packages/airflow/example_dags/example_datasets.py
Processing file /home/airflow/.local/lib/python3.12/site-packages/airflow/example_dags/example_datasets.py for tasks to queue
Filling up the DagBag from /home/airflow/.local/lib/python3.12/site-packages/airflow/example_dags/example_datasets.py
DAG(s) 'dataset_produces_1', 'conditional_dataset_and_time_based_timetable', 'consume_1_or_2_with_dataset_expressions', 'dataset_consumes_1_never_scheduled', 'dataset_consumes_unknown_never_scheduled', 'dataset_produces_2', 'consume_1_or_both_2_and_3_with_dataset_expressions', 'dataset_consumes_1_and_2', 'dataset_consumes_1', 'consume_1_and_2_with_dataset_expressions' retrieved from /home/airflow/.local/lib/python3.12/site-packages/airflow/example_dags/example_datasets.py
Sync 10 DAGs
Setting next_dagrun for conditional_dataset_and_time_based_timetable to 2026-01-28 01:00:00+00:00, run_after=2026-01-28 01:00:00+00:00
Setting next_dagrun for consume_1_and_2_with_dataset_expressions to None, run_after=None
Setting next_dagrun for consume_1_or_2_with_dataset_expressions to None, run_after=None
Setting next_dagrun for consume_1_or_both_2_and_3_with_dataset_expressions to None, run_after=None
Setting next_dagrun for dataset_consumes_1 to None, run_after=None
Setting next_dagrun for dataset_consumes_1_and_2 to None, run_after=None
Setting next_dagrun for dataset_consumes_1_never_scheduled to None, run_after=None
Setting next_dagrun for dataset_consumes_unknown_never_scheduled to None, run_after=None
Setting next_dagrun for dataset_produces_1 to 2026-02-02 00:00:00+00:00, run_after=2026-02-02 00:00:00+00:00
Setting next_dagrun for dataset_produces_2 to None, run_after=None
Processing /home/airflow/.local/lib/python3.12/site-packages/airflow/example_dags/example_datasets.py took 0.103 seconds
Started process (PID=2200) to work on /home/airflow/.local/lib/python3.12/site-packages/airflow/example_dags/example_datasets.py
Processing file /home/airflow/.local/lib/python3.12/site-packages/airflow/example_dags/example_datasets.py for tasks to queue
Filling up the DagBag from /home/airflow/.local/lib/python3.12/site-packages/airflow/example_dags/example_datasets.py
DAG(s) 'consume_1_or_2_with_dataset_expressions', 'consume_1_or_both_2_and_3_with_dataset_expressions', 'dataset_consumes_1', 'consume_1_and_2_with_dataset_expressions', 'dataset_consumes_1_and_2', 'dataset_produces_1', 'dataset_consumes_1_never_scheduled', 'conditional_dataset_and_time_based_timetable', 'dataset_consumes_unknown_never_scheduled', 'dataset_produces_2' retrieved from /home/airflow/.local/lib/python3.12/site-packages/airflow/example_dags/example_datasets.py
Sync 10 DAGs
Setting next_dagrun for conditional_dataset_and_time_based_timetable to 2026-01-28 01:00:00+00:00, run_after=2026-01-28 01:00:00+00:00
Setting next_dagrun for consume_1_and_2_with_dataset_expressions to None, run_after=None
Setting next_dagrun for consume_1_or_2_with_dataset_expressions to None, run_after=None
Setting next_dagrun for consume_1_or_both_2_and_3_with_dataset_expressions to None, run_after=None
Setting next_dagrun for dataset_consumes_1 to None, run_after=None
Setting next_dagrun for dataset_consumes_1_and_2 to None, run_after=None
Setting next_dagrun for dataset_consumes_1_never_scheduled to None, run_after=None
Setting next_dagrun for dataset_consumes_unknown_never_scheduled to None, run_after=None
Setting next_dagrun for dataset_produces_1 to 2026-02-02 00:00:00+00:00, run_after=2026-02-02 00:00:00+00:00
Setting next_dagrun for dataset_produces_2 to None, run_after=None
Processing /home/airflow/.local/lib/python3.12/site-packages/airflow/example_dags/example_datasets.py took 0.113 seconds
Started process (PID=2266) to work on /home/airflow/.local/lib/python3.12/site-packages/airflow/example_dags/example_datasets.py
Processing file /home/airflow/.local/lib/python3.12/site-packages/airflow/example_dags/example_datasets.py for tasks to queue
Filling up the DagBag from /home/airflow/.local/lib/python3.12/site-packages/airflow/example_dags/example_datasets.py
DAG(s) 'dataset_produces_2', 'conditional_dataset_and_time_based_timetable', 'dataset_consumes_unknown_never_scheduled', 'dataset_produces_1', 'dataset_consumes_1', 'consume_1_or_2_with_dataset_expressions', 'dataset_consumes_1_never_scheduled', 'consume_1_or_both_2_and_3_with_dataset_expressions', 'dataset_consumes_1_and_2', 'consume_1_and_2_with_dataset_expressions' retrieved from /home/airflow/.local/lib/python3.12/site-packages/airflow/example_dags/example_datasets.py
Sync 10 DAGs
Setting next_dagrun for conditional_dataset_and_time_based_timetable to 2026-01-28 01:00:00+00:00, run_after=2026-01-28 01:00:00+00:00
Setting next_dagrun for consume_1_and_2_with_dataset_expressions to None, run_after=None
Setting next_dagrun for consume_1_or_2_with_dataset_expressions to None, run_after=None
Setting next_dagrun for consume_1_or_both_2_and_3_with_dataset_expressions to None, run_after=None
Setting next_dagrun for dataset_consumes_1 to None, run_after=None
Setting next_dagrun for dataset_consumes_1_and_2 to None, run_after=None
Setting next_dagrun for dataset_consumes_1_never_scheduled to None, run_after=None
Setting next_dagrun for dataset_consumes_unknown_never_scheduled to None, run_after=None
Setting next_dagrun for dataset_produces_1 to 2026-02-02 00:00:00+00:00, run_after=2026-02-02 00:00:00+00:00
Setting next_dagrun for dataset_produces_2 to None, run_after=None
Processing /home/airflow/.local/lib/python3.12/site-packages/airflow/example_dags/example_datasets.py took 0.100 seconds
Started process (PID=2339) to work on /home/airflow/.local/lib/python3.12/site-packages/airflow/example_dags/example_datasets.py
Processing file /home/airflow/.local/lib/python3.12/site-packages/airflow/example_dags/example_datasets.py for tasks to queue
Filling up the DagBag from /home/airflow/.local/lib/python3.12/site-packages/airflow/example_dags/example_datasets.py
DAG(s) 'consume_1_and_2_with_dataset_expressions', 'conditional_dataset_and_time_based_timetable', 'dataset_produces_1', 'dataset_consumes_1_never_scheduled', 'dataset_consumes_1_and_2', 'dataset_consumes_1', 'dataset_consumes_unknown_never_scheduled', 'dataset_produces_2', 'consume_1_or_both_2_and_3_with_dataset_expressions', 'consume_1_or_2_with_dataset_expressions' retrieved from /home/airflow/.local/lib/python3.12/site-packages/airflow/example_dags/example_datasets.py
Sync 10 DAGs
Setting next_dagrun for conditional_dataset_and_time_based_timetable to 2026-01-28 01:00:00+00:00, run_after=2026-01-28 01:00:00+00:00
Setting next_dagrun for consume_1_and_2_with_dataset_expressions to None, run_after=None
Setting next_dagrun for consume_1_or_2_with_dataset_expressions to None, run_after=None
Setting next_dagrun for consume_1_or_both_2_and_3_with_dataset_expressions to None, run_after=None
Setting next_dagrun for dataset_consumes_1 to None, run_after=None
Setting next_dagrun for dataset_consumes_1_and_2 to None, run_after=None
Setting next_dagrun for dataset_consumes_1_never_scheduled to None, run_after=None
Setting next_dagrun for dataset_consumes_unknown_never_scheduled to None, run_after=None
Setting next_dagrun for dataset_produces_1 to 2026-02-02 00:00:00+00:00, run_after=2026-02-02 00:00:00+00:00
Setting next_dagrun for dataset_produces_2 to None, run_after=None
Processing /home/airflow/.local/lib/python3.12/site-packages/airflow/example_dags/example_datasets.py took 0.130 seconds
Started process (PID=2405) to work on /home/airflow/.local/lib/python3.12/site-packages/airflow/example_dags/example_datasets.py
Processing file /home/airflow/.local/lib/python3.12/site-packages/airflow/example_dags/example_datasets.py for tasks to queue
Filling up the DagBag from /home/airflow/.local/lib/python3.12/site-packages/airflow/example_dags/example_datasets.py
DAG(s) 'dataset_produces_2', 'consume_1_or_2_with_dataset_expressions', 'conditional_dataset_and_time_based_timetable', 'dataset_produces_1', 'consume_1_or_both_2_and_3_with_dataset_expressions', 'consume_1_and_2_with_dataset_expressions', 'dataset_consumes_1_never_scheduled', 'dataset_consumes_1_and_2', 'dataset_consumes_1', 'dataset_consumes_unknown_never_scheduled' retrieved from /home/airflow/.local/lib/python3.12/site-packages/airflow/example_dags/example_datasets.py
Sync 10 DAGs
Setting next_dagrun for conditional_dataset_and_time_based_timetable to 2026-01-28 01:00:00+00:00, run_after=2026-01-28 01:00:00+00:00
Setting next_dagrun for consume_1_and_2_with_dataset_expressions to None, run_after=None
Setting next_dagrun for consume_1_or_2_with_dataset_expressions to None, run_after=None
Setting next_dagrun for consume_1_or_both_2_and_3_with_dataset_expressions to None, run_after=None
Setting next_dagrun for dataset_consumes_1 to None, run_after=None
Setting next_dagrun for dataset_consumes_1_and_2 to None, run_after=None
Setting next_dagrun for dataset_consumes_1_never_scheduled to None, run_after=None
Setting next_dagrun for dataset_consumes_unknown_never_scheduled to None, run_after=None
Setting next_dagrun for dataset_produces_1 to 2026-02-02 00:00:00+00:00, run_after=2026-02-02 00:00:00+00:00
Setting next_dagrun for dataset_produces_2 to None, run_after=None
Processing /home/airflow/.local/lib/python3.12/site-packages/airflow/example_dags/example_datasets.py took 0.101 seconds
Started process (PID=2478) to work on /home/airflow/.local/lib/python3.12/site-packages/airflow/example_dags/example_datasets.py
Processing file /home/airflow/.local/lib/python3.12/site-packages/airflow/example_dags/example_datasets.py for tasks to queue
Filling up the DagBag from /home/airflow/.local/lib/python3.12/site-packages/airflow/example_dags/example_datasets.py
DAG(s) 'consume_1_or_both_2_and_3_with_dataset_expressions', 'dataset_consumes_1', 'conditional_dataset_and_time_based_timetable', 'consume_1_and_2_with_dataset_expressions', 'dataset_produces_2', 'dataset_consumes_unknown_never_scheduled', 'dataset_consumes_1_never_scheduled', 'dataset_produces_1', 'consume_1_or_2_with_dataset_expressions', 'dataset_consumes_1_and_2' retrieved from /home/airflow/.local/lib/python3.12/site-packages/airflow/example_dags/example_datasets.py
Sync 10 DAGs
Setting next_dagrun for conditional_dataset_and_time_based_timetable to 2026-01-28 01:00:00+00:00, run_after=2026-01-28 01:00:00+00:00
Setting next_dagrun for consume_1_and_2_with_dataset_expressions to None, run_after=None
Setting next_dagrun for consume_1_or_2_with_dataset_expressions to None, run_after=None
Setting next_dagrun for consume_1_or_both_2_and_3_with_dataset_expressions to None, run_after=None
Setting next_dagrun for dataset_consumes_1 to None, run_after=None
Setting next_dagrun for dataset_consumes_1_and_2 to None, run_after=None
Setting next_dagrun for dataset_consumes_1_never_scheduled to None, run_after=None
Setting next_dagrun for dataset_consumes_unknown_never_scheduled to None, run_after=None
Setting next_dagrun for dataset_produces_1 to 2026-02-02 00:00:00+00:00, run_after=2026-02-02 00:00:00+00:00
Setting next_dagrun for dataset_produces_2 to None, run_after=None
Processing /home/airflow/.local/lib/python3.12/site-packages/airflow/example_dags/example_datasets.py took 0.120 seconds
Started process (PID=2544) to work on /home/airflow/.local/lib/python3.12/site-packages/airflow/example_dags/example_datasets.py
Processing file /home/airflow/.local/lib/python3.12/site-packages/airflow/example_dags/example_datasets.py for tasks to queue
Filling up the DagBag from /home/airflow/.local/lib/python3.12/site-packages/airflow/example_dags/example_datasets.py
DAG(s) 'dataset_produces_2', 'consume_1_or_2_with_dataset_expressions', 'dataset_consumes_1_never_scheduled', 'dataset_produces_1', 'dataset_consumes_1_and_2', 'consume_1_or_both_2_and_3_with_dataset_expressions', 'dataset_consumes_1', 'consume_1_and_2_with_dataset_expressions', 'dataset_consumes_unknown_never_scheduled', 'conditional_dataset_and_time_based_timetable' retrieved from /home/airflow/.local/lib/python3.12/site-packages/airflow/example_dags/example_datasets.py
Sync 10 DAGs
Setting next_dagrun for conditional_dataset_and_time_based_timetable to 2026-01-28 01:00:00+00:00, run_after=2026-01-28 01:00:00+00:00
Setting next_dagrun for consume_1_and_2_with_dataset_expressions to None, run_after=None
Setting next_dagrun for consume_1_or_2_with_dataset_expressions to None, run_after=None
Setting next_dagrun for consume_1_or_both_2_and_3_with_dataset_expressions to None, run_after=None
Setting next_dagrun for dataset_consumes_1 to None, run_after=None
Setting next_dagrun for dataset_consumes_1_and_2 to None, run_after=None
Setting next_dagrun for dataset_consumes_1_never_scheduled to None, run_after=None
Setting next_dagrun for dataset_consumes_unknown_never_scheduled to None, run_after=None
Setting next_dagrun for dataset_produces_1 to 2026-02-02 00:00:00+00:00, run_after=2026-02-02 00:00:00+00:00
Setting next_dagrun for dataset_produces_2 to None, run_after=None
Processing /home/airflow/.local/lib/python3.12/site-packages/airflow/example_dags/example_datasets.py took 0.110 seconds
Started process (PID=2617) to work on /home/airflow/.local/lib/python3.12/site-packages/airflow/example_dags/example_datasets.py
Processing file /home/airflow/.local/lib/python3.12/site-packages/airflow/example_dags/example_datasets.py for tasks to queue
Filling up the DagBag from /home/airflow/.local/lib/python3.12/site-packages/airflow/example_dags/example_datasets.py
DAG(s) 'dataset_consumes_1', 'consume_1_or_2_with_dataset_expressions', 'dataset_produces_1', 'dataset_produces_2', 'dataset_consumes_1_and_2', 'consume_1_or_both_2_and_3_with_dataset_expressions', 'conditional_dataset_and_time_based_timetable', 'dataset_consumes_1_never_scheduled', 'dataset_consumes_unknown_never_scheduled', 'consume_1_and_2_with_dataset_expressions' retrieved from /home/airflow/.local/lib/python3.12/site-packages/airflow/example_dags/example_datasets.py
Sync 10 DAGs
Setting next_dagrun for conditional_dataset_and_time_based_timetable to 2026-01-28 01:00:00+00:00, run_after=2026-01-28 01:00:00+00:00
Setting next_dagrun for consume_1_and_2_with_dataset_expressions to None, run_after=None
Setting next_dagrun for consume_1_or_2_with_dataset_expressions to None, run_after=None
Setting next_dagrun for consume_1_or_both_2_and_3_with_dataset_expressions to None, run_after=None
Setting next_dagrun for dataset_consumes_1 to None, run_after=None
Setting next_dagrun for dataset_consumes_1_and_2 to None, run_after=None
Setting next_dagrun for dataset_consumes_1_never_scheduled to None, run_after=None
Setting next_dagrun for dataset_consumes_unknown_never_scheduled to None, run_after=None
Setting next_dagrun for dataset_produces_1 to 2026-02-02 00:00:00+00:00, run_after=2026-02-02 00:00:00+00:00
Setting next_dagrun for dataset_produces_2 to None, run_after=None
Processing /home/airflow/.local/lib/python3.12/site-packages/airflow/example_dags/example_datasets.py took 0.112 seconds
Started process (PID=2683) to work on /home/airflow/.local/lib/python3.12/site-packages/airflow/example_dags/example_datasets.py
Processing file /home/airflow/.local/lib/python3.12/site-packages/airflow/example_dags/example_datasets.py for tasks to queue
Filling up the DagBag from /home/airflow/.local/lib/python3.12/site-packages/airflow/example_dags/example_datasets.py
DAG(s) 'dataset_produces_1', 'dataset_consumes_1_and_2', 'consume_1_or_both_2_and_3_with_dataset_expressions', 'dataset_produces_2', 'dataset_consumes_1_never_scheduled', 'conditional_dataset_and_time_based_timetable', 'dataset_consumes_unknown_never_scheduled', 'consume_1_or_2_with_dataset_expressions', 'dataset_consumes_1', 'consume_1_and_2_with_dataset_expressions' retrieved from /home/airflow/.local/lib/python3.12/site-packages/airflow/example_dags/example_datasets.py
Sync 10 DAGs
Setting next_dagrun for conditional_dataset_and_time_based_timetable to 2026-01-28 01:00:00+00:00, run_after=2026-01-28 01:00:00+00:00
Setting next_dagrun for consume_1_and_2_with_dataset_expressions to None, run_after=None
Setting next_dagrun for consume_1_or_2_with_dataset_expressions to None, run_after=None
Setting next_dagrun for consume_1_or_both_2_and_3_with_dataset_expressions to None, run_after=None
Setting next_dagrun for dataset_consumes_1 to None, run_after=None
Setting next_dagrun for dataset_consumes_1_and_2 to None, run_after=None
Setting next_dagrun for dataset_consumes_1_never_scheduled to None, run_after=None
Setting next_dagrun for dataset_consumes_unknown_never_scheduled to None, run_after=None
Setting next_dagrun for dataset_produces_1 to 2026-02-02 00:00:00+00:00, run_after=2026-02-02 00:00:00+00:00
Setting next_dagrun for dataset_produces_2 to None, run_after=None
Processing /home/airflow/.local/lib/python3.12/site-packages/airflow/example_dags/example_datasets.py took 0.114 seconds
Started process (PID=2756) to work on /home/airflow/.local/lib/python3.12/site-packages/airflow/example_dags/example_datasets.py
Processing file /home/airflow/.local/lib/python3.12/site-packages/airflow/example_dags/example_datasets.py for tasks to queue
Filling up the DagBag from /home/airflow/.local/lib/python3.12/site-packages/airflow/example_dags/example_datasets.py
DAG(s) 'dataset_produces_1', 'dataset_consumes_1_never_scheduled', 'dataset_consumes_1_and_2', 'dataset_consumes_1', 'dataset_produces_2', 'consume_1_or_2_with_dataset_expressions', 'dataset_consumes_unknown_never_scheduled', 'consume_1_or_both_2_and_3_with_dataset_expressions', 'consume_1_and_2_with_dataset_expressions', 'conditional_dataset_and_time_based_timetable' retrieved from /home/airflow/.local/lib/python3.12/site-packages/airflow/example_dags/example_datasets.py
Sync 10 DAGs
Setting next_dagrun for conditional_dataset_and_time_based_timetable to 2026-01-28 01:00:00+00:00, run_after=2026-01-28 01:00:00+00:00
Setting next_dagrun for consume_1_and_2_with_dataset_expressions to None, run_after=None
Setting next_dagrun for consume_1_or_2_with_dataset_expressions to None, run_after=None
Setting next_dagrun for consume_1_or_both_2_and_3_with_dataset_expressions to None, run_after=None
Setting next_dagrun for dataset_consumes_1 to None, run_after=None
Setting next_dagrun for dataset_consumes_1_and_2 to None, run_after=None
Setting next_dagrun for dataset_consumes_1_never_scheduled to None, run_after=None
Setting next_dagrun for dataset_consumes_unknown_never_scheduled to None, run_after=None
Setting next_dagrun for dataset_produces_1 to 2026-02-02 00:00:00+00:00, run_after=2026-02-02 00:00:00+00:00
Setting next_dagrun for dataset_produces_2 to None, run_after=None
Processing /home/airflow/.local/lib/python3.12/site-packages/airflow/example_dags/example_datasets.py took 0.106 seconds
Started process (PID=2822) to work on /home/airflow/.local/lib/python3.12/site-packages/airflow/example_dags/example_datasets.py
Processing file /home/airflow/.local/lib/python3.12/site-packages/airflow/example_dags/example_datasets.py for tasks to queue
Filling up the DagBag from /home/airflow/.local/lib/python3.12/site-packages/airflow/example_dags/example_datasets.py
DAG(s) 'consume_1_and_2_with_dataset_expressions', 'dataset_consumes_unknown_never_scheduled', 'dataset_produces_1', 'conditional_dataset_and_time_based_timetable', 'dataset_produces_2', 'consume_1_or_both_2_and_3_with_dataset_expressions', 'dataset_consumes_1_never_scheduled', 'dataset_consumes_1', 'dataset_consumes_1_and_2', 'consume_1_or_2_with_dataset_expressions' retrieved from /home/airflow/.local/lib/python3.12/site-packages/airflow/example_dags/example_datasets.py
Sync 10 DAGs
Setting next_dagrun for conditional_dataset_and_time_based_timetable to 2026-01-28 01:00:00+00:00, run_after=2026-01-28 01:00:00+00:00
Setting next_dagrun for consume_1_and_2_with_dataset_expressions to None, run_after=None
Setting next_dagrun for consume_1_or_2_with_dataset_expressions to None, run_after=None
Setting next_dagrun for consume_1_or_both_2_and_3_with_dataset_expressions to None, run_after=None
Setting next_dagrun for dataset_consumes_1 to None, run_after=None
Setting next_dagrun for dataset_consumes_1_and_2 to None, run_after=None
Setting next_dagrun for dataset_consumes_1_never_scheduled to None, run_after=None
Setting next_dagrun for dataset_consumes_unknown_never_scheduled to None, run_after=None
Setting next_dagrun for dataset_produces_1 to 2026-02-02 00:00:00+00:00, run_after=2026-02-02 00:00:00+00:00
Setting next_dagrun for dataset_produces_2 to None, run_after=None
Processing /home/airflow/.local/lib/python3.12/site-packages/airflow/example_dags/example_datasets.py took 0.096 seconds
Started process (PID=2893) to work on /home/airflow/.local/lib/python3.12/site-packages/airflow/example_dags/example_datasets.py
Processing file /home/airflow/.local/lib/python3.12/site-packages/airflow/example_dags/example_datasets.py for tasks to queue
Filling up the DagBag from /home/airflow/.local/lib/python3.12/site-packages/airflow/example_dags/example_datasets.py
DAG(s) 'consume_1_and_2_with_dataset_expressions', 'dataset_consumes_1_never_scheduled', 'dataset_consumes_1', 'conditional_dataset_and_time_based_timetable', 'dataset_consumes_1_and_2', 'consume_1_or_2_with_dataset_expressions', 'dataset_consumes_unknown_never_scheduled', 'dataset_produces_2', 'dataset_produces_1', 'consume_1_or_both_2_and_3_with_dataset_expressions' retrieved from /home/airflow/.local/lib/python3.12/site-packages/airflow/example_dags/example_datasets.py
Sync 10 DAGs
Setting next_dagrun for conditional_dataset_and_time_based_timetable to 2026-01-28 01:00:00+00:00, run_after=2026-01-28 01:00:00+00:00
Setting next_dagrun for consume_1_and_2_with_dataset_expressions to None, run_after=None
Setting next_dagrun for consume_1_or_2_with_dataset_expressions to None, run_after=None
Setting next_dagrun for consume_1_or_both_2_and_3_with_dataset_expressions to None, run_after=None
Setting next_dagrun for dataset_consumes_1 to None, run_after=None
Setting next_dagrun for dataset_consumes_1_and_2 to None, run_after=None
Setting next_dagrun for dataset_consumes_1_never_scheduled to None, run_after=None
Setting next_dagrun for dataset_consumes_unknown_never_scheduled to None, run_after=None
Setting next_dagrun for dataset_produces_1 to 2026-02-02 00:00:00+00:00, run_after=2026-02-02 00:00:00+00:00
Setting next_dagrun for dataset_produces_2 to None, run_after=None
Processing /home/airflow/.local/lib/python3.12/site-packages/airflow/example_dags/example_datasets.py took 0.113 seconds
Started process (PID=2959) to work on /home/airflow/.local/lib/python3.12/site-packages/airflow/example_dags/example_datasets.py
Processing file /home/airflow/.local/lib/python3.12/site-packages/airflow/example_dags/example_datasets.py for tasks to queue
Filling up the DagBag from /home/airflow/.local/lib/python3.12/site-packages/airflow/example_dags/example_datasets.py
DAG(s) 'consume_1_and_2_with_dataset_expressions', 'consume_1_or_both_2_and_3_with_dataset_expressions', 'dataset_produces_1', 'dataset_produces_2', 'dataset_consumes_unknown_never_scheduled', 'consume_1_or_2_with_dataset_expressions', 'dataset_consumes_1', 'dataset_consumes_1_never_scheduled', 'conditional_dataset_and_time_based_timetable', 'dataset_consumes_1_and_2' retrieved from /home/airflow/.local/lib/python3.12/site-packages/airflow/example_dags/example_datasets.py
Sync 10 DAGs
Setting next_dagrun for conditional_dataset_and_time_based_timetable to 2026-01-28 01:00:00+00:00, run_after=2026-01-28 01:00:00+00:00
Setting next_dagrun for consume_1_and_2_with_dataset_expressions to None, run_after=None
Setting next_dagrun for consume_1_or_2_with_dataset_expressions to None, run_after=None
Setting next_dagrun for consume_1_or_both_2_and_3_with_dataset_expressions to None, run_after=None
Setting next_dagrun for dataset_consumes_1 to None, run_after=None
Setting next_dagrun for dataset_consumes_1_and_2 to None, run_after=None
Setting next_dagrun for dataset_consumes_1_never_scheduled to None, run_after=None
Setting next_dagrun for dataset_consumes_unknown_never_scheduled to None, run_after=None
Setting next_dagrun for dataset_produces_1 to 2026-02-02 00:00:00+00:00, run_after=2026-02-02 00:00:00+00:00
Setting next_dagrun for dataset_produces_2 to None, run_after=None
Processing /home/airflow/.local/lib/python3.12/site-packages/airflow/example_dags/example_datasets.py took 0.098 seconds
Started process (PID=3032) to work on /home/airflow/.local/lib/python3.12/site-packages/airflow/example_dags/example_datasets.py
Processing file /home/airflow/.local/lib/python3.12/site-packages/airflow/example_dags/example_datasets.py for tasks to queue
Filling up the DagBag from /home/airflow/.local/lib/python3.12/site-packages/airflow/example_dags/example_datasets.py
DAG(s) 'dataset_consumes_1_and_2', 'dataset_consumes_1', 'dataset_produces_2', 'consume_1_or_both_2_and_3_with_dataset_expressions', 'dataset_consumes_unknown_never_scheduled', 'conditional_dataset_and_time_based_timetable', 'dataset_consumes_1_never_scheduled', 'consume_1_and_2_with_dataset_expressions', 'dataset_produces_1', 'consume_1_or_2_with_dataset_expressions' retrieved from /home/airflow/.local/lib/python3.12/site-packages/airflow/example_dags/example_datasets.py
Sync 10 DAGs
Setting next_dagrun for conditional_dataset_and_time_based_timetable to 2026-01-28 01:00:00+00:00, run_after=2026-01-28 01:00:00+00:00
Setting next_dagrun for consume_1_and_2_with_dataset_expressions to None, run_after=None
Setting next_dagrun for consume_1_or_2_with_dataset_expressions to None, run_after=None
Setting next_dagrun for consume_1_or_both_2_and_3_with_dataset_expressions to None, run_after=None
Setting next_dagrun for dataset_consumes_1 to None, run_after=None
Setting next_dagrun for dataset_consumes_1_and_2 to None, run_after=None
Setting next_dagrun for dataset_consumes_1_never_scheduled to None, run_after=None
Setting next_dagrun for dataset_consumes_unknown_never_scheduled to None, run_after=None
Setting next_dagrun for dataset_produces_1 to 2026-02-02 00:00:00+00:00, run_after=2026-02-02 00:00:00+00:00
Setting next_dagrun for dataset_produces_2 to None, run_after=None
Processing /home/airflow/.local/lib/python3.12/site-packages/airflow/example_dags/example_datasets.py took 0.114 seconds
Started process (PID=3098) to work on /home/airflow/.local/lib/python3.12/site-packages/airflow/example_dags/example_datasets.py
Processing file /home/airflow/.local/lib/python3.12/site-packages/airflow/example_dags/example_datasets.py for tasks to queue
Filling up the DagBag from /home/airflow/.local/lib/python3.12/site-packages/airflow/example_dags/example_datasets.py
DAG(s) 'dataset_consumes_1', 'consume_1_and_2_with_dataset_expressions', 'consume_1_or_2_with_dataset_expressions', 'consume_1_or_both_2_and_3_with_dataset_expressions', 'dataset_consumes_unknown_never_scheduled', 'dataset_produces_1', 'dataset_consumes_1_and_2', 'dataset_produces_2', 'dataset_consumes_1_never_scheduled', 'conditional_dataset_and_time_based_timetable' retrieved from /home/airflow/.local/lib/python3.12/site-packages/airflow/example_dags/example_datasets.py
Sync 10 DAGs
Setting next_dagrun for conditional_dataset_and_time_based_timetable to 2026-01-28 01:00:00+00:00, run_after=2026-01-28 01:00:00+00:00
Setting next_dagrun for consume_1_and_2_with_dataset_expressions to None, run_after=None
Setting next_dagrun for consume_1_or_2_with_dataset_expressions to None, run_after=None
Setting next_dagrun for consume_1_or_both_2_and_3_with_dataset_expressions to None, run_after=None
Setting next_dagrun for dataset_consumes_1 to None, run_after=None
Setting next_dagrun for dataset_consumes_1_and_2 to None, run_after=None
Setting next_dagrun for dataset_consumes_1_never_scheduled to None, run_after=None
Setting next_dagrun for dataset_consumes_unknown_never_scheduled to None, run_after=None
Setting next_dagrun for dataset_produces_1 to 2026-02-02 00:00:00+00:00, run_after=2026-02-02 00:00:00+00:00
Setting next_dagrun for dataset_produces_2 to None, run_after=None
Processing /home/airflow/.local/lib/python3.12/site-packages/airflow/example_dags/example_datasets.py took 0.095 seconds
Started process (PID=3171) to work on /home/airflow/.local/lib/python3.12/site-packages/airflow/example_dags/example_datasets.py
Processing file /home/airflow/.local/lib/python3.12/site-packages/airflow/example_dags/example_datasets.py for tasks to queue
Filling up the DagBag from /home/airflow/.local/lib/python3.12/site-packages/airflow/example_dags/example_datasets.py
DAG(s) 'dataset_consumes_unknown_never_scheduled', 'dataset_consumes_1_and_2', 'dataset_produces_2', 'dataset_consumes_1_never_scheduled', 'consume_1_and_2_with_dataset_expressions', 'conditional_dataset_and_time_based_timetable', 'consume_1_or_2_with_dataset_expressions', 'consume_1_or_both_2_and_3_with_dataset_expressions', 'dataset_produces_1', 'dataset_consumes_1' retrieved from /home/airflow/.local/lib/python3.12/site-packages/airflow/example_dags/example_datasets.py
Sync 10 DAGs
Setting next_dagrun for conditional_dataset_and_time_based_timetable to 2026-01-28 01:00:00+00:00, run_after=2026-01-28 01:00:00+00:00
Setting next_dagrun for consume_1_and_2_with_dataset_expressions to None, run_after=None
Setting next_dagrun for consume_1_or_2_with_dataset_expressions to None, run_after=None
Setting next_dagrun for consume_1_or_both_2_and_3_with_dataset_expressions to None, run_after=None
Setting next_dagrun for dataset_consumes_1 to None, run_after=None
Setting next_dagrun for dataset_consumes_1_and_2 to None, run_after=None
Setting next_dagrun for dataset_consumes_1_never_scheduled to None, run_after=None
Setting next_dagrun for dataset_consumes_unknown_never_scheduled to None, run_after=None
Setting next_dagrun for dataset_produces_1 to 2026-02-02 00:00:00+00:00, run_after=2026-02-02 00:00:00+00:00
Setting next_dagrun for dataset_produces_2 to None, run_after=None
Processing /home/airflow/.local/lib/python3.12/site-packages/airflow/example_dags/example_datasets.py took 0.104 seconds
Started process (PID=3237) to work on /home/airflow/.local/lib/python3.12/site-packages/airflow/example_dags/example_datasets.py
Processing file /home/airflow/.local/lib/python3.12/site-packages/airflow/example_dags/example_datasets.py for tasks to queue
Filling up the DagBag from /home/airflow/.local/lib/python3.12/site-packages/airflow/example_dags/example_datasets.py
DAG(s) 'consume_1_or_2_with_dataset_expressions', 'consume_1_or_both_2_and_3_with_dataset_expressions', 'dataset_consumes_1_and_2', 'dataset_consumes_unknown_never_scheduled', 'conditional_dataset_and_time_based_timetable', 'dataset_consumes_1_never_scheduled', 'dataset_produces_1', 'dataset_consumes_1', 'dataset_produces_2', 'consume_1_and_2_with_dataset_expressions' retrieved from /home/airflow/.local/lib/python3.12/site-packages/airflow/example_dags/example_datasets.py
Sync 10 DAGs
Setting next_dagrun for conditional_dataset_and_time_based_timetable to 2026-01-28 01:00:00+00:00, run_after=2026-01-28 01:00:00+00:00
Setting next_dagrun for consume_1_and_2_with_dataset_expressions to None, run_after=None
Setting next_dagrun for consume_1_or_2_with_dataset_expressions to None, run_after=None
Setting next_dagrun for consume_1_or_both_2_and_3_with_dataset_expressions to None, run_after=None
Setting next_dagrun for dataset_consumes_1 to None, run_after=None
Setting next_dagrun for dataset_consumes_1_and_2 to None, run_after=None
Setting next_dagrun for dataset_consumes_1_never_scheduled to None, run_after=None
Setting next_dagrun for dataset_consumes_unknown_never_scheduled to None, run_after=None
Setting next_dagrun for dataset_produces_1 to 2026-02-02 00:00:00+00:00, run_after=2026-02-02 00:00:00+00:00
Setting next_dagrun for dataset_produces_2 to None, run_after=None
Processing /home/airflow/.local/lib/python3.12/site-packages/airflow/example_dags/example_datasets.py took 0.096 seconds
Started process (PID=3310) to work on /home/airflow/.local/lib/python3.12/site-packages/airflow/example_dags/example_datasets.py
Processing file /home/airflow/.local/lib/python3.12/site-packages/airflow/example_dags/example_datasets.py for tasks to queue
Filling up the DagBag from /home/airflow/.local/lib/python3.12/site-packages/airflow/example_dags/example_datasets.py
DAG(s) 'dataset_produces_1', 'dataset_consumes_1_and_2', 'dataset_consumes_1_never_scheduled', 'dataset_consumes_unknown_never_scheduled', 'dataset_produces_2', 'conditional_dataset_and_time_based_timetable', 'dataset_consumes_1', 'consume_1_and_2_with_dataset_expressions', 'consume_1_or_both_2_and_3_with_dataset_expressions', 'consume_1_or_2_with_dataset_expressions' retrieved from /home/airflow/.local/lib/python3.12/site-packages/airflow/example_dags/example_datasets.py
Sync 10 DAGs
Setting next_dagrun for conditional_dataset_and_time_based_timetable to 2026-01-28 01:00:00+00:00, run_after=2026-01-28 01:00:00+00:00
Setting next_dagrun for consume_1_and_2_with_dataset_expressions to None, run_after=None
Setting next_dagrun for consume_1_or_2_with_dataset_expressions to None, run_after=None
Setting next_dagrun for consume_1_or_both_2_and_3_with_dataset_expressions to None, run_after=None
Setting next_dagrun for dataset_consumes_1 to None, run_after=None
Setting next_dagrun for dataset_consumes_1_and_2 to None, run_after=None
Setting next_dagrun for dataset_consumes_1_never_scheduled to None, run_after=None
Setting next_dagrun for dataset_consumes_unknown_never_scheduled to None, run_after=None
Setting next_dagrun for dataset_produces_1 to 2026-02-02 00:00:00+00:00, run_after=2026-02-02 00:00:00+00:00
Setting next_dagrun for dataset_produces_2 to None, run_after=None
Processing /home/airflow/.local/lib/python3.12/site-packages/airflow/example_dags/example_datasets.py took 0.132 seconds
Started process (PID=3376) to work on /home/airflow/.local/lib/python3.12/site-packages/airflow/example_dags/example_datasets.py
Processing file /home/airflow/.local/lib/python3.12/site-packages/airflow/example_dags/example_datasets.py for tasks to queue
Filling up the DagBag from /home/airflow/.local/lib/python3.12/site-packages/airflow/example_dags/example_datasets.py
DAG(s) 'dataset_produces_2', 'consume_1_or_both_2_and_3_with_dataset_expressions', 'consume_1_or_2_with_dataset_expressions', 'dataset_consumes_1_and_2', 'consume_1_and_2_with_dataset_expressions', 'dataset_produces_1', 'dataset_consumes_unknown_never_scheduled', 'dataset_consumes_1', 'dataset_consumes_1_never_scheduled', 'conditional_dataset_and_time_based_timetable' retrieved from /home/airflow/.local/lib/python3.12/site-packages/airflow/example_dags/example_datasets.py
Sync 10 DAGs
Setting next_dagrun for conditional_dataset_and_time_based_timetable to 2026-01-28 01:00:00+00:00, run_after=2026-01-28 01:00:00+00:00
Setting next_dagrun for consume_1_and_2_with_dataset_expressions to None, run_after=None
Setting next_dagrun for consume_1_or_2_with_dataset_expressions to None, run_after=None
Setting next_dagrun for consume_1_or_both_2_and_3_with_dataset_expressions to None, run_after=None
Setting next_dagrun for dataset_consumes_1 to None, run_after=None
Setting next_dagrun for dataset_consumes_1_and_2 to None, run_after=None
Setting next_dagrun for dataset_consumes_1_never_scheduled to None, run_after=None
Setting next_dagrun for dataset_consumes_unknown_never_scheduled to None, run_after=None
Setting next_dagrun for dataset_produces_1 to 2026-02-02 00:00:00+00:00, run_after=2026-02-02 00:00:00+00:00
Setting next_dagrun for dataset_produces_2 to None, run_after=None
Processing /home/airflow/.local/lib/python3.12/site-packages/airflow/example_dags/example_datasets.py took 0.259 seconds
Started process (PID=3449) to work on /home/airflow/.local/lib/python3.12/site-packages/airflow/example_dags/example_datasets.py
Processing file /home/airflow/.local/lib/python3.12/site-packages/airflow/example_dags/example_datasets.py for tasks to queue
Filling up the DagBag from /home/airflow/.local/lib/python3.12/site-packages/airflow/example_dags/example_datasets.py
DAG(s) 'dataset_produces_1', 'consume_1_or_both_2_and_3_with_dataset_expressions', 'dataset_consumes_1_never_scheduled', 'consume_1_and_2_with_dataset_expressions', 'consume_1_or_2_with_dataset_expressions', 'conditional_dataset_and_time_based_timetable', 'dataset_consumes_1', 'dataset_consumes_unknown_never_scheduled', 'dataset_consumes_1_and_2', 'dataset_produces_2' retrieved from /home/airflow/.local/lib/python3.12/site-packages/airflow/example_dags/example_datasets.py
Sync 10 DAGs
Setting next_dagrun for conditional_dataset_and_time_based_timetable to 2026-01-28 01:00:00+00:00, run_after=2026-01-28 01:00:00+00:00
Setting next_dagrun for consume_1_and_2_with_dataset_expressions to None, run_after=None
Setting next_dagrun for consume_1_or_2_with_dataset_expressions to None, run_after=None
Setting next_dagrun for consume_1_or_both_2_and_3_with_dataset_expressions to None, run_after=None
Setting next_dagrun for dataset_consumes_1 to None, run_after=None
Setting next_dagrun for dataset_consumes_1_and_2 to None, run_after=None
Setting next_dagrun for dataset_consumes_1_never_scheduled to None, run_after=None
Setting next_dagrun for dataset_consumes_unknown_never_scheduled to None, run_after=None
Setting next_dagrun for dataset_produces_1 to 2026-02-02 00:00:00+00:00, run_after=2026-02-02 00:00:00+00:00
Setting next_dagrun for dataset_produces_2 to None, run_after=None
Processing /home/airflow/.local/lib/python3.12/site-packages/airflow/example_dags/example_datasets.py took 0.211 seconds
Started process (PID=3515) to work on /home/airflow/.local/lib/python3.12/site-packages/airflow/example_dags/example_datasets.py
Processing file /home/airflow/.local/lib/python3.12/site-packages/airflow/example_dags/example_datasets.py for tasks to queue
Filling up the DagBag from /home/airflow/.local/lib/python3.12/site-packages/airflow/example_dags/example_datasets.py
DAG(s) 'dataset_produces_1', 'dataset_consumes_1_and_2', 'dataset_consumes_1_never_scheduled', 'consume_1_or_both_2_and_3_with_dataset_expressions', 'consume_1_and_2_with_dataset_expressions', 'consume_1_or_2_with_dataset_expressions', 'dataset_consumes_unknown_never_scheduled', 'dataset_produces_2', 'dataset_consumes_1', 'conditional_dataset_and_time_based_timetable' retrieved from /home/airflow/.local/lib/python3.12/site-packages/airflow/example_dags/example_datasets.py
Sync 10 DAGs
Setting next_dagrun for conditional_dataset_and_time_based_timetable to 2026-01-28 01:00:00+00:00, run_after=2026-01-28 01:00:00+00:00
Setting next_dagrun for consume_1_and_2_with_dataset_expressions to None, run_after=None
Setting next_dagrun for consume_1_or_2_with_dataset_expressions to None, run_after=None
Setting next_dagrun for consume_1_or_both_2_and_3_with_dataset_expressions to None, run_after=None
Setting next_dagrun for dataset_consumes_1 to None, run_after=None
Setting next_dagrun for dataset_consumes_1_and_2 to None, run_after=None
Setting next_dagrun for dataset_consumes_1_never_scheduled to None, run_after=None
Setting next_dagrun for dataset_consumes_unknown_never_scheduled to None, run_after=None
Setting next_dagrun for dataset_produces_1 to 2026-02-02 00:00:00+00:00, run_after=2026-02-02 00:00:00+00:00
Setting next_dagrun for dataset_produces_2 to None, run_after=None
Processing /home/airflow/.local/lib/python3.12/site-packages/airflow/example_dags/example_datasets.py took 0.096 seconds
Started process (PID=3589) to work on /home/airflow/.local/lib/python3.12/site-packages/airflow/example_dags/example_datasets.py
Processing file /home/airflow/.local/lib/python3.12/site-packages/airflow/example_dags/example_datasets.py for tasks to queue
Filling up the DagBag from /home/airflow/.local/lib/python3.12/site-packages/airflow/example_dags/example_datasets.py
DAG(s) 'consume_1_or_both_2_and_3_with_dataset_expressions', 'dataset_produces_1', 'consume_1_or_2_with_dataset_expressions', 'consume_1_and_2_with_dataset_expressions', 'dataset_consumes_1_never_scheduled', 'dataset_consumes_1_and_2', 'dataset_consumes_unknown_never_scheduled', 'dataset_produces_2', 'dataset_consumes_1', 'conditional_dataset_and_time_based_timetable' retrieved from /home/airflow/.local/lib/python3.12/site-packages/airflow/example_dags/example_datasets.py
Sync 10 DAGs
Setting next_dagrun for conditional_dataset_and_time_based_timetable to 2026-01-28 01:00:00+00:00, run_after=2026-01-28 01:00:00+00:00
Setting next_dagrun for consume_1_and_2_with_dataset_expressions to None, run_after=None
Setting next_dagrun for consume_1_or_2_with_dataset_expressions to None, run_after=None
Setting next_dagrun for consume_1_or_both_2_and_3_with_dataset_expressions to None, run_after=None
Setting next_dagrun for dataset_consumes_1 to None, run_after=None
Setting next_dagrun for dataset_consumes_1_and_2 to None, run_after=None
Setting next_dagrun for dataset_consumes_1_never_scheduled to None, run_after=None
Setting next_dagrun for dataset_consumes_unknown_never_scheduled to None, run_after=None
Setting next_dagrun for dataset_produces_1 to 2026-02-02 00:00:00+00:00, run_after=2026-02-02 00:00:00+00:00
Setting next_dagrun for dataset_produces_2 to None, run_after=None
Processing /home/airflow/.local/lib/python3.12/site-packages/airflow/example_dags/example_datasets.py took 0.102 seconds
Started process (PID=3655) to work on /home/airflow/.local/lib/python3.12/site-packages/airflow/example_dags/example_datasets.py
Processing file /home/airflow/.local/lib/python3.12/site-packages/airflow/example_dags/example_datasets.py for tasks to queue
Filling up the DagBag from /home/airflow/.local/lib/python3.12/site-packages/airflow/example_dags/example_datasets.py
DAG(s) 'dataset_consumes_1_and_2', 'consume_1_and_2_with_dataset_expressions', 'dataset_produces_1', 'dataset_consumes_1', 'dataset_produces_2', 'consume_1_or_both_2_and_3_with_dataset_expressions', 'dataset_consumes_unknown_never_scheduled', 'dataset_consumes_1_never_scheduled', 'conditional_dataset_and_time_based_timetable', 'consume_1_or_2_with_dataset_expressions' retrieved from /home/airflow/.local/lib/python3.12/site-packages/airflow/example_dags/example_datasets.py
Sync 10 DAGs
Setting next_dagrun for conditional_dataset_and_time_based_timetable to 2026-01-28 01:00:00+00:00, run_after=2026-01-28 01:00:00+00:00
Setting next_dagrun for consume_1_and_2_with_dataset_expressions to None, run_after=None
Setting next_dagrun for consume_1_or_2_with_dataset_expressions to None, run_after=None
Setting next_dagrun for consume_1_or_both_2_and_3_with_dataset_expressions to None, run_after=None
Setting next_dagrun for dataset_consumes_1 to None, run_after=None
Setting next_dagrun for dataset_consumes_1_and_2 to None, run_after=None
Setting next_dagrun for dataset_consumes_1_never_scheduled to None, run_after=None
Setting next_dagrun for dataset_consumes_unknown_never_scheduled to None, run_after=None
Setting next_dagrun for dataset_produces_1 to 2026-02-02 00:00:00+00:00, run_after=2026-02-02 00:00:00+00:00
Setting next_dagrun for dataset_produces_2 to None, run_after=None
Processing /home/airflow/.local/lib/python3.12/site-packages/airflow/example_dags/example_datasets.py took 0.105 seconds
Started process (PID=3728) to work on /home/airflow/.local/lib/python3.12/site-packages/airflow/example_dags/example_datasets.py
Processing file /home/airflow/.local/lib/python3.12/site-packages/airflow/example_dags/example_datasets.py for tasks to queue
Filling up the DagBag from /home/airflow/.local/lib/python3.12/site-packages/airflow/example_dags/example_datasets.py
DAG(s) 'dataset_produces_2', 'consume_1_or_2_with_dataset_expressions', 'dataset_consumes_unknown_never_scheduled', 'conditional_dataset_and_time_based_timetable', 'dataset_consumes_1_never_scheduled', 'consume_1_and_2_with_dataset_expressions', 'dataset_produces_1', 'dataset_consumes_1_and_2', 'dataset_consumes_1', 'consume_1_or_both_2_and_3_with_dataset_expressions' retrieved from /home/airflow/.local/lib/python3.12/site-packages/airflow/example_dags/example_datasets.py
Sync 10 DAGs
Setting next_dagrun for conditional_dataset_and_time_based_timetable to 2026-01-28 01:00:00+00:00, run_after=2026-01-28 01:00:00+00:00
Setting next_dagrun for consume_1_and_2_with_dataset_expressions to None, run_after=None
Setting next_dagrun for consume_1_or_2_with_dataset_expressions to None, run_after=None
Setting next_dagrun for consume_1_or_both_2_and_3_with_dataset_expressions to None, run_after=None
Setting next_dagrun for dataset_consumes_1 to None, run_after=None
Setting next_dagrun for dataset_consumes_1_and_2 to None, run_after=None
Setting next_dagrun for dataset_consumes_1_never_scheduled to None, run_after=None
Setting next_dagrun for dataset_consumes_unknown_never_scheduled to None, run_after=None
Setting next_dagrun for dataset_produces_1 to 2026-02-02 00:00:00+00:00, run_after=2026-02-02 00:00:00+00:00
Setting next_dagrun for dataset_produces_2 to None, run_after=None
Processing /home/airflow/.local/lib/python3.12/site-packages/airflow/example_dags/example_datasets.py took 0.609 seconds
Started process (PID=3794) to work on /home/airflow/.local/lib/python3.12/site-packages/airflow/example_dags/example_datasets.py
Processing file /home/airflow/.local/lib/python3.12/site-packages/airflow/example_dags/example_datasets.py for tasks to queue
Filling up the DagBag from /home/airflow/.local/lib/python3.12/site-packages/airflow/example_dags/example_datasets.py
DAG(s) 'dataset_produces_1', 'dataset_produces_2', 'consume_1_or_both_2_and_3_with_dataset_expressions', 'consume_1_or_2_with_dataset_expressions', 'conditional_dataset_and_time_based_timetable', 'dataset_consumes_1_and_2', 'dataset_consumes_1_never_scheduled', 'dataset_consumes_unknown_never_scheduled', 'consume_1_and_2_with_dataset_expressions', 'dataset_consumes_1' retrieved from /home/airflow/.local/lib/python3.12/site-packages/airflow/example_dags/example_datasets.py
Sync 10 DAGs
Setting next_dagrun for conditional_dataset_and_time_based_timetable to 2026-01-28 01:00:00+00:00, run_after=2026-01-28 01:00:00+00:00
Setting next_dagrun for consume_1_and_2_with_dataset_expressions to None, run_after=None
Setting next_dagrun for consume_1_or_2_with_dataset_expressions to None, run_after=None
Setting next_dagrun for consume_1_or_both_2_and_3_with_dataset_expressions to None, run_after=None
Setting next_dagrun for dataset_consumes_1 to None, run_after=None
Setting next_dagrun for dataset_consumes_1_and_2 to None, run_after=None
Setting next_dagrun for dataset_consumes_1_never_scheduled to None, run_after=None
Setting next_dagrun for dataset_consumes_unknown_never_scheduled to None, run_after=None
Setting next_dagrun for dataset_produces_1 to 2026-02-02 00:00:00+00:00, run_after=2026-02-02 00:00:00+00:00
Setting next_dagrun for dataset_produces_2 to None, run_after=None
Processing /home/airflow/.local/lib/python3.12/site-packages/airflow/example_dags/example_datasets.py took 0.113 seconds
Started process (PID=3867) to work on /home/airflow/.local/lib/python3.12/site-packages/airflow/example_dags/example_datasets.py
Processing file /home/airflow/.local/lib/python3.12/site-packages/airflow/example_dags/example_datasets.py for tasks to queue
Filling up the DagBag from /home/airflow/.local/lib/python3.12/site-packages/airflow/example_dags/example_datasets.py
DAG(s) 'dataset_consumes_1_and_2', 'dataset_consumes_unknown_never_scheduled', 'dataset_consumes_1', 'consume_1_or_2_with_dataset_expressions', 'consume_1_and_2_with_dataset_expressions', 'dataset_produces_2', 'consume_1_or_both_2_and_3_with_dataset_expressions', 'dataset_consumes_1_never_scheduled', 'dataset_produces_1', 'conditional_dataset_and_time_based_timetable' retrieved from /home/airflow/.local/lib/python3.12/site-packages/airflow/example_dags/example_datasets.py
Sync 10 DAGs
Setting next_dagrun for conditional_dataset_and_time_based_timetable to 2026-01-28 01:00:00+00:00, run_after=2026-01-28 01:00:00+00:00
Setting next_dagrun for consume_1_and_2_with_dataset_expressions to None, run_after=None
Setting next_dagrun for consume_1_or_2_with_dataset_expressions to None, run_after=None
Setting next_dagrun for consume_1_or_both_2_and_3_with_dataset_expressions to None, run_after=None
Setting next_dagrun for dataset_consumes_1 to None, run_after=None
Setting next_dagrun for dataset_consumes_1_and_2 to None, run_after=None
Setting next_dagrun for dataset_consumes_1_never_scheduled to None, run_after=None
Setting next_dagrun for dataset_consumes_unknown_never_scheduled to None, run_after=None
Setting next_dagrun for dataset_produces_1 to 2026-02-02 00:00:00+00:00, run_after=2026-02-02 00:00:00+00:00
Setting next_dagrun for dataset_produces_2 to None, run_after=None
Processing /home/airflow/.local/lib/python3.12/site-packages/airflow/example_dags/example_datasets.py took 0.126 seconds
Started process (PID=3933) to work on /home/airflow/.local/lib/python3.12/site-packages/airflow/example_dags/example_datasets.py
Processing file /home/airflow/.local/lib/python3.12/site-packages/airflow/example_dags/example_datasets.py for tasks to queue
Filling up the DagBag from /home/airflow/.local/lib/python3.12/site-packages/airflow/example_dags/example_datasets.py
DAG(s) 'dataset_consumes_1_never_scheduled', 'consume_1_or_both_2_and_3_with_dataset_expressions', 'conditional_dataset_and_time_based_timetable', 'dataset_produces_2', 'dataset_consumes_1', 'consume_1_and_2_with_dataset_expressions', 'dataset_consumes_1_and_2', 'consume_1_or_2_with_dataset_expressions', 'dataset_consumes_unknown_never_scheduled', 'dataset_produces_1' retrieved from /home/airflow/.local/lib/python3.12/site-packages/airflow/example_dags/example_datasets.py
Sync 10 DAGs
Setting next_dagrun for conditional_dataset_and_time_based_timetable to 2026-01-28 01:00:00+00:00, run_after=2026-01-28 01:00:00+00:00
Setting next_dagrun for consume_1_and_2_with_dataset_expressions to None, run_after=None
Setting next_dagrun for consume_1_or_2_with_dataset_expressions to None, run_after=None
Setting next_dagrun for consume_1_or_both_2_and_3_with_dataset_expressions to None, run_after=None
Setting next_dagrun for dataset_consumes_1 to None, run_after=None
Setting next_dagrun for dataset_consumes_1_and_2 to None, run_after=None
Setting next_dagrun for dataset_consumes_1_never_scheduled to None, run_after=None
Setting next_dagrun for dataset_consumes_unknown_never_scheduled to None, run_after=None
Setting next_dagrun for dataset_produces_1 to 2026-02-02 00:00:00+00:00, run_after=2026-02-02 00:00:00+00:00
Setting next_dagrun for dataset_produces_2 to None, run_after=None
Processing /home/airflow/.local/lib/python3.12/site-packages/airflow/example_dags/example_datasets.py took 0.356 seconds
Started process (PID=4006) to work on /home/airflow/.local/lib/python3.12/site-packages/airflow/example_dags/example_datasets.py
Processing file /home/airflow/.local/lib/python3.12/site-packages/airflow/example_dags/example_datasets.py for tasks to queue
Filling up the DagBag from /home/airflow/.local/lib/python3.12/site-packages/airflow/example_dags/example_datasets.py
DAG(s) 'consume_1_or_both_2_and_3_with_dataset_expressions', 'consume_1_and_2_with_dataset_expressions', 'consume_1_or_2_with_dataset_expressions', 'conditional_dataset_and_time_based_timetable', 'dataset_produces_1', 'dataset_consumes_unknown_never_scheduled', 'dataset_consumes_1', 'dataset_consumes_1_never_scheduled', 'dataset_consumes_1_and_2', 'dataset_produces_2' retrieved from /home/airflow/.local/lib/python3.12/site-packages/airflow/example_dags/example_datasets.py
Sync 10 DAGs
Setting next_dagrun for conditional_dataset_and_time_based_timetable to 2026-01-28 01:00:00+00:00, run_after=2026-01-28 01:00:00+00:00
Setting next_dagrun for consume_1_and_2_with_dataset_expressions to None, run_after=None
Setting next_dagrun for consume_1_or_2_with_dataset_expressions to None, run_after=None
Setting next_dagrun for consume_1_or_both_2_and_3_with_dataset_expressions to None, run_after=None
Setting next_dagrun for dataset_consumes_1 to None, run_after=None
Setting next_dagrun for dataset_consumes_1_and_2 to None, run_after=None
Setting next_dagrun for dataset_consumes_1_never_scheduled to None, run_after=None
Setting next_dagrun for dataset_consumes_unknown_never_scheduled to None, run_after=None
Setting next_dagrun for dataset_produces_1 to 2026-02-02 00:00:00+00:00, run_after=2026-02-02 00:00:00+00:00
Setting next_dagrun for dataset_produces_2 to None, run_after=None
Processing /home/airflow/.local/lib/python3.12/site-packages/airflow/example_dags/example_datasets.py took 0.295 seconds
Started process (PID=4073) to work on /home/airflow/.local/lib/python3.12/site-packages/airflow/example_dags/example_datasets.py
Processing file /home/airflow/.local/lib/python3.12/site-packages/airflow/example_dags/example_datasets.py for tasks to queue
Filling up the DagBag from /home/airflow/.local/lib/python3.12/site-packages/airflow/example_dags/example_datasets.py
DAG(s) 'conditional_dataset_and_time_based_timetable', 'consume_1_and_2_with_dataset_expressions', 'consume_1_or_2_with_dataset_expressions', 'dataset_consumes_unknown_never_scheduled', 'dataset_consumes_1', 'dataset_consumes_1_never_scheduled', 'consume_1_or_both_2_and_3_with_dataset_expressions', 'dataset_consumes_1_and_2', 'dataset_produces_2', 'dataset_produces_1' retrieved from /home/airflow/.local/lib/python3.12/site-packages/airflow/example_dags/example_datasets.py
Sync 10 DAGs
Setting next_dagrun for conditional_dataset_and_time_based_timetable to 2026-01-28 01:00:00+00:00, run_after=2026-01-28 01:00:00+00:00
Setting next_dagrun for consume_1_and_2_with_dataset_expressions to None, run_after=None
Setting next_dagrun for consume_1_or_2_with_dataset_expressions to None, run_after=None
Setting next_dagrun for consume_1_or_both_2_and_3_with_dataset_expressions to None, run_after=None
Setting next_dagrun for dataset_consumes_1 to None, run_after=None
Setting next_dagrun for dataset_consumes_1_and_2 to None, run_after=None
Setting next_dagrun for dataset_consumes_1_never_scheduled to None, run_after=None
Setting next_dagrun for dataset_consumes_unknown_never_scheduled to None, run_after=None
Setting next_dagrun for dataset_produces_1 to 2026-02-02 00:00:00+00:00, run_after=2026-02-02 00:00:00+00:00
Setting next_dagrun for dataset_produces_2 to None, run_after=None
Processing /home/airflow/.local/lib/python3.12/site-packages/airflow/example_dags/example_datasets.py took 0.097 seconds
Started process (PID=4146) to work on /home/airflow/.local/lib/python3.12/site-packages/airflow/example_dags/example_datasets.py
Processing file /home/airflow/.local/lib/python3.12/site-packages/airflow/example_dags/example_datasets.py for tasks to queue
Filling up the DagBag from /home/airflow/.local/lib/python3.12/site-packages/airflow/example_dags/example_datasets.py
DAG(s) 'dataset_consumes_1_never_scheduled', 'consume_1_or_both_2_and_3_with_dataset_expressions', 'dataset_consumes_1_and_2', 'dataset_produces_1', 'dataset_produces_2', 'conditional_dataset_and_time_based_timetable', 'dataset_consumes_unknown_never_scheduled', 'consume_1_and_2_with_dataset_expressions', 'dataset_consumes_1', 'consume_1_or_2_with_dataset_expressions' retrieved from /home/airflow/.local/lib/python3.12/site-packages/airflow/example_dags/example_datasets.py
Sync 10 DAGs
Setting next_dagrun for conditional_dataset_and_time_based_timetable to 2026-01-28 01:00:00+00:00, run_after=2026-01-28 01:00:00+00:00
Setting next_dagrun for consume_1_and_2_with_dataset_expressions to None, run_after=None
Setting next_dagrun for consume_1_or_2_with_dataset_expressions to None, run_after=None
Setting next_dagrun for consume_1_or_both_2_and_3_with_dataset_expressions to None, run_after=None
Setting next_dagrun for dataset_consumes_1 to None, run_after=None
Setting next_dagrun for dataset_consumes_1_and_2 to None, run_after=None
Setting next_dagrun for dataset_consumes_1_never_scheduled to None, run_after=None
Setting next_dagrun for dataset_consumes_unknown_never_scheduled to None, run_after=None
Setting next_dagrun for dataset_produces_1 to 2026-02-02 00:00:00+00:00, run_after=2026-02-02 00:00:00+00:00
Setting next_dagrun for dataset_produces_2 to None, run_after=None
Processing /home/airflow/.local/lib/python3.12/site-packages/airflow/example_dags/example_datasets.py took 0.130 seconds
Started process (PID=40) to work on /home/airflow/.local/lib/python3.12/site-packages/airflow/example_dags/example_datasets.py
Processing file /home/airflow/.local/lib/python3.12/site-packages/airflow/example_dags/example_datasets.py for tasks to queue
Filling up the DagBag from /home/airflow/.local/lib/python3.12/site-packages/airflow/example_dags/example_datasets.py
DAG(s) 'consume_1_or_2_with_dataset_expressions', 'conditional_dataset_and_time_based_timetable', 'dataset_consumes_1', 'dataset_consumes_1_never_scheduled', 'dataset_consumes_unknown_never_scheduled', 'dataset_produces_2', 'consume_1_and_2_with_dataset_expressions', 'dataset_consumes_1_and_2', 'consume_1_or_both_2_and_3_with_dataset_expressions', 'dataset_produces_1' retrieved from /home/airflow/.local/lib/python3.12/site-packages/airflow/example_dags/example_datasets.py
Sync 10 DAGs
Setting next_dagrun for conditional_dataset_and_time_based_timetable to 2026-01-28 01:00:00+00:00, run_after=2026-01-28 01:00:00+00:00
Setting next_dagrun for consume_1_and_2_with_dataset_expressions to None, run_after=None
Setting next_dagrun for consume_1_or_2_with_dataset_expressions to None, run_after=None
Setting next_dagrun for consume_1_or_both_2_and_3_with_dataset_expressions to None, run_after=None
Setting next_dagrun for dataset_consumes_1 to None, run_after=None
Setting next_dagrun for dataset_consumes_1_and_2 to None, run_after=None
Setting next_dagrun for dataset_consumes_1_never_scheduled to None, run_after=None
Setting next_dagrun for dataset_consumes_unknown_never_scheduled to None, run_after=None
Setting next_dagrun for dataset_produces_1 to 2026-02-02 00:00:00+00:00, run_after=2026-02-02 00:00:00+00:00
Setting next_dagrun for dataset_produces_2 to None, run_after=None
Processing /home/airflow/.local/lib/python3.12/site-packages/airflow/example_dags/example_datasets.py took 0.541 seconds
Started process (PID=113) to work on /home/airflow/.local/lib/python3.12/site-packages/airflow/example_dags/example_datasets.py
Processing file /home/airflow/.local/lib/python3.12/site-packages/airflow/example_dags/example_datasets.py for tasks to queue
Filling up the DagBag from /home/airflow/.local/lib/python3.12/site-packages/airflow/example_dags/example_datasets.py
DAG(s) 'dataset_consumes_1_never_scheduled', 'dataset_produces_2', 'dataset_consumes_unknown_never_scheduled', 'dataset_consumes_1_and_2', 'conditional_dataset_and_time_based_timetable', 'consume_1_and_2_with_dataset_expressions', 'dataset_produces_1', 'consume_1_or_both_2_and_3_with_dataset_expressions', 'consume_1_or_2_with_dataset_expressions', 'dataset_consumes_1' retrieved from /home/airflow/.local/lib/python3.12/site-packages/airflow/example_dags/example_datasets.py
Sync 10 DAGs
Setting next_dagrun for conditional_dataset_and_time_based_timetable to 2026-01-28 01:00:00+00:00, run_after=2026-01-28 01:00:00+00:00
Setting next_dagrun for consume_1_and_2_with_dataset_expressions to None, run_after=None
Setting next_dagrun for consume_1_or_2_with_dataset_expressions to None, run_after=None
Setting next_dagrun for consume_1_or_both_2_and_3_with_dataset_expressions to None, run_after=None
Setting next_dagrun for dataset_consumes_1 to None, run_after=None
Setting next_dagrun for dataset_consumes_1_and_2 to None, run_after=None
Setting next_dagrun for dataset_consumes_1_never_scheduled to None, run_after=None
Setting next_dagrun for dataset_consumes_unknown_never_scheduled to None, run_after=None
Setting next_dagrun for dataset_produces_1 to 2026-02-02 00:00:00+00:00, run_after=2026-02-02 00:00:00+00:00
Setting next_dagrun for dataset_produces_2 to None, run_after=None
Processing /home/airflow/.local/lib/python3.12/site-packages/airflow/example_dags/example_datasets.py took 0.218 seconds
Started process (PID=179) to work on /home/airflow/.local/lib/python3.12/site-packages/airflow/example_dags/example_datasets.py
Processing file /home/airflow/.local/lib/python3.12/site-packages/airflow/example_dags/example_datasets.py for tasks to queue
Filling up the DagBag from /home/airflow/.local/lib/python3.12/site-packages/airflow/example_dags/example_datasets.py
DAG(s) 'dataset_consumes_1', 'dataset_produces_1', 'conditional_dataset_and_time_based_timetable', 'consume_1_and_2_with_dataset_expressions', 'dataset_consumes_unknown_never_scheduled', 'consume_1_or_both_2_and_3_with_dataset_expressions', 'consume_1_or_2_with_dataset_expressions', 'dataset_consumes_1_never_scheduled', 'dataset_consumes_1_and_2', 'dataset_produces_2' retrieved from /home/airflow/.local/lib/python3.12/site-packages/airflow/example_dags/example_datasets.py
Sync 10 DAGs
Setting next_dagrun for conditional_dataset_and_time_based_timetable to 2026-01-28 01:00:00+00:00, run_after=2026-01-28 01:00:00+00:00
Setting next_dagrun for consume_1_and_2_with_dataset_expressions to None, run_after=None
Setting next_dagrun for consume_1_or_2_with_dataset_expressions to None, run_after=None
Setting next_dagrun for consume_1_or_both_2_and_3_with_dataset_expressions to None, run_after=None
Setting next_dagrun for dataset_consumes_1 to None, run_after=None
Setting next_dagrun for dataset_consumes_1_and_2 to None, run_after=None
Setting next_dagrun for dataset_consumes_1_never_scheduled to None, run_after=None
Setting next_dagrun for dataset_consumes_unknown_never_scheduled to None, run_after=None
Setting next_dagrun for dataset_produces_1 to 2026-02-02 00:00:00+00:00, run_after=2026-02-02 00:00:00+00:00
Setting next_dagrun for dataset_produces_2 to None, run_after=None
Processing /home/airflow/.local/lib/python3.12/site-packages/airflow/example_dags/example_datasets.py took 0.133 seconds
Started process (PID=245) to work on /home/airflow/.local/lib/python3.12/site-packages/airflow/example_dags/example_datasets.py
Processing file /home/airflow/.local/lib/python3.12/site-packages/airflow/example_dags/example_datasets.py for tasks to queue
Filling up the DagBag from /home/airflow/.local/lib/python3.12/site-packages/airflow/example_dags/example_datasets.py
DAG(s) 'dataset_consumes_1_and_2', 'consume_1_and_2_with_dataset_expressions', 'dataset_produces_2', 'consume_1_or_2_with_dataset_expressions', 'consume_1_or_both_2_and_3_with_dataset_expressions', 'dataset_consumes_1_never_scheduled', 'dataset_consumes_1', 'dataset_consumes_unknown_never_scheduled', 'dataset_produces_1', 'conditional_dataset_and_time_based_timetable' retrieved from /home/airflow/.local/lib/python3.12/site-packages/airflow/example_dags/example_datasets.py
Sync 10 DAGs
Setting next_dagrun for conditional_dataset_and_time_based_timetable to 2026-01-28 01:00:00+00:00, run_after=2026-01-28 01:00:00+00:00
Setting next_dagrun for consume_1_and_2_with_dataset_expressions to None, run_after=None
Setting next_dagrun for consume_1_or_2_with_dataset_expressions to None, run_after=None
Setting next_dagrun for consume_1_or_both_2_and_3_with_dataset_expressions to None, run_after=None
Setting next_dagrun for dataset_consumes_1 to None, run_after=None
Setting next_dagrun for dataset_consumes_1_and_2 to None, run_after=None
Setting next_dagrun for dataset_consumes_1_never_scheduled to None, run_after=None
Setting next_dagrun for dataset_consumes_unknown_never_scheduled to None, run_after=None
Setting next_dagrun for dataset_produces_1 to 2026-02-02 00:00:00+00:00, run_after=2026-02-02 00:00:00+00:00
Setting next_dagrun for dataset_produces_2 to None, run_after=None
Processing /home/airflow/.local/lib/python3.12/site-packages/airflow/example_dags/example_datasets.py took 0.131 seconds
Started process (PID=318) to work on /home/airflow/.local/lib/python3.12/site-packages/airflow/example_dags/example_datasets.py
Processing file /home/airflow/.local/lib/python3.12/site-packages/airflow/example_dags/example_datasets.py for tasks to queue
Filling up the DagBag from /home/airflow/.local/lib/python3.12/site-packages/airflow/example_dags/example_datasets.py
DAG(s) 'dataset_consumes_1_and_2', 'consume_1_or_both_2_and_3_with_dataset_expressions', 'conditional_dataset_and_time_based_timetable', 'dataset_consumes_1_never_scheduled', 'dataset_produces_1', 'dataset_produces_2', 'consume_1_or_2_with_dataset_expressions', 'consume_1_and_2_with_dataset_expressions', 'dataset_consumes_1', 'dataset_consumes_unknown_never_scheduled' retrieved from /home/airflow/.local/lib/python3.12/site-packages/airflow/example_dags/example_datasets.py
Sync 10 DAGs
Setting next_dagrun for conditional_dataset_and_time_based_timetable to 2026-01-28 01:00:00+00:00, run_after=2026-01-28 01:00:00+00:00
Setting next_dagrun for consume_1_and_2_with_dataset_expressions to None, run_after=None
Setting next_dagrun for consume_1_or_2_with_dataset_expressions to None, run_after=None
Setting next_dagrun for consume_1_or_both_2_and_3_with_dataset_expressions to None, run_after=None
Setting next_dagrun for dataset_consumes_1 to None, run_after=None
Setting next_dagrun for dataset_consumes_1_and_2 to None, run_after=None
Setting next_dagrun for dataset_consumes_1_never_scheduled to None, run_after=None
Setting next_dagrun for dataset_consumes_unknown_never_scheduled to None, run_after=None
Setting next_dagrun for dataset_produces_1 to 2026-02-02 00:00:00+00:00, run_after=2026-02-02 00:00:00+00:00
Setting next_dagrun for dataset_produces_2 to None, run_after=None
Processing /home/airflow/.local/lib/python3.12/site-packages/airflow/example_dags/example_datasets.py took 0.187 seconds
Started process (PID=385) to work on /home/airflow/.local/lib/python3.12/site-packages/airflow/example_dags/example_datasets.py
Processing file /home/airflow/.local/lib/python3.12/site-packages/airflow/example_dags/example_datasets.py for tasks to queue
Filling up the DagBag from /home/airflow/.local/lib/python3.12/site-packages/airflow/example_dags/example_datasets.py
DAG(s) 'dataset_consumes_1', 'consume_1_or_2_with_dataset_expressions', 'consume_1_or_both_2_and_3_with_dataset_expressions', 'consume_1_and_2_with_dataset_expressions', 'dataset_produces_1', 'dataset_consumes_unknown_never_scheduled', 'dataset_produces_2', 'dataset_consumes_1_never_scheduled', 'dataset_consumes_1_and_2', 'conditional_dataset_and_time_based_timetable' retrieved from /home/airflow/.local/lib/python3.12/site-packages/airflow/example_dags/example_datasets.py
Sync 10 DAGs
Setting next_dagrun for conditional_dataset_and_time_based_timetable to 2026-01-28 01:00:00+00:00, run_after=2026-01-28 01:00:00+00:00
Setting next_dagrun for consume_1_and_2_with_dataset_expressions to None, run_after=None
Setting next_dagrun for consume_1_or_2_with_dataset_expressions to None, run_after=None
Setting next_dagrun for consume_1_or_both_2_and_3_with_dataset_expressions to None, run_after=None
Setting next_dagrun for dataset_consumes_1 to None, run_after=None
Setting next_dagrun for dataset_consumes_1_and_2 to None, run_after=None
Setting next_dagrun for dataset_consumes_1_never_scheduled to None, run_after=None
Setting next_dagrun for dataset_consumes_unknown_never_scheduled to None, run_after=None
Setting next_dagrun for dataset_produces_1 to 2026-02-02 00:00:00+00:00, run_after=2026-02-02 00:00:00+00:00
Setting next_dagrun for dataset_produces_2 to None, run_after=None
Processing /home/airflow/.local/lib/python3.12/site-packages/airflow/example_dags/example_datasets.py took 0.139 seconds
Started process (PID=450) to work on /home/airflow/.local/lib/python3.12/site-packages/airflow/example_dags/example_datasets.py
Processing file /home/airflow/.local/lib/python3.12/site-packages/airflow/example_dags/example_datasets.py for tasks to queue
Filling up the DagBag from /home/airflow/.local/lib/python3.12/site-packages/airflow/example_dags/example_datasets.py
DAG(s) 'dataset_consumes_1', 'dataset_consumes_1_never_scheduled', 'dataset_produces_2', 'conditional_dataset_and_time_based_timetable', 'dataset_consumes_unknown_never_scheduled', 'consume_1_or_2_with_dataset_expressions', 'consume_1_or_both_2_and_3_with_dataset_expressions', 'dataset_consumes_1_and_2', 'consume_1_and_2_with_dataset_expressions', 'dataset_produces_1' retrieved from /home/airflow/.local/lib/python3.12/site-packages/airflow/example_dags/example_datasets.py
Sync 10 DAGs
Setting next_dagrun for conditional_dataset_and_time_based_timetable to 2026-01-28 01:00:00+00:00, run_after=2026-01-28 01:00:00+00:00
Setting next_dagrun for consume_1_and_2_with_dataset_expressions to None, run_after=None
Setting next_dagrun for consume_1_or_2_with_dataset_expressions to None, run_after=None
Setting next_dagrun for consume_1_or_both_2_and_3_with_dataset_expressions to None, run_after=None
Setting next_dagrun for dataset_consumes_1 to None, run_after=None
Setting next_dagrun for dataset_consumes_1_and_2 to None, run_after=None
Setting next_dagrun for dataset_consumes_1_never_scheduled to None, run_after=None
Setting next_dagrun for dataset_consumes_unknown_never_scheduled to None, run_after=None
Setting next_dagrun for dataset_produces_1 to 2026-02-02 00:00:00+00:00, run_after=2026-02-02 00:00:00+00:00
Setting next_dagrun for dataset_produces_2 to None, run_after=None
Processing /home/airflow/.local/lib/python3.12/site-packages/airflow/example_dags/example_datasets.py took 0.139 seconds
Started process (PID=523) to work on /home/airflow/.local/lib/python3.12/site-packages/airflow/example_dags/example_datasets.py
Processing file /home/airflow/.local/lib/python3.12/site-packages/airflow/example_dags/example_datasets.py for tasks to queue
Filling up the DagBag from /home/airflow/.local/lib/python3.12/site-packages/airflow/example_dags/example_datasets.py
DAG(s) 'dataset_consumes_1', 'dataset_produces_1', 'dataset_consumes_unknown_never_scheduled', 'dataset_consumes_1_never_scheduled', 'conditional_dataset_and_time_based_timetable', 'consume_1_or_both_2_and_3_with_dataset_expressions', 'dataset_consumes_1_and_2', 'consume_1_and_2_with_dataset_expressions', 'consume_1_or_2_with_dataset_expressions', 'dataset_produces_2' retrieved from /home/airflow/.local/lib/python3.12/site-packages/airflow/example_dags/example_datasets.py
Sync 10 DAGs
Setting next_dagrun for conditional_dataset_and_time_based_timetable to 2026-01-28 01:00:00+00:00, run_after=2026-01-28 01:00:00+00:00
Setting next_dagrun for consume_1_and_2_with_dataset_expressions to None, run_after=None
Setting next_dagrun for consume_1_or_2_with_dataset_expressions to None, run_after=None
Setting next_dagrun for consume_1_or_both_2_and_3_with_dataset_expressions to None, run_after=None
Setting next_dagrun for dataset_consumes_1 to None, run_after=None
Setting next_dagrun for dataset_consumes_1_and_2 to None, run_after=None
Setting next_dagrun for dataset_consumes_1_never_scheduled to None, run_after=None
Setting next_dagrun for dataset_consumes_unknown_never_scheduled to None, run_after=None
Setting next_dagrun for dataset_produces_1 to 2026-02-02 00:00:00+00:00, run_after=2026-02-02 00:00:00+00:00
Setting next_dagrun for dataset_produces_2 to None, run_after=None
Processing /home/airflow/.local/lib/python3.12/site-packages/airflow/example_dags/example_datasets.py took 0.154 seconds
Started process (PID=590) to work on /home/airflow/.local/lib/python3.12/site-packages/airflow/example_dags/example_datasets.py
Processing file /home/airflow/.local/lib/python3.12/site-packages/airflow/example_dags/example_datasets.py for tasks to queue
Filling up the DagBag from /home/airflow/.local/lib/python3.12/site-packages/airflow/example_dags/example_datasets.py
DAG(s) 'consume_1_and_2_with_dataset_expressions', 'dataset_consumes_unknown_never_scheduled', 'dataset_produces_1', 'dataset_consumes_1_and_2', 'dataset_consumes_1', 'conditional_dataset_and_time_based_timetable', 'dataset_consumes_1_never_scheduled', 'consume_1_or_both_2_and_3_with_dataset_expressions', 'consume_1_or_2_with_dataset_expressions', 'dataset_produces_2' retrieved from /home/airflow/.local/lib/python3.12/site-packages/airflow/example_dags/example_datasets.py
Sync 10 DAGs
Setting next_dagrun for conditional_dataset_and_time_based_timetable to 2026-01-28 01:00:00+00:00, run_after=2026-01-28 01:00:00+00:00
Setting next_dagrun for consume_1_and_2_with_dataset_expressions to None, run_after=None
Setting next_dagrun for consume_1_or_2_with_dataset_expressions to None, run_after=None
Setting next_dagrun for consume_1_or_both_2_and_3_with_dataset_expressions to None, run_after=None
Setting next_dagrun for dataset_consumes_1 to None, run_after=None
Setting next_dagrun for dataset_consumes_1_and_2 to None, run_after=None
Setting next_dagrun for dataset_consumes_1_never_scheduled to None, run_after=None
Setting next_dagrun for dataset_consumes_unknown_never_scheduled to None, run_after=None
Setting next_dagrun for dataset_produces_1 to 2026-02-02 00:00:00+00:00, run_after=2026-02-02 00:00:00+00:00
Setting next_dagrun for dataset_produces_2 to None, run_after=None
Processing /home/airflow/.local/lib/python3.12/site-packages/airflow/example_dags/example_datasets.py took 0.134 seconds
Started process (PID=655) to work on /home/airflow/.local/lib/python3.12/site-packages/airflow/example_dags/example_datasets.py
Processing file /home/airflow/.local/lib/python3.12/site-packages/airflow/example_dags/example_datasets.py for tasks to queue
Filling up the DagBag from /home/airflow/.local/lib/python3.12/site-packages/airflow/example_dags/example_datasets.py
DAG(s) 'dataset_consumes_1', 'consume_1_and_2_with_dataset_expressions', 'dataset_consumes_unknown_never_scheduled', 'consume_1_or_2_with_dataset_expressions', 'dataset_produces_2', 'dataset_consumes_1_and_2', 'dataset_produces_1', 'dataset_consumes_1_never_scheduled', 'conditional_dataset_and_time_based_timetable', 'consume_1_or_both_2_and_3_with_dataset_expressions' retrieved from /home/airflow/.local/lib/python3.12/site-packages/airflow/example_dags/example_datasets.py
Sync 10 DAGs
Setting next_dagrun for conditional_dataset_and_time_based_timetable to 2026-01-28 01:00:00+00:00, run_after=2026-01-28 01:00:00+00:00
Setting next_dagrun for consume_1_and_2_with_dataset_expressions to None, run_after=None
Setting next_dagrun for consume_1_or_2_with_dataset_expressions to None, run_after=None
Setting next_dagrun for consume_1_or_both_2_and_3_with_dataset_expressions to None, run_after=None
Setting next_dagrun for dataset_consumes_1 to None, run_after=None
Setting next_dagrun for dataset_consumes_1_and_2 to None, run_after=None
Setting next_dagrun for dataset_consumes_1_never_scheduled to None, run_after=None
Setting next_dagrun for dataset_consumes_unknown_never_scheduled to None, run_after=None
Setting next_dagrun for dataset_produces_1 to 2026-02-02 00:00:00+00:00, run_after=2026-02-02 00:00:00+00:00
Setting next_dagrun for dataset_produces_2 to None, run_after=None
Processing /home/airflow/.local/lib/python3.12/site-packages/airflow/example_dags/example_datasets.py took 0.143 seconds
Started process (PID=728) to work on /home/airflow/.local/lib/python3.12/site-packages/airflow/example_dags/example_datasets.py
Processing file /home/airflow/.local/lib/python3.12/site-packages/airflow/example_dags/example_datasets.py for tasks to queue
Filling up the DagBag from /home/airflow/.local/lib/python3.12/site-packages/airflow/example_dags/example_datasets.py
DAG(s) 'consume_1_and_2_with_dataset_expressions', 'dataset_produces_2', 'consume_1_or_2_with_dataset_expressions', 'dataset_produces_1', 'dataset_consumes_unknown_never_scheduled', 'dataset_consumes_1_and_2', 'dataset_consumes_1', 'dataset_consumes_1_never_scheduled', 'conditional_dataset_and_time_based_timetable', 'consume_1_or_both_2_and_3_with_dataset_expressions' retrieved from /home/airflow/.local/lib/python3.12/site-packages/airflow/example_dags/example_datasets.py
Sync 10 DAGs
Setting next_dagrun for conditional_dataset_and_time_based_timetable to 2026-01-28 01:00:00+00:00, run_after=2026-01-28 01:00:00+00:00
Setting next_dagrun for consume_1_and_2_with_dataset_expressions to None, run_after=None
Setting next_dagrun for consume_1_or_2_with_dataset_expressions to None, run_after=None
Setting next_dagrun for consume_1_or_both_2_and_3_with_dataset_expressions to None, run_after=None
Setting next_dagrun for dataset_consumes_1 to None, run_after=None
Setting next_dagrun for dataset_consumes_1_and_2 to None, run_after=None
Setting next_dagrun for dataset_consumes_1_never_scheduled to None, run_after=None
Setting next_dagrun for dataset_consumes_unknown_never_scheduled to None, run_after=None
Setting next_dagrun for dataset_produces_1 to 2026-02-02 00:00:00+00:00, run_after=2026-02-02 00:00:00+00:00
Setting next_dagrun for dataset_produces_2 to None, run_after=None
Processing /home/airflow/.local/lib/python3.12/site-packages/airflow/example_dags/example_datasets.py took 0.136 seconds
Started process (PID=794) to work on /home/airflow/.local/lib/python3.12/site-packages/airflow/example_dags/example_datasets.py
Processing file /home/airflow/.local/lib/python3.12/site-packages/airflow/example_dags/example_datasets.py for tasks to queue
Filling up the DagBag from /home/airflow/.local/lib/python3.12/site-packages/airflow/example_dags/example_datasets.py
DAG(s) 'dataset_consumes_1_and_2', 'consume_1_or_both_2_and_3_with_dataset_expressions', 'dataset_consumes_1', 'consume_1_and_2_with_dataset_expressions', 'dataset_consumes_1_never_scheduled', 'consume_1_or_2_with_dataset_expressions', 'dataset_produces_2', 'dataset_produces_1', 'dataset_consumes_unknown_never_scheduled', 'conditional_dataset_and_time_based_timetable' retrieved from /home/airflow/.local/lib/python3.12/site-packages/airflow/example_dags/example_datasets.py
Sync 10 DAGs
Setting next_dagrun for conditional_dataset_and_time_based_timetable to 2026-01-28 01:00:00+00:00, run_after=2026-01-28 01:00:00+00:00
Setting next_dagrun for consume_1_and_2_with_dataset_expressions to None, run_after=None
Setting next_dagrun for consume_1_or_2_with_dataset_expressions to None, run_after=None
Setting next_dagrun for consume_1_or_both_2_and_3_with_dataset_expressions to None, run_after=None
Setting next_dagrun for dataset_consumes_1 to None, run_after=None
Setting next_dagrun for dataset_consumes_1_and_2 to None, run_after=None
Setting next_dagrun for dataset_consumes_1_never_scheduled to None, run_after=None
Setting next_dagrun for dataset_consumes_unknown_never_scheduled to None, run_after=None
Setting next_dagrun for dataset_produces_1 to 2026-02-02 00:00:00+00:00, run_after=2026-02-02 00:00:00+00:00
Setting next_dagrun for dataset_produces_2 to None, run_after=None
Processing /home/airflow/.local/lib/python3.12/site-packages/airflow/example_dags/example_datasets.py took 0.142 seconds
Started process (PID=867) to work on /home/airflow/.local/lib/python3.12/site-packages/airflow/example_dags/example_datasets.py
Processing file /home/airflow/.local/lib/python3.12/site-packages/airflow/example_dags/example_datasets.py for tasks to queue
Filling up the DagBag from /home/airflow/.local/lib/python3.12/site-packages/airflow/example_dags/example_datasets.py
DAG(s) 'dataset_produces_2', 'consume_1_and_2_with_dataset_expressions', 'consume_1_or_both_2_and_3_with_dataset_expressions', 'dataset_produces_1', 'dataset_consumes_unknown_never_scheduled', 'dataset_consumes_1', 'dataset_consumes_1_and_2', 'consume_1_or_2_with_dataset_expressions', 'conditional_dataset_and_time_based_timetable', 'dataset_consumes_1_never_scheduled' retrieved from /home/airflow/.local/lib/python3.12/site-packages/airflow/example_dags/example_datasets.py
Sync 10 DAGs
Setting next_dagrun for conditional_dataset_and_time_based_timetable to 2026-01-28 01:00:00+00:00, run_after=2026-01-28 01:00:00+00:00
Setting next_dagrun for consume_1_and_2_with_dataset_expressions to None, run_after=None
Setting next_dagrun for consume_1_or_2_with_dataset_expressions to None, run_after=None
Setting next_dagrun for consume_1_or_both_2_and_3_with_dataset_expressions to None, run_after=None
Setting next_dagrun for dataset_consumes_1 to None, run_after=None
Setting next_dagrun for dataset_consumes_1_and_2 to None, run_after=None
Setting next_dagrun for dataset_consumes_1_never_scheduled to None, run_after=None
Setting next_dagrun for dataset_consumes_unknown_never_scheduled to None, run_after=None
Setting next_dagrun for dataset_produces_1 to 2026-02-02 00:00:00+00:00, run_after=2026-02-02 00:00:00+00:00
Setting next_dagrun for dataset_produces_2 to None, run_after=None
Processing /home/airflow/.local/lib/python3.12/site-packages/airflow/example_dags/example_datasets.py took 0.155 seconds
Started process (PID=47) to work on /home/airflow/.local/lib/python3.12/site-packages/airflow/example_dags/example_datasets.py
Processing file /home/airflow/.local/lib/python3.12/site-packages/airflow/example_dags/example_datasets.py for tasks to queue
Filling up the DagBag from /home/airflow/.local/lib/python3.12/site-packages/airflow/example_dags/example_datasets.py
DAG(s) 'consume_1_or_both_2_and_3_with_dataset_expressions', 'dataset_produces_1', 'dataset_produces_2', 'dataset_consumes_unknown_never_scheduled', 'dataset_consumes_1', 'consume_1_or_2_with_dataset_expressions', 'conditional_dataset_and_time_based_timetable', 'dataset_consumes_1_never_scheduled', 'consume_1_and_2_with_dataset_expressions', 'dataset_consumes_1_and_2' retrieved from /home/airflow/.local/lib/python3.12/site-packages/airflow/example_dags/example_datasets.py
Sync 10 DAGs
Setting next_dagrun for conditional_dataset_and_time_based_timetable to 2026-01-28 01:00:00+00:00, run_after=2026-01-28 01:00:00+00:00
Setting next_dagrun for consume_1_and_2_with_dataset_expressions to None, run_after=None
Setting next_dagrun for consume_1_or_2_with_dataset_expressions to None, run_after=None
Setting next_dagrun for consume_1_or_both_2_and_3_with_dataset_expressions to None, run_after=None
Setting next_dagrun for dataset_consumes_1 to None, run_after=None
Setting next_dagrun for dataset_consumes_1_and_2 to None, run_after=None
Setting next_dagrun for dataset_consumes_1_never_scheduled to None, run_after=None
Setting next_dagrun for dataset_consumes_unknown_never_scheduled to None, run_after=None
Setting next_dagrun for dataset_produces_1 to 2026-02-02 00:00:00+00:00, run_after=2026-02-02 00:00:00+00:00
Setting next_dagrun for dataset_produces_2 to None, run_after=None
Processing /home/airflow/.local/lib/python3.12/site-packages/airflow/example_dags/example_datasets.py took 0.536 seconds
Started process (PID=40) to work on /home/airflow/.local/lib/python3.12/site-packages/airflow/example_dags/example_datasets.py
Processing file /home/airflow/.local/lib/python3.12/site-packages/airflow/example_dags/example_datasets.py for tasks to queue
Filling up the DagBag from /home/airflow/.local/lib/python3.12/site-packages/airflow/example_dags/example_datasets.py
DAG(s) 'dataset_consumes_1_and_2', 'dataset_consumes_1_never_scheduled', 'dataset_produces_1', 'consume_1_or_both_2_and_3_with_dataset_expressions', 'consume_1_or_2_with_dataset_expressions', 'conditional_dataset_and_time_based_timetable', 'consume_1_and_2_with_dataset_expressions', 'dataset_consumes_unknown_never_scheduled', 'dataset_consumes_1', 'dataset_produces_2' retrieved from /home/airflow/.local/lib/python3.12/site-packages/airflow/example_dags/example_datasets.py
Sync 10 DAGs
Setting next_dagrun for conditional_dataset_and_time_based_timetable to 2026-01-28 01:00:00+00:00, run_after=2026-01-28 01:00:00+00:00
Setting next_dagrun for consume_1_and_2_with_dataset_expressions to None, run_after=None
Setting next_dagrun for consume_1_or_2_with_dataset_expressions to None, run_after=None
Setting next_dagrun for consume_1_or_both_2_and_3_with_dataset_expressions to None, run_after=None
Setting next_dagrun for dataset_consumes_1 to None, run_after=None
Setting next_dagrun for dataset_consumes_1_and_2 to None, run_after=None
Setting next_dagrun for dataset_consumes_1_never_scheduled to None, run_after=None
Setting next_dagrun for dataset_consumes_unknown_never_scheduled to None, run_after=None
Setting next_dagrun for dataset_produces_1 to 2026-02-02 00:00:00+00:00, run_after=2026-02-02 00:00:00+00:00
Setting next_dagrun for dataset_produces_2 to None, run_after=None
Processing /home/airflow/.local/lib/python3.12/site-packages/airflow/example_dags/example_datasets.py took 0.329 seconds
Started process (PID=106) to work on /home/airflow/.local/lib/python3.12/site-packages/airflow/example_dags/example_datasets.py
Processing file /home/airflow/.local/lib/python3.12/site-packages/airflow/example_dags/example_datasets.py for tasks to queue
Filling up the DagBag from /home/airflow/.local/lib/python3.12/site-packages/airflow/example_dags/example_datasets.py
DAG(s) 'dataset_consumes_1_never_scheduled', 'consume_1_or_both_2_and_3_with_dataset_expressions', 'dataset_produces_2', 'dataset_consumes_1_and_2', 'consume_1_and_2_with_dataset_expressions', 'dataset_produces_1', 'dataset_consumes_1', 'conditional_dataset_and_time_based_timetable', 'dataset_consumes_unknown_never_scheduled', 'consume_1_or_2_with_dataset_expressions' retrieved from /home/airflow/.local/lib/python3.12/site-packages/airflow/example_dags/example_datasets.py
Sync 10 DAGs
Setting next_dagrun for conditional_dataset_and_time_based_timetable to 2026-01-28 01:00:00+00:00, run_after=2026-01-28 01:00:00+00:00
Setting next_dagrun for consume_1_and_2_with_dataset_expressions to None, run_after=None
Setting next_dagrun for consume_1_or_2_with_dataset_expressions to None, run_after=None
Setting next_dagrun for consume_1_or_both_2_and_3_with_dataset_expressions to None, run_after=None
Setting next_dagrun for dataset_consumes_1 to None, run_after=None
Setting next_dagrun for dataset_consumes_1_and_2 to None, run_after=None
Setting next_dagrun for dataset_consumes_1_never_scheduled to None, run_after=None
Setting next_dagrun for dataset_consumes_unknown_never_scheduled to None, run_after=None
Setting next_dagrun for dataset_produces_1 to 2026-02-02 00:00:00+00:00, run_after=2026-02-02 00:00:00+00:00
Setting next_dagrun for dataset_produces_2 to None, run_after=None
Processing /home/airflow/.local/lib/python3.12/site-packages/airflow/example_dags/example_datasets.py took 1.417 seconds
Started process (PID=180) to work on /home/airflow/.local/lib/python3.12/site-packages/airflow/example_dags/example_datasets.py
Processing file /home/airflow/.local/lib/python3.12/site-packages/airflow/example_dags/example_datasets.py for tasks to queue
Filling up the DagBag from /home/airflow/.local/lib/python3.12/site-packages/airflow/example_dags/example_datasets.py
DAG(s) 'dataset_consumes_1', 'consume_1_and_2_with_dataset_expressions', 'consume_1_or_2_with_dataset_expressions', 'dataset_produces_1', 'dataset_produces_2', 'dataset_consumes_1_and_2', 'consume_1_or_both_2_and_3_with_dataset_expressions', 'conditional_dataset_and_time_based_timetable', 'dataset_consumes_unknown_never_scheduled', 'dataset_consumes_1_never_scheduled' retrieved from /home/airflow/.local/lib/python3.12/site-packages/airflow/example_dags/example_datasets.py
Sync 10 DAGs
Setting next_dagrun for conditional_dataset_and_time_based_timetable to 2026-01-28 01:00:00+00:00, run_after=2026-01-28 01:00:00+00:00
Setting next_dagrun for consume_1_and_2_with_dataset_expressions to None, run_after=None
Setting next_dagrun for consume_1_or_2_with_dataset_expressions to None, run_after=None
Setting next_dagrun for consume_1_or_both_2_and_3_with_dataset_expressions to None, run_after=None
Setting next_dagrun for dataset_consumes_1 to None, run_after=None
Setting next_dagrun for dataset_consumes_1_and_2 to None, run_after=None
Setting next_dagrun for dataset_consumes_1_never_scheduled to None, run_after=None
Setting next_dagrun for dataset_consumes_unknown_never_scheduled to None, run_after=None
Setting next_dagrun for dataset_produces_1 to 2026-02-02 00:00:00+00:00, run_after=2026-02-02 00:00:00+00:00
Setting next_dagrun for dataset_produces_2 to None, run_after=None
Processing /home/airflow/.local/lib/python3.12/site-packages/airflow/example_dags/example_datasets.py took 0.104 seconds
Started process (PID=254) to work on /home/airflow/.local/lib/python3.12/site-packages/airflow/example_dags/example_datasets.py
Processing file /home/airflow/.local/lib/python3.12/site-packages/airflow/example_dags/example_datasets.py for tasks to queue
Filling up the DagBag from /home/airflow/.local/lib/python3.12/site-packages/airflow/example_dags/example_datasets.py
DAG(s) 'dataset_produces_2', 'dataset_consumes_1_and_2', 'dataset_produces_1', 'consume_1_and_2_with_dataset_expressions', 'consume_1_or_2_with_dataset_expressions', 'consume_1_or_both_2_and_3_with_dataset_expressions', 'dataset_consumes_1_never_scheduled', 'dataset_consumes_unknown_never_scheduled', 'dataset_consumes_1', 'conditional_dataset_and_time_based_timetable' retrieved from /home/airflow/.local/lib/python3.12/site-packages/airflow/example_dags/example_datasets.py
Sync 10 DAGs
Setting next_dagrun for conditional_dataset_and_time_based_timetable to 2026-01-28 01:00:00+00:00, run_after=2026-01-28 01:00:00+00:00
Setting next_dagrun for consume_1_and_2_with_dataset_expressions to None, run_after=None
Setting next_dagrun for consume_1_or_2_with_dataset_expressions to None, run_after=None
Setting next_dagrun for consume_1_or_both_2_and_3_with_dataset_expressions to None, run_after=None
Setting next_dagrun for dataset_consumes_1 to None, run_after=None
Setting next_dagrun for dataset_consumes_1_and_2 to None, run_after=None
Setting next_dagrun for dataset_consumes_1_never_scheduled to None, run_after=None
Setting next_dagrun for dataset_consumes_unknown_never_scheduled to None, run_after=None
Setting next_dagrun for dataset_produces_1 to 2026-02-02 00:00:00+00:00, run_after=2026-02-02 00:00:00+00:00
Setting next_dagrun for dataset_produces_2 to None, run_after=None
Processing /home/airflow/.local/lib/python3.12/site-packages/airflow/example_dags/example_datasets.py took 0.135 seconds
Started process (PID=319) to work on /home/airflow/.local/lib/python3.12/site-packages/airflow/example_dags/example_datasets.py
Processing file /home/airflow/.local/lib/python3.12/site-packages/airflow/example_dags/example_datasets.py for tasks to queue
Filling up the DagBag from /home/airflow/.local/lib/python3.12/site-packages/airflow/example_dags/example_datasets.py
DAG(s) 'consume_1_or_both_2_and_3_with_dataset_expressions', 'consume_1_and_2_with_dataset_expressions', 'dataset_produces_2', 'dataset_consumes_1', 'dataset_produces_1', 'dataset_consumes_1_never_scheduled', 'dataset_consumes_unknown_never_scheduled', 'consume_1_or_2_with_dataset_expressions', 'dataset_consumes_1_and_2', 'conditional_dataset_and_time_based_timetable' retrieved from /home/airflow/.local/lib/python3.12/site-packages/airflow/example_dags/example_datasets.py
Sync 10 DAGs
Setting next_dagrun for conditional_dataset_and_time_based_timetable to 2026-01-28 01:00:00+00:00, run_after=2026-01-28 01:00:00+00:00
Setting next_dagrun for consume_1_and_2_with_dataset_expressions to None, run_after=None
Setting next_dagrun for consume_1_or_2_with_dataset_expressions to None, run_after=None
Setting next_dagrun for consume_1_or_both_2_and_3_with_dataset_expressions to None, run_after=None
Setting next_dagrun for dataset_consumes_1 to None, run_after=None
Setting next_dagrun for dataset_consumes_1_and_2 to None, run_after=None
Setting next_dagrun for dataset_consumes_1_never_scheduled to None, run_after=None
Setting next_dagrun for dataset_consumes_unknown_never_scheduled to None, run_after=None
Setting next_dagrun for dataset_produces_1 to 2026-02-02 00:00:00+00:00, run_after=2026-02-02 00:00:00+00:00
Setting next_dagrun for dataset_produces_2 to None, run_after=None
Processing /home/airflow/.local/lib/python3.12/site-packages/airflow/example_dags/example_datasets.py took 0.103 seconds
Started process (PID=392) to work on /home/airflow/.local/lib/python3.12/site-packages/airflow/example_dags/example_datasets.py
Processing file /home/airflow/.local/lib/python3.12/site-packages/airflow/example_dags/example_datasets.py for tasks to queue
Filling up the DagBag from /home/airflow/.local/lib/python3.12/site-packages/airflow/example_dags/example_datasets.py
DAG(s) 'consume_1_or_2_with_dataset_expressions', 'consume_1_and_2_with_dataset_expressions', 'dataset_produces_2', 'dataset_produces_1', 'dataset_consumes_1', 'consume_1_or_both_2_and_3_with_dataset_expressions', 'dataset_consumes_1_never_scheduled', 'dataset_consumes_unknown_never_scheduled', 'dataset_consumes_1_and_2', 'conditional_dataset_and_time_based_timetable' retrieved from /home/airflow/.local/lib/python3.12/site-packages/airflow/example_dags/example_datasets.py
Sync 10 DAGs
Setting next_dagrun for conditional_dataset_and_time_based_timetable to 2026-01-28 01:00:00+00:00, run_after=2026-01-28 01:00:00+00:00
Setting next_dagrun for consume_1_and_2_with_dataset_expressions to None, run_after=None
Setting next_dagrun for consume_1_or_2_with_dataset_expressions to None, run_after=None
Setting next_dagrun for consume_1_or_both_2_and_3_with_dataset_expressions to None, run_after=None
Setting next_dagrun for dataset_consumes_1 to None, run_after=None
Setting next_dagrun for dataset_consumes_1_and_2 to None, run_after=None
Setting next_dagrun for dataset_consumes_1_never_scheduled to None, run_after=None
Setting next_dagrun for dataset_consumes_unknown_never_scheduled to None, run_after=None
Setting next_dagrun for dataset_produces_1 to 2026-02-02 00:00:00+00:00, run_after=2026-02-02 00:00:00+00:00
Setting next_dagrun for dataset_produces_2 to None, run_after=None
Processing /home/airflow/.local/lib/python3.12/site-packages/airflow/example_dags/example_datasets.py took 0.098 seconds
Started process (PID=458) to work on /home/airflow/.local/lib/python3.12/site-packages/airflow/example_dags/example_datasets.py
Processing file /home/airflow/.local/lib/python3.12/site-packages/airflow/example_dags/example_datasets.py for tasks to queue
Filling up the DagBag from /home/airflow/.local/lib/python3.12/site-packages/airflow/example_dags/example_datasets.py
DAG(s) 'dataset_consumes_1', 'consume_1_or_2_with_dataset_expressions', 'dataset_produces_1', 'dataset_produces_2', 'consume_1_or_both_2_and_3_with_dataset_expressions', 'dataset_consumes_1_never_scheduled', 'dataset_consumes_unknown_never_scheduled', 'consume_1_and_2_with_dataset_expressions', 'dataset_consumes_1_and_2', 'conditional_dataset_and_time_based_timetable' retrieved from /home/airflow/.local/lib/python3.12/site-packages/airflow/example_dags/example_datasets.py
Sync 10 DAGs
Setting next_dagrun for conditional_dataset_and_time_based_timetable to 2026-01-28 01:00:00+00:00, run_after=2026-01-28 01:00:00+00:00
Setting next_dagrun for consume_1_and_2_with_dataset_expressions to None, run_after=None
Setting next_dagrun for consume_1_or_2_with_dataset_expressions to None, run_after=None
Setting next_dagrun for consume_1_or_both_2_and_3_with_dataset_expressions to None, run_after=None
Setting next_dagrun for dataset_consumes_1 to None, run_after=None
Setting next_dagrun for dataset_consumes_1_and_2 to None, run_after=None
Setting next_dagrun for dataset_consumes_1_never_scheduled to None, run_after=None
Setting next_dagrun for dataset_consumes_unknown_never_scheduled to None, run_after=None
Setting next_dagrun for dataset_produces_1 to 2026-02-02 00:00:00+00:00, run_after=2026-02-02 00:00:00+00:00
Setting next_dagrun for dataset_produces_2 to None, run_after=None
Processing /home/airflow/.local/lib/python3.12/site-packages/airflow/example_dags/example_datasets.py took 0.120 seconds
Started process (PID=531) to work on /home/airflow/.local/lib/python3.12/site-packages/airflow/example_dags/example_datasets.py
Processing file /home/airflow/.local/lib/python3.12/site-packages/airflow/example_dags/example_datasets.py for tasks to queue
Filling up the DagBag from /home/airflow/.local/lib/python3.12/site-packages/airflow/example_dags/example_datasets.py
DAG(s) 'consume_1_and_2_with_dataset_expressions', 'dataset_consumes_1_and_2', 'conditional_dataset_and_time_based_timetable', 'dataset_consumes_1_never_scheduled', 'dataset_consumes_unknown_never_scheduled', 'dataset_produces_1', 'dataset_consumes_1', 'consume_1_or_2_with_dataset_expressions', 'consume_1_or_both_2_and_3_with_dataset_expressions', 'dataset_produces_2' retrieved from /home/airflow/.local/lib/python3.12/site-packages/airflow/example_dags/example_datasets.py
Sync 10 DAGs
Setting next_dagrun for conditional_dataset_and_time_based_timetable to 2026-01-28 01:00:00+00:00, run_after=2026-01-28 01:00:00+00:00
Setting next_dagrun for consume_1_and_2_with_dataset_expressions to None, run_after=None
Setting next_dagrun for consume_1_or_2_with_dataset_expressions to None, run_after=None
Setting next_dagrun for consume_1_or_both_2_and_3_with_dataset_expressions to None, run_after=None
Setting next_dagrun for dataset_consumes_1 to None, run_after=None
Setting next_dagrun for dataset_consumes_1_and_2 to None, run_after=None
Setting next_dagrun for dataset_consumes_1_never_scheduled to None, run_after=None
Setting next_dagrun for dataset_consumes_unknown_never_scheduled to None, run_after=None
Setting next_dagrun for dataset_produces_1 to 2026-02-02 00:00:00+00:00, run_after=2026-02-02 00:00:00+00:00
Setting next_dagrun for dataset_produces_2 to None, run_after=None
Processing /home/airflow/.local/lib/python3.12/site-packages/airflow/example_dags/example_datasets.py took 0.103 seconds
Started process (PID=597) to work on /home/airflow/.local/lib/python3.12/site-packages/airflow/example_dags/example_datasets.py
Processing file /home/airflow/.local/lib/python3.12/site-packages/airflow/example_dags/example_datasets.py for tasks to queue
Filling up the DagBag from /home/airflow/.local/lib/python3.12/site-packages/airflow/example_dags/example_datasets.py
DAG(s) 'dataset_consumes_unknown_never_scheduled', 'dataset_produces_1', 'dataset_consumes_1_and_2', 'dataset_produces_2', 'dataset_consumes_1', 'consume_1_or_both_2_and_3_with_dataset_expressions', 'consume_1_or_2_with_dataset_expressions', 'conditional_dataset_and_time_based_timetable', 'dataset_consumes_1_never_scheduled', 'consume_1_and_2_with_dataset_expressions' retrieved from /home/airflow/.local/lib/python3.12/site-packages/airflow/example_dags/example_datasets.py
Sync 10 DAGs
Setting next_dagrun for conditional_dataset_and_time_based_timetable to 2026-01-28 01:00:00+00:00, run_after=2026-01-28 01:00:00+00:00
Setting next_dagrun for consume_1_and_2_with_dataset_expressions to None, run_after=None
Setting next_dagrun for consume_1_or_2_with_dataset_expressions to None, run_after=None
Setting next_dagrun for consume_1_or_both_2_and_3_with_dataset_expressions to None, run_after=None
Setting next_dagrun for dataset_consumes_1 to None, run_after=None
Setting next_dagrun for dataset_consumes_1_and_2 to None, run_after=None
Setting next_dagrun for dataset_consumes_1_never_scheduled to None, run_after=None
Setting next_dagrun for dataset_consumes_unknown_never_scheduled to None, run_after=None
Setting next_dagrun for dataset_produces_1 to 2026-02-02 00:00:00+00:00, run_after=2026-02-02 00:00:00+00:00
Setting next_dagrun for dataset_produces_2 to None, run_after=None
Processing /home/airflow/.local/lib/python3.12/site-packages/airflow/example_dags/example_datasets.py took 0.107 seconds
Started process (PID=670) to work on /home/airflow/.local/lib/python3.12/site-packages/airflow/example_dags/example_datasets.py
Processing file /home/airflow/.local/lib/python3.12/site-packages/airflow/example_dags/example_datasets.py for tasks to queue
Filling up the DagBag from /home/airflow/.local/lib/python3.12/site-packages/airflow/example_dags/example_datasets.py
DAG(s) 'dataset_produces_1', 'dataset_produces_2', 'dataset_consumes_1_never_scheduled', 'conditional_dataset_and_time_based_timetable', 'dataset_consumes_1', 'consume_1_and_2_with_dataset_expressions', 'dataset_consumes_1_and_2', 'dataset_consumes_unknown_never_scheduled', 'consume_1_or_2_with_dataset_expressions', 'consume_1_or_both_2_and_3_with_dataset_expressions' retrieved from /home/airflow/.local/lib/python3.12/site-packages/airflow/example_dags/example_datasets.py
Sync 10 DAGs
Setting next_dagrun for conditional_dataset_and_time_based_timetable to 2026-01-28 01:00:00+00:00, run_after=2026-01-28 01:00:00+00:00
Setting next_dagrun for consume_1_and_2_with_dataset_expressions to None, run_after=None
Setting next_dagrun for consume_1_or_2_with_dataset_expressions to None, run_after=None
Setting next_dagrun for consume_1_or_both_2_and_3_with_dataset_expressions to None, run_after=None
Setting next_dagrun for dataset_consumes_1 to None, run_after=None
Setting next_dagrun for dataset_consumes_1_and_2 to None, run_after=None
Setting next_dagrun for dataset_consumes_1_never_scheduled to None, run_after=None
Setting next_dagrun for dataset_consumes_unknown_never_scheduled to None, run_after=None
Setting next_dagrun for dataset_produces_1 to 2026-02-02 00:00:00+00:00, run_after=2026-02-02 00:00:00+00:00
Setting next_dagrun for dataset_produces_2 to None, run_after=None
Processing /home/airflow/.local/lib/python3.12/site-packages/airflow/example_dags/example_datasets.py took 0.100 seconds
Started process (PID=736) to work on /home/airflow/.local/lib/python3.12/site-packages/airflow/example_dags/example_datasets.py
Processing file /home/airflow/.local/lib/python3.12/site-packages/airflow/example_dags/example_datasets.py for tasks to queue
Filling up the DagBag from /home/airflow/.local/lib/python3.12/site-packages/airflow/example_dags/example_datasets.py
DAG(s) 'dataset_consumes_unknown_never_scheduled', 'dataset_consumes_1_never_scheduled', 'dataset_consumes_1', 'dataset_consumes_1_and_2', 'dataset_produces_1', 'dataset_produces_2', 'consume_1_or_2_with_dataset_expressions', 'consume_1_and_2_with_dataset_expressions', 'conditional_dataset_and_time_based_timetable', 'consume_1_or_both_2_and_3_with_dataset_expressions' retrieved from /home/airflow/.local/lib/python3.12/site-packages/airflow/example_dags/example_datasets.py
Sync 10 DAGs
Setting next_dagrun for conditional_dataset_and_time_based_timetable to 2026-01-28 01:00:00+00:00, run_after=2026-01-28 01:00:00+00:00
Setting next_dagrun for consume_1_and_2_with_dataset_expressions to None, run_after=None
Setting next_dagrun for consume_1_or_2_with_dataset_expressions to None, run_after=None
Setting next_dagrun for consume_1_or_both_2_and_3_with_dataset_expressions to None, run_after=None
Setting next_dagrun for dataset_consumes_1 to None, run_after=None
Setting next_dagrun for dataset_consumes_1_and_2 to None, run_after=None
Setting next_dagrun for dataset_consumes_1_never_scheduled to None, run_after=None
Setting next_dagrun for dataset_consumes_unknown_never_scheduled to None, run_after=None
Setting next_dagrun for dataset_produces_1 to 2026-02-02 00:00:00+00:00, run_after=2026-02-02 00:00:00+00:00
Setting next_dagrun for dataset_produces_2 to None, run_after=None
Processing /home/airflow/.local/lib/python3.12/site-packages/airflow/example_dags/example_datasets.py took 0.095 seconds
Started process (PID=809) to work on /home/airflow/.local/lib/python3.12/site-packages/airflow/example_dags/example_datasets.py
Processing file /home/airflow/.local/lib/python3.12/site-packages/airflow/example_dags/example_datasets.py for tasks to queue
Filling up the DagBag from /home/airflow/.local/lib/python3.12/site-packages/airflow/example_dags/example_datasets.py
DAG(s) 'consume_1_or_2_with_dataset_expressions', 'conditional_dataset_and_time_based_timetable', 'consume_1_and_2_with_dataset_expressions', 'dataset_consumes_1_and_2', 'dataset_consumes_1_never_scheduled', 'dataset_produces_2', 'consume_1_or_both_2_and_3_with_dataset_expressions', 'dataset_consumes_unknown_never_scheduled', 'dataset_consumes_1', 'dataset_produces_1' retrieved from /home/airflow/.local/lib/python3.12/site-packages/airflow/example_dags/example_datasets.py
Sync 10 DAGs
Setting next_dagrun for conditional_dataset_and_time_based_timetable to 2026-01-28 01:00:00+00:00, run_after=2026-01-28 01:00:00+00:00
Setting next_dagrun for consume_1_and_2_with_dataset_expressions to None, run_after=None
Setting next_dagrun for consume_1_or_2_with_dataset_expressions to None, run_after=None
Setting next_dagrun for consume_1_or_both_2_and_3_with_dataset_expressions to None, run_after=None
Setting next_dagrun for dataset_consumes_1 to None, run_after=None
Setting next_dagrun for dataset_consumes_1_and_2 to None, run_after=None
Setting next_dagrun for dataset_consumes_1_never_scheduled to None, run_after=None
Setting next_dagrun for dataset_consumes_unknown_never_scheduled to None, run_after=None
Setting next_dagrun for dataset_produces_1 to 2026-02-02 00:00:00+00:00, run_after=2026-02-02 00:00:00+00:00
Setting next_dagrun for dataset_produces_2 to None, run_after=None
Processing /home/airflow/.local/lib/python3.12/site-packages/airflow/example_dags/example_datasets.py took 0.096 seconds
Started process (PID=41) to work on /home/airflow/.local/lib/python3.12/site-packages/airflow/example_dags/example_datasets.py
Processing file /home/airflow/.local/lib/python3.12/site-packages/airflow/example_dags/example_datasets.py for tasks to queue
Filling up the DagBag from /home/airflow/.local/lib/python3.12/site-packages/airflow/example_dags/example_datasets.py
DAG(s) 'dataset_consumes_1', 'consume_1_or_both_2_and_3_with_dataset_expressions', 'dataset_consumes_1_never_scheduled', 'dataset_produces_2', 'consume_1_and_2_with_dataset_expressions', 'consume_1_or_2_with_dataset_expressions', 'dataset_consumes_unknown_never_scheduled', 'dataset_consumes_1_and_2', 'dataset_produces_1', 'conditional_dataset_and_time_based_timetable' retrieved from /home/airflow/.local/lib/python3.12/site-packages/airflow/example_dags/example_datasets.py
Sync 10 DAGs
Setting next_dagrun for conditional_dataset_and_time_based_timetable to 2026-01-28 01:00:00+00:00, run_after=2026-01-28 01:00:00+00:00
Setting next_dagrun for consume_1_and_2_with_dataset_expressions to None, run_after=None
Setting next_dagrun for consume_1_or_2_with_dataset_expressions to None, run_after=None
Setting next_dagrun for consume_1_or_both_2_and_3_with_dataset_expressions to None, run_after=None
Setting next_dagrun for dataset_consumes_1 to None, run_after=None
Setting next_dagrun for dataset_consumes_1_and_2 to None, run_after=None
Setting next_dagrun for dataset_consumes_1_never_scheduled to None, run_after=None
Setting next_dagrun for dataset_consumes_unknown_never_scheduled to None, run_after=None
Setting next_dagrun for dataset_produces_1 to 2026-02-02 00:00:00+00:00, run_after=2026-02-02 00:00:00+00:00
Setting next_dagrun for dataset_produces_2 to None, run_after=None
Processing /home/airflow/.local/lib/python3.12/site-packages/airflow/example_dags/example_datasets.py took 0.128 seconds
Started process (PID=107) to work on /home/airflow/.local/lib/python3.12/site-packages/airflow/example_dags/example_datasets.py
Processing file /home/airflow/.local/lib/python3.12/site-packages/airflow/example_dags/example_datasets.py for tasks to queue
Filling up the DagBag from /home/airflow/.local/lib/python3.12/site-packages/airflow/example_dags/example_datasets.py
DAG(s) 'dataset_consumes_1', 'consume_1_or_2_with_dataset_expressions', 'consume_1_or_both_2_and_3_with_dataset_expressions', 'conditional_dataset_and_time_based_timetable', 'dataset_produces_1', 'dataset_consumes_1_never_scheduled', 'dataset_consumes_1_and_2', 'consume_1_and_2_with_dataset_expressions', 'dataset_produces_2', 'dataset_consumes_unknown_never_scheduled' retrieved from /home/airflow/.local/lib/python3.12/site-packages/airflow/example_dags/example_datasets.py
Sync 10 DAGs
Setting next_dagrun for conditional_dataset_and_time_based_timetable to 2026-01-28 01:00:00+00:00, run_after=2026-01-28 01:00:00+00:00
Setting next_dagrun for consume_1_and_2_with_dataset_expressions to None, run_after=None
Setting next_dagrun for consume_1_or_2_with_dataset_expressions to None, run_after=None
Setting next_dagrun for consume_1_or_both_2_and_3_with_dataset_expressions to None, run_after=None
Setting next_dagrun for dataset_consumes_1 to None, run_after=None
Setting next_dagrun for dataset_consumes_1_and_2 to None, run_after=None
Setting next_dagrun for dataset_consumes_1_never_scheduled to None, run_after=None
Setting next_dagrun for dataset_consumes_unknown_never_scheduled to None, run_after=None
Setting next_dagrun for dataset_produces_1 to 2026-02-02 00:00:00+00:00, run_after=2026-02-02 00:00:00+00:00
Setting next_dagrun for dataset_produces_2 to None, run_after=None
Processing /home/airflow/.local/lib/python3.12/site-packages/airflow/example_dags/example_datasets.py took 0.204 seconds
Started process (PID=180) to work on /home/airflow/.local/lib/python3.12/site-packages/airflow/example_dags/example_datasets.py
Processing file /home/airflow/.local/lib/python3.12/site-packages/airflow/example_dags/example_datasets.py for tasks to queue
Filling up the DagBag from /home/airflow/.local/lib/python3.12/site-packages/airflow/example_dags/example_datasets.py
DAG(s) 'consume_1_and_2_with_dataset_expressions', 'consume_1_or_2_with_dataset_expressions', 'consume_1_or_both_2_and_3_with_dataset_expressions', 'dataset_consumes_1_and_2', 'dataset_consumes_1', 'dataset_consumes_1_never_scheduled', 'dataset_produces_1', 'dataset_consumes_unknown_never_scheduled', 'conditional_dataset_and_time_based_timetable', 'dataset_produces_2' retrieved from /home/airflow/.local/lib/python3.12/site-packages/airflow/example_dags/example_datasets.py
Sync 10 DAGs
Setting next_dagrun for conditional_dataset_and_time_based_timetable to 2026-01-28 01:00:00+00:00, run_after=2026-01-28 01:00:00+00:00
Setting next_dagrun for consume_1_and_2_with_dataset_expressions to None, run_after=None
Setting next_dagrun for consume_1_or_2_with_dataset_expressions to None, run_after=None
Setting next_dagrun for consume_1_or_both_2_and_3_with_dataset_expressions to None, run_after=None
Setting next_dagrun for dataset_consumes_1 to None, run_after=None
Setting next_dagrun for dataset_consumes_1_and_2 to None, run_after=None
Setting next_dagrun for dataset_consumes_1_never_scheduled to None, run_after=None
Setting next_dagrun for dataset_consumes_unknown_never_scheduled to None, run_after=None
Setting next_dagrun for dataset_produces_1 to 2026-02-02 00:00:00+00:00, run_after=2026-02-02 00:00:00+00:00
Setting next_dagrun for dataset_produces_2 to None, run_after=None
Processing /home/airflow/.local/lib/python3.12/site-packages/airflow/example_dags/example_datasets.py took 0.135 seconds
Started process (PID=246) to work on /home/airflow/.local/lib/python3.12/site-packages/airflow/example_dags/example_datasets.py
Processing file /home/airflow/.local/lib/python3.12/site-packages/airflow/example_dags/example_datasets.py for tasks to queue
Filling up the DagBag from /home/airflow/.local/lib/python3.12/site-packages/airflow/example_dags/example_datasets.py
DAG(s) 'consume_1_or_2_with_dataset_expressions', 'dataset_consumes_1_never_scheduled', 'dataset_consumes_1_and_2', 'consume_1_and_2_with_dataset_expressions', 'dataset_produces_2', 'consume_1_or_both_2_and_3_with_dataset_expressions', 'dataset_produces_1', 'conditional_dataset_and_time_based_timetable', 'dataset_consumes_unknown_never_scheduled', 'dataset_consumes_1' retrieved from /home/airflow/.local/lib/python3.12/site-packages/airflow/example_dags/example_datasets.py
Sync 10 DAGs
Setting next_dagrun for conditional_dataset_and_time_based_timetable to 2026-01-28 01:00:00+00:00, run_after=2026-01-28 01:00:00+00:00
Setting next_dagrun for consume_1_and_2_with_dataset_expressions to None, run_after=None
Setting next_dagrun for consume_1_or_2_with_dataset_expressions to None, run_after=None
Setting next_dagrun for consume_1_or_both_2_and_3_with_dataset_expressions to None, run_after=None
Setting next_dagrun for dataset_consumes_1 to None, run_after=None
Setting next_dagrun for dataset_consumes_1_and_2 to None, run_after=None
Setting next_dagrun for dataset_consumes_1_never_scheduled to None, run_after=None
Setting next_dagrun for dataset_consumes_unknown_never_scheduled to None, run_after=None
Setting next_dagrun for dataset_produces_1 to 2026-02-02 00:00:00+00:00, run_after=2026-02-02 00:00:00+00:00
Setting next_dagrun for dataset_produces_2 to None, run_after=None
Processing /home/airflow/.local/lib/python3.12/site-packages/airflow/example_dags/example_datasets.py took 0.104 seconds
Started process (PID=320) to work on /home/airflow/.local/lib/python3.12/site-packages/airflow/example_dags/example_datasets.py
Processing file /home/airflow/.local/lib/python3.12/site-packages/airflow/example_dags/example_datasets.py for tasks to queue
Filling up the DagBag from /home/airflow/.local/lib/python3.12/site-packages/airflow/example_dags/example_datasets.py
DAG(s) 'dataset_consumes_1_and_2', 'consume_1_and_2_with_dataset_expressions', 'conditional_dataset_and_time_based_timetable', 'dataset_produces_2', 'consume_1_or_2_with_dataset_expressions', 'dataset_consumes_1', 'dataset_consumes_1_never_scheduled', 'dataset_consumes_unknown_never_scheduled', 'dataset_produces_1', 'consume_1_or_both_2_and_3_with_dataset_expressions' retrieved from /home/airflow/.local/lib/python3.12/site-packages/airflow/example_dags/example_datasets.py
Sync 10 DAGs
Setting next_dagrun for conditional_dataset_and_time_based_timetable to 2026-01-28 01:00:00+00:00, run_after=2026-01-28 01:00:00+00:00
Setting next_dagrun for consume_1_and_2_with_dataset_expressions to None, run_after=None
Setting next_dagrun for consume_1_or_2_with_dataset_expressions to None, run_after=None
Setting next_dagrun for consume_1_or_both_2_and_3_with_dataset_expressions to None, run_after=None
Setting next_dagrun for dataset_consumes_1 to None, run_after=None
Setting next_dagrun for dataset_consumes_1_and_2 to None, run_after=None
Setting next_dagrun for dataset_consumes_1_never_scheduled to None, run_after=None
Setting next_dagrun for dataset_consumes_unknown_never_scheduled to None, run_after=None
Setting next_dagrun for dataset_produces_1 to 2026-02-02 00:00:00+00:00, run_after=2026-02-02 00:00:00+00:00
Setting next_dagrun for dataset_produces_2 to None, run_after=None
Processing /home/airflow/.local/lib/python3.12/site-packages/airflow/example_dags/example_datasets.py took 0.115 seconds
Started process (PID=386) to work on /home/airflow/.local/lib/python3.12/site-packages/airflow/example_dags/example_datasets.py
Processing file /home/airflow/.local/lib/python3.12/site-packages/airflow/example_dags/example_datasets.py for tasks to queue
Filling up the DagBag from /home/airflow/.local/lib/python3.12/site-packages/airflow/example_dags/example_datasets.py
DAG(s) 'conditional_dataset_and_time_based_timetable', 'dataset_produces_1', 'consume_1_or_2_with_dataset_expressions', 'dataset_consumes_unknown_never_scheduled', 'consume_1_or_both_2_and_3_with_dataset_expressions', 'consume_1_and_2_with_dataset_expressions', 'dataset_consumes_1_and_2', 'dataset_produces_2', 'dataset_consumes_1_never_scheduled', 'dataset_consumes_1' retrieved from /home/airflow/.local/lib/python3.12/site-packages/airflow/example_dags/example_datasets.py
Sync 10 DAGs
Setting next_dagrun for conditional_dataset_and_time_based_timetable to 2026-01-28 01:00:00+00:00, run_after=2026-01-28 01:00:00+00:00
Setting next_dagrun for consume_1_and_2_with_dataset_expressions to None, run_after=None
Setting next_dagrun for consume_1_or_2_with_dataset_expressions to None, run_after=None
Setting next_dagrun for consume_1_or_both_2_and_3_with_dataset_expressions to None, run_after=None
Setting next_dagrun for dataset_consumes_1 to None, run_after=None
Setting next_dagrun for dataset_consumes_1_and_2 to None, run_after=None
Setting next_dagrun for dataset_consumes_1_never_scheduled to None, run_after=None
Setting next_dagrun for dataset_consumes_unknown_never_scheduled to None, run_after=None
Setting next_dagrun for dataset_produces_1 to 2026-02-02 00:00:00+00:00, run_after=2026-02-02 00:00:00+00:00
Setting next_dagrun for dataset_produces_2 to None, run_after=None
Processing /home/airflow/.local/lib/python3.12/site-packages/airflow/example_dags/example_datasets.py took 0.120 seconds
Started process (PID=459) to work on /home/airflow/.local/lib/python3.12/site-packages/airflow/example_dags/example_datasets.py
Processing file /home/airflow/.local/lib/python3.12/site-packages/airflow/example_dags/example_datasets.py for tasks to queue
Filling up the DagBag from /home/airflow/.local/lib/python3.12/site-packages/airflow/example_dags/example_datasets.py
DAG(s) 'conditional_dataset_and_time_based_timetable', 'dataset_consumes_unknown_never_scheduled', 'dataset_consumes_1', 'dataset_consumes_1_never_scheduled', 'consume_1_and_2_with_dataset_expressions', 'consume_1_or_both_2_and_3_with_dataset_expressions', 'dataset_produces_2', 'consume_1_or_2_with_dataset_expressions', 'dataset_produces_1', 'dataset_consumes_1_and_2' retrieved from /home/airflow/.local/lib/python3.12/site-packages/airflow/example_dags/example_datasets.py
Sync 10 DAGs
Setting next_dagrun for conditional_dataset_and_time_based_timetable to 2026-01-28 01:00:00+00:00, run_after=2026-01-28 01:00:00+00:00
Setting next_dagrun for consume_1_and_2_with_dataset_expressions to None, run_after=None
Setting next_dagrun for consume_1_or_2_with_dataset_expressions to None, run_after=None
Setting next_dagrun for consume_1_or_both_2_and_3_with_dataset_expressions to None, run_after=None
Setting next_dagrun for dataset_consumes_1 to None, run_after=None
Setting next_dagrun for dataset_consumes_1_and_2 to None, run_after=None
Setting next_dagrun for dataset_consumes_1_never_scheduled to None, run_after=None
Setting next_dagrun for dataset_consumes_unknown_never_scheduled to None, run_after=None
Setting next_dagrun for dataset_produces_1 to 2026-02-02 00:00:00+00:00, run_after=2026-02-02 00:00:00+00:00
Setting next_dagrun for dataset_produces_2 to None, run_after=None
Processing /home/airflow/.local/lib/python3.12/site-packages/airflow/example_dags/example_datasets.py took 0.115 seconds
Started process (PID=525) to work on /home/airflow/.local/lib/python3.12/site-packages/airflow/example_dags/example_datasets.py
Processing file /home/airflow/.local/lib/python3.12/site-packages/airflow/example_dags/example_datasets.py for tasks to queue
Filling up the DagBag from /home/airflow/.local/lib/python3.12/site-packages/airflow/example_dags/example_datasets.py
DAG(s) 'consume_1_or_both_2_and_3_with_dataset_expressions', 'dataset_consumes_unknown_never_scheduled', 'dataset_consumes_1_and_2', 'dataset_produces_1', 'dataset_consumes_1', 'conditional_dataset_and_time_based_timetable', 'consume_1_or_2_with_dataset_expressions', 'consume_1_and_2_with_dataset_expressions', 'dataset_produces_2', 'dataset_consumes_1_never_scheduled' retrieved from /home/airflow/.local/lib/python3.12/site-packages/airflow/example_dags/example_datasets.py
Sync 10 DAGs
Setting next_dagrun for conditional_dataset_and_time_based_timetable to 2026-01-28 01:00:00+00:00, run_after=2026-01-28 01:00:00+00:00
Setting next_dagrun for consume_1_and_2_with_dataset_expressions to None, run_after=None
Setting next_dagrun for consume_1_or_2_with_dataset_expressions to None, run_after=None
Setting next_dagrun for consume_1_or_both_2_and_3_with_dataset_expressions to None, run_after=None
Setting next_dagrun for dataset_consumes_1 to None, run_after=None
Setting next_dagrun for dataset_consumes_1_and_2 to None, run_after=None
Setting next_dagrun for dataset_consumes_1_never_scheduled to None, run_after=None
Setting next_dagrun for dataset_consumes_unknown_never_scheduled to None, run_after=None
Setting next_dagrun for dataset_produces_1 to 2026-02-02 00:00:00+00:00, run_after=2026-02-02 00:00:00+00:00
Setting next_dagrun for dataset_produces_2 to None, run_after=None
Processing /home/airflow/.local/lib/python3.12/site-packages/airflow/example_dags/example_datasets.py took 0.101 seconds
Started process (PID=592) to work on /home/airflow/.local/lib/python3.12/site-packages/airflow/example_dags/example_datasets.py
Processing file /home/airflow/.local/lib/python3.12/site-packages/airflow/example_dags/example_datasets.py for tasks to queue
Filling up the DagBag from /home/airflow/.local/lib/python3.12/site-packages/airflow/example_dags/example_datasets.py
DAG(s) 'consume_1_or_both_2_and_3_with_dataset_expressions', 'conditional_dataset_and_time_based_timetable', 'dataset_produces_2', 'dataset_consumes_1_never_scheduled', 'dataset_consumes_1_and_2', 'consume_1_or_2_with_dataset_expressions', 'dataset_consumes_1', 'dataset_produces_1', 'consume_1_and_2_with_dataset_expressions', 'dataset_consumes_unknown_never_scheduled' retrieved from /home/airflow/.local/lib/python3.12/site-packages/airflow/example_dags/example_datasets.py
Sync 10 DAGs
Setting next_dagrun for conditional_dataset_and_time_based_timetable to 2026-01-28 01:00:00+00:00, run_after=2026-01-28 01:00:00+00:00
Setting next_dagrun for consume_1_and_2_with_dataset_expressions to None, run_after=None
Setting next_dagrun for consume_1_or_2_with_dataset_expressions to None, run_after=None
Setting next_dagrun for consume_1_or_both_2_and_3_with_dataset_expressions to None, run_after=None
Setting next_dagrun for dataset_consumes_1 to None, run_after=None
Setting next_dagrun for dataset_consumes_1_and_2 to None, run_after=None
Setting next_dagrun for dataset_consumes_1_never_scheduled to None, run_after=None
Setting next_dagrun for dataset_consumes_unknown_never_scheduled to None, run_after=None
Setting next_dagrun for dataset_produces_1 to 2026-02-02 00:00:00+00:00, run_after=2026-02-02 00:00:00+00:00
Setting next_dagrun for dataset_produces_2 to None, run_after=None
Processing /home/airflow/.local/lib/python3.12/site-packages/airflow/example_dags/example_datasets.py took 0.114 seconds
Started process (PID=665) to work on /home/airflow/.local/lib/python3.12/site-packages/airflow/example_dags/example_datasets.py
Processing file /home/airflow/.local/lib/python3.12/site-packages/airflow/example_dags/example_datasets.py for tasks to queue
Filling up the DagBag from /home/airflow/.local/lib/python3.12/site-packages/airflow/example_dags/example_datasets.py
DAG(s) 'consume_1_or_2_with_dataset_expressions', 'conditional_dataset_and_time_based_timetable', 'dataset_consumes_unknown_never_scheduled', 'dataset_produces_2', 'consume_1_and_2_with_dataset_expressions', 'dataset_consumes_1_never_scheduled', 'dataset_consumes_1_and_2', 'dataset_consumes_1', 'dataset_produces_1', 'consume_1_or_both_2_and_3_with_dataset_expressions' retrieved from /home/airflow/.local/lib/python3.12/site-packages/airflow/example_dags/example_datasets.py
Sync 10 DAGs
Setting next_dagrun for conditional_dataset_and_time_based_timetable to 2026-01-28 01:00:00+00:00, run_after=2026-01-28 01:00:00+00:00
Setting next_dagrun for consume_1_and_2_with_dataset_expressions to None, run_after=None
Setting next_dagrun for consume_1_or_2_with_dataset_expressions to None, run_after=None
Setting next_dagrun for consume_1_or_both_2_and_3_with_dataset_expressions to None, run_after=None
Setting next_dagrun for dataset_consumes_1 to None, run_after=None
Setting next_dagrun for dataset_consumes_1_and_2 to None, run_after=None
Setting next_dagrun for dataset_consumes_1_never_scheduled to None, run_after=None
Setting next_dagrun for dataset_consumes_unknown_never_scheduled to None, run_after=None
Setting next_dagrun for dataset_produces_1 to 2026-02-02 00:00:00+00:00, run_after=2026-02-02 00:00:00+00:00
Setting next_dagrun for dataset_produces_2 to None, run_after=None
Processing /home/airflow/.local/lib/python3.12/site-packages/airflow/example_dags/example_datasets.py took 0.107 seconds
Started process (PID=732) to work on /home/airflow/.local/lib/python3.12/site-packages/airflow/example_dags/example_datasets.py
Processing file /home/airflow/.local/lib/python3.12/site-packages/airflow/example_dags/example_datasets.py for tasks to queue
Filling up the DagBag from /home/airflow/.local/lib/python3.12/site-packages/airflow/example_dags/example_datasets.py
DAG(s) 'dataset_produces_1', 'consume_1_or_both_2_and_3_with_dataset_expressions', 'dataset_produces_2', 'consume_1_or_2_with_dataset_expressions', 'dataset_consumes_1_and_2', 'conditional_dataset_and_time_based_timetable', 'consume_1_and_2_with_dataset_expressions', 'dataset_consumes_unknown_never_scheduled', 'dataset_consumes_1', 'dataset_consumes_1_never_scheduled' retrieved from /home/airflow/.local/lib/python3.12/site-packages/airflow/example_dags/example_datasets.py
Sync 10 DAGs
Setting next_dagrun for conditional_dataset_and_time_based_timetable to 2026-01-28 01:00:00+00:00, run_after=2026-01-28 01:00:00+00:00
Setting next_dagrun for consume_1_and_2_with_dataset_expressions to None, run_after=None
Setting next_dagrun for consume_1_or_2_with_dataset_expressions to None, run_after=None
Setting next_dagrun for consume_1_or_both_2_and_3_with_dataset_expressions to None, run_after=None
Setting next_dagrun for dataset_consumes_1 to None, run_after=None
Setting next_dagrun for dataset_consumes_1_and_2 to None, run_after=None
Setting next_dagrun for dataset_consumes_1_never_scheduled to None, run_after=None
Setting next_dagrun for dataset_consumes_unknown_never_scheduled to None, run_after=None
Setting next_dagrun for dataset_produces_1 to 2026-02-02 00:00:00+00:00, run_after=2026-02-02 00:00:00+00:00
Setting next_dagrun for dataset_produces_2 to None, run_after=None
Processing /home/airflow/.local/lib/python3.12/site-packages/airflow/example_dags/example_datasets.py took 0.103 seconds
Started process (PID=806) to work on /home/airflow/.local/lib/python3.12/site-packages/airflow/example_dags/example_datasets.py
Processing file /home/airflow/.local/lib/python3.12/site-packages/airflow/example_dags/example_datasets.py for tasks to queue
Filling up the DagBag from /home/airflow/.local/lib/python3.12/site-packages/airflow/example_dags/example_datasets.py
DAG(s) 'dataset_consumes_1', 'dataset_consumes_unknown_never_scheduled', 'dataset_consumes_1_never_scheduled', 'conditional_dataset_and_time_based_timetable', 'consume_1_and_2_with_dataset_expressions', 'dataset_produces_1', 'dataset_consumes_1_and_2', 'consume_1_or_both_2_and_3_with_dataset_expressions', 'consume_1_or_2_with_dataset_expressions', 'dataset_produces_2' retrieved from /home/airflow/.local/lib/python3.12/site-packages/airflow/example_dags/example_datasets.py
Sync 10 DAGs
Setting next_dagrun for conditional_dataset_and_time_based_timetable to 2026-01-28 01:00:00+00:00, run_after=2026-01-28 01:00:00+00:00
Setting next_dagrun for consume_1_and_2_with_dataset_expressions to None, run_after=None
Setting next_dagrun for consume_1_or_2_with_dataset_expressions to None, run_after=None
Setting next_dagrun for consume_1_or_both_2_and_3_with_dataset_expressions to None, run_after=None
Setting next_dagrun for dataset_consumes_1 to None, run_after=None
Setting next_dagrun for dataset_consumes_1_and_2 to None, run_after=None
Setting next_dagrun for dataset_consumes_1_never_scheduled to None, run_after=None
Setting next_dagrun for dataset_consumes_unknown_never_scheduled to None, run_after=None
Setting next_dagrun for dataset_produces_1 to 2026-02-02 00:00:00+00:00, run_after=2026-02-02 00:00:00+00:00
Setting next_dagrun for dataset_produces_2 to None, run_after=None
Processing /home/airflow/.local/lib/python3.12/site-packages/airflow/example_dags/example_datasets.py took 0.098 seconds
Started process (PID=871) to work on /home/airflow/.local/lib/python3.12/site-packages/airflow/example_dags/example_datasets.py
Processing file /home/airflow/.local/lib/python3.12/site-packages/airflow/example_dags/example_datasets.py for tasks to queue
Filling up the DagBag from /home/airflow/.local/lib/python3.12/site-packages/airflow/example_dags/example_datasets.py
DAG(s) 'dataset_produces_2', 'dataset_consumes_unknown_never_scheduled', 'conditional_dataset_and_time_based_timetable', 'dataset_consumes_1_and_2', 'dataset_consumes_1_never_scheduled', 'consume_1_or_both_2_and_3_with_dataset_expressions', 'dataset_consumes_1', 'dataset_produces_1', 'consume_1_or_2_with_dataset_expressions', 'consume_1_and_2_with_dataset_expressions' retrieved from /home/airflow/.local/lib/python3.12/site-packages/airflow/example_dags/example_datasets.py
Sync 10 DAGs
Setting next_dagrun for conditional_dataset_and_time_based_timetable to 2026-01-28 01:00:00+00:00, run_after=2026-01-28 01:00:00+00:00
Setting next_dagrun for consume_1_and_2_with_dataset_expressions to None, run_after=None
Setting next_dagrun for consume_1_or_2_with_dataset_expressions to None, run_after=None
Setting next_dagrun for consume_1_or_both_2_and_3_with_dataset_expressions to None, run_after=None
Setting next_dagrun for dataset_consumes_1 to None, run_after=None
Setting next_dagrun for dataset_consumes_1_and_2 to None, run_after=None
Setting next_dagrun for dataset_consumes_1_never_scheduled to None, run_after=None
Setting next_dagrun for dataset_consumes_unknown_never_scheduled to None, run_after=None
Setting next_dagrun for dataset_produces_1 to 2026-02-02 00:00:00+00:00, run_after=2026-02-02 00:00:00+00:00
Setting next_dagrun for dataset_produces_2 to None, run_after=None
Processing /home/airflow/.local/lib/python3.12/site-packages/airflow/example_dags/example_datasets.py took 0.097 seconds
Started process (PID=943) to work on /home/airflow/.local/lib/python3.12/site-packages/airflow/example_dags/example_datasets.py
Processing file /home/airflow/.local/lib/python3.12/site-packages/airflow/example_dags/example_datasets.py for tasks to queue
Filling up the DagBag from /home/airflow/.local/lib/python3.12/site-packages/airflow/example_dags/example_datasets.py
DAG(s) 'dataset_consumes_1', 'dataset_consumes_1_and_2', 'conditional_dataset_and_time_based_timetable', 'consume_1_and_2_with_dataset_expressions', 'dataset_consumes_unknown_never_scheduled', 'dataset_produces_2', 'dataset_consumes_1_never_scheduled', 'consume_1_or_both_2_and_3_with_dataset_expressions', 'consume_1_or_2_with_dataset_expressions', 'dataset_produces_1' retrieved from /home/airflow/.local/lib/python3.12/site-packages/airflow/example_dags/example_datasets.py
Sync 10 DAGs
Setting next_dagrun for conditional_dataset_and_time_based_timetable to 2026-01-28 01:00:00+00:00, run_after=2026-01-28 01:00:00+00:00
Setting next_dagrun for consume_1_and_2_with_dataset_expressions to None, run_after=None
Setting next_dagrun for consume_1_or_2_with_dataset_expressions to None, run_after=None
Setting next_dagrun for consume_1_or_both_2_and_3_with_dataset_expressions to None, run_after=None
Setting next_dagrun for dataset_consumes_1 to None, run_after=None
Setting next_dagrun for dataset_consumes_1_and_2 to None, run_after=None
Setting next_dagrun for dataset_consumes_1_never_scheduled to None, run_after=None
Setting next_dagrun for dataset_consumes_unknown_never_scheduled to None, run_after=None
Setting next_dagrun for dataset_produces_1 to 2026-02-02 00:00:00+00:00, run_after=2026-02-02 00:00:00+00:00
Setting next_dagrun for dataset_produces_2 to None, run_after=None
Processing /home/airflow/.local/lib/python3.12/site-packages/airflow/example_dags/example_datasets.py took 0.104 seconds
Started process (PID=1009) to work on /home/airflow/.local/lib/python3.12/site-packages/airflow/example_dags/example_datasets.py
Processing file /home/airflow/.local/lib/python3.12/site-packages/airflow/example_dags/example_datasets.py for tasks to queue
Filling up the DagBag from /home/airflow/.local/lib/python3.12/site-packages/airflow/example_dags/example_datasets.py
DAG(s) 'dataset_consumes_1_and_2', 'dataset_produces_1', 'consume_1_and_2_with_dataset_expressions', 'dataset_consumes_unknown_never_scheduled', 'consume_1_or_2_with_dataset_expressions', 'dataset_consumes_1_never_scheduled', 'consume_1_or_both_2_and_3_with_dataset_expressions', 'dataset_produces_2', 'dataset_consumes_1', 'conditional_dataset_and_time_based_timetable' retrieved from /home/airflow/.local/lib/python3.12/site-packages/airflow/example_dags/example_datasets.py
Sync 10 DAGs
Setting next_dagrun for conditional_dataset_and_time_based_timetable to 2026-01-28 01:00:00+00:00, run_after=2026-01-28 01:00:00+00:00
Setting next_dagrun for consume_1_and_2_with_dataset_expressions to None, run_after=None
Setting next_dagrun for consume_1_or_2_with_dataset_expressions to None, run_after=None
Setting next_dagrun for consume_1_or_both_2_and_3_with_dataset_expressions to None, run_after=None
Setting next_dagrun for dataset_consumes_1 to None, run_after=None
Setting next_dagrun for dataset_consumes_1_and_2 to None, run_after=None
Setting next_dagrun for dataset_consumes_1_never_scheduled to None, run_after=None
Setting next_dagrun for dataset_consumes_unknown_never_scheduled to None, run_after=None
Setting next_dagrun for dataset_produces_1 to 2026-02-02 00:00:00+00:00, run_after=2026-02-02 00:00:00+00:00
Setting next_dagrun for dataset_produces_2 to None, run_after=None
Processing /home/airflow/.local/lib/python3.12/site-packages/airflow/example_dags/example_datasets.py took 0.105 seconds
Started process (PID=1081) to work on /home/airflow/.local/lib/python3.12/site-packages/airflow/example_dags/example_datasets.py
Processing file /home/airflow/.local/lib/python3.12/site-packages/airflow/example_dags/example_datasets.py for tasks to queue
Filling up the DagBag from /home/airflow/.local/lib/python3.12/site-packages/airflow/example_dags/example_datasets.py
DAG(s) 'dataset_produces_2', 'dataset_consumes_1', 'dataset_consumes_1_and_2', 'consume_1_or_both_2_and_3_with_dataset_expressions', 'dataset_consumes_unknown_never_scheduled', 'conditional_dataset_and_time_based_timetable', 'consume_1_or_2_with_dataset_expressions', 'dataset_produces_1', 'dataset_consumes_1_never_scheduled', 'consume_1_and_2_with_dataset_expressions' retrieved from /home/airflow/.local/lib/python3.12/site-packages/airflow/example_dags/example_datasets.py
Sync 10 DAGs
Setting next_dagrun for conditional_dataset_and_time_based_timetable to 2026-01-28 01:00:00+00:00, run_after=2026-01-28 01:00:00+00:00
Setting next_dagrun for consume_1_and_2_with_dataset_expressions to None, run_after=None
Setting next_dagrun for consume_1_or_2_with_dataset_expressions to None, run_after=None
Setting next_dagrun for consume_1_or_both_2_and_3_with_dataset_expressions to None, run_after=None
Setting next_dagrun for dataset_consumes_1 to None, run_after=None
Setting next_dagrun for dataset_consumes_1_and_2 to None, run_after=None
Setting next_dagrun for dataset_consumes_1_never_scheduled to None, run_after=None
Setting next_dagrun for dataset_consumes_unknown_never_scheduled to None, run_after=None
Setting next_dagrun for dataset_produces_1 to 2026-02-02 00:00:00+00:00, run_after=2026-02-02 00:00:00+00:00
Setting next_dagrun for dataset_produces_2 to None, run_after=None
Processing /home/airflow/.local/lib/python3.12/site-packages/airflow/example_dags/example_datasets.py took 0.122 seconds
Started process (PID=1147) to work on /home/airflow/.local/lib/python3.12/site-packages/airflow/example_dags/example_datasets.py
Processing file /home/airflow/.local/lib/python3.12/site-packages/airflow/example_dags/example_datasets.py for tasks to queue
Filling up the DagBag from /home/airflow/.local/lib/python3.12/site-packages/airflow/example_dags/example_datasets.py
DAG(s) 'dataset_consumes_1_never_scheduled', 'consume_1_or_both_2_and_3_with_dataset_expressions', 'conditional_dataset_and_time_based_timetable', 'dataset_consumes_1_and_2', 'dataset_consumes_unknown_never_scheduled', 'dataset_produces_2', 'consume_1_or_2_with_dataset_expressions', 'dataset_consumes_1', 'dataset_produces_1', 'consume_1_and_2_with_dataset_expressions' retrieved from /home/airflow/.local/lib/python3.12/site-packages/airflow/example_dags/example_datasets.py
Sync 10 DAGs
Setting next_dagrun for conditional_dataset_and_time_based_timetable to 2026-01-28 01:00:00+00:00, run_after=2026-01-28 01:00:00+00:00
Setting next_dagrun for consume_1_and_2_with_dataset_expressions to None, run_after=None
Setting next_dagrun for consume_1_or_2_with_dataset_expressions to None, run_after=None
Setting next_dagrun for consume_1_or_both_2_and_3_with_dataset_expressions to None, run_after=None
Setting next_dagrun for dataset_consumes_1 to None, run_after=None
Setting next_dagrun for dataset_consumes_1_and_2 to None, run_after=None
Setting next_dagrun for dataset_consumes_1_never_scheduled to None, run_after=None
Setting next_dagrun for dataset_consumes_unknown_never_scheduled to None, run_after=None
Setting next_dagrun for dataset_produces_1 to 2026-02-02 00:00:00+00:00, run_after=2026-02-02 00:00:00+00:00
Setting next_dagrun for dataset_produces_2 to None, run_after=None
Processing /home/airflow/.local/lib/python3.12/site-packages/airflow/example_dags/example_datasets.py took 0.099 seconds
Started process (PID=1220) to work on /home/airflow/.local/lib/python3.12/site-packages/airflow/example_dags/example_datasets.py
Processing file /home/airflow/.local/lib/python3.12/site-packages/airflow/example_dags/example_datasets.py for tasks to queue
Filling up the DagBag from /home/airflow/.local/lib/python3.12/site-packages/airflow/example_dags/example_datasets.py
DAG(s) 'conditional_dataset_and_time_based_timetable', 'dataset_consumes_1_and_2', 'consume_1_or_2_with_dataset_expressions', 'consume_1_or_both_2_and_3_with_dataset_expressions', 'dataset_consumes_unknown_never_scheduled', 'consume_1_and_2_with_dataset_expressions', 'dataset_consumes_1', 'dataset_produces_2', 'dataset_produces_1', 'dataset_consumes_1_never_scheduled' retrieved from /home/airflow/.local/lib/python3.12/site-packages/airflow/example_dags/example_datasets.py
Sync 10 DAGs
Setting next_dagrun for conditional_dataset_and_time_based_timetable to 2026-01-28 01:00:00+00:00, run_after=2026-01-28 01:00:00+00:00
Setting next_dagrun for consume_1_and_2_with_dataset_expressions to None, run_after=None
Setting next_dagrun for consume_1_or_2_with_dataset_expressions to None, run_after=None
Setting next_dagrun for consume_1_or_both_2_and_3_with_dataset_expressions to None, run_after=None
Setting next_dagrun for dataset_consumes_1 to None, run_after=None
Setting next_dagrun for dataset_consumes_1_and_2 to None, run_after=None
Setting next_dagrun for dataset_consumes_1_never_scheduled to None, run_after=None
Setting next_dagrun for dataset_consumes_unknown_never_scheduled to None, run_after=None
Setting next_dagrun for dataset_produces_1 to 2026-02-02 00:00:00+00:00, run_after=2026-02-02 00:00:00+00:00
Setting next_dagrun for dataset_produces_2 to None, run_after=None
Processing /home/airflow/.local/lib/python3.12/site-packages/airflow/example_dags/example_datasets.py took 0.114 seconds
Started process (PID=1286) to work on /home/airflow/.local/lib/python3.12/site-packages/airflow/example_dags/example_datasets.py
Processing file /home/airflow/.local/lib/python3.12/site-packages/airflow/example_dags/example_datasets.py for tasks to queue
Filling up the DagBag from /home/airflow/.local/lib/python3.12/site-packages/airflow/example_dags/example_datasets.py
DAG(s) 'conditional_dataset_and_time_based_timetable', 'dataset_produces_1', 'dataset_consumes_1_never_scheduled', 'dataset_consumes_unknown_never_scheduled', 'dataset_produces_2', 'consume_1_or_both_2_and_3_with_dataset_expressions', 'consume_1_and_2_with_dataset_expressions', 'dataset_consumes_1_and_2', 'dataset_consumes_1', 'consume_1_or_2_with_dataset_expressions' retrieved from /home/airflow/.local/lib/python3.12/site-packages/airflow/example_dags/example_datasets.py
Sync 10 DAGs
Setting next_dagrun for conditional_dataset_and_time_based_timetable to 2026-01-28 01:00:00+00:00, run_after=2026-01-28 01:00:00+00:00
Setting next_dagrun for consume_1_and_2_with_dataset_expressions to None, run_after=None
Setting next_dagrun for consume_1_or_2_with_dataset_expressions to None, run_after=None
Setting next_dagrun for consume_1_or_both_2_and_3_with_dataset_expressions to None, run_after=None
Setting next_dagrun for dataset_consumes_1 to None, run_after=None
Setting next_dagrun for dataset_consumes_1_and_2 to None, run_after=None
Setting next_dagrun for dataset_consumes_1_never_scheduled to None, run_after=None
Setting next_dagrun for dataset_consumes_unknown_never_scheduled to None, run_after=None
Setting next_dagrun for dataset_produces_1 to 2026-02-02 00:00:00+00:00, run_after=2026-02-02 00:00:00+00:00
Setting next_dagrun for dataset_produces_2 to None, run_after=None
Processing /home/airflow/.local/lib/python3.12/site-packages/airflow/example_dags/example_datasets.py took 0.100 seconds
Started process (PID=1360) to work on /home/airflow/.local/lib/python3.12/site-packages/airflow/example_dags/example_datasets.py
Processing file /home/airflow/.local/lib/python3.12/site-packages/airflow/example_dags/example_datasets.py for tasks to queue
Filling up the DagBag from /home/airflow/.local/lib/python3.12/site-packages/airflow/example_dags/example_datasets.py
DAG(s) 'dataset_produces_2', 'dataset_consumes_1', 'dataset_consumes_1_and_2', 'consume_1_and_2_with_dataset_expressions', 'dataset_consumes_unknown_never_scheduled', 'consume_1_or_2_with_dataset_expressions', 'consume_1_or_both_2_and_3_with_dataset_expressions', 'dataset_produces_1', 'dataset_consumes_1_never_scheduled', 'conditional_dataset_and_time_based_timetable' retrieved from /home/airflow/.local/lib/python3.12/site-packages/airflow/example_dags/example_datasets.py
Sync 10 DAGs
Setting next_dagrun for conditional_dataset_and_time_based_timetable to 2026-01-28 01:00:00+00:00, run_after=2026-01-28 01:00:00+00:00
Setting next_dagrun for consume_1_and_2_with_dataset_expressions to None, run_after=None
Setting next_dagrun for consume_1_or_2_with_dataset_expressions to None, run_after=None
Setting next_dagrun for consume_1_or_both_2_and_3_with_dataset_expressions to None, run_after=None
Setting next_dagrun for dataset_consumes_1 to None, run_after=None
Setting next_dagrun for dataset_consumes_1_and_2 to None, run_after=None
Setting next_dagrun for dataset_consumes_1_never_scheduled to None, run_after=None
Setting next_dagrun for dataset_consumes_unknown_never_scheduled to None, run_after=None
Setting next_dagrun for dataset_produces_1 to 2026-02-02 00:00:00+00:00, run_after=2026-02-02 00:00:00+00:00
Setting next_dagrun for dataset_produces_2 to None, run_after=None
Processing /home/airflow/.local/lib/python3.12/site-packages/airflow/example_dags/example_datasets.py took 0.094 seconds
Started process (PID=1425) to work on /home/airflow/.local/lib/python3.12/site-packages/airflow/example_dags/example_datasets.py
Processing file /home/airflow/.local/lib/python3.12/site-packages/airflow/example_dags/example_datasets.py for tasks to queue
Filling up the DagBag from /home/airflow/.local/lib/python3.12/site-packages/airflow/example_dags/example_datasets.py
DAG(s) 'dataset_consumes_1_never_scheduled', 'conditional_dataset_and_time_based_timetable', 'dataset_consumes_1', 'dataset_produces_2', 'consume_1_or_2_with_dataset_expressions', 'dataset_produces_1', 'dataset_consumes_unknown_never_scheduled', 'consume_1_or_both_2_and_3_with_dataset_expressions', 'dataset_consumes_1_and_2', 'consume_1_and_2_with_dataset_expressions' retrieved from /home/airflow/.local/lib/python3.12/site-packages/airflow/example_dags/example_datasets.py
Sync 10 DAGs
Setting next_dagrun for conditional_dataset_and_time_based_timetable to 2026-01-28 01:00:00+00:00, run_after=2026-01-28 01:00:00+00:00
Setting next_dagrun for consume_1_and_2_with_dataset_expressions to None, run_after=None
Setting next_dagrun for consume_1_or_2_with_dataset_expressions to None, run_after=None
Setting next_dagrun for consume_1_or_both_2_and_3_with_dataset_expressions to None, run_after=None
Setting next_dagrun for dataset_consumes_1 to None, run_after=None
Setting next_dagrun for dataset_consumes_1_and_2 to None, run_after=None
Setting next_dagrun for dataset_consumes_1_never_scheduled to None, run_after=None
Setting next_dagrun for dataset_consumes_unknown_never_scheduled to None, run_after=None
Setting next_dagrun for dataset_produces_1 to 2026-02-02 00:00:00+00:00, run_after=2026-02-02 00:00:00+00:00
Setting next_dagrun for dataset_produces_2 to None, run_after=None
Processing /home/airflow/.local/lib/python3.12/site-packages/airflow/example_dags/example_datasets.py took 0.141 seconds
Started process (PID=1498) to work on /home/airflow/.local/lib/python3.12/site-packages/airflow/example_dags/example_datasets.py
Processing file /home/airflow/.local/lib/python3.12/site-packages/airflow/example_dags/example_datasets.py for tasks to queue
Filling up the DagBag from /home/airflow/.local/lib/python3.12/site-packages/airflow/example_dags/example_datasets.py
DAG(s) 'consume_1_and_2_with_dataset_expressions', 'dataset_consumes_1_never_scheduled', 'dataset_produces_2', 'consume_1_or_2_with_dataset_expressions', 'dataset_consumes_1', 'consume_1_or_both_2_and_3_with_dataset_expressions', 'conditional_dataset_and_time_based_timetable', 'dataset_produces_1', 'dataset_consumes_1_and_2', 'dataset_consumes_unknown_never_scheduled' retrieved from /home/airflow/.local/lib/python3.12/site-packages/airflow/example_dags/example_datasets.py
Sync 10 DAGs
Setting next_dagrun for conditional_dataset_and_time_based_timetable to 2026-01-28 01:00:00+00:00, run_after=2026-01-28 01:00:00+00:00
Setting next_dagrun for consume_1_and_2_with_dataset_expressions to None, run_after=None
Setting next_dagrun for consume_1_or_2_with_dataset_expressions to None, run_after=None
Setting next_dagrun for consume_1_or_both_2_and_3_with_dataset_expressions to None, run_after=None
Setting next_dagrun for dataset_consumes_1 to None, run_after=None
Setting next_dagrun for dataset_consumes_1_and_2 to None, run_after=None
Setting next_dagrun for dataset_consumes_1_never_scheduled to None, run_after=None
Setting next_dagrun for dataset_consumes_unknown_never_scheduled to None, run_after=None
Setting next_dagrun for dataset_produces_1 to 2026-02-02 00:00:00+00:00, run_after=2026-02-02 00:00:00+00:00
Setting next_dagrun for dataset_produces_2 to None, run_after=None
Processing /home/airflow/.local/lib/python3.12/site-packages/airflow/example_dags/example_datasets.py took 0.101 seconds
Started process (PID=1571) to work on /home/airflow/.local/lib/python3.12/site-packages/airflow/example_dags/example_datasets.py
Processing file /home/airflow/.local/lib/python3.12/site-packages/airflow/example_dags/example_datasets.py for tasks to queue
Filling up the DagBag from /home/airflow/.local/lib/python3.12/site-packages/airflow/example_dags/example_datasets.py
DAG(s) 'consume_1_and_2_with_dataset_expressions', 'dataset_consumes_unknown_never_scheduled', 'consume_1_or_2_with_dataset_expressions', 'dataset_produces_1', 'dataset_consumes_1_and_2', 'dataset_produces_2', 'dataset_consumes_1_never_scheduled', 'conditional_dataset_and_time_based_timetable', 'dataset_consumes_1', 'consume_1_or_both_2_and_3_with_dataset_expressions' retrieved from /home/airflow/.local/lib/python3.12/site-packages/airflow/example_dags/example_datasets.py
Sync 10 DAGs
Setting next_dagrun for conditional_dataset_and_time_based_timetable to 2026-01-28 01:00:00+00:00, run_after=2026-01-28 01:00:00+00:00
Setting next_dagrun for consume_1_and_2_with_dataset_expressions to None, run_after=None
Setting next_dagrun for consume_1_or_2_with_dataset_expressions to None, run_after=None
Setting next_dagrun for consume_1_or_both_2_and_3_with_dataset_expressions to None, run_after=None
Setting next_dagrun for dataset_consumes_1 to None, run_after=None
Setting next_dagrun for dataset_consumes_1_and_2 to None, run_after=None
Setting next_dagrun for dataset_consumes_1_never_scheduled to None, run_after=None
Setting next_dagrun for dataset_consumes_unknown_never_scheduled to None, run_after=None
Setting next_dagrun for dataset_produces_1 to 2026-02-02 00:00:00+00:00, run_after=2026-02-02 00:00:00+00:00
Setting next_dagrun for dataset_produces_2 to None, run_after=None
Processing /home/airflow/.local/lib/python3.12/site-packages/airflow/example_dags/example_datasets.py took 0.122 seconds
