[2026-01-21T08:11:34.587+0000] {processor.py:153} INFO - Started process (PID=62) to work on /home/airflow/.local/lib/python3.7/site-packages/airflow/example_dags/example_sla_dag.py
[2026-01-21T08:11:34.588+0000] {processor.py:743} INFO - Processing file /home/airflow/.local/lib/python3.7/site-packages/airflow/example_dags/example_sla_dag.py for tasks to queue
[2026-01-21T08:11:34.589+0000] {logging_mixin.py:137} INFO - [2026-01-21T08:11:34.589+0000] {dagbag.py:538} INFO - Filling up the DagBag from /home/airflow/.local/lib/python3.7/site-packages/airflow/example_dags/example_sla_dag.py
[2026-01-21T08:11:34.612+0000] {processor.py:753} INFO - DAG(s) dict_keys(['example_sla_dag']) retrieved from /home/airflow/.local/lib/python3.7/site-packages/airflow/example_dags/example_sla_dag.py
[2026-01-21T08:11:34.631+0000] {logging_mixin.py:137} INFO - [2026-01-21T08:11:34.631+0000] {dag.py:2676} INFO - Sync 1 DAGs
[2026-01-21T08:11:34.654+0000] {logging_mixin.py:137} INFO - [2026-01-21T08:11:34.654+0000] {dag.py:3427} INFO - Setting next_dagrun for example_sla_dag to 2026-01-21T08:08:00+00:00, run_after=2026-01-21T08:10:00+00:00
[2026-01-21T08:11:34.668+0000] {processor.py:175} INFO - Processing /home/airflow/.local/lib/python3.7/site-packages/airflow/example_dags/example_sla_dag.py took 0.084 seconds
[2026-01-21T08:12:04.701+0000] {processor.py:153} INFO - Started process (PID=160) to work on /home/airflow/.local/lib/python3.7/site-packages/airflow/example_dags/example_sla_dag.py
[2026-01-21T08:12:04.702+0000] {processor.py:743} INFO - Processing file /home/airflow/.local/lib/python3.7/site-packages/airflow/example_dags/example_sla_dag.py for tasks to queue
[2026-01-21T08:12:04.703+0000] {logging_mixin.py:137} INFO - [2026-01-21T08:12:04.703+0000] {dagbag.py:538} INFO - Filling up the DagBag from /home/airflow/.local/lib/python3.7/site-packages/airflow/example_dags/example_sla_dag.py
[2026-01-21T08:12:04.722+0000] {processor.py:753} INFO - DAG(s) dict_keys(['example_sla_dag']) retrieved from /home/airflow/.local/lib/python3.7/site-packages/airflow/example_dags/example_sla_dag.py
[2026-01-21T08:12:04.749+0000] {logging_mixin.py:137} INFO - [2026-01-21T08:12:04.748+0000] {dag.py:2676} INFO - Sync 1 DAGs
[2026-01-21T08:12:04.769+0000] {logging_mixin.py:137} INFO - [2026-01-21T08:12:04.769+0000] {dag.py:3427} INFO - Setting next_dagrun for example_sla_dag to 2026-01-21T08:10:00+00:00, run_after=2026-01-21T08:12:00+00:00
[2026-01-21T08:12:04.782+0000] {processor.py:175} INFO - Processing /home/airflow/.local/lib/python3.7/site-packages/airflow/example_dags/example_sla_dag.py took 0.083 seconds
[2026-01-21T08:12:35.889+0000] {processor.py:153} INFO - Started process (PID=258) to work on /home/airflow/.local/lib/python3.7/site-packages/airflow/example_dags/example_sla_dag.py
[2026-01-21T08:12:35.889+0000] {processor.py:743} INFO - Processing file /home/airflow/.local/lib/python3.7/site-packages/airflow/example_dags/example_sla_dag.py for tasks to queue
[2026-01-21T08:12:35.890+0000] {logging_mixin.py:137} INFO - [2026-01-21T08:12:35.890+0000] {dagbag.py:538} INFO - Filling up the DagBag from /home/airflow/.local/lib/python3.7/site-packages/airflow/example_dags/example_sla_dag.py
[2026-01-21T08:12:35.912+0000] {processor.py:753} INFO - DAG(s) dict_keys(['example_sla_dag']) retrieved from /home/airflow/.local/lib/python3.7/site-packages/airflow/example_dags/example_sla_dag.py
[2026-01-21T08:12:35.955+0000] {logging_mixin.py:137} INFO - [2026-01-21T08:12:35.955+0000] {dag.py:2676} INFO - Sync 1 DAGs
[2026-01-21T08:12:35.992+0000] {logging_mixin.py:137} INFO - [2026-01-21T08:12:35.992+0000] {dag.py:3427} INFO - Setting next_dagrun for example_sla_dag to 2026-01-21T08:10:00+00:00, run_after=2026-01-21T08:12:00+00:00
[2026-01-21T08:12:36.019+0000] {processor.py:175} INFO - Processing /home/airflow/.local/lib/python3.7/site-packages/airflow/example_dags/example_sla_dag.py took 0.133 seconds
[2026-01-21T08:13:06.085+0000] {processor.py:153} INFO - Started process (PID=337) to work on /home/airflow/.local/lib/python3.7/site-packages/airflow/example_dags/example_sla_dag.py
[2026-01-21T08:13:06.086+0000] {processor.py:743} INFO - Processing file /home/airflow/.local/lib/python3.7/site-packages/airflow/example_dags/example_sla_dag.py for tasks to queue
[2026-01-21T08:13:06.086+0000] {logging_mixin.py:137} INFO - [2026-01-21T08:13:06.086+0000] {dagbag.py:538} INFO - Filling up the DagBag from /home/airflow/.local/lib/python3.7/site-packages/airflow/example_dags/example_sla_dag.py
[2026-01-21T08:13:06.105+0000] {processor.py:753} INFO - DAG(s) dict_keys(['example_sla_dag']) retrieved from /home/airflow/.local/lib/python3.7/site-packages/airflow/example_dags/example_sla_dag.py
[2026-01-21T08:13:06.134+0000] {logging_mixin.py:137} INFO - [2026-01-21T08:13:06.133+0000] {dag.py:2676} INFO - Sync 1 DAGs
[2026-01-21T08:13:06.154+0000] {logging_mixin.py:137} INFO - [2026-01-21T08:13:06.154+0000] {dag.py:3427} INFO - Setting next_dagrun for example_sla_dag to 2026-01-21T08:10:00+00:00, run_after=2026-01-21T08:12:00+00:00
[2026-01-21T08:13:06.168+0000] {processor.py:175} INFO - Processing /home/airflow/.local/lib/python3.7/site-packages/airflow/example_dags/example_sla_dag.py took 0.086 seconds
[2026-01-21T08:13:36.287+0000] {processor.py:153} INFO - Started process (PID=435) to work on /home/airflow/.local/lib/python3.7/site-packages/airflow/example_dags/example_sla_dag.py
[2026-01-21T08:13:36.288+0000] {processor.py:743} INFO - Processing file /home/airflow/.local/lib/python3.7/site-packages/airflow/example_dags/example_sla_dag.py for tasks to queue
[2026-01-21T08:13:36.289+0000] {logging_mixin.py:137} INFO - [2026-01-21T08:13:36.288+0000] {dagbag.py:538} INFO - Filling up the DagBag from /home/airflow/.local/lib/python3.7/site-packages/airflow/example_dags/example_sla_dag.py
[2026-01-21T08:13:36.312+0000] {processor.py:753} INFO - DAG(s) dict_keys(['example_sla_dag']) retrieved from /home/airflow/.local/lib/python3.7/site-packages/airflow/example_dags/example_sla_dag.py
[2026-01-21T08:13:36.341+0000] {logging_mixin.py:137} INFO - [2026-01-21T08:13:36.341+0000] {dag.py:2676} INFO - Sync 1 DAGs
[2026-01-21T08:13:36.364+0000] {logging_mixin.py:137} INFO - [2026-01-21T08:13:36.364+0000] {dag.py:3427} INFO - Setting next_dagrun for example_sla_dag to 2026-01-21T08:10:00+00:00, run_after=2026-01-21T08:12:00+00:00
[2026-01-21T08:13:36.378+0000] {processor.py:175} INFO - Processing /home/airflow/.local/lib/python3.7/site-packages/airflow/example_dags/example_sla_dag.py took 0.094 seconds
[2026-01-21T08:14:06.469+0000] {processor.py:153} INFO - Started process (PID=514) to work on /home/airflow/.local/lib/python3.7/site-packages/airflow/example_dags/example_sla_dag.py
[2026-01-21T08:14:06.470+0000] {processor.py:743} INFO - Processing file /home/airflow/.local/lib/python3.7/site-packages/airflow/example_dags/example_sla_dag.py for tasks to queue
[2026-01-21T08:14:06.471+0000] {logging_mixin.py:137} INFO - [2026-01-21T08:14:06.471+0000] {dagbag.py:538} INFO - Filling up the DagBag from /home/airflow/.local/lib/python3.7/site-packages/airflow/example_dags/example_sla_dag.py
[2026-01-21T08:14:06.489+0000] {processor.py:753} INFO - DAG(s) dict_keys(['example_sla_dag']) retrieved from /home/airflow/.local/lib/python3.7/site-packages/airflow/example_dags/example_sla_dag.py
[2026-01-21T08:14:06.516+0000] {logging_mixin.py:137} INFO - [2026-01-21T08:14:06.516+0000] {dag.py:2676} INFO - Sync 1 DAGs
[2026-01-21T08:14:06.554+0000] {logging_mixin.py:137} INFO - [2026-01-21T08:14:06.554+0000] {dag.py:3427} INFO - Setting next_dagrun for example_sla_dag to 2026-01-21T08:12:00+00:00, run_after=2026-01-21T08:14:00+00:00
[2026-01-21T08:14:06.575+0000] {processor.py:175} INFO - Processing /home/airflow/.local/lib/python3.7/site-packages/airflow/example_dags/example_sla_dag.py took 0.108 seconds
[2026-01-21T08:14:37.669+0000] {processor.py:153} INFO - Started process (PID=612) to work on /home/airflow/.local/lib/python3.7/site-packages/airflow/example_dags/example_sla_dag.py
[2026-01-21T08:14:37.670+0000] {processor.py:743} INFO - Processing file /home/airflow/.local/lib/python3.7/site-packages/airflow/example_dags/example_sla_dag.py for tasks to queue
[2026-01-21T08:14:37.671+0000] {logging_mixin.py:137} INFO - [2026-01-21T08:14:37.671+0000] {dagbag.py:538} INFO - Filling up the DagBag from /home/airflow/.local/lib/python3.7/site-packages/airflow/example_dags/example_sla_dag.py
[2026-01-21T08:14:37.688+0000] {processor.py:753} INFO - DAG(s) dict_keys(['example_sla_dag']) retrieved from /home/airflow/.local/lib/python3.7/site-packages/airflow/example_dags/example_sla_dag.py
[2026-01-21T08:14:37.718+0000] {logging_mixin.py:137} INFO - [2026-01-21T08:14:37.717+0000] {dag.py:2676} INFO - Sync 1 DAGs
[2026-01-21T08:14:37.738+0000] {logging_mixin.py:137} INFO - [2026-01-21T08:14:37.738+0000] {dag.py:3427} INFO - Setting next_dagrun for example_sla_dag to 2026-01-21T08:12:00+00:00, run_after=2026-01-21T08:14:00+00:00
[2026-01-21T08:14:37.752+0000] {processor.py:175} INFO - Processing /home/airflow/.local/lib/python3.7/site-packages/airflow/example_dags/example_sla_dag.py took 0.085 seconds
[2026-01-21T08:15:08.251+0000] {processor.py:153} INFO - Started process (PID=710) to work on /home/airflow/.local/lib/python3.7/site-packages/airflow/example_dags/example_sla_dag.py
[2026-01-21T08:15:08.252+0000] {processor.py:743} INFO - Processing file /home/airflow/.local/lib/python3.7/site-packages/airflow/example_dags/example_sla_dag.py for tasks to queue
[2026-01-21T08:15:08.253+0000] {logging_mixin.py:137} INFO - [2026-01-21T08:15:08.253+0000] {dagbag.py:538} INFO - Filling up the DagBag from /home/airflow/.local/lib/python3.7/site-packages/airflow/example_dags/example_sla_dag.py
[2026-01-21T08:15:08.275+0000] {processor.py:753} INFO - DAG(s) dict_keys(['example_sla_dag']) retrieved from /home/airflow/.local/lib/python3.7/site-packages/airflow/example_dags/example_sla_dag.py
[2026-01-21T08:15:08.310+0000] {logging_mixin.py:137} INFO - [2026-01-21T08:15:08.310+0000] {dag.py:2676} INFO - Sync 1 DAGs
[2026-01-21T08:15:08.335+0000] {logging_mixin.py:137} INFO - [2026-01-21T08:15:08.335+0000] {dag.py:3427} INFO - Setting next_dagrun for example_sla_dag to 2026-01-21T08:12:00+00:00, run_after=2026-01-21T08:14:00+00:00
[2026-01-21T08:15:08.353+0000] {processor.py:175} INFO - Processing /home/airflow/.local/lib/python3.7/site-packages/airflow/example_dags/example_sla_dag.py took 0.104 seconds
[2026-01-21T08:17:33.988+0000] {processor.py:153} INFO - Started process (PID=61) to work on /home/airflow/.local/lib/python3.7/site-packages/airflow/example_dags/example_sla_dag.py
[2026-01-21T08:17:33.989+0000] {processor.py:743} INFO - Processing file /home/airflow/.local/lib/python3.7/site-packages/airflow/example_dags/example_sla_dag.py for tasks to queue
[2026-01-21T08:17:33.990+0000] {logging_mixin.py:137} INFO - [2026-01-21T08:17:33.990+0000] {dagbag.py:538} INFO - Filling up the DagBag from /home/airflow/.local/lib/python3.7/site-packages/airflow/example_dags/example_sla_dag.py
[2026-01-21T08:17:34.017+0000] {processor.py:753} INFO - DAG(s) dict_keys(['example_sla_dag']) retrieved from /home/airflow/.local/lib/python3.7/site-packages/airflow/example_dags/example_sla_dag.py
[2026-01-21T08:17:34.040+0000] {logging_mixin.py:137} INFO - [2026-01-21T08:17:34.039+0000] {dag.py:2676} INFO - Sync 1 DAGs
[2026-01-21T08:17:34.064+0000] {logging_mixin.py:137} INFO - [2026-01-21T08:17:34.064+0000] {dag.py:3427} INFO - Setting next_dagrun for example_sla_dag to 2026-01-21T08:14:00+00:00, run_after=2026-01-21T08:16:00+00:00
[2026-01-21T08:17:34.081+0000] {processor.py:175} INFO - Processing /home/airflow/.local/lib/python3.7/site-packages/airflow/example_dags/example_sla_dag.py took 0.095 seconds
[2026-01-21T08:18:04.197+0000] {processor.py:153} INFO - Started process (PID=159) to work on /home/airflow/.local/lib/python3.7/site-packages/airflow/example_dags/example_sla_dag.py
[2026-01-21T08:18:04.198+0000] {processor.py:743} INFO - Processing file /home/airflow/.local/lib/python3.7/site-packages/airflow/example_dags/example_sla_dag.py for tasks to queue
[2026-01-21T08:18:04.199+0000] {logging_mixin.py:137} INFO - [2026-01-21T08:18:04.199+0000] {dagbag.py:538} INFO - Filling up the DagBag from /home/airflow/.local/lib/python3.7/site-packages/airflow/example_dags/example_sla_dag.py
[2026-01-21T08:18:04.218+0000] {processor.py:753} INFO - DAG(s) dict_keys(['example_sla_dag']) retrieved from /home/airflow/.local/lib/python3.7/site-packages/airflow/example_dags/example_sla_dag.py
[2026-01-21T08:18:04.243+0000] {logging_mixin.py:137} INFO - [2026-01-21T08:18:04.243+0000] {dag.py:2676} INFO - Sync 1 DAGs
[2026-01-21T08:18:04.264+0000] {logging_mixin.py:137} INFO - [2026-01-21T08:18:04.264+0000] {dag.py:3427} INFO - Setting next_dagrun for example_sla_dag to 2026-01-21T08:16:00+00:00, run_after=2026-01-21T08:18:00+00:00
[2026-01-21T08:18:04.277+0000] {processor.py:175} INFO - Processing /home/airflow/.local/lib/python3.7/site-packages/airflow/example_dags/example_sla_dag.py took 0.082 seconds
[2026-01-21T08:18:34.650+0000] {processor.py:153} INFO - Started process (PID=246) to work on /home/airflow/.local/lib/python3.7/site-packages/airflow/example_dags/example_sla_dag.py
[2026-01-21T08:18:34.651+0000] {processor.py:743} INFO - Processing file /home/airflow/.local/lib/python3.7/site-packages/airflow/example_dags/example_sla_dag.py for tasks to queue
[2026-01-21T08:18:34.651+0000] {logging_mixin.py:137} INFO - [2026-01-21T08:18:34.651+0000] {dagbag.py:538} INFO - Filling up the DagBag from /home/airflow/.local/lib/python3.7/site-packages/airflow/example_dags/example_sla_dag.py
[2026-01-21T08:18:34.708+0000] {processor.py:753} INFO - DAG(s) dict_keys(['example_sla_dag']) retrieved from /home/airflow/.local/lib/python3.7/site-packages/airflow/example_dags/example_sla_dag.py
[2026-01-21T08:18:34.742+0000] {logging_mixin.py:137} INFO - [2026-01-21T08:18:34.742+0000] {dag.py:2676} INFO - Sync 1 DAGs
[2026-01-21T08:18:34.764+0000] {logging_mixin.py:137} INFO - [2026-01-21T08:18:34.764+0000] {dag.py:3427} INFO - Setting next_dagrun for example_sla_dag to 2026-01-21T08:16:00+00:00, run_after=2026-01-21T08:18:00+00:00
[2026-01-21T08:18:34.780+0000] {processor.py:175} INFO - Processing /home/airflow/.local/lib/python3.7/site-packages/airflow/example_dags/example_sla_dag.py took 0.138 seconds
[2026-01-21T08:19:04.867+0000] {processor.py:153} INFO - Started process (PID=335) to work on /home/airflow/.local/lib/python3.7/site-packages/airflow/example_dags/example_sla_dag.py
[2026-01-21T08:19:04.867+0000] {processor.py:743} INFO - Processing file /home/airflow/.local/lib/python3.7/site-packages/airflow/example_dags/example_sla_dag.py for tasks to queue
[2026-01-21T08:19:04.868+0000] {logging_mixin.py:137} INFO - [2026-01-21T08:19:04.868+0000] {dagbag.py:538} INFO - Filling up the DagBag from /home/airflow/.local/lib/python3.7/site-packages/airflow/example_dags/example_sla_dag.py
[2026-01-21T08:19:04.886+0000] {processor.py:753} INFO - DAG(s) dict_keys(['example_sla_dag']) retrieved from /home/airflow/.local/lib/python3.7/site-packages/airflow/example_dags/example_sla_dag.py
[2026-01-21T08:19:04.914+0000] {logging_mixin.py:137} INFO - [2026-01-21T08:19:04.914+0000] {dag.py:2676} INFO - Sync 1 DAGs
[2026-01-21T08:19:04.934+0000] {logging_mixin.py:137} INFO - [2026-01-21T08:19:04.934+0000] {dag.py:3427} INFO - Setting next_dagrun for example_sla_dag to 2026-01-21T08:16:00+00:00, run_after=2026-01-21T08:18:00+00:00
[2026-01-21T08:19:04.948+0000] {processor.py:175} INFO - Processing /home/airflow/.local/lib/python3.7/site-packages/airflow/example_dags/example_sla_dag.py took 0.084 seconds
[2026-01-21T08:19:35.082+0000] {processor.py:153} INFO - Started process (PID=433) to work on /home/airflow/.local/lib/python3.7/site-packages/airflow/example_dags/example_sla_dag.py
[2026-01-21T08:19:35.083+0000] {processor.py:743} INFO - Processing file /home/airflow/.local/lib/python3.7/site-packages/airflow/example_dags/example_sla_dag.py for tasks to queue
[2026-01-21T08:19:35.084+0000] {logging_mixin.py:137} INFO - [2026-01-21T08:19:35.083+0000] {dagbag.py:538} INFO - Filling up the DagBag from /home/airflow/.local/lib/python3.7/site-packages/airflow/example_dags/example_sla_dag.py
[2026-01-21T08:19:35.103+0000] {processor.py:753} INFO - DAG(s) dict_keys(['example_sla_dag']) retrieved from /home/airflow/.local/lib/python3.7/site-packages/airflow/example_dags/example_sla_dag.py
[2026-01-21T08:19:35.130+0000] {logging_mixin.py:137} INFO - [2026-01-21T08:19:35.130+0000] {dag.py:2676} INFO - Sync 1 DAGs
[2026-01-21T08:19:35.151+0000] {logging_mixin.py:137} INFO - [2026-01-21T08:19:35.151+0000] {dag.py:3427} INFO - Setting next_dagrun for example_sla_dag to 2026-01-21T08:16:00+00:00, run_after=2026-01-21T08:18:00+00:00
[2026-01-21T08:19:35.164+0000] {processor.py:175} INFO - Processing /home/airflow/.local/lib/python3.7/site-packages/airflow/example_dags/example_sla_dag.py took 0.085 seconds
[2026-01-21T08:20:05.354+0000] {processor.py:153} INFO - Started process (PID=512) to work on /home/airflow/.local/lib/python3.7/site-packages/airflow/example_dags/example_sla_dag.py
[2026-01-21T08:20:05.355+0000] {processor.py:743} INFO - Processing file /home/airflow/.local/lib/python3.7/site-packages/airflow/example_dags/example_sla_dag.py for tasks to queue
[2026-01-21T08:20:05.355+0000] {logging_mixin.py:137} INFO - [2026-01-21T08:20:05.355+0000] {dagbag.py:538} INFO - Filling up the DagBag from /home/airflow/.local/lib/python3.7/site-packages/airflow/example_dags/example_sla_dag.py
[2026-01-21T08:20:05.373+0000] {processor.py:753} INFO - DAG(s) dict_keys(['example_sla_dag']) retrieved from /home/airflow/.local/lib/python3.7/site-packages/airflow/example_dags/example_sla_dag.py
[2026-01-21T08:20:05.400+0000] {logging_mixin.py:137} INFO - [2026-01-21T08:20:05.400+0000] {dag.py:2676} INFO - Sync 1 DAGs
[2026-01-21T08:20:05.420+0000] {logging_mixin.py:137} INFO - [2026-01-21T08:20:05.420+0000] {dag.py:3427} INFO - Setting next_dagrun for example_sla_dag to 2026-01-21T08:18:00+00:00, run_after=2026-01-21T08:20:00+00:00
[2026-01-21T08:20:05.434+0000] {processor.py:175} INFO - Processing /home/airflow/.local/lib/python3.7/site-packages/airflow/example_dags/example_sla_dag.py took 0.082 seconds
[2026-01-21T08:20:35.624+0000] {processor.py:153} INFO - Started process (PID=610) to work on /home/airflow/.local/lib/python3.7/site-packages/airflow/example_dags/example_sla_dag.py
[2026-01-21T08:20:35.624+0000] {processor.py:743} INFO - Processing file /home/airflow/.local/lib/python3.7/site-packages/airflow/example_dags/example_sla_dag.py for tasks to queue
[2026-01-21T08:20:35.625+0000] {logging_mixin.py:137} INFO - [2026-01-21T08:20:35.625+0000] {dagbag.py:538} INFO - Filling up the DagBag from /home/airflow/.local/lib/python3.7/site-packages/airflow/example_dags/example_sla_dag.py
[2026-01-21T08:20:35.642+0000] {processor.py:753} INFO - DAG(s) dict_keys(['example_sla_dag']) retrieved from /home/airflow/.local/lib/python3.7/site-packages/airflow/example_dags/example_sla_dag.py
[2026-01-21T08:20:35.671+0000] {logging_mixin.py:137} INFO - [2026-01-21T08:20:35.670+0000] {dag.py:2676} INFO - Sync 1 DAGs
[2026-01-21T08:20:35.693+0000] {logging_mixin.py:137} INFO - [2026-01-21T08:20:35.692+0000] {dag.py:3427} INFO - Setting next_dagrun for example_sla_dag to 2026-01-21T08:18:00+00:00, run_after=2026-01-21T08:20:00+00:00
[2026-01-21T08:20:35.707+0000] {processor.py:175} INFO - Processing /home/airflow/.local/lib/python3.7/site-packages/airflow/example_dags/example_sla_dag.py took 0.086 seconds
[2026-01-21T08:21:06.055+0000] {processor.py:153} INFO - Started process (PID=697) to work on /home/airflow/.local/lib/python3.7/site-packages/airflow/example_dags/example_sla_dag.py
[2026-01-21T08:21:06.056+0000] {processor.py:743} INFO - Processing file /home/airflow/.local/lib/python3.7/site-packages/airflow/example_dags/example_sla_dag.py for tasks to queue
[2026-01-21T08:21:06.056+0000] {logging_mixin.py:137} INFO - [2026-01-21T08:21:06.056+0000] {dagbag.py:538} INFO - Filling up the DagBag from /home/airflow/.local/lib/python3.7/site-packages/airflow/example_dags/example_sla_dag.py
[2026-01-21T08:21:06.079+0000] {processor.py:753} INFO - DAG(s) dict_keys(['example_sla_dag']) retrieved from /home/airflow/.local/lib/python3.7/site-packages/airflow/example_dags/example_sla_dag.py
[2026-01-21T08:21:06.108+0000] {logging_mixin.py:137} INFO - [2026-01-21T08:21:06.107+0000] {dag.py:2676} INFO - Sync 1 DAGs
[2026-01-21T08:21:06.130+0000] {logging_mixin.py:137} INFO - [2026-01-21T08:21:06.130+0000] {dag.py:3427} INFO - Setting next_dagrun for example_sla_dag to 2026-01-21T08:18:00+00:00, run_after=2026-01-21T08:20:00+00:00
[2026-01-21T08:21:06.146+0000] {processor.py:175} INFO - Processing /home/airflow/.local/lib/python3.7/site-packages/airflow/example_dags/example_sla_dag.py took 0.094 seconds
[2026-01-21T08:21:40.551+0000] {processor.py:153} INFO - Started process (PID=786) to work on /home/airflow/.local/lib/python3.7/site-packages/airflow/example_dags/example_sla_dag.py
[2026-01-21T08:21:40.551+0000] {processor.py:743} INFO - Processing file /home/airflow/.local/lib/python3.7/site-packages/airflow/example_dags/example_sla_dag.py for tasks to queue
[2026-01-21T08:21:40.552+0000] {logging_mixin.py:137} INFO - [2026-01-21T08:21:40.552+0000] {dagbag.py:538} INFO - Filling up the DagBag from /home/airflow/.local/lib/python3.7/site-packages/airflow/example_dags/example_sla_dag.py
[2026-01-21T08:21:40.570+0000] {processor.py:753} INFO - DAG(s) dict_keys(['example_sla_dag']) retrieved from /home/airflow/.local/lib/python3.7/site-packages/airflow/example_dags/example_sla_dag.py
[2026-01-21T08:21:40.598+0000] {logging_mixin.py:137} INFO - [2026-01-21T08:21:40.598+0000] {dag.py:2676} INFO - Sync 1 DAGs
[2026-01-21T08:21:40.620+0000] {logging_mixin.py:137} INFO - [2026-01-21T08:21:40.620+0000] {dag.py:3427} INFO - Setting next_dagrun for example_sla_dag to 2026-01-21T08:18:00+00:00, run_after=2026-01-21T08:20:00+00:00
[2026-01-21T08:21:40.634+0000] {processor.py:175} INFO - Processing /home/airflow/.local/lib/python3.7/site-packages/airflow/example_dags/example_sla_dag.py took 0.086 seconds
[2026-01-21T08:22:12.578+0000] {processor.py:153} INFO - Started process (PID=884) to work on /home/airflow/.local/lib/python3.7/site-packages/airflow/example_dags/example_sla_dag.py
[2026-01-21T08:22:12.579+0000] {processor.py:743} INFO - Processing file /home/airflow/.local/lib/python3.7/site-packages/airflow/example_dags/example_sla_dag.py for tasks to queue
[2026-01-21T08:22:12.580+0000] {logging_mixin.py:137} INFO - [2026-01-21T08:22:12.579+0000] {dagbag.py:538} INFO - Filling up the DagBag from /home/airflow/.local/lib/python3.7/site-packages/airflow/example_dags/example_sla_dag.py
[2026-01-21T08:22:12.597+0000] {processor.py:753} INFO - DAG(s) dict_keys(['example_sla_dag']) retrieved from /home/airflow/.local/lib/python3.7/site-packages/airflow/example_dags/example_sla_dag.py
[2026-01-21T08:22:12.623+0000] {logging_mixin.py:137} INFO - [2026-01-21T08:22:12.623+0000] {dag.py:2676} INFO - Sync 1 DAGs
[2026-01-21T08:22:12.644+0000] {logging_mixin.py:137} INFO - [2026-01-21T08:22:12.644+0000] {dag.py:3427} INFO - Setting next_dagrun for example_sla_dag to 2026-01-21T08:20:00+00:00, run_after=2026-01-21T08:22:00+00:00
[2026-01-21T08:22:14.878+0000] {processor.py:175} INFO - Processing /home/airflow/.local/lib/python3.7/site-packages/airflow/example_dags/example_sla_dag.py took 2.302 seconds
[2026-01-21T08:22:45.040+0000] {processor.py:153} INFO - Started process (PID=983) to work on /home/airflow/.local/lib/python3.7/site-packages/airflow/example_dags/example_sla_dag.py
[2026-01-21T08:22:45.040+0000] {processor.py:743} INFO - Processing file /home/airflow/.local/lib/python3.7/site-packages/airflow/example_dags/example_sla_dag.py for tasks to queue
[2026-01-21T08:22:45.041+0000] {logging_mixin.py:137} INFO - [2026-01-21T08:22:45.041+0000] {dagbag.py:538} INFO - Filling up the DagBag from /home/airflow/.local/lib/python3.7/site-packages/airflow/example_dags/example_sla_dag.py
[2026-01-21T08:22:45.059+0000] {processor.py:753} INFO - DAG(s) dict_keys(['example_sla_dag']) retrieved from /home/airflow/.local/lib/python3.7/site-packages/airflow/example_dags/example_sla_dag.py
[2026-01-21T08:22:45.086+0000] {logging_mixin.py:137} INFO - [2026-01-21T08:22:45.086+0000] {dag.py:2676} INFO - Sync 1 DAGs
[2026-01-21T08:22:45.107+0000] {logging_mixin.py:137} INFO - [2026-01-21T08:22:45.107+0000] {dag.py:3427} INFO - Setting next_dagrun for example_sla_dag to 2026-01-21T08:20:00+00:00, run_after=2026-01-21T08:22:00+00:00
[2026-01-21T08:22:45.121+0000] {processor.py:175} INFO - Processing /home/airflow/.local/lib/python3.7/site-packages/airflow/example_dags/example_sla_dag.py took 0.083 seconds
[2026-01-21T08:23:15.659+0000] {processor.py:153} INFO - Started process (PID=1082) to work on /home/airflow/.local/lib/python3.7/site-packages/airflow/example_dags/example_sla_dag.py
[2026-01-21T08:23:15.660+0000] {processor.py:743} INFO - Processing file /home/airflow/.local/lib/python3.7/site-packages/airflow/example_dags/example_sla_dag.py for tasks to queue
[2026-01-21T08:23:15.660+0000] {logging_mixin.py:137} INFO - [2026-01-21T08:23:15.660+0000] {dagbag.py:538} INFO - Filling up the DagBag from /home/airflow/.local/lib/python3.7/site-packages/airflow/example_dags/example_sla_dag.py
[2026-01-21T08:23:15.681+0000] {processor.py:753} INFO - DAG(s) dict_keys(['example_sla_dag']) retrieved from /home/airflow/.local/lib/python3.7/site-packages/airflow/example_dags/example_sla_dag.py
[2026-01-21T08:23:15.709+0000] {logging_mixin.py:137} INFO - [2026-01-21T08:23:15.709+0000] {dag.py:2676} INFO - Sync 1 DAGs
[2026-01-21T08:23:15.733+0000] {logging_mixin.py:137} INFO - [2026-01-21T08:23:15.733+0000] {dag.py:3427} INFO - Setting next_dagrun for example_sla_dag to 2026-01-21T08:20:00+00:00, run_after=2026-01-21T08:22:00+00:00
[2026-01-21T08:23:15.748+0000] {processor.py:175} INFO - Processing /home/airflow/.local/lib/python3.7/site-packages/airflow/example_dags/example_sla_dag.py took 0.092 seconds
[2026-01-21T08:23:45.967+0000] {processor.py:153} INFO - Started process (PID=1160) to work on /home/airflow/.local/lib/python3.7/site-packages/airflow/example_dags/example_sla_dag.py
[2026-01-21T08:23:45.968+0000] {processor.py:743} INFO - Processing file /home/airflow/.local/lib/python3.7/site-packages/airflow/example_dags/example_sla_dag.py for tasks to queue
[2026-01-21T08:23:45.969+0000] {logging_mixin.py:137} INFO - [2026-01-21T08:23:45.968+0000] {dagbag.py:538} INFO - Filling up the DagBag from /home/airflow/.local/lib/python3.7/site-packages/airflow/example_dags/example_sla_dag.py
[2026-01-21T08:23:45.986+0000] {processor.py:753} INFO - DAG(s) dict_keys(['example_sla_dag']) retrieved from /home/airflow/.local/lib/python3.7/site-packages/airflow/example_dags/example_sla_dag.py
[2026-01-21T08:23:46.013+0000] {logging_mixin.py:137} INFO - [2026-01-21T08:23:46.013+0000] {dag.py:2676} INFO - Sync 1 DAGs
[2026-01-21T08:23:46.033+0000] {logging_mixin.py:137} INFO - [2026-01-21T08:23:46.033+0000] {dag.py:3427} INFO - Setting next_dagrun for example_sla_dag to 2026-01-21T08:20:00+00:00, run_after=2026-01-21T08:22:00+00:00
[2026-01-21T08:23:46.450+0000] {processor.py:175} INFO - Processing /home/airflow/.local/lib/python3.7/site-packages/airflow/example_dags/example_sla_dag.py took 0.485 seconds
[2026-01-21T08:24:16.987+0000] {processor.py:153} INFO - Started process (PID=1258) to work on /home/airflow/.local/lib/python3.7/site-packages/airflow/example_dags/example_sla_dag.py
[2026-01-21T08:24:16.988+0000] {processor.py:743} INFO - Processing file /home/airflow/.local/lib/python3.7/site-packages/airflow/example_dags/example_sla_dag.py for tasks to queue
[2026-01-21T08:24:16.989+0000] {logging_mixin.py:137} INFO - [2026-01-21T08:24:16.989+0000] {dagbag.py:538} INFO - Filling up the DagBag from /home/airflow/.local/lib/python3.7/site-packages/airflow/example_dags/example_sla_dag.py
[2026-01-21T08:24:17.006+0000] {processor.py:753} INFO - DAG(s) dict_keys(['example_sla_dag']) retrieved from /home/airflow/.local/lib/python3.7/site-packages/airflow/example_dags/example_sla_dag.py
[2026-01-21T08:24:17.034+0000] {logging_mixin.py:137} INFO - [2026-01-21T08:24:17.033+0000] {dag.py:2676} INFO - Sync 1 DAGs
[2026-01-21T08:24:17.055+0000] {logging_mixin.py:137} INFO - [2026-01-21T08:24:17.055+0000] {dag.py:3427} INFO - Setting next_dagrun for example_sla_dag to 2026-01-21T08:22:00+00:00, run_after=2026-01-21T08:24:00+00:00
[2026-01-21T08:24:17.072+0000] {processor.py:175} INFO - Processing /home/airflow/.local/lib/python3.7/site-packages/airflow/example_dags/example_sla_dag.py took 0.087 seconds
[2026-01-21T08:24:47.437+0000] {processor.py:153} INFO - Started process (PID=1336) to work on /home/airflow/.local/lib/python3.7/site-packages/airflow/example_dags/example_sla_dag.py
[2026-01-21T08:24:47.437+0000] {processor.py:743} INFO - Processing file /home/airflow/.local/lib/python3.7/site-packages/airflow/example_dags/example_sla_dag.py for tasks to queue
[2026-01-21T08:24:47.438+0000] {logging_mixin.py:137} INFO - [2026-01-21T08:24:47.438+0000] {dagbag.py:538} INFO - Filling up the DagBag from /home/airflow/.local/lib/python3.7/site-packages/airflow/example_dags/example_sla_dag.py
[2026-01-21T08:24:47.456+0000] {processor.py:753} INFO - DAG(s) dict_keys(['example_sla_dag']) retrieved from /home/airflow/.local/lib/python3.7/site-packages/airflow/example_dags/example_sla_dag.py
[2026-01-21T08:24:47.484+0000] {logging_mixin.py:137} INFO - [2026-01-21T08:24:47.484+0000] {dag.py:2676} INFO - Sync 1 DAGs
[2026-01-21T08:24:47.504+0000] {logging_mixin.py:137} INFO - [2026-01-21T08:24:47.504+0000] {dag.py:3427} INFO - Setting next_dagrun for example_sla_dag to 2026-01-21T08:22:00+00:00, run_after=2026-01-21T08:24:00+00:00
[2026-01-21T08:24:47.518+0000] {processor.py:175} INFO - Processing /home/airflow/.local/lib/python3.7/site-packages/airflow/example_dags/example_sla_dag.py took 0.084 seconds
[2026-01-21T08:25:17.646+0000] {processor.py:153} INFO - Started process (PID=1434) to work on /home/airflow/.local/lib/python3.7/site-packages/airflow/example_dags/example_sla_dag.py
[2026-01-21T08:25:17.647+0000] {processor.py:743} INFO - Processing file /home/airflow/.local/lib/python3.7/site-packages/airflow/example_dags/example_sla_dag.py for tasks to queue
[2026-01-21T08:25:17.648+0000] {logging_mixin.py:137} INFO - [2026-01-21T08:25:17.648+0000] {dagbag.py:538} INFO - Filling up the DagBag from /home/airflow/.local/lib/python3.7/site-packages/airflow/example_dags/example_sla_dag.py
[2026-01-21T08:25:17.665+0000] {processor.py:753} INFO - DAG(s) dict_keys(['example_sla_dag']) retrieved from /home/airflow/.local/lib/python3.7/site-packages/airflow/example_dags/example_sla_dag.py
[2026-01-21T08:25:17.692+0000] {logging_mixin.py:137} INFO - [2026-01-21T08:25:17.692+0000] {dag.py:2676} INFO - Sync 1 DAGs
[2026-01-21T08:25:17.712+0000] {logging_mixin.py:137} INFO - [2026-01-21T08:25:17.712+0000] {dag.py:3427} INFO - Setting next_dagrun for example_sla_dag to 2026-01-21T08:22:00+00:00, run_after=2026-01-21T08:24:00+00:00
[2026-01-21T08:25:17.725+0000] {processor.py:175} INFO - Processing /home/airflow/.local/lib/python3.7/site-packages/airflow/example_dags/example_sla_dag.py took 0.082 seconds
[2026-01-21T08:25:48.618+0000] {processor.py:153} INFO - Started process (PID=1532) to work on /home/airflow/.local/lib/python3.7/site-packages/airflow/example_dags/example_sla_dag.py
[2026-01-21T08:25:48.619+0000] {processor.py:743} INFO - Processing file /home/airflow/.local/lib/python3.7/site-packages/airflow/example_dags/example_sla_dag.py for tasks to queue
[2026-01-21T08:25:48.619+0000] {logging_mixin.py:137} INFO - [2026-01-21T08:25:48.619+0000] {dagbag.py:538} INFO - Filling up the DagBag from /home/airflow/.local/lib/python3.7/site-packages/airflow/example_dags/example_sla_dag.py
[2026-01-21T08:25:48.637+0000] {processor.py:753} INFO - DAG(s) dict_keys(['example_sla_dag']) retrieved from /home/airflow/.local/lib/python3.7/site-packages/airflow/example_dags/example_sla_dag.py
[2026-01-21T08:25:48.663+0000] {logging_mixin.py:137} INFO - [2026-01-21T08:25:48.663+0000] {dag.py:2676} INFO - Sync 1 DAGs
[2026-01-21T08:25:48.684+0000] {logging_mixin.py:137} INFO - [2026-01-21T08:25:48.684+0000] {dag.py:3427} INFO - Setting next_dagrun for example_sla_dag to 2026-01-21T08:22:00+00:00, run_after=2026-01-21T08:24:00+00:00
[2026-01-21T08:25:48.699+0000] {processor.py:175} INFO - Processing /home/airflow/.local/lib/python3.7/site-packages/airflow/example_dags/example_sla_dag.py took 0.083 seconds
[2026-01-21T08:26:19.656+0000] {processor.py:153} INFO - Started process (PID=1610) to work on /home/airflow/.local/lib/python3.7/site-packages/airflow/example_dags/example_sla_dag.py
[2026-01-21T08:26:19.657+0000] {processor.py:743} INFO - Processing file /home/airflow/.local/lib/python3.7/site-packages/airflow/example_dags/example_sla_dag.py for tasks to queue
[2026-01-21T08:26:19.658+0000] {logging_mixin.py:137} INFO - [2026-01-21T08:26:19.657+0000] {dagbag.py:538} INFO - Filling up the DagBag from /home/airflow/.local/lib/python3.7/site-packages/airflow/example_dags/example_sla_dag.py
[2026-01-21T08:26:19.675+0000] {processor.py:753} INFO - DAG(s) dict_keys(['example_sla_dag']) retrieved from /home/airflow/.local/lib/python3.7/site-packages/airflow/example_dags/example_sla_dag.py
[2026-01-21T08:26:19.702+0000] {logging_mixin.py:137} INFO - [2026-01-21T08:26:19.702+0000] {dag.py:2676} INFO - Sync 1 DAGs
[2026-01-21T08:26:19.725+0000] {logging_mixin.py:137} INFO - [2026-01-21T08:26:19.725+0000] {dag.py:3427} INFO - Setting next_dagrun for example_sla_dag to 2026-01-21T08:24:00+00:00, run_after=2026-01-21T08:26:00+00:00
[2026-01-21T08:26:19.739+0000] {processor.py:175} INFO - Processing /home/airflow/.local/lib/python3.7/site-packages/airflow/example_dags/example_sla_dag.py took 0.085 seconds
[2026-01-21T08:26:50.559+0000] {processor.py:153} INFO - Started process (PID=1708) to work on /home/airflow/.local/lib/python3.7/site-packages/airflow/example_dags/example_sla_dag.py
[2026-01-21T08:26:50.560+0000] {processor.py:743} INFO - Processing file /home/airflow/.local/lib/python3.7/site-packages/airflow/example_dags/example_sla_dag.py for tasks to queue
[2026-01-21T08:26:50.560+0000] {logging_mixin.py:137} INFO - [2026-01-21T08:26:50.560+0000] {dagbag.py:538} INFO - Filling up the DagBag from /home/airflow/.local/lib/python3.7/site-packages/airflow/example_dags/example_sla_dag.py
[2026-01-21T08:26:50.578+0000] {processor.py:753} INFO - DAG(s) dict_keys(['example_sla_dag']) retrieved from /home/airflow/.local/lib/python3.7/site-packages/airflow/example_dags/example_sla_dag.py
[2026-01-21T08:26:50.605+0000] {logging_mixin.py:137} INFO - [2026-01-21T08:26:50.605+0000] {dag.py:2676} INFO - Sync 1 DAGs
[2026-01-21T08:26:50.625+0000] {logging_mixin.py:137} INFO - [2026-01-21T08:26:50.625+0000] {dag.py:3427} INFO - Setting next_dagrun for example_sla_dag to 2026-01-21T08:24:00+00:00, run_after=2026-01-21T08:26:00+00:00
[2026-01-21T08:26:50.638+0000] {processor.py:175} INFO - Processing /home/airflow/.local/lib/python3.7/site-packages/airflow/example_dags/example_sla_dag.py took 0.081 seconds
[2026-01-21T08:27:21.589+0000] {processor.py:153} INFO - Started process (PID=1806) to work on /home/airflow/.local/lib/python3.7/site-packages/airflow/example_dags/example_sla_dag.py
[2026-01-21T08:27:21.590+0000] {processor.py:743} INFO - Processing file /home/airflow/.local/lib/python3.7/site-packages/airflow/example_dags/example_sla_dag.py for tasks to queue
[2026-01-21T08:27:21.591+0000] {logging_mixin.py:137} INFO - [2026-01-21T08:27:21.591+0000] {dagbag.py:538} INFO - Filling up the DagBag from /home/airflow/.local/lib/python3.7/site-packages/airflow/example_dags/example_sla_dag.py
[2026-01-21T08:27:21.608+0000] {processor.py:753} INFO - DAG(s) dict_keys(['example_sla_dag']) retrieved from /home/airflow/.local/lib/python3.7/site-packages/airflow/example_dags/example_sla_dag.py
[2026-01-21T08:27:21.636+0000] {logging_mixin.py:137} INFO - [2026-01-21T08:27:21.636+0000] {dag.py:2676} INFO - Sync 1 DAGs
[2026-01-21T08:27:21.660+0000] {logging_mixin.py:137} INFO - [2026-01-21T08:27:21.660+0000] {dag.py:3427} INFO - Setting next_dagrun for example_sla_dag to 2026-01-21T08:24:00+00:00, run_after=2026-01-21T08:26:00+00:00
[2026-01-21T08:27:21.673+0000] {processor.py:175} INFO - Processing /home/airflow/.local/lib/python3.7/site-packages/airflow/example_dags/example_sla_dag.py took 0.086 seconds
[2026-01-21T08:27:52.533+0000] {processor.py:153} INFO - Started process (PID=1884) to work on /home/airflow/.local/lib/python3.7/site-packages/airflow/example_dags/example_sla_dag.py
[2026-01-21T08:27:52.534+0000] {processor.py:743} INFO - Processing file /home/airflow/.local/lib/python3.7/site-packages/airflow/example_dags/example_sla_dag.py for tasks to queue
[2026-01-21T08:27:52.534+0000] {logging_mixin.py:137} INFO - [2026-01-21T08:27:52.534+0000] {dagbag.py:538} INFO - Filling up the DagBag from /home/airflow/.local/lib/python3.7/site-packages/airflow/example_dags/example_sla_dag.py
[2026-01-21T08:27:52.552+0000] {processor.py:753} INFO - DAG(s) dict_keys(['example_sla_dag']) retrieved from /home/airflow/.local/lib/python3.7/site-packages/airflow/example_dags/example_sla_dag.py
[2026-01-21T08:27:52.578+0000] {logging_mixin.py:137} INFO - [2026-01-21T08:27:52.578+0000] {dag.py:2676} INFO - Sync 1 DAGs
[2026-01-21T08:27:52.598+0000] {logging_mixin.py:137} INFO - [2026-01-21T08:27:52.598+0000] {dag.py:3427} INFO - Setting next_dagrun for example_sla_dag to 2026-01-21T08:24:00+00:00, run_after=2026-01-21T08:26:00+00:00
[2026-01-21T08:27:52.612+0000] {processor.py:175} INFO - Processing /home/airflow/.local/lib/python3.7/site-packages/airflow/example_dags/example_sla_dag.py took 0.082 seconds
[2026-01-21T08:28:23.550+0000] {processor.py:153} INFO - Started process (PID=1982) to work on /home/airflow/.local/lib/python3.7/site-packages/airflow/example_dags/example_sla_dag.py
[2026-01-21T08:28:23.551+0000] {processor.py:743} INFO - Processing file /home/airflow/.local/lib/python3.7/site-packages/airflow/example_dags/example_sla_dag.py for tasks to queue
[2026-01-21T08:28:23.552+0000] {logging_mixin.py:137} INFO - [2026-01-21T08:28:23.552+0000] {dagbag.py:538} INFO - Filling up the DagBag from /home/airflow/.local/lib/python3.7/site-packages/airflow/example_dags/example_sla_dag.py
[2026-01-21T08:28:23.569+0000] {processor.py:753} INFO - DAG(s) dict_keys(['example_sla_dag']) retrieved from /home/airflow/.local/lib/python3.7/site-packages/airflow/example_dags/example_sla_dag.py
[2026-01-21T08:28:23.596+0000] {logging_mixin.py:137} INFO - [2026-01-21T08:28:23.596+0000] {dag.py:2676} INFO - Sync 1 DAGs
[2026-01-21T08:28:23.617+0000] {logging_mixin.py:137} INFO - [2026-01-21T08:28:23.617+0000] {dag.py:3427} INFO - Setting next_dagrun for example_sla_dag to 2026-01-21T08:26:00+00:00, run_after=2026-01-21T08:28:00+00:00
[2026-01-21T08:28:23.631+0000] {processor.py:175} INFO - Processing /home/airflow/.local/lib/python3.7/site-packages/airflow/example_dags/example_sla_dag.py took 0.084 seconds
[2026-01-21T08:28:54.584+0000] {processor.py:153} INFO - Started process (PID=2069) to work on /home/airflow/.local/lib/python3.7/site-packages/airflow/example_dags/example_sla_dag.py
[2026-01-21T08:28:54.584+0000] {processor.py:743} INFO - Processing file /home/airflow/.local/lib/python3.7/site-packages/airflow/example_dags/example_sla_dag.py for tasks to queue
[2026-01-21T08:28:54.585+0000] {logging_mixin.py:137} INFO - [2026-01-21T08:28:54.585+0000] {dagbag.py:538} INFO - Filling up the DagBag from /home/airflow/.local/lib/python3.7/site-packages/airflow/example_dags/example_sla_dag.py
[2026-01-21T08:28:54.604+0000] {processor.py:753} INFO - DAG(s) dict_keys(['example_sla_dag']) retrieved from /home/airflow/.local/lib/python3.7/site-packages/airflow/example_dags/example_sla_dag.py
[2026-01-21T08:28:54.643+0000] {logging_mixin.py:137} INFO - [2026-01-21T08:28:54.643+0000] {dag.py:2676} INFO - Sync 1 DAGs
[2026-01-21T08:28:54.697+0000] {logging_mixin.py:137} INFO - [2026-01-21T08:28:54.697+0000] {dag.py:3427} INFO - Setting next_dagrun for example_sla_dag to 2026-01-21T08:26:00+00:00, run_after=2026-01-21T08:28:00+00:00
[2026-01-21T08:28:54.722+0000] {processor.py:175} INFO - Processing /home/airflow/.local/lib/python3.7/site-packages/airflow/example_dags/example_sla_dag.py took 0.141 seconds
[2026-01-21T08:29:24.827+0000] {processor.py:153} INFO - Started process (PID=2158) to work on /home/airflow/.local/lib/python3.7/site-packages/airflow/example_dags/example_sla_dag.py
[2026-01-21T08:29:24.828+0000] {processor.py:743} INFO - Processing file /home/airflow/.local/lib/python3.7/site-packages/airflow/example_dags/example_sla_dag.py for tasks to queue
[2026-01-21T08:29:24.829+0000] {logging_mixin.py:137} INFO - [2026-01-21T08:29:24.829+0000] {dagbag.py:538} INFO - Filling up the DagBag from /home/airflow/.local/lib/python3.7/site-packages/airflow/example_dags/example_sla_dag.py
[2026-01-21T08:29:24.846+0000] {processor.py:753} INFO - DAG(s) dict_keys(['example_sla_dag']) retrieved from /home/airflow/.local/lib/python3.7/site-packages/airflow/example_dags/example_sla_dag.py
[2026-01-21T08:29:24.875+0000] {logging_mixin.py:137} INFO - [2026-01-21T08:29:24.875+0000] {dag.py:2676} INFO - Sync 1 DAGs
[2026-01-21T08:29:24.895+0000] {logging_mixin.py:137} INFO - [2026-01-21T08:29:24.895+0000] {dag.py:3427} INFO - Setting next_dagrun for example_sla_dag to 2026-01-21T08:26:00+00:00, run_after=2026-01-21T08:28:00+00:00
[2026-01-21T08:29:24.910+0000] {processor.py:175} INFO - Processing /home/airflow/.local/lib/python3.7/site-packages/airflow/example_dags/example_sla_dag.py took 0.085 seconds
[2026-01-21T08:29:55.083+0000] {processor.py:153} INFO - Started process (PID=2256) to work on /home/airflow/.local/lib/python3.7/site-packages/airflow/example_dags/example_sla_dag.py
[2026-01-21T08:29:55.084+0000] {processor.py:743} INFO - Processing file /home/airflow/.local/lib/python3.7/site-packages/airflow/example_dags/example_sla_dag.py for tasks to queue
[2026-01-21T08:29:55.084+0000] {logging_mixin.py:137} INFO - [2026-01-21T08:29:55.084+0000] {dagbag.py:538} INFO - Filling up the DagBag from /home/airflow/.local/lib/python3.7/site-packages/airflow/example_dags/example_sla_dag.py
[2026-01-21T08:29:55.102+0000] {processor.py:753} INFO - DAG(s) dict_keys(['example_sla_dag']) retrieved from /home/airflow/.local/lib/python3.7/site-packages/airflow/example_dags/example_sla_dag.py
[2026-01-21T08:29:55.129+0000] {logging_mixin.py:137} INFO - [2026-01-21T08:29:55.129+0000] {dag.py:2676} INFO - Sync 1 DAGs
[2026-01-21T08:29:55.151+0000] {logging_mixin.py:137} INFO - [2026-01-21T08:29:55.151+0000] {dag.py:3427} INFO - Setting next_dagrun for example_sla_dag to 2026-01-21T08:26:00+00:00, run_after=2026-01-21T08:28:00+00:00
[2026-01-21T08:29:55.165+0000] {processor.py:175} INFO - Processing /home/airflow/.local/lib/python3.7/site-packages/airflow/example_dags/example_sla_dag.py took 0.084 seconds
[2026-01-21T08:31:18.630+0000] {processor.py:153} INFO - Started process (PID=61) to work on /home/airflow/.local/lib/python3.7/site-packages/airflow/example_dags/example_sla_dag.py
[2026-01-21T08:31:18.631+0000] {processor.py:743} INFO - Processing file /home/airflow/.local/lib/python3.7/site-packages/airflow/example_dags/example_sla_dag.py for tasks to queue
[2026-01-21T08:31:18.632+0000] {logging_mixin.py:137} INFO - [2026-01-21T08:31:18.632+0000] {dagbag.py:538} INFO - Filling up the DagBag from /home/airflow/.local/lib/python3.7/site-packages/airflow/example_dags/example_sla_dag.py
[2026-01-21T08:31:18.650+0000] {processor.py:753} INFO - DAG(s) dict_keys(['example_sla_dag']) retrieved from /home/airflow/.local/lib/python3.7/site-packages/airflow/example_dags/example_sla_dag.py
[2026-01-21T08:31:18.671+0000] {logging_mixin.py:137} INFO - [2026-01-21T08:31:18.671+0000] {dag.py:2676} INFO - Sync 1 DAGs
[2026-01-21T08:31:18.697+0000] {logging_mixin.py:137} INFO - [2026-01-21T08:31:18.697+0000] {dag.py:3427} INFO - Setting next_dagrun for example_sla_dag to 2026-01-21T08:28:00+00:00, run_after=2026-01-21T08:30:00+00:00
[2026-01-21T08:31:18.712+0000] {processor.py:175} INFO - Processing /home/airflow/.local/lib/python3.7/site-packages/airflow/example_dags/example_sla_dag.py took 0.085 seconds
[2026-01-21T08:31:48.821+0000] {processor.py:153} INFO - Started process (PID=160) to work on /home/airflow/.local/lib/python3.7/site-packages/airflow/example_dags/example_sla_dag.py
[2026-01-21T08:31:48.822+0000] {processor.py:743} INFO - Processing file /home/airflow/.local/lib/python3.7/site-packages/airflow/example_dags/example_sla_dag.py for tasks to queue
[2026-01-21T08:31:48.822+0000] {logging_mixin.py:137} INFO - [2026-01-21T08:31:48.822+0000] {dagbag.py:538} INFO - Filling up the DagBag from /home/airflow/.local/lib/python3.7/site-packages/airflow/example_dags/example_sla_dag.py
[2026-01-21T08:31:48.839+0000] {processor.py:753} INFO - DAG(s) dict_keys(['example_sla_dag']) retrieved from /home/airflow/.local/lib/python3.7/site-packages/airflow/example_dags/example_sla_dag.py
[2026-01-21T08:31:48.866+0000] {logging_mixin.py:137} INFO - [2026-01-21T08:31:48.866+0000] {dag.py:2676} INFO - Sync 1 DAGs
[2026-01-21T08:31:48.886+0000] {logging_mixin.py:137} INFO - [2026-01-21T08:31:48.886+0000] {dag.py:3427} INFO - Setting next_dagrun for example_sla_dag to 2026-01-21T08:28:00+00:00, run_after=2026-01-21T08:30:00+00:00
[2026-01-21T08:31:48.901+0000] {processor.py:175} INFO - Processing /home/airflow/.local/lib/python3.7/site-packages/airflow/example_dags/example_sla_dag.py took 0.082 seconds
[2026-01-21T08:32:19.122+0000] {processor.py:153} INFO - Started process (PID=238) to work on /home/airflow/.local/lib/python3.7/site-packages/airflow/example_dags/example_sla_dag.py
[2026-01-21T08:32:19.123+0000] {processor.py:743} INFO - Processing file /home/airflow/.local/lib/python3.7/site-packages/airflow/example_dags/example_sla_dag.py for tasks to queue
[2026-01-21T08:32:19.123+0000] {logging_mixin.py:137} INFO - [2026-01-21T08:32:19.123+0000] {dagbag.py:538} INFO - Filling up the DagBag from /home/airflow/.local/lib/python3.7/site-packages/airflow/example_dags/example_sla_dag.py
[2026-01-21T08:32:19.141+0000] {processor.py:753} INFO - DAG(s) dict_keys(['example_sla_dag']) retrieved from /home/airflow/.local/lib/python3.7/site-packages/airflow/example_dags/example_sla_dag.py
[2026-01-21T08:32:19.167+0000] {logging_mixin.py:137} INFO - [2026-01-21T08:32:19.167+0000] {dag.py:2676} INFO - Sync 1 DAGs
[2026-01-21T08:32:19.187+0000] {logging_mixin.py:137} INFO - [2026-01-21T08:32:19.187+0000] {dag.py:3427} INFO - Setting next_dagrun for example_sla_dag to 2026-01-21T08:30:00+00:00, run_after=2026-01-21T08:32:00+00:00
[2026-01-21T08:32:19.201+0000] {processor.py:175} INFO - Processing /home/airflow/.local/lib/python3.7/site-packages/airflow/example_dags/example_sla_dag.py took 0.081 seconds
[2026-01-21T08:32:49.259+0000] {processor.py:153} INFO - Started process (PID=337) to work on /home/airflow/.local/lib/python3.7/site-packages/airflow/example_dags/example_sla_dag.py
[2026-01-21T08:32:49.260+0000] {processor.py:743} INFO - Processing file /home/airflow/.local/lib/python3.7/site-packages/airflow/example_dags/example_sla_dag.py for tasks to queue
[2026-01-21T08:32:49.261+0000] {logging_mixin.py:137} INFO - [2026-01-21T08:32:49.261+0000] {dagbag.py:538} INFO - Filling up the DagBag from /home/airflow/.local/lib/python3.7/site-packages/airflow/example_dags/example_sla_dag.py
[2026-01-21T08:32:49.278+0000] {processor.py:753} INFO - DAG(s) dict_keys(['example_sla_dag']) retrieved from /home/airflow/.local/lib/python3.7/site-packages/airflow/example_dags/example_sla_dag.py
[2026-01-21T08:32:49.306+0000] {logging_mixin.py:137} INFO - [2026-01-21T08:32:49.306+0000] {dag.py:2676} INFO - Sync 1 DAGs
[2026-01-21T08:32:49.328+0000] {logging_mixin.py:137} INFO - [2026-01-21T08:32:49.328+0000] {dag.py:3427} INFO - Setting next_dagrun for example_sla_dag to 2026-01-21T08:30:00+00:00, run_after=2026-01-21T08:32:00+00:00
[2026-01-21T08:32:49.341+0000] {processor.py:175} INFO - Processing /home/airflow/.local/lib/python3.7/site-packages/airflow/example_dags/example_sla_dag.py took 0.084 seconds
[2026-01-21T08:33:19.397+0000] {processor.py:153} INFO - Started process (PID=415) to work on /home/airflow/.local/lib/python3.7/site-packages/airflow/example_dags/example_sla_dag.py
[2026-01-21T08:33:19.398+0000] {processor.py:743} INFO - Processing file /home/airflow/.local/lib/python3.7/site-packages/airflow/example_dags/example_sla_dag.py for tasks to queue
[2026-01-21T08:33:19.399+0000] {logging_mixin.py:137} INFO - [2026-01-21T08:33:19.399+0000] {dagbag.py:538} INFO - Filling up the DagBag from /home/airflow/.local/lib/python3.7/site-packages/airflow/example_dags/example_sla_dag.py
[2026-01-21T08:33:19.416+0000] {processor.py:753} INFO - DAG(s) dict_keys(['example_sla_dag']) retrieved from /home/airflow/.local/lib/python3.7/site-packages/airflow/example_dags/example_sla_dag.py
[2026-01-21T08:33:19.444+0000] {logging_mixin.py:137} INFO - [2026-01-21T08:33:19.444+0000] {dag.py:2676} INFO - Sync 1 DAGs
[2026-01-21T08:33:19.463+0000] {logging_mixin.py:137} INFO - [2026-01-21T08:33:19.463+0000] {dag.py:3427} INFO - Setting next_dagrun for example_sla_dag to 2026-01-21T08:30:00+00:00, run_after=2026-01-21T08:32:00+00:00
[2026-01-21T08:33:19.476+0000] {processor.py:175} INFO - Processing /home/airflow/.local/lib/python3.7/site-packages/airflow/example_dags/example_sla_dag.py took 0.081 seconds
[2026-01-21T08:33:50.332+0000] {processor.py:153} INFO - Started process (PID=513) to work on /home/airflow/.local/lib/python3.7/site-packages/airflow/example_dags/example_sla_dag.py
[2026-01-21T08:33:50.333+0000] {processor.py:743} INFO - Processing file /home/airflow/.local/lib/python3.7/site-packages/airflow/example_dags/example_sla_dag.py for tasks to queue
[2026-01-21T08:33:50.333+0000] {logging_mixin.py:137} INFO - [2026-01-21T08:33:50.333+0000] {dagbag.py:538} INFO - Filling up the DagBag from /home/airflow/.local/lib/python3.7/site-packages/airflow/example_dags/example_sla_dag.py
[2026-01-21T08:33:50.350+0000] {processor.py:753} INFO - DAG(s) dict_keys(['example_sla_dag']) retrieved from /home/airflow/.local/lib/python3.7/site-packages/airflow/example_dags/example_sla_dag.py
[2026-01-21T08:33:50.377+0000] {logging_mixin.py:137} INFO - [2026-01-21T08:33:50.376+0000] {dag.py:2676} INFO - Sync 1 DAGs
[2026-01-21T08:33:50.397+0000] {logging_mixin.py:137} INFO - [2026-01-21T08:33:50.396+0000] {dag.py:3427} INFO - Setting next_dagrun for example_sla_dag to 2026-01-21T08:30:00+00:00, run_after=2026-01-21T08:32:00+00:00
[2026-01-21T08:33:50.409+0000] {processor.py:175} INFO - Processing /home/airflow/.local/lib/python3.7/site-packages/airflow/example_dags/example_sla_dag.py took 0.079 seconds
[2026-01-21T08:34:20.667+0000] {processor.py:153} INFO - Started process (PID=611) to work on /home/airflow/.local/lib/python3.7/site-packages/airflow/example_dags/example_sla_dag.py
[2026-01-21T08:34:20.668+0000] {processor.py:743} INFO - Processing file /home/airflow/.local/lib/python3.7/site-packages/airflow/example_dags/example_sla_dag.py for tasks to queue
[2026-01-21T08:34:20.668+0000] {logging_mixin.py:137} INFO - [2026-01-21T08:34:20.668+0000] {dagbag.py:538} INFO - Filling up the DagBag from /home/airflow/.local/lib/python3.7/site-packages/airflow/example_dags/example_sla_dag.py
[2026-01-21T08:34:20.687+0000] {processor.py:753} INFO - DAG(s) dict_keys(['example_sla_dag']) retrieved from /home/airflow/.local/lib/python3.7/site-packages/airflow/example_dags/example_sla_dag.py
[2026-01-21T08:34:20.725+0000] {logging_mixin.py:137} INFO - [2026-01-21T08:34:20.725+0000] {dag.py:2676} INFO - Sync 1 DAGs
[2026-01-21T08:34:20.751+0000] {logging_mixin.py:137} INFO - [2026-01-21T08:34:20.751+0000] {dag.py:3427} INFO - Setting next_dagrun for example_sla_dag to 2026-01-21T08:32:00+00:00, run_after=2026-01-21T08:34:00+00:00
[2026-01-21T08:34:20.767+0000] {processor.py:175} INFO - Processing /home/airflow/.local/lib/python3.7/site-packages/airflow/example_dags/example_sla_dag.py took 0.103 seconds
[2026-01-21T08:54:10.372+0000] {processor.py:153} INFO - Started process (PID=61) to work on /home/airflow/.local/lib/python3.7/site-packages/airflow/example_dags/example_sla_dag.py
[2026-01-21T08:54:10.373+0000] {processor.py:743} INFO - Processing file /home/airflow/.local/lib/python3.7/site-packages/airflow/example_dags/example_sla_dag.py for tasks to queue
[2026-01-21T08:54:10.374+0000] {logging_mixin.py:137} INFO - [2026-01-21T08:54:10.374+0000] {dagbag.py:538} INFO - Filling up the DagBag from /home/airflow/.local/lib/python3.7/site-packages/airflow/example_dags/example_sla_dag.py
[2026-01-21T08:54:10.394+0000] {processor.py:753} INFO - DAG(s) dict_keys(['example_sla_dag']) retrieved from /home/airflow/.local/lib/python3.7/site-packages/airflow/example_dags/example_sla_dag.py
[2026-01-21T08:54:10.412+0000] {logging_mixin.py:137} INFO - [2026-01-21T08:54:10.412+0000] {dag.py:2676} INFO - Sync 1 DAGs
[2026-01-21T08:54:10.438+0000] {logging_mixin.py:137} INFO - [2026-01-21T08:54:10.437+0000] {dag.py:3427} INFO - Setting next_dagrun for example_sla_dag to 2026-01-21T08:52:00+00:00, run_after=2026-01-21T08:54:00+00:00
[2026-01-21T08:54:10.454+0000] {processor.py:175} INFO - Processing /home/airflow/.local/lib/python3.7/site-packages/airflow/example_dags/example_sla_dag.py took 0.084 seconds
[2026-01-21T08:54:41.333+0000] {processor.py:153} INFO - Started process (PID=159) to work on /home/airflow/.local/lib/python3.7/site-packages/airflow/example_dags/example_sla_dag.py
[2026-01-21T08:54:41.334+0000] {processor.py:743} INFO - Processing file /home/airflow/.local/lib/python3.7/site-packages/airflow/example_dags/example_sla_dag.py for tasks to queue
[2026-01-21T08:54:41.335+0000] {logging_mixin.py:137} INFO - [2026-01-21T08:54:41.335+0000] {dagbag.py:538} INFO - Filling up the DagBag from /home/airflow/.local/lib/python3.7/site-packages/airflow/example_dags/example_sla_dag.py
[2026-01-21T08:54:41.352+0000] {processor.py:753} INFO - DAG(s) dict_keys(['example_sla_dag']) retrieved from /home/airflow/.local/lib/python3.7/site-packages/airflow/example_dags/example_sla_dag.py
[2026-01-21T08:54:41.379+0000] {logging_mixin.py:137} INFO - [2026-01-21T08:54:41.379+0000] {dag.py:2676} INFO - Sync 1 DAGs
[2026-01-21T08:54:41.399+0000] {logging_mixin.py:137} INFO - [2026-01-21T08:54:41.399+0000] {dag.py:3427} INFO - Setting next_dagrun for example_sla_dag to 2026-01-21T08:52:00+00:00, run_after=2026-01-21T08:54:00+00:00
[2026-01-21T08:54:41.412+0000] {processor.py:175} INFO - Processing /home/airflow/.local/lib/python3.7/site-packages/airflow/example_dags/example_sla_dag.py took 0.081 seconds
[2026-01-21T08:55:12.357+0000] {processor.py:153} INFO - Started process (PID=237) to work on /home/airflow/.local/lib/python3.7/site-packages/airflow/example_dags/example_sla_dag.py
[2026-01-21T08:55:12.358+0000] {processor.py:743} INFO - Processing file /home/airflow/.local/lib/python3.7/site-packages/airflow/example_dags/example_sla_dag.py for tasks to queue
[2026-01-21T08:55:12.359+0000] {logging_mixin.py:137} INFO - [2026-01-21T08:55:12.358+0000] {dagbag.py:538} INFO - Filling up the DagBag from /home/airflow/.local/lib/python3.7/site-packages/airflow/example_dags/example_sla_dag.py
[2026-01-21T08:55:12.377+0000] {processor.py:753} INFO - DAG(s) dict_keys(['example_sla_dag']) retrieved from /home/airflow/.local/lib/python3.7/site-packages/airflow/example_dags/example_sla_dag.py
[2026-01-21T08:55:12.406+0000] {logging_mixin.py:137} INFO - [2026-01-21T08:55:12.405+0000] {dag.py:2676} INFO - Sync 1 DAGs
[2026-01-21T08:55:12.426+0000] {logging_mixin.py:137} INFO - [2026-01-21T08:55:12.425+0000] {dag.py:3427} INFO - Setting next_dagrun for example_sla_dag to 2026-01-21T08:52:00+00:00, run_after=2026-01-21T08:54:00+00:00
[2026-01-21T08:55:12.440+0000] {processor.py:175} INFO - Processing /home/airflow/.local/lib/python3.7/site-packages/airflow/example_dags/example_sla_dag.py took 0.086 seconds
[2026-01-21T08:55:42.667+0000] {processor.py:153} INFO - Started process (PID=335) to work on /home/airflow/.local/lib/python3.7/site-packages/airflow/example_dags/example_sla_dag.py
[2026-01-21T08:55:42.668+0000] {processor.py:743} INFO - Processing file /home/airflow/.local/lib/python3.7/site-packages/airflow/example_dags/example_sla_dag.py for tasks to queue
[2026-01-21T08:55:42.668+0000] {logging_mixin.py:137} INFO - [2026-01-21T08:55:42.668+0000] {dagbag.py:538} INFO - Filling up the DagBag from /home/airflow/.local/lib/python3.7/site-packages/airflow/example_dags/example_sla_dag.py
[2026-01-21T08:55:42.685+0000] {processor.py:753} INFO - DAG(s) dict_keys(['example_sla_dag']) retrieved from /home/airflow/.local/lib/python3.7/site-packages/airflow/example_dags/example_sla_dag.py
[2026-01-21T08:55:42.712+0000] {logging_mixin.py:137} INFO - [2026-01-21T08:55:42.711+0000] {dag.py:2676} INFO - Sync 1 DAGs
[2026-01-21T08:55:42.732+0000] {logging_mixin.py:137} INFO - [2026-01-21T08:55:42.732+0000] {dag.py:3427} INFO - Setting next_dagrun for example_sla_dag to 2026-01-21T08:52:00+00:00, run_after=2026-01-21T08:54:00+00:00
[2026-01-21T08:55:42.745+0000] {processor.py:175} INFO - Processing /home/airflow/.local/lib/python3.7/site-packages/airflow/example_dags/example_sla_dag.py took 0.080 seconds
[2026-01-21T08:56:13.032+0000] {processor.py:153} INFO - Started process (PID=433) to work on /home/airflow/.local/lib/python3.7/site-packages/airflow/example_dags/example_sla_dag.py
[2026-01-21T08:56:13.032+0000] {processor.py:743} INFO - Processing file /home/airflow/.local/lib/python3.7/site-packages/airflow/example_dags/example_sla_dag.py for tasks to queue
[2026-01-21T08:56:13.033+0000] {logging_mixin.py:137} INFO - [2026-01-21T08:56:13.033+0000] {dagbag.py:538} INFO - Filling up the DagBag from /home/airflow/.local/lib/python3.7/site-packages/airflow/example_dags/example_sla_dag.py
[2026-01-21T08:56:13.050+0000] {processor.py:753} INFO - DAG(s) dict_keys(['example_sla_dag']) retrieved from /home/airflow/.local/lib/python3.7/site-packages/airflow/example_dags/example_sla_dag.py
[2026-01-21T08:56:13.079+0000] {logging_mixin.py:137} INFO - [2026-01-21T08:56:13.079+0000] {dag.py:2676} INFO - Sync 1 DAGs
[2026-01-21T08:56:13.100+0000] {logging_mixin.py:137} INFO - [2026-01-21T08:56:13.100+0000] {dag.py:3427} INFO - Setting next_dagrun for example_sla_dag to 2026-01-21T08:54:00+00:00, run_after=2026-01-21T08:56:00+00:00
[2026-01-21T08:56:13.115+0000] {processor.py:175} INFO - Processing /home/airflow/.local/lib/python3.7/site-packages/airflow/example_dags/example_sla_dag.py took 0.086 seconds
[2026-01-21T08:56:43.163+0000] {processor.py:153} INFO - Started process (PID=511) to work on /home/airflow/.local/lib/python3.7/site-packages/airflow/example_dags/example_sla_dag.py
[2026-01-21T08:56:43.164+0000] {processor.py:743} INFO - Processing file /home/airflow/.local/lib/python3.7/site-packages/airflow/example_dags/example_sla_dag.py for tasks to queue
[2026-01-21T08:56:43.165+0000] {logging_mixin.py:137} INFO - [2026-01-21T08:56:43.165+0000] {dagbag.py:538} INFO - Filling up the DagBag from /home/airflow/.local/lib/python3.7/site-packages/airflow/example_dags/example_sla_dag.py
[2026-01-21T08:56:43.182+0000] {processor.py:753} INFO - DAG(s) dict_keys(['example_sla_dag']) retrieved from /home/airflow/.local/lib/python3.7/site-packages/airflow/example_dags/example_sla_dag.py
[2026-01-21T08:56:43.208+0000] {logging_mixin.py:137} INFO - [2026-01-21T08:56:43.208+0000] {dag.py:2676} INFO - Sync 1 DAGs
[2026-01-21T08:56:43.228+0000] {logging_mixin.py:137} INFO - [2026-01-21T08:56:43.228+0000] {dag.py:3427} INFO - Setting next_dagrun for example_sla_dag to 2026-01-21T08:54:00+00:00, run_after=2026-01-21T08:56:00+00:00
[2026-01-21T08:56:43.242+0000] {processor.py:175} INFO - Processing /home/airflow/.local/lib/python3.7/site-packages/airflow/example_dags/example_sla_dag.py took 0.081 seconds
[2026-01-21T08:57:13.318+0000] {processor.py:153} INFO - Started process (PID=609) to work on /home/airflow/.local/lib/python3.7/site-packages/airflow/example_dags/example_sla_dag.py
[2026-01-21T08:57:13.318+0000] {processor.py:743} INFO - Processing file /home/airflow/.local/lib/python3.7/site-packages/airflow/example_dags/example_sla_dag.py for tasks to queue
[2026-01-21T08:57:13.319+0000] {logging_mixin.py:137} INFO - [2026-01-21T08:57:13.319+0000] {dagbag.py:538} INFO - Filling up the DagBag from /home/airflow/.local/lib/python3.7/site-packages/airflow/example_dags/example_sla_dag.py
[2026-01-21T08:57:13.337+0000] {processor.py:753} INFO - DAG(s) dict_keys(['example_sla_dag']) retrieved from /home/airflow/.local/lib/python3.7/site-packages/airflow/example_dags/example_sla_dag.py
[2026-01-21T08:57:13.363+0000] {logging_mixin.py:137} INFO - [2026-01-21T08:57:13.363+0000] {dag.py:2676} INFO - Sync 1 DAGs
[2026-01-21T08:57:13.383+0000] {logging_mixin.py:137} INFO - [2026-01-21T08:57:13.383+0000] {dag.py:3427} INFO - Setting next_dagrun for example_sla_dag to 2026-01-21T08:54:00+00:00, run_after=2026-01-21T08:56:00+00:00
[2026-01-21T08:57:13.397+0000] {processor.py:175} INFO - Processing /home/airflow/.local/lib/python3.7/site-packages/airflow/example_dags/example_sla_dag.py took 0.082 seconds
[2026-01-21T08:57:43.565+0000] {processor.py:153} INFO - Started process (PID=687) to work on /home/airflow/.local/lib/python3.7/site-packages/airflow/example_dags/example_sla_dag.py
[2026-01-21T08:57:43.566+0000] {processor.py:743} INFO - Processing file /home/airflow/.local/lib/python3.7/site-packages/airflow/example_dags/example_sla_dag.py for tasks to queue
[2026-01-21T08:57:43.566+0000] {logging_mixin.py:137} INFO - [2026-01-21T08:57:43.566+0000] {dagbag.py:538} INFO - Filling up the DagBag from /home/airflow/.local/lib/python3.7/site-packages/airflow/example_dags/example_sla_dag.py
[2026-01-21T08:57:43.583+0000] {processor.py:753} INFO - DAG(s) dict_keys(['example_sla_dag']) retrieved from /home/airflow/.local/lib/python3.7/site-packages/airflow/example_dags/example_sla_dag.py
[2026-01-21T08:57:43.609+0000] {logging_mixin.py:137} INFO - [2026-01-21T08:57:43.609+0000] {dag.py:2676} INFO - Sync 1 DAGs
[2026-01-21T08:57:43.631+0000] {logging_mixin.py:137} INFO - [2026-01-21T08:57:43.630+0000] {dag.py:3427} INFO - Setting next_dagrun for example_sla_dag to 2026-01-21T08:54:00+00:00, run_after=2026-01-21T08:56:00+00:00
[2026-01-21T08:57:43.644+0000] {processor.py:175} INFO - Processing /home/airflow/.local/lib/python3.7/site-packages/airflow/example_dags/example_sla_dag.py took 0.081 seconds
[2026-01-21T08:58:13.841+0000] {processor.py:153} INFO - Started process (PID=785) to work on /home/airflow/.local/lib/python3.7/site-packages/airflow/example_dags/example_sla_dag.py
[2026-01-21T08:58:13.842+0000] {processor.py:743} INFO - Processing file /home/airflow/.local/lib/python3.7/site-packages/airflow/example_dags/example_sla_dag.py for tasks to queue
[2026-01-21T08:58:13.843+0000] {logging_mixin.py:137} INFO - [2026-01-21T08:58:13.843+0000] {dagbag.py:538} INFO - Filling up the DagBag from /home/airflow/.local/lib/python3.7/site-packages/airflow/example_dags/example_sla_dag.py
[2026-01-21T08:58:13.860+0000] {processor.py:753} INFO - DAG(s) dict_keys(['example_sla_dag']) retrieved from /home/airflow/.local/lib/python3.7/site-packages/airflow/example_dags/example_sla_dag.py
[2026-01-21T08:58:13.888+0000] {logging_mixin.py:137} INFO - [2026-01-21T08:58:13.888+0000] {dag.py:2676} INFO - Sync 1 DAGs
[2026-01-21T08:58:13.912+0000] {logging_mixin.py:137} INFO - [2026-01-21T08:58:13.912+0000] {dag.py:3427} INFO - Setting next_dagrun for example_sla_dag to 2026-01-21T08:56:00+00:00, run_after=2026-01-21T08:58:00+00:00
[2026-01-21T08:58:13.927+0000] {processor.py:175} INFO - Processing /home/airflow/.local/lib/python3.7/site-packages/airflow/example_dags/example_sla_dag.py took 0.088 seconds
[2026-01-21T08:58:44.110+0000] {processor.py:153} INFO - Started process (PID=872) to work on /home/airflow/.local/lib/python3.7/site-packages/airflow/example_dags/example_sla_dag.py
[2026-01-21T08:58:44.110+0000] {processor.py:743} INFO - Processing file /home/airflow/.local/lib/python3.7/site-packages/airflow/example_dags/example_sla_dag.py for tasks to queue
[2026-01-21T08:58:44.111+0000] {logging_mixin.py:137} INFO - [2026-01-21T08:58:44.111+0000] {dagbag.py:538} INFO - Filling up the DagBag from /home/airflow/.local/lib/python3.7/site-packages/airflow/example_dags/example_sla_dag.py
[2026-01-21T08:58:44.129+0000] {processor.py:753} INFO - DAG(s) dict_keys(['example_sla_dag']) retrieved from /home/airflow/.local/lib/python3.7/site-packages/airflow/example_dags/example_sla_dag.py
[2026-01-21T08:58:44.165+0000] {logging_mixin.py:137} INFO - [2026-01-21T08:58:44.165+0000] {dag.py:2676} INFO - Sync 1 DAGs
[2026-01-21T08:58:44.188+0000] {logging_mixin.py:137} INFO - [2026-01-21T08:58:44.188+0000] {dag.py:3427} INFO - Setting next_dagrun for example_sla_dag to 2026-01-21T08:56:00+00:00, run_after=2026-01-21T08:58:00+00:00
[2026-01-21T08:58:44.205+0000] {processor.py:175} INFO - Processing /home/airflow/.local/lib/python3.7/site-packages/airflow/example_dags/example_sla_dag.py took 0.098 seconds
[2026-01-21T08:59:18.146+0000] {processor.py:153} INFO - Started process (PID=961) to work on /home/airflow/.local/lib/python3.7/site-packages/airflow/example_dags/example_sla_dag.py
[2026-01-21T08:59:18.147+0000] {processor.py:743} INFO - Processing file /home/airflow/.local/lib/python3.7/site-packages/airflow/example_dags/example_sla_dag.py for tasks to queue
[2026-01-21T08:59:18.148+0000] {logging_mixin.py:137} INFO - [2026-01-21T08:59:18.148+0000] {dagbag.py:538} INFO - Filling up the DagBag from /home/airflow/.local/lib/python3.7/site-packages/airflow/example_dags/example_sla_dag.py
[2026-01-21T08:59:18.165+0000] {processor.py:753} INFO - DAG(s) dict_keys(['example_sla_dag']) retrieved from /home/airflow/.local/lib/python3.7/site-packages/airflow/example_dags/example_sla_dag.py
[2026-01-21T08:59:18.192+0000] {logging_mixin.py:137} INFO - [2026-01-21T08:59:18.192+0000] {dag.py:2676} INFO - Sync 1 DAGs
[2026-01-21T08:59:18.212+0000] {logging_mixin.py:137} INFO - [2026-01-21T08:59:18.212+0000] {dag.py:3427} INFO - Setting next_dagrun for example_sla_dag to 2026-01-21T08:56:00+00:00, run_after=2026-01-21T08:58:00+00:00
[2026-01-21T08:59:18.227+0000] {processor.py:175} INFO - Processing /home/airflow/.local/lib/python3.7/site-packages/airflow/example_dags/example_sla_dag.py took 0.083 seconds
[2026-01-21T08:59:48.318+0000] {processor.py:153} INFO - Started process (PID=1059) to work on /home/airflow/.local/lib/python3.7/site-packages/airflow/example_dags/example_sla_dag.py
[2026-01-21T08:59:48.319+0000] {processor.py:743} INFO - Processing file /home/airflow/.local/lib/python3.7/site-packages/airflow/example_dags/example_sla_dag.py for tasks to queue
[2026-01-21T08:59:48.320+0000] {logging_mixin.py:137} INFO - [2026-01-21T08:59:48.319+0000] {dagbag.py:538} INFO - Filling up the DagBag from /home/airflow/.local/lib/python3.7/site-packages/airflow/example_dags/example_sla_dag.py
[2026-01-21T08:59:48.336+0000] {processor.py:753} INFO - DAG(s) dict_keys(['example_sla_dag']) retrieved from /home/airflow/.local/lib/python3.7/site-packages/airflow/example_dags/example_sla_dag.py
[2026-01-21T08:59:48.363+0000] {logging_mixin.py:137} INFO - [2026-01-21T08:59:48.363+0000] {dag.py:2676} INFO - Sync 1 DAGs
[2026-01-21T08:59:48.383+0000] {logging_mixin.py:137} INFO - [2026-01-21T08:59:48.383+0000] {dag.py:3427} INFO - Setting next_dagrun for example_sla_dag to 2026-01-21T08:56:00+00:00, run_after=2026-01-21T08:58:00+00:00
[2026-01-21T08:59:48.397+0000] {processor.py:175} INFO - Processing /home/airflow/.local/lib/python3.7/site-packages/airflow/example_dags/example_sla_dag.py took 0.081 seconds
[2026-01-21T09:00:18.939+0000] {processor.py:153} INFO - Started process (PID=1157) to work on /home/airflow/.local/lib/python3.7/site-packages/airflow/example_dags/example_sla_dag.py
[2026-01-21T09:00:18.940+0000] {processor.py:743} INFO - Processing file /home/airflow/.local/lib/python3.7/site-packages/airflow/example_dags/example_sla_dag.py for tasks to queue
[2026-01-21T09:00:18.940+0000] {logging_mixin.py:137} INFO - [2026-01-21T09:00:18.940+0000] {dagbag.py:538} INFO - Filling up the DagBag from /home/airflow/.local/lib/python3.7/site-packages/airflow/example_dags/example_sla_dag.py
[2026-01-21T09:00:18.959+0000] {processor.py:753} INFO - DAG(s) dict_keys(['example_sla_dag']) retrieved from /home/airflow/.local/lib/python3.7/site-packages/airflow/example_dags/example_sla_dag.py
[2026-01-21T09:00:18.992+0000] {logging_mixin.py:137} INFO - [2026-01-21T09:00:18.992+0000] {dag.py:2676} INFO - Sync 1 DAGs
[2026-01-21T09:00:19.015+0000] {logging_mixin.py:137} INFO - [2026-01-21T09:00:19.015+0000] {dag.py:3427} INFO - Setting next_dagrun for example_sla_dag to 2026-01-21T08:58:00+00:00, run_after=2026-01-21T09:00:00+00:00
[2026-01-21T09:00:19.031+0000] {processor.py:175} INFO - Processing /home/airflow/.local/lib/python3.7/site-packages/airflow/example_dags/example_sla_dag.py took 0.094 seconds
[2026-01-21T09:00:49.133+0000] {processor.py:153} INFO - Started process (PID=1235) to work on /home/airflow/.local/lib/python3.7/site-packages/airflow/example_dags/example_sla_dag.py
[2026-01-21T09:00:49.134+0000] {processor.py:743} INFO - Processing file /home/airflow/.local/lib/python3.7/site-packages/airflow/example_dags/example_sla_dag.py for tasks to queue
[2026-01-21T09:00:49.135+0000] {logging_mixin.py:137} INFO - [2026-01-21T09:00:49.135+0000] {dagbag.py:538} INFO - Filling up the DagBag from /home/airflow/.local/lib/python3.7/site-packages/airflow/example_dags/example_sla_dag.py
[2026-01-21T09:00:49.153+0000] {processor.py:753} INFO - DAG(s) dict_keys(['example_sla_dag']) retrieved from /home/airflow/.local/lib/python3.7/site-packages/airflow/example_dags/example_sla_dag.py
[2026-01-21T09:00:49.181+0000] {logging_mixin.py:137} INFO - [2026-01-21T09:00:49.181+0000] {dag.py:2676} INFO - Sync 1 DAGs
[2026-01-21T09:00:49.202+0000] {logging_mixin.py:137} INFO - [2026-01-21T09:00:49.202+0000] {dag.py:3427} INFO - Setting next_dagrun for example_sla_dag to 2026-01-21T08:58:00+00:00, run_after=2026-01-21T09:00:00+00:00
[2026-01-21T09:00:49.216+0000] {processor.py:175} INFO - Processing /home/airflow/.local/lib/python3.7/site-packages/airflow/example_dags/example_sla_dag.py took 0.085 seconds
[2026-01-21T09:01:19.384+0000] {processor.py:153} INFO - Started process (PID=1333) to work on /home/airflow/.local/lib/python3.7/site-packages/airflow/example_dags/example_sla_dag.py
[2026-01-21T09:01:19.384+0000] {processor.py:743} INFO - Processing file /home/airflow/.local/lib/python3.7/site-packages/airflow/example_dags/example_sla_dag.py for tasks to queue
[2026-01-21T09:01:19.385+0000] {logging_mixin.py:137} INFO - [2026-01-21T09:01:19.385+0000] {dagbag.py:538} INFO - Filling up the DagBag from /home/airflow/.local/lib/python3.7/site-packages/airflow/example_dags/example_sla_dag.py
[2026-01-21T09:01:19.402+0000] {processor.py:753} INFO - DAG(s) dict_keys(['example_sla_dag']) retrieved from /home/airflow/.local/lib/python3.7/site-packages/airflow/example_dags/example_sla_dag.py
[2026-01-21T09:01:19.430+0000] {logging_mixin.py:137} INFO - [2026-01-21T09:01:19.430+0000] {dag.py:2676} INFO - Sync 1 DAGs
[2026-01-21T09:01:19.451+0000] {logging_mixin.py:137} INFO - [2026-01-21T09:01:19.451+0000] {dag.py:3427} INFO - Setting next_dagrun for example_sla_dag to 2026-01-21T08:58:00+00:00, run_after=2026-01-21T09:00:00+00:00
[2026-01-21T09:01:19.465+0000] {processor.py:175} INFO - Processing /home/airflow/.local/lib/python3.7/site-packages/airflow/example_dags/example_sla_dag.py took 0.084 seconds
[2026-01-21T09:01:49.572+0000] {processor.py:153} INFO - Started process (PID=1411) to work on /home/airflow/.local/lib/python3.7/site-packages/airflow/example_dags/example_sla_dag.py
[2026-01-21T09:01:49.573+0000] {processor.py:743} INFO - Processing file /home/airflow/.local/lib/python3.7/site-packages/airflow/example_dags/example_sla_dag.py for tasks to queue
[2026-01-21T09:01:49.574+0000] {logging_mixin.py:137} INFO - [2026-01-21T09:01:49.574+0000] {dagbag.py:538} INFO - Filling up the DagBag from /home/airflow/.local/lib/python3.7/site-packages/airflow/example_dags/example_sla_dag.py
[2026-01-21T09:01:49.591+0000] {processor.py:753} INFO - DAG(s) dict_keys(['example_sla_dag']) retrieved from /home/airflow/.local/lib/python3.7/site-packages/airflow/example_dags/example_sla_dag.py
[2026-01-21T09:01:49.622+0000] {logging_mixin.py:137} INFO - [2026-01-21T09:01:49.622+0000] {dag.py:2676} INFO - Sync 1 DAGs
[2026-01-21T09:01:49.644+0000] {logging_mixin.py:137} INFO - [2026-01-21T09:01:49.644+0000] {dag.py:3427} INFO - Setting next_dagrun for example_sla_dag to 2026-01-21T08:58:00+00:00, run_after=2026-01-21T09:00:00+00:00
[2026-01-21T09:01:49.657+0000] {processor.py:175} INFO - Processing /home/airflow/.local/lib/python3.7/site-packages/airflow/example_dags/example_sla_dag.py took 0.087 seconds
[2026-01-21T09:02:19.735+0000] {processor.py:153} INFO - Started process (PID=1509) to work on /home/airflow/.local/lib/python3.7/site-packages/airflow/example_dags/example_sla_dag.py
[2026-01-21T09:02:19.736+0000] {processor.py:743} INFO - Processing file /home/airflow/.local/lib/python3.7/site-packages/airflow/example_dags/example_sla_dag.py for tasks to queue
[2026-01-21T09:02:19.736+0000] {logging_mixin.py:137} INFO - [2026-01-21T09:02:19.736+0000] {dagbag.py:538} INFO - Filling up the DagBag from /home/airflow/.local/lib/python3.7/site-packages/airflow/example_dags/example_sla_dag.py
[2026-01-21T09:02:19.758+0000] {processor.py:753} INFO - DAG(s) dict_keys(['example_sla_dag']) retrieved from /home/airflow/.local/lib/python3.7/site-packages/airflow/example_dags/example_sla_dag.py
[2026-01-21T09:02:19.789+0000] {logging_mixin.py:137} INFO - [2026-01-21T09:02:19.789+0000] {dag.py:2676} INFO - Sync 1 DAGs
[2026-01-21T09:02:19.813+0000] {logging_mixin.py:137} INFO - [2026-01-21T09:02:19.813+0000] {dag.py:3427} INFO - Setting next_dagrun for example_sla_dag to 2026-01-21T09:00:00+00:00, run_after=2026-01-21T09:02:00+00:00
[2026-01-21T09:02:19.830+0000] {processor.py:175} INFO - Processing /home/airflow/.local/lib/python3.7/site-packages/airflow/example_dags/example_sla_dag.py took 0.098 seconds
[2026-01-21T09:02:50.604+0000] {processor.py:153} INFO - Started process (PID=1596) to work on /home/airflow/.local/lib/python3.7/site-packages/airflow/example_dags/example_sla_dag.py
[2026-01-21T09:02:50.605+0000] {processor.py:743} INFO - Processing file /home/airflow/.local/lib/python3.7/site-packages/airflow/example_dags/example_sla_dag.py for tasks to queue
[2026-01-21T09:02:50.606+0000] {logging_mixin.py:137} INFO - [2026-01-21T09:02:50.606+0000] {dagbag.py:538} INFO - Filling up the DagBag from /home/airflow/.local/lib/python3.7/site-packages/airflow/example_dags/example_sla_dag.py
[2026-01-21T09:02:50.627+0000] {processor.py:753} INFO - DAG(s) dict_keys(['example_sla_dag']) retrieved from /home/airflow/.local/lib/python3.7/site-packages/airflow/example_dags/example_sla_dag.py
[2026-01-21T09:02:50.659+0000] {logging_mixin.py:137} INFO - [2026-01-21T09:02:50.659+0000] {dag.py:2676} INFO - Sync 1 DAGs
[2026-01-21T09:02:50.684+0000] {logging_mixin.py:137} INFO - [2026-01-21T09:02:50.684+0000] {dag.py:3427} INFO - Setting next_dagrun for example_sla_dag to 2026-01-21T09:00:00+00:00, run_after=2026-01-21T09:02:00+00:00
[2026-01-21T09:02:50.700+0000] {processor.py:175} INFO - Processing /home/airflow/.local/lib/python3.7/site-packages/airflow/example_dags/example_sla_dag.py took 0.098 seconds
[2026-01-21T09:03:21.016+0000] {processor.py:153} INFO - Started process (PID=1685) to work on /home/airflow/.local/lib/python3.7/site-packages/airflow/example_dags/example_sla_dag.py
[2026-01-21T09:03:21.017+0000] {processor.py:743} INFO - Processing file /home/airflow/.local/lib/python3.7/site-packages/airflow/example_dags/example_sla_dag.py for tasks to queue
[2026-01-21T09:03:21.018+0000] {logging_mixin.py:137} INFO - [2026-01-21T09:03:21.018+0000] {dagbag.py:538} INFO - Filling up the DagBag from /home/airflow/.local/lib/python3.7/site-packages/airflow/example_dags/example_sla_dag.py
[2026-01-21T09:03:21.037+0000] {processor.py:753} INFO - DAG(s) dict_keys(['example_sla_dag']) retrieved from /home/airflow/.local/lib/python3.7/site-packages/airflow/example_dags/example_sla_dag.py
[2026-01-21T09:03:21.068+0000] {logging_mixin.py:137} INFO - [2026-01-21T09:03:21.068+0000] {dag.py:2676} INFO - Sync 1 DAGs
[2026-01-21T09:03:21.092+0000] {logging_mixin.py:137} INFO - [2026-01-21T09:03:21.092+0000] {dag.py:3427} INFO - Setting next_dagrun for example_sla_dag to 2026-01-21T09:00:00+00:00, run_after=2026-01-21T09:02:00+00:00
[2026-01-21T09:03:21.108+0000] {processor.py:175} INFO - Processing /home/airflow/.local/lib/python3.7/site-packages/airflow/example_dags/example_sla_dag.py took 0.096 seconds
[2026-01-21T09:03:51.271+0000] {processor.py:153} INFO - Started process (PID=1783) to work on /home/airflow/.local/lib/python3.7/site-packages/airflow/example_dags/example_sla_dag.py
[2026-01-21T09:03:51.271+0000] {processor.py:743} INFO - Processing file /home/airflow/.local/lib/python3.7/site-packages/airflow/example_dags/example_sla_dag.py for tasks to queue
[2026-01-21T09:03:51.272+0000] {logging_mixin.py:137} INFO - [2026-01-21T09:03:51.272+0000] {dagbag.py:538} INFO - Filling up the DagBag from /home/airflow/.local/lib/python3.7/site-packages/airflow/example_dags/example_sla_dag.py
[2026-01-21T09:03:51.291+0000] {processor.py:753} INFO - DAG(s) dict_keys(['example_sla_dag']) retrieved from /home/airflow/.local/lib/python3.7/site-packages/airflow/example_dags/example_sla_dag.py
[2026-01-21T09:03:51.319+0000] {logging_mixin.py:137} INFO - [2026-01-21T09:03:51.319+0000] {dag.py:2676} INFO - Sync 1 DAGs
[2026-01-21T09:03:51.341+0000] {logging_mixin.py:137} INFO - [2026-01-21T09:03:51.341+0000] {dag.py:3427} INFO - Setting next_dagrun for example_sla_dag to 2026-01-21T09:00:00+00:00, run_after=2026-01-21T09:02:00+00:00
[2026-01-21T09:03:51.356+0000] {processor.py:175} INFO - Processing /home/airflow/.local/lib/python3.7/site-packages/airflow/example_dags/example_sla_dag.py took 0.087 seconds
[2026-01-21T09:26:40.660+0000] {processor.py:153} INFO - Started process (PID=81) to work on /home/airflow/.local/lib/python3.7/site-packages/airflow/example_dags/example_sla_dag.py
[2026-01-21T09:26:40.672+0000] {processor.py:743} INFO - Processing file /home/airflow/.local/lib/python3.7/site-packages/airflow/example_dags/example_sla_dag.py for tasks to queue
[2026-01-21T09:26:40.673+0000] {logging_mixin.py:137} INFO - [2026-01-21T09:26:40.673+0000] {dagbag.py:538} INFO - Filling up the DagBag from /home/airflow/.local/lib/python3.7/site-packages/airflow/example_dags/example_sla_dag.py
[2026-01-21T09:26:40.704+0000] {processor.py:753} INFO - DAG(s) dict_keys(['example_sla_dag']) retrieved from /home/airflow/.local/lib/python3.7/site-packages/airflow/example_dags/example_sla_dag.py
[2026-01-21T09:26:40.747+0000] {logging_mixin.py:137} INFO - [2026-01-21T09:26:40.747+0000] {dag.py:2676} INFO - Sync 1 DAGs
[2026-01-21T09:26:40.776+0000] {logging_mixin.py:137} INFO - [2026-01-21T09:26:40.776+0000] {dag.py:3427} INFO - Setting next_dagrun for example_sla_dag to 2026-01-21T09:24:00+00:00, run_after=2026-01-21T09:26:00+00:00
[2026-01-21T09:26:40.834+0000] {processor.py:175} INFO - Processing /home/airflow/.local/lib/python3.7/site-packages/airflow/example_dags/example_sla_dag.py took 0.177 seconds
[2026-01-21T09:27:10.928+0000] {processor.py:153} INFO - Started process (PID=159) to work on /home/airflow/.local/lib/python3.7/site-packages/airflow/example_dags/example_sla_dag.py
[2026-01-21T09:27:10.929+0000] {processor.py:743} INFO - Processing file /home/airflow/.local/lib/python3.7/site-packages/airflow/example_dags/example_sla_dag.py for tasks to queue
[2026-01-21T09:27:10.929+0000] {logging_mixin.py:137} INFO - [2026-01-21T09:27:10.929+0000] {dagbag.py:538} INFO - Filling up the DagBag from /home/airflow/.local/lib/python3.7/site-packages/airflow/example_dags/example_sla_dag.py
[2026-01-21T09:27:10.950+0000] {processor.py:753} INFO - DAG(s) dict_keys(['example_sla_dag']) retrieved from /home/airflow/.local/lib/python3.7/site-packages/airflow/example_dags/example_sla_dag.py
[2026-01-21T09:27:10.978+0000] {logging_mixin.py:137} INFO - [2026-01-21T09:27:10.977+0000] {dag.py:2676} INFO - Sync 1 DAGs
[2026-01-21T09:27:11.000+0000] {logging_mixin.py:137} INFO - [2026-01-21T09:27:11.000+0000] {dag.py:3427} INFO - Setting next_dagrun for example_sla_dag to 2026-01-21T09:24:00+00:00, run_after=2026-01-21T09:26:00+00:00
[2026-01-21T09:27:11.017+0000] {processor.py:175} INFO - Processing /home/airflow/.local/lib/python3.7/site-packages/airflow/example_dags/example_sla_dag.py took 0.091 seconds
[2026-01-21T09:27:41.108+0000] {processor.py:153} INFO - Started process (PID=257) to work on /home/airflow/.local/lib/python3.7/site-packages/airflow/example_dags/example_sla_dag.py
[2026-01-21T09:27:41.109+0000] {processor.py:743} INFO - Processing file /home/airflow/.local/lib/python3.7/site-packages/airflow/example_dags/example_sla_dag.py for tasks to queue
[2026-01-21T09:27:41.109+0000] {logging_mixin.py:137} INFO - [2026-01-21T09:27:41.109+0000] {dagbag.py:538} INFO - Filling up the DagBag from /home/airflow/.local/lib/python3.7/site-packages/airflow/example_dags/example_sla_dag.py
[2026-01-21T09:27:41.129+0000] {processor.py:753} INFO - DAG(s) dict_keys(['example_sla_dag']) retrieved from /home/airflow/.local/lib/python3.7/site-packages/airflow/example_dags/example_sla_dag.py
[2026-01-21T09:27:41.158+0000] {logging_mixin.py:137} INFO - [2026-01-21T09:27:41.158+0000] {dag.py:2676} INFO - Sync 1 DAGs
[2026-01-21T09:27:41.180+0000] {logging_mixin.py:137} INFO - [2026-01-21T09:27:41.180+0000] {dag.py:3427} INFO - Setting next_dagrun for example_sla_dag to 2026-01-21T09:24:00+00:00, run_after=2026-01-21T09:26:00+00:00
[2026-01-21T09:27:41.197+0000] {processor.py:175} INFO - Processing /home/airflow/.local/lib/python3.7/site-packages/airflow/example_dags/example_sla_dag.py took 0.092 seconds
[2026-01-21T09:28:11.256+0000] {processor.py:153} INFO - Started process (PID=336) to work on /home/airflow/.local/lib/python3.7/site-packages/airflow/example_dags/example_sla_dag.py
[2026-01-21T09:28:11.257+0000] {processor.py:743} INFO - Processing file /home/airflow/.local/lib/python3.7/site-packages/airflow/example_dags/example_sla_dag.py for tasks to queue
[2026-01-21T09:28:11.258+0000] {logging_mixin.py:137} INFO - [2026-01-21T09:28:11.258+0000] {dagbag.py:538} INFO - Filling up the DagBag from /home/airflow/.local/lib/python3.7/site-packages/airflow/example_dags/example_sla_dag.py
[2026-01-21T09:28:11.278+0000] {processor.py:753} INFO - DAG(s) dict_keys(['example_sla_dag']) retrieved from /home/airflow/.local/lib/python3.7/site-packages/airflow/example_dags/example_sla_dag.py
[2026-01-21T09:28:11.308+0000] {logging_mixin.py:137} INFO - [2026-01-21T09:28:11.308+0000] {dag.py:2676} INFO - Sync 1 DAGs
[2026-01-21T09:28:11.329+0000] {logging_mixin.py:137} INFO - [2026-01-21T09:28:11.329+0000] {dag.py:3427} INFO - Setting next_dagrun for example_sla_dag to 2026-01-21T09:26:00+00:00, run_after=2026-01-21T09:28:00+00:00
[2026-01-21T09:28:11.343+0000] {processor.py:175} INFO - Processing /home/airflow/.local/lib/python3.7/site-packages/airflow/example_dags/example_sla_dag.py took 0.090 seconds
[2026-01-21T09:28:41.551+0000] {processor.py:153} INFO - Started process (PID=434) to work on /home/airflow/.local/lib/python3.7/site-packages/airflow/example_dags/example_sla_dag.py
[2026-01-21T09:28:41.552+0000] {processor.py:743} INFO - Processing file /home/airflow/.local/lib/python3.7/site-packages/airflow/example_dags/example_sla_dag.py for tasks to queue
[2026-01-21T09:28:41.553+0000] {logging_mixin.py:137} INFO - [2026-01-21T09:28:41.553+0000] {dagbag.py:538} INFO - Filling up the DagBag from /home/airflow/.local/lib/python3.7/site-packages/airflow/example_dags/example_sla_dag.py
[2026-01-21T09:28:41.571+0000] {processor.py:753} INFO - DAG(s) dict_keys(['example_sla_dag']) retrieved from /home/airflow/.local/lib/python3.7/site-packages/airflow/example_dags/example_sla_dag.py
[2026-01-21T09:28:41.600+0000] {logging_mixin.py:137} INFO - [2026-01-21T09:28:41.599+0000] {dag.py:2676} INFO - Sync 1 DAGs
[2026-01-21T09:28:41.622+0000] {logging_mixin.py:137} INFO - [2026-01-21T09:28:41.622+0000] {dag.py:3427} INFO - Setting next_dagrun for example_sla_dag to 2026-01-21T09:26:00+00:00, run_after=2026-01-21T09:28:00+00:00
[2026-01-21T09:28:41.635+0000] {processor.py:175} INFO - Processing /home/airflow/.local/lib/python3.7/site-packages/airflow/example_dags/example_sla_dag.py took 0.086 seconds
[2026-01-21T09:29:11.790+0000] {processor.py:153} INFO - Started process (PID=532) to work on /home/airflow/.local/lib/python3.7/site-packages/airflow/example_dags/example_sla_dag.py
[2026-01-21T09:29:11.791+0000] {processor.py:743} INFO - Processing file /home/airflow/.local/lib/python3.7/site-packages/airflow/example_dags/example_sla_dag.py for tasks to queue
[2026-01-21T09:29:11.792+0000] {logging_mixin.py:137} INFO - [2026-01-21T09:29:11.792+0000] {dagbag.py:538} INFO - Filling up the DagBag from /home/airflow/.local/lib/python3.7/site-packages/airflow/example_dags/example_sla_dag.py
[2026-01-21T09:29:11.812+0000] {processor.py:753} INFO - DAG(s) dict_keys(['example_sla_dag']) retrieved from /home/airflow/.local/lib/python3.7/site-packages/airflow/example_dags/example_sla_dag.py
[2026-01-21T09:29:11.841+0000] {logging_mixin.py:137} INFO - [2026-01-21T09:29:11.841+0000] {dag.py:2676} INFO - Sync 1 DAGs
[2026-01-21T09:29:11.864+0000] {logging_mixin.py:137} INFO - [2026-01-21T09:29:11.864+0000] {dag.py:3427} INFO - Setting next_dagrun for example_sla_dag to 2026-01-21T09:26:00+00:00, run_after=2026-01-21T09:28:00+00:00
[2026-01-21T09:29:11.880+0000] {processor.py:175} INFO - Processing /home/airflow/.local/lib/python3.7/site-packages/airflow/example_dags/example_sla_dag.py took 0.092 seconds
[2026-01-21T09:29:42.625+0000] {processor.py:153} INFO - Started process (PID=610) to work on /home/airflow/.local/lib/python3.7/site-packages/airflow/example_dags/example_sla_dag.py
[2026-01-21T09:29:42.626+0000] {processor.py:743} INFO - Processing file /home/airflow/.local/lib/python3.7/site-packages/airflow/example_dags/example_sla_dag.py for tasks to queue
[2026-01-21T09:29:42.627+0000] {logging_mixin.py:137} INFO - [2026-01-21T09:29:42.626+0000] {dagbag.py:538} INFO - Filling up the DagBag from /home/airflow/.local/lib/python3.7/site-packages/airflow/example_dags/example_sla_dag.py
[2026-01-21T09:29:42.645+0000] {processor.py:753} INFO - DAG(s) dict_keys(['example_sla_dag']) retrieved from /home/airflow/.local/lib/python3.7/site-packages/airflow/example_dags/example_sla_dag.py
[2026-01-21T09:29:42.674+0000] {logging_mixin.py:137} INFO - [2026-01-21T09:29:42.674+0000] {dag.py:2676} INFO - Sync 1 DAGs
[2026-01-21T09:29:42.694+0000] {logging_mixin.py:137} INFO - [2026-01-21T09:29:42.694+0000] {dag.py:3427} INFO - Setting next_dagrun for example_sla_dag to 2026-01-21T09:26:00+00:00, run_after=2026-01-21T09:28:00+00:00
[2026-01-21T09:29:42.707+0000] {processor.py:175} INFO - Processing /home/airflow/.local/lib/python3.7/site-packages/airflow/example_dags/example_sla_dag.py took 0.084 seconds
[2026-01-21T09:30:12.918+0000] {processor.py:153} INFO - Started process (PID=708) to work on /home/airflow/.local/lib/python3.7/site-packages/airflow/example_dags/example_sla_dag.py
[2026-01-21T09:30:12.919+0000] {processor.py:743} INFO - Processing file /home/airflow/.local/lib/python3.7/site-packages/airflow/example_dags/example_sla_dag.py for tasks to queue
[2026-01-21T09:30:12.919+0000] {logging_mixin.py:137} INFO - [2026-01-21T09:30:12.919+0000] {dagbag.py:538} INFO - Filling up the DagBag from /home/airflow/.local/lib/python3.7/site-packages/airflow/example_dags/example_sla_dag.py
[2026-01-21T09:30:12.937+0000] {processor.py:753} INFO - DAG(s) dict_keys(['example_sla_dag']) retrieved from /home/airflow/.local/lib/python3.7/site-packages/airflow/example_dags/example_sla_dag.py
[2026-01-21T09:30:12.966+0000] {logging_mixin.py:137} INFO - [2026-01-21T09:30:12.966+0000] {dag.py:2676} INFO - Sync 1 DAGs
[2026-01-21T09:30:12.987+0000] {logging_mixin.py:137} INFO - [2026-01-21T09:30:12.987+0000] {dag.py:3427} INFO - Setting next_dagrun for example_sla_dag to 2026-01-21T09:28:00+00:00, run_after=2026-01-21T09:30:00+00:00
[2026-01-21T09:30:13.000+0000] {processor.py:175} INFO - Processing /home/airflow/.local/lib/python3.7/site-packages/airflow/example_dags/example_sla_dag.py took 0.084 seconds
[2026-01-21T09:30:43.876+0000] {processor.py:153} INFO - Started process (PID=786) to work on /home/airflow/.local/lib/python3.7/site-packages/airflow/example_dags/example_sla_dag.py
[2026-01-21T09:30:43.877+0000] {processor.py:743} INFO - Processing file /home/airflow/.local/lib/python3.7/site-packages/airflow/example_dags/example_sla_dag.py for tasks to queue
[2026-01-21T09:30:43.878+0000] {logging_mixin.py:137} INFO - [2026-01-21T09:30:43.878+0000] {dagbag.py:538} INFO - Filling up the DagBag from /home/airflow/.local/lib/python3.7/site-packages/airflow/example_dags/example_sla_dag.py
[2026-01-21T09:30:43.898+0000] {processor.py:753} INFO - DAG(s) dict_keys(['example_sla_dag']) retrieved from /home/airflow/.local/lib/python3.7/site-packages/airflow/example_dags/example_sla_dag.py
[2026-01-21T09:30:43.928+0000] {logging_mixin.py:137} INFO - [2026-01-21T09:30:43.928+0000] {dag.py:2676} INFO - Sync 1 DAGs
[2026-01-21T09:30:43.952+0000] {logging_mixin.py:137} INFO - [2026-01-21T09:30:43.952+0000] {dag.py:3427} INFO - Setting next_dagrun for example_sla_dag to 2026-01-21T09:28:00+00:00, run_after=2026-01-21T09:30:00+00:00
[2026-01-21T09:30:43.970+0000] {processor.py:175} INFO - Processing /home/airflow/.local/lib/python3.7/site-packages/airflow/example_dags/example_sla_dag.py took 0.096 seconds
[2026-01-21T09:31:14.056+0000] {processor.py:153} INFO - Started process (PID=884) to work on /home/airflow/.local/lib/python3.7/site-packages/airflow/example_dags/example_sla_dag.py
[2026-01-21T09:31:14.057+0000] {processor.py:743} INFO - Processing file /home/airflow/.local/lib/python3.7/site-packages/airflow/example_dags/example_sla_dag.py for tasks to queue
[2026-01-21T09:31:14.058+0000] {logging_mixin.py:137} INFO - [2026-01-21T09:31:14.058+0000] {dagbag.py:538} INFO - Filling up the DagBag from /home/airflow/.local/lib/python3.7/site-packages/airflow/example_dags/example_sla_dag.py
[2026-01-21T09:31:14.078+0000] {processor.py:753} INFO - DAG(s) dict_keys(['example_sla_dag']) retrieved from /home/airflow/.local/lib/python3.7/site-packages/airflow/example_dags/example_sla_dag.py
[2026-01-21T09:31:14.111+0000] {logging_mixin.py:137} INFO - [2026-01-21T09:31:14.111+0000] {dag.py:2676} INFO - Sync 1 DAGs
[2026-01-21T09:31:14.134+0000] {logging_mixin.py:137} INFO - [2026-01-21T09:31:14.134+0000] {dag.py:3427} INFO - Setting next_dagrun for example_sla_dag to 2026-01-21T09:28:00+00:00, run_after=2026-01-21T09:30:00+00:00
[2026-01-21T09:31:14.150+0000] {processor.py:175} INFO - Processing /home/airflow/.local/lib/python3.7/site-packages/airflow/example_dags/example_sla_dag.py took 0.097 seconds
[2026-01-21T09:31:44.337+0000] {processor.py:153} INFO - Started process (PID=983) to work on /home/airflow/.local/lib/python3.7/site-packages/airflow/example_dags/example_sla_dag.py
[2026-01-21T09:31:44.338+0000] {processor.py:743} INFO - Processing file /home/airflow/.local/lib/python3.7/site-packages/airflow/example_dags/example_sla_dag.py for tasks to queue
[2026-01-21T09:31:44.339+0000] {logging_mixin.py:137} INFO - [2026-01-21T09:31:44.339+0000] {dagbag.py:538} INFO - Filling up the DagBag from /home/airflow/.local/lib/python3.7/site-packages/airflow/example_dags/example_sla_dag.py
[2026-01-21T09:31:44.357+0000] {processor.py:753} INFO - DAG(s) dict_keys(['example_sla_dag']) retrieved from /home/airflow/.local/lib/python3.7/site-packages/airflow/example_dags/example_sla_dag.py
[2026-01-21T09:31:44.384+0000] {logging_mixin.py:137} INFO - [2026-01-21T09:31:44.384+0000] {dag.py:2676} INFO - Sync 1 DAGs
[2026-01-21T09:31:44.405+0000] {logging_mixin.py:137} INFO - [2026-01-21T09:31:44.405+0000] {dag.py:3427} INFO - Setting next_dagrun for example_sla_dag to 2026-01-21T09:28:00+00:00, run_after=2026-01-21T09:30:00+00:00
[2026-01-21T09:31:44.419+0000] {processor.py:175} INFO - Processing /home/airflow/.local/lib/python3.7/site-packages/airflow/example_dags/example_sla_dag.py took 0.084 seconds
[2026-01-21T09:32:15.137+0000] {processor.py:153} INFO - Started process (PID=1061) to work on /home/airflow/.local/lib/python3.7/site-packages/airflow/example_dags/example_sla_dag.py
[2026-01-21T09:32:15.138+0000] {processor.py:743} INFO - Processing file /home/airflow/.local/lib/python3.7/site-packages/airflow/example_dags/example_sla_dag.py for tasks to queue
[2026-01-21T09:32:15.139+0000] {logging_mixin.py:137} INFO - [2026-01-21T09:32:15.139+0000] {dagbag.py:538} INFO - Filling up the DagBag from /home/airflow/.local/lib/python3.7/site-packages/airflow/example_dags/example_sla_dag.py
[2026-01-21T09:32:15.157+0000] {processor.py:753} INFO - DAG(s) dict_keys(['example_sla_dag']) retrieved from /home/airflow/.local/lib/python3.7/site-packages/airflow/example_dags/example_sla_dag.py
[2026-01-21T09:32:15.185+0000] {logging_mixin.py:137} INFO - [2026-01-21T09:32:15.185+0000] {dag.py:2676} INFO - Sync 1 DAGs
[2026-01-21T09:32:15.207+0000] {logging_mixin.py:137} INFO - [2026-01-21T09:32:15.207+0000] {dag.py:3427} INFO - Setting next_dagrun for example_sla_dag to 2026-01-21T09:30:00+00:00, run_after=2026-01-21T09:32:00+00:00
[2026-01-21T09:32:15.222+0000] {processor.py:175} INFO - Processing /home/airflow/.local/lib/python3.7/site-packages/airflow/example_dags/example_sla_dag.py took 0.087 seconds
[2026-01-21T09:32:46.084+0000] {processor.py:153} INFO - Started process (PID=1159) to work on /home/airflow/.local/lib/python3.7/site-packages/airflow/example_dags/example_sla_dag.py
[2026-01-21T09:32:46.084+0000] {processor.py:743} INFO - Processing file /home/airflow/.local/lib/python3.7/site-packages/airflow/example_dags/example_sla_dag.py for tasks to queue
[2026-01-21T09:32:46.085+0000] {logging_mixin.py:137} INFO - [2026-01-21T09:32:46.085+0000] {dagbag.py:538} INFO - Filling up the DagBag from /home/airflow/.local/lib/python3.7/site-packages/airflow/example_dags/example_sla_dag.py
[2026-01-21T09:32:46.103+0000] {processor.py:753} INFO - DAG(s) dict_keys(['example_sla_dag']) retrieved from /home/airflow/.local/lib/python3.7/site-packages/airflow/example_dags/example_sla_dag.py
[2026-01-21T09:32:46.130+0000] {logging_mixin.py:137} INFO - [2026-01-21T09:32:46.130+0000] {dag.py:2676} INFO - Sync 1 DAGs
[2026-01-21T09:32:46.152+0000] {logging_mixin.py:137} INFO - [2026-01-21T09:32:46.152+0000] {dag.py:3427} INFO - Setting next_dagrun for example_sla_dag to 2026-01-21T09:30:00+00:00, run_after=2026-01-21T09:32:00+00:00
[2026-01-21T09:32:46.166+0000] {processor.py:175} INFO - Processing /home/airflow/.local/lib/python3.7/site-packages/airflow/example_dags/example_sla_dag.py took 0.085 seconds
[2026-01-21T09:33:16.862+0000] {processor.py:153} INFO - Started process (PID=1257) to work on /home/airflow/.local/lib/python3.7/site-packages/airflow/example_dags/example_sla_dag.py
[2026-01-21T09:33:16.863+0000] {processor.py:743} INFO - Processing file /home/airflow/.local/lib/python3.7/site-packages/airflow/example_dags/example_sla_dag.py for tasks to queue
[2026-01-21T09:33:16.864+0000] {logging_mixin.py:137} INFO - [2026-01-21T09:33:16.864+0000] {dagbag.py:538} INFO - Filling up the DagBag from /home/airflow/.local/lib/python3.7/site-packages/airflow/example_dags/example_sla_dag.py
[2026-01-21T09:33:16.882+0000] {processor.py:753} INFO - DAG(s) dict_keys(['example_sla_dag']) retrieved from /home/airflow/.local/lib/python3.7/site-packages/airflow/example_dags/example_sla_dag.py
[2026-01-21T09:33:16.914+0000] {logging_mixin.py:137} INFO - [2026-01-21T09:33:16.914+0000] {dag.py:2676} INFO - Sync 1 DAGs
[2026-01-21T09:33:16.935+0000] {logging_mixin.py:137} INFO - [2026-01-21T09:33:16.935+0000] {dag.py:3427} INFO - Setting next_dagrun for example_sla_dag to 2026-01-21T09:30:00+00:00, run_after=2026-01-21T09:32:00+00:00
[2026-01-21T09:33:16.950+0000] {processor.py:175} INFO - Processing /home/airflow/.local/lib/python3.7/site-packages/airflow/example_dags/example_sla_dag.py took 0.091 seconds
[2026-01-21T09:33:47.811+0000] {processor.py:153} INFO - Started process (PID=1336) to work on /home/airflow/.local/lib/python3.7/site-packages/airflow/example_dags/example_sla_dag.py
[2026-01-21T09:33:47.811+0000] {processor.py:743} INFO - Processing file /home/airflow/.local/lib/python3.7/site-packages/airflow/example_dags/example_sla_dag.py for tasks to queue
[2026-01-21T09:33:47.812+0000] {logging_mixin.py:137} INFO - [2026-01-21T09:33:47.812+0000] {dagbag.py:538} INFO - Filling up the DagBag from /home/airflow/.local/lib/python3.7/site-packages/airflow/example_dags/example_sla_dag.py
[2026-01-21T09:33:47.830+0000] {processor.py:753} INFO - DAG(s) dict_keys(['example_sla_dag']) retrieved from /home/airflow/.local/lib/python3.7/site-packages/airflow/example_dags/example_sla_dag.py
[2026-01-21T09:33:47.863+0000] {logging_mixin.py:137} INFO - [2026-01-21T09:33:47.863+0000] {dag.py:2676} INFO - Sync 1 DAGs
[2026-01-21T09:33:47.890+0000] {logging_mixin.py:137} INFO - [2026-01-21T09:33:47.890+0000] {dag.py:3427} INFO - Setting next_dagrun for example_sla_dag to 2026-01-21T09:30:00+00:00, run_after=2026-01-21T09:32:00+00:00
[2026-01-21T09:33:47.906+0000] {processor.py:175} INFO - Processing /home/airflow/.local/lib/python3.7/site-packages/airflow/example_dags/example_sla_dag.py took 0.098 seconds
[2026-01-21T09:34:18.827+0000] {processor.py:153} INFO - Started process (PID=1435) to work on /home/airflow/.local/lib/python3.7/site-packages/airflow/example_dags/example_sla_dag.py
[2026-01-21T09:34:18.827+0000] {processor.py:743} INFO - Processing file /home/airflow/.local/lib/python3.7/site-packages/airflow/example_dags/example_sla_dag.py for tasks to queue
[2026-01-21T09:34:18.828+0000] {logging_mixin.py:137} INFO - [2026-01-21T09:34:18.828+0000] {dagbag.py:538} INFO - Filling up the DagBag from /home/airflow/.local/lib/python3.7/site-packages/airflow/example_dags/example_sla_dag.py
[2026-01-21T09:34:18.852+0000] {processor.py:753} INFO - DAG(s) dict_keys(['example_sla_dag']) retrieved from /home/airflow/.local/lib/python3.7/site-packages/airflow/example_dags/example_sla_dag.py
[2026-01-21T09:34:18.884+0000] {logging_mixin.py:137} INFO - [2026-01-21T09:34:18.884+0000] {dag.py:2676} INFO - Sync 1 DAGs
[2026-01-21T09:34:18.911+0000] {logging_mixin.py:137} INFO - [2026-01-21T09:34:18.911+0000] {dag.py:3427} INFO - Setting next_dagrun for example_sla_dag to 2026-01-21T09:32:00+00:00, run_after=2026-01-21T09:34:00+00:00
[2026-01-21T09:34:18.931+0000] {processor.py:175} INFO - Processing /home/airflow/.local/lib/python3.7/site-packages/airflow/example_dags/example_sla_dag.py took 0.107 seconds
[2026-01-21T09:34:48.975+0000] {processor.py:153} INFO - Started process (PID=1513) to work on /home/airflow/.local/lib/python3.7/site-packages/airflow/example_dags/example_sla_dag.py
[2026-01-21T09:34:48.976+0000] {processor.py:743} INFO - Processing file /home/airflow/.local/lib/python3.7/site-packages/airflow/example_dags/example_sla_dag.py for tasks to queue
[2026-01-21T09:34:48.976+0000] {logging_mixin.py:137} INFO - [2026-01-21T09:34:48.976+0000] {dagbag.py:538} INFO - Filling up the DagBag from /home/airflow/.local/lib/python3.7/site-packages/airflow/example_dags/example_sla_dag.py
[2026-01-21T09:34:48.994+0000] {processor.py:753} INFO - DAG(s) dict_keys(['example_sla_dag']) retrieved from /home/airflow/.local/lib/python3.7/site-packages/airflow/example_dags/example_sla_dag.py
[2026-01-21T09:34:49.022+0000] {logging_mixin.py:137} INFO - [2026-01-21T09:34:49.021+0000] {dag.py:2676} INFO - Sync 1 DAGs
[2026-01-21T09:34:49.045+0000] {logging_mixin.py:137} INFO - [2026-01-21T09:34:49.045+0000] {dag.py:3427} INFO - Setting next_dagrun for example_sla_dag to 2026-01-21T09:32:00+00:00, run_after=2026-01-21T09:34:00+00:00
[2026-01-21T09:34:49.060+0000] {processor.py:175} INFO - Processing /home/airflow/.local/lib/python3.7/site-packages/airflow/example_dags/example_sla_dag.py took 0.088 seconds
[2026-01-21T09:35:19.185+0000] {processor.py:153} INFO - Started process (PID=1611) to work on /home/airflow/.local/lib/python3.7/site-packages/airflow/example_dags/example_sla_dag.py
[2026-01-21T09:35:19.186+0000] {processor.py:743} INFO - Processing file /home/airflow/.local/lib/python3.7/site-packages/airflow/example_dags/example_sla_dag.py for tasks to queue
[2026-01-21T09:35:19.186+0000] {logging_mixin.py:137} INFO - [2026-01-21T09:35:19.186+0000] {dagbag.py:538} INFO - Filling up the DagBag from /home/airflow/.local/lib/python3.7/site-packages/airflow/example_dags/example_sla_dag.py
[2026-01-21T09:35:19.203+0000] {processor.py:753} INFO - DAG(s) dict_keys(['example_sla_dag']) retrieved from /home/airflow/.local/lib/python3.7/site-packages/airflow/example_dags/example_sla_dag.py
[2026-01-21T09:35:19.230+0000] {logging_mixin.py:137} INFO - [2026-01-21T09:35:19.229+0000] {dag.py:2676} INFO - Sync 1 DAGs
[2026-01-21T09:35:19.252+0000] {logging_mixin.py:137} INFO - [2026-01-21T09:35:19.252+0000] {dag.py:3427} INFO - Setting next_dagrun for example_sla_dag to 2026-01-21T09:32:00+00:00, run_after=2026-01-21T09:34:00+00:00
[2026-01-21T09:35:19.265+0000] {processor.py:175} INFO - Processing /home/airflow/.local/lib/python3.7/site-packages/airflow/example_dags/example_sla_dag.py took 0.082 seconds
[2026-01-21T09:35:49.540+0000] {processor.py:153} INFO - Started process (PID=1709) to work on /home/airflow/.local/lib/python3.7/site-packages/airflow/example_dags/example_sla_dag.py
[2026-01-21T09:35:49.541+0000] {processor.py:743} INFO - Processing file /home/airflow/.local/lib/python3.7/site-packages/airflow/example_dags/example_sla_dag.py for tasks to queue
[2026-01-21T09:35:49.541+0000] {logging_mixin.py:137} INFO - [2026-01-21T09:35:49.541+0000] {dagbag.py:538} INFO - Filling up the DagBag from /home/airflow/.local/lib/python3.7/site-packages/airflow/example_dags/example_sla_dag.py
[2026-01-21T09:35:49.560+0000] {processor.py:753} INFO - DAG(s) dict_keys(['example_sla_dag']) retrieved from /home/airflow/.local/lib/python3.7/site-packages/airflow/example_dags/example_sla_dag.py
[2026-01-21T09:35:49.591+0000] {logging_mixin.py:137} INFO - [2026-01-21T09:35:49.591+0000] {dag.py:2676} INFO - Sync 1 DAGs
[2026-01-21T09:35:49.613+0000] {logging_mixin.py:137} INFO - [2026-01-21T09:35:49.613+0000] {dag.py:3427} INFO - Setting next_dagrun for example_sla_dag to 2026-01-21T09:32:00+00:00, run_after=2026-01-21T09:34:00+00:00
[2026-01-21T09:35:49.629+0000] {processor.py:175} INFO - Processing /home/airflow/.local/lib/python3.7/site-packages/airflow/example_dags/example_sla_dag.py took 0.092 seconds
[2026-01-21T09:36:20.426+0000] {processor.py:153} INFO - Started process (PID=1787) to work on /home/airflow/.local/lib/python3.7/site-packages/airflow/example_dags/example_sla_dag.py
[2026-01-21T09:36:20.426+0000] {processor.py:743} INFO - Processing file /home/airflow/.local/lib/python3.7/site-packages/airflow/example_dags/example_sla_dag.py for tasks to queue
[2026-01-21T09:36:20.427+0000] {logging_mixin.py:137} INFO - [2026-01-21T09:36:20.427+0000] {dagbag.py:538} INFO - Filling up the DagBag from /home/airflow/.local/lib/python3.7/site-packages/airflow/example_dags/example_sla_dag.py
[2026-01-21T09:36:20.445+0000] {processor.py:753} INFO - DAG(s) dict_keys(['example_sla_dag']) retrieved from /home/airflow/.local/lib/python3.7/site-packages/airflow/example_dags/example_sla_dag.py
[2026-01-21T09:36:20.473+0000] {logging_mixin.py:137} INFO - [2026-01-21T09:36:20.473+0000] {dag.py:2676} INFO - Sync 1 DAGs
[2026-01-21T09:36:20.493+0000] {logging_mixin.py:137} INFO - [2026-01-21T09:36:20.493+0000] {dag.py:3427} INFO - Setting next_dagrun for example_sla_dag to 2026-01-21T09:34:00+00:00, run_after=2026-01-21T09:36:00+00:00
[2026-01-21T09:36:20.506+0000] {processor.py:175} INFO - Processing /home/airflow/.local/lib/python3.7/site-packages/airflow/example_dags/example_sla_dag.py took 0.083 seconds
[2026-01-21T09:36:51.020+0000] {processor.py:153} INFO - Started process (PID=1885) to work on /home/airflow/.local/lib/python3.7/site-packages/airflow/example_dags/example_sla_dag.py
[2026-01-21T09:36:51.021+0000] {processor.py:743} INFO - Processing file /home/airflow/.local/lib/python3.7/site-packages/airflow/example_dags/example_sla_dag.py for tasks to queue
[2026-01-21T09:36:51.023+0000] {logging_mixin.py:137} INFO - [2026-01-21T09:36:51.022+0000] {dagbag.py:538} INFO - Filling up the DagBag from /home/airflow/.local/lib/python3.7/site-packages/airflow/example_dags/example_sla_dag.py
[2026-01-21T09:36:51.059+0000] {processor.py:753} INFO - DAG(s) dict_keys(['example_sla_dag']) retrieved from /home/airflow/.local/lib/python3.7/site-packages/airflow/example_dags/example_sla_dag.py
[2026-01-21T09:36:51.123+0000] {logging_mixin.py:137} INFO - [2026-01-21T09:36:51.122+0000] {dag.py:2676} INFO - Sync 1 DAGs
[2026-01-21T09:36:51.168+0000] {logging_mixin.py:137} INFO - [2026-01-21T09:36:51.168+0000] {dag.py:3427} INFO - Setting next_dagrun for example_sla_dag to 2026-01-21T09:34:00+00:00, run_after=2026-01-21T09:36:00+00:00
[2026-01-21T09:36:51.200+0000] {processor.py:175} INFO - Processing /home/airflow/.local/lib/python3.7/site-packages/airflow/example_dags/example_sla_dag.py took 0.183 seconds
[2026-01-21T09:39:22.912+0000] {processor.py:153} INFO - Started process (PID=61) to work on /home/airflow/.local/lib/python3.7/site-packages/airflow/example_dags/example_sla_dag.py
[2026-01-21T09:39:22.913+0000] {processor.py:743} INFO - Processing file /home/airflow/.local/lib/python3.7/site-packages/airflow/example_dags/example_sla_dag.py for tasks to queue
[2026-01-21T09:39:22.914+0000] {logging_mixin.py:137} INFO - [2026-01-21T09:39:22.913+0000] {dagbag.py:538} INFO - Filling up the DagBag from /home/airflow/.local/lib/python3.7/site-packages/airflow/example_dags/example_sla_dag.py
[2026-01-21T09:39:22.941+0000] {processor.py:753} INFO - DAG(s) dict_keys(['example_sla_dag']) retrieved from /home/airflow/.local/lib/python3.7/site-packages/airflow/example_dags/example_sla_dag.py
[2026-01-21T09:39:22.974+0000] {logging_mixin.py:137} INFO - [2026-01-21T09:39:22.973+0000] {dag.py:2676} INFO - Sync 1 DAGs
[2026-01-21T09:39:23.000+0000] {logging_mixin.py:137} INFO - [2026-01-21T09:39:23.000+0000] {dag.py:3427} INFO - Setting next_dagrun for example_sla_dag to 2026-01-21T09:36:00+00:00, run_after=2026-01-21T09:38:00+00:00
[2026-01-21T09:39:23.018+0000] {processor.py:175} INFO - Processing /home/airflow/.local/lib/python3.7/site-packages/airflow/example_dags/example_sla_dag.py took 0.108 seconds
[2026-01-21T09:39:53.326+0000] {processor.py:153} INFO - Started process (PID=139) to work on /home/airflow/.local/lib/python3.7/site-packages/airflow/example_dags/example_sla_dag.py
[2026-01-21T09:39:53.327+0000] {processor.py:743} INFO - Processing file /home/airflow/.local/lib/python3.7/site-packages/airflow/example_dags/example_sla_dag.py for tasks to queue
[2026-01-21T09:39:53.327+0000] {logging_mixin.py:137} INFO - [2026-01-21T09:39:53.327+0000] {dagbag.py:538} INFO - Filling up the DagBag from /home/airflow/.local/lib/python3.7/site-packages/airflow/example_dags/example_sla_dag.py
[2026-01-21T09:39:53.348+0000] {processor.py:753} INFO - DAG(s) dict_keys(['example_sla_dag']) retrieved from /home/airflow/.local/lib/python3.7/site-packages/airflow/example_dags/example_sla_dag.py
[2026-01-21T09:39:53.377+0000] {logging_mixin.py:137} INFO - [2026-01-21T09:39:53.377+0000] {dag.py:2676} INFO - Sync 1 DAGs
[2026-01-21T09:39:53.399+0000] {logging_mixin.py:137} INFO - [2026-01-21T09:39:53.399+0000] {dag.py:3427} INFO - Setting next_dagrun for example_sla_dag to 2026-01-21T09:36:00+00:00, run_after=2026-01-21T09:38:00+00:00
[2026-01-21T09:39:53.413+0000] {processor.py:175} INFO - Processing /home/airflow/.local/lib/python3.7/site-packages/airflow/example_dags/example_sla_dag.py took 0.089 seconds
[2026-01-21T09:40:23.606+0000] {processor.py:153} INFO - Started process (PID=238) to work on /home/airflow/.local/lib/python3.7/site-packages/airflow/example_dags/example_sla_dag.py
[2026-01-21T09:40:23.607+0000] {processor.py:743} INFO - Processing file /home/airflow/.local/lib/python3.7/site-packages/airflow/example_dags/example_sla_dag.py for tasks to queue
[2026-01-21T09:40:23.607+0000] {logging_mixin.py:137} INFO - [2026-01-21T09:40:23.607+0000] {dagbag.py:538} INFO - Filling up the DagBag from /home/airflow/.local/lib/python3.7/site-packages/airflow/example_dags/example_sla_dag.py
[2026-01-21T09:40:23.625+0000] {processor.py:753} INFO - DAG(s) dict_keys(['example_sla_dag']) retrieved from /home/airflow/.local/lib/python3.7/site-packages/airflow/example_dags/example_sla_dag.py
[2026-01-21T09:40:23.656+0000] {logging_mixin.py:137} INFO - [2026-01-21T09:40:23.656+0000] {dag.py:2676} INFO - Sync 1 DAGs
[2026-01-21T09:40:23.679+0000] {logging_mixin.py:137} INFO - [2026-01-21T09:40:23.679+0000] {dag.py:3427} INFO - Setting next_dagrun for example_sla_dag to 2026-01-21T09:38:00+00:00, run_after=2026-01-21T09:40:00+00:00
[2026-01-21T09:40:23.693+0000] {processor.py:175} INFO - Processing /home/airflow/.local/lib/python3.7/site-packages/airflow/example_dags/example_sla_dag.py took 0.090 seconds
[2026-01-21T09:40:53.783+0000] {processor.py:153} INFO - Started process (PID=316) to work on /home/airflow/.local/lib/python3.7/site-packages/airflow/example_dags/example_sla_dag.py
[2026-01-21T09:40:53.784+0000] {processor.py:743} INFO - Processing file /home/airflow/.local/lib/python3.7/site-packages/airflow/example_dags/example_sla_dag.py for tasks to queue
[2026-01-21T09:40:53.785+0000] {logging_mixin.py:137} INFO - [2026-01-21T09:40:53.785+0000] {dagbag.py:538} INFO - Filling up the DagBag from /home/airflow/.local/lib/python3.7/site-packages/airflow/example_dags/example_sla_dag.py
[2026-01-21T09:40:53.803+0000] {processor.py:753} INFO - DAG(s) dict_keys(['example_sla_dag']) retrieved from /home/airflow/.local/lib/python3.7/site-packages/airflow/example_dags/example_sla_dag.py
[2026-01-21T09:40:53.832+0000] {logging_mixin.py:137} INFO - [2026-01-21T09:40:53.832+0000] {dag.py:2676} INFO - Sync 1 DAGs
[2026-01-21T09:40:53.855+0000] {logging_mixin.py:137} INFO - [2026-01-21T09:40:53.854+0000] {dag.py:3427} INFO - Setting next_dagrun for example_sla_dag to 2026-01-21T09:38:00+00:00, run_after=2026-01-21T09:40:00+00:00
[2026-01-21T09:40:53.871+0000] {processor.py:175} INFO - Processing /home/airflow/.local/lib/python3.7/site-packages/airflow/example_dags/example_sla_dag.py took 0.090 seconds
[2026-01-21T09:41:30.063+0000] {processor.py:153} INFO - Started process (PID=414) to work on /home/airflow/.local/lib/python3.7/site-packages/airflow/example_dags/example_sla_dag.py
[2026-01-21T09:41:30.063+0000] {processor.py:743} INFO - Processing file /home/airflow/.local/lib/python3.7/site-packages/airflow/example_dags/example_sla_dag.py for tasks to queue
[2026-01-21T09:41:30.064+0000] {logging_mixin.py:137} INFO - [2026-01-21T09:41:30.064+0000] {dagbag.py:538} INFO - Filling up the DagBag from /home/airflow/.local/lib/python3.7/site-packages/airflow/example_dags/example_sla_dag.py
[2026-01-21T09:41:30.083+0000] {processor.py:753} INFO - DAG(s) dict_keys(['example_sla_dag']) retrieved from /home/airflow/.local/lib/python3.7/site-packages/airflow/example_dags/example_sla_dag.py
[2026-01-21T09:41:30.110+0000] {logging_mixin.py:137} INFO - [2026-01-21T09:41:30.110+0000] {dag.py:2676} INFO - Sync 1 DAGs
[2026-01-21T09:41:30.133+0000] {logging_mixin.py:137} INFO - [2026-01-21T09:41:30.133+0000] {dag.py:3427} INFO - Setting next_dagrun for example_sla_dag to 2026-01-21T09:38:00+00:00, run_after=2026-01-21T09:40:00+00:00
[2026-01-21T09:41:30.165+0000] {processor.py:175} INFO - Processing /home/airflow/.local/lib/python3.7/site-packages/airflow/example_dags/example_sla_dag.py took 0.104 seconds
[2026-01-21T09:42:00.877+0000] {processor.py:153} INFO - Started process (PID=512) to work on /home/airflow/.local/lib/python3.7/site-packages/airflow/example_dags/example_sla_dag.py
[2026-01-21T09:42:00.877+0000] {processor.py:743} INFO - Processing file /home/airflow/.local/lib/python3.7/site-packages/airflow/example_dags/example_sla_dag.py for tasks to queue
[2026-01-21T09:42:00.878+0000] {logging_mixin.py:137} INFO - [2026-01-21T09:42:00.878+0000] {dagbag.py:538} INFO - Filling up the DagBag from /home/airflow/.local/lib/python3.7/site-packages/airflow/example_dags/example_sla_dag.py
[2026-01-21T09:42:00.897+0000] {processor.py:753} INFO - DAG(s) dict_keys(['example_sla_dag']) retrieved from /home/airflow/.local/lib/python3.7/site-packages/airflow/example_dags/example_sla_dag.py
[2026-01-21T09:42:00.924+0000] {logging_mixin.py:137} INFO - [2026-01-21T09:42:00.924+0000] {dag.py:2676} INFO - Sync 1 DAGs
[2026-01-21T09:42:00.946+0000] {logging_mixin.py:137} INFO - [2026-01-21T09:42:00.946+0000] {dag.py:3427} INFO - Setting next_dagrun for example_sla_dag to 2026-01-21T09:40:00+00:00, run_after=2026-01-21T09:42:00+00:00
[2026-01-21T09:42:00.961+0000] {processor.py:175} INFO - Processing /home/airflow/.local/lib/python3.7/site-packages/airflow/example_dags/example_sla_dag.py took 0.087 seconds
[2026-01-21T09:42:31.110+0000] {processor.py:153} INFO - Started process (PID=590) to work on /home/airflow/.local/lib/python3.7/site-packages/airflow/example_dags/example_sla_dag.py
[2026-01-21T09:42:31.110+0000] {processor.py:743} INFO - Processing file /home/airflow/.local/lib/python3.7/site-packages/airflow/example_dags/example_sla_dag.py for tasks to queue
[2026-01-21T09:42:31.111+0000] {logging_mixin.py:137} INFO - [2026-01-21T09:42:31.111+0000] {dagbag.py:538} INFO - Filling up the DagBag from /home/airflow/.local/lib/python3.7/site-packages/airflow/example_dags/example_sla_dag.py
[2026-01-21T09:42:31.129+0000] {processor.py:753} INFO - DAG(s) dict_keys(['example_sla_dag']) retrieved from /home/airflow/.local/lib/python3.7/site-packages/airflow/example_dags/example_sla_dag.py
[2026-01-21T09:42:31.156+0000] {logging_mixin.py:137} INFO - [2026-01-21T09:42:31.156+0000] {dag.py:2676} INFO - Sync 1 DAGs
[2026-01-21T09:42:31.178+0000] {logging_mixin.py:137} INFO - [2026-01-21T09:42:31.178+0000] {dag.py:3427} INFO - Setting next_dagrun for example_sla_dag to 2026-01-21T09:40:00+00:00, run_after=2026-01-21T09:42:00+00:00
[2026-01-21T09:42:31.193+0000] {processor.py:175} INFO - Processing /home/airflow/.local/lib/python3.7/site-packages/airflow/example_dags/example_sla_dag.py took 0.086 seconds
[2026-01-21T09:43:01.364+0000] {processor.py:153} INFO - Started process (PID=689) to work on /home/airflow/.local/lib/python3.7/site-packages/airflow/example_dags/example_sla_dag.py
[2026-01-21T09:43:01.364+0000] {processor.py:743} INFO - Processing file /home/airflow/.local/lib/python3.7/site-packages/airflow/example_dags/example_sla_dag.py for tasks to queue
[2026-01-21T09:43:01.365+0000] {logging_mixin.py:137} INFO - [2026-01-21T09:43:01.365+0000] {dagbag.py:538} INFO - Filling up the DagBag from /home/airflow/.local/lib/python3.7/site-packages/airflow/example_dags/example_sla_dag.py
[2026-01-21T09:43:01.382+0000] {processor.py:753} INFO - DAG(s) dict_keys(['example_sla_dag']) retrieved from /home/airflow/.local/lib/python3.7/site-packages/airflow/example_dags/example_sla_dag.py
[2026-01-21T09:43:01.410+0000] {logging_mixin.py:137} INFO - [2026-01-21T09:43:01.410+0000] {dag.py:2676} INFO - Sync 1 DAGs
[2026-01-21T09:43:01.431+0000] {logging_mixin.py:137} INFO - [2026-01-21T09:43:01.431+0000] {dag.py:3427} INFO - Setting next_dagrun for example_sla_dag to 2026-01-21T09:40:00+00:00, run_after=2026-01-21T09:42:00+00:00
[2026-01-21T09:43:01.445+0000] {processor.py:175} INFO - Processing /home/airflow/.local/lib/python3.7/site-packages/airflow/example_dags/example_sla_dag.py took 0.084 seconds
[2026-01-21T09:43:31.533+0000] {processor.py:153} INFO - Started process (PID=767) to work on /home/airflow/.local/lib/python3.7/site-packages/airflow/example_dags/example_sla_dag.py
[2026-01-21T09:43:31.534+0000] {processor.py:743} INFO - Processing file /home/airflow/.local/lib/python3.7/site-packages/airflow/example_dags/example_sla_dag.py for tasks to queue
[2026-01-21T09:43:31.535+0000] {logging_mixin.py:137} INFO - [2026-01-21T09:43:31.535+0000] {dagbag.py:538} INFO - Filling up the DagBag from /home/airflow/.local/lib/python3.7/site-packages/airflow/example_dags/example_sla_dag.py
[2026-01-21T09:43:31.553+0000] {processor.py:753} INFO - DAG(s) dict_keys(['example_sla_dag']) retrieved from /home/airflow/.local/lib/python3.7/site-packages/airflow/example_dags/example_sla_dag.py
[2026-01-21T09:43:31.580+0000] {logging_mixin.py:137} INFO - [2026-01-21T09:43:31.580+0000] {dag.py:2676} INFO - Sync 1 DAGs
[2026-01-21T09:43:31.602+0000] {logging_mixin.py:137} INFO - [2026-01-21T09:43:31.602+0000] {dag.py:3427} INFO - Setting next_dagrun for example_sla_dag to 2026-01-21T09:40:00+00:00, run_after=2026-01-21T09:42:00+00:00
[2026-01-21T09:43:31.616+0000] {processor.py:175} INFO - Processing /home/airflow/.local/lib/python3.7/site-packages/airflow/example_dags/example_sla_dag.py took 0.085 seconds
[2026-01-21T09:44:01.698+0000] {processor.py:153} INFO - Started process (PID=865) to work on /home/airflow/.local/lib/python3.7/site-packages/airflow/example_dags/example_sla_dag.py
[2026-01-21T09:44:01.699+0000] {processor.py:743} INFO - Processing file /home/airflow/.local/lib/python3.7/site-packages/airflow/example_dags/example_sla_dag.py for tasks to queue
[2026-01-21T09:44:01.699+0000] {logging_mixin.py:137} INFO - [2026-01-21T09:44:01.699+0000] {dagbag.py:538} INFO - Filling up the DagBag from /home/airflow/.local/lib/python3.7/site-packages/airflow/example_dags/example_sla_dag.py
[2026-01-21T09:44:01.717+0000] {processor.py:753} INFO - DAG(s) dict_keys(['example_sla_dag']) retrieved from /home/airflow/.local/lib/python3.7/site-packages/airflow/example_dags/example_sla_dag.py
[2026-01-21T09:44:01.744+0000] {logging_mixin.py:137} INFO - [2026-01-21T09:44:01.744+0000] {dag.py:2676} INFO - Sync 1 DAGs
[2026-01-21T09:44:01.767+0000] {logging_mixin.py:137} INFO - [2026-01-21T09:44:01.767+0000] {dag.py:3427} INFO - Setting next_dagrun for example_sla_dag to 2026-01-21T09:42:00+00:00, run_after=2026-01-21T09:44:00+00:00
[2026-01-21T09:44:01.781+0000] {processor.py:175} INFO - Processing /home/airflow/.local/lib/python3.7/site-packages/airflow/example_dags/example_sla_dag.py took 0.085 seconds
[2026-01-21T09:44:31.872+0000] {processor.py:153} INFO - Started process (PID=963) to work on /home/airflow/.local/lib/python3.7/site-packages/airflow/example_dags/example_sla_dag.py
[2026-01-21T09:44:31.873+0000] {processor.py:743} INFO - Processing file /home/airflow/.local/lib/python3.7/site-packages/airflow/example_dags/example_sla_dag.py for tasks to queue
[2026-01-21T09:44:31.873+0000] {logging_mixin.py:137} INFO - [2026-01-21T09:44:31.873+0000] {dagbag.py:538} INFO - Filling up the DagBag from /home/airflow/.local/lib/python3.7/site-packages/airflow/example_dags/example_sla_dag.py
[2026-01-21T09:44:31.895+0000] {processor.py:753} INFO - DAG(s) dict_keys(['example_sla_dag']) retrieved from /home/airflow/.local/lib/python3.7/site-packages/airflow/example_dags/example_sla_dag.py
[2026-01-21T09:44:31.925+0000] {logging_mixin.py:137} INFO - [2026-01-21T09:44:31.924+0000] {dag.py:2676} INFO - Sync 1 DAGs
[2026-01-21T09:44:31.949+0000] {logging_mixin.py:137} INFO - [2026-01-21T09:44:31.949+0000] {dag.py:3427} INFO - Setting next_dagrun for example_sla_dag to 2026-01-21T09:42:00+00:00, run_after=2026-01-21T09:44:00+00:00
[2026-01-21T09:44:31.964+0000] {processor.py:175} INFO - Processing /home/airflow/.local/lib/python3.7/site-packages/airflow/example_dags/example_sla_dag.py took 0.096 seconds
[2026-01-21T09:45:02.048+0000] {processor.py:153} INFO - Started process (PID=1041) to work on /home/airflow/.local/lib/python3.7/site-packages/airflow/example_dags/example_sla_dag.py
[2026-01-21T09:45:02.048+0000] {processor.py:743} INFO - Processing file /home/airflow/.local/lib/python3.7/site-packages/airflow/example_dags/example_sla_dag.py for tasks to queue
[2026-01-21T09:45:02.049+0000] {logging_mixin.py:137} INFO - [2026-01-21T09:45:02.049+0000] {dagbag.py:538} INFO - Filling up the DagBag from /home/airflow/.local/lib/python3.7/site-packages/airflow/example_dags/example_sla_dag.py
[2026-01-21T09:45:02.068+0000] {processor.py:753} INFO - DAG(s) dict_keys(['example_sla_dag']) retrieved from /home/airflow/.local/lib/python3.7/site-packages/airflow/example_dags/example_sla_dag.py
[2026-01-21T09:45:02.095+0000] {logging_mixin.py:137} INFO - [2026-01-21T09:45:02.095+0000] {dag.py:2676} INFO - Sync 1 DAGs
[2026-01-21T09:45:02.116+0000] {logging_mixin.py:137} INFO - [2026-01-21T09:45:02.116+0000] {dag.py:3427} INFO - Setting next_dagrun for example_sla_dag to 2026-01-21T09:42:00+00:00, run_after=2026-01-21T09:44:00+00:00
[2026-01-21T09:45:02.129+0000] {processor.py:175} INFO - Processing /home/airflow/.local/lib/python3.7/site-packages/airflow/example_dags/example_sla_dag.py took 0.084 seconds
[2026-01-21T09:45:32.377+0000] {processor.py:153} INFO - Started process (PID=1139) to work on /home/airflow/.local/lib/python3.7/site-packages/airflow/example_dags/example_sla_dag.py
[2026-01-21T09:45:32.377+0000] {processor.py:743} INFO - Processing file /home/airflow/.local/lib/python3.7/site-packages/airflow/example_dags/example_sla_dag.py for tasks to queue
[2026-01-21T09:45:32.378+0000] {logging_mixin.py:137} INFO - [2026-01-21T09:45:32.378+0000] {dagbag.py:538} INFO - Filling up the DagBag from /home/airflow/.local/lib/python3.7/site-packages/airflow/example_dags/example_sla_dag.py
[2026-01-21T09:45:32.396+0000] {processor.py:753} INFO - DAG(s) dict_keys(['example_sla_dag']) retrieved from /home/airflow/.local/lib/python3.7/site-packages/airflow/example_dags/example_sla_dag.py
[2026-01-21T09:45:32.424+0000] {logging_mixin.py:137} INFO - [2026-01-21T09:45:32.424+0000] {dag.py:2676} INFO - Sync 1 DAGs
[2026-01-21T09:45:32.449+0000] {logging_mixin.py:137} INFO - [2026-01-21T09:45:32.449+0000] {dag.py:3427} INFO - Setting next_dagrun for example_sla_dag to 2026-01-21T09:42:00+00:00, run_after=2026-01-21T09:44:00+00:00
[2026-01-21T09:45:32.465+0000] {processor.py:175} INFO - Processing /home/airflow/.local/lib/python3.7/site-packages/airflow/example_dags/example_sla_dag.py took 0.090 seconds
[2026-01-21T09:46:02.542+0000] {processor.py:153} INFO - Started process (PID=1217) to work on /home/airflow/.local/lib/python3.7/site-packages/airflow/example_dags/example_sla_dag.py
[2026-01-21T09:46:02.542+0000] {processor.py:743} INFO - Processing file /home/airflow/.local/lib/python3.7/site-packages/airflow/example_dags/example_sla_dag.py for tasks to queue
[2026-01-21T09:46:02.543+0000] {logging_mixin.py:137} INFO - [2026-01-21T09:46:02.543+0000] {dagbag.py:538} INFO - Filling up the DagBag from /home/airflow/.local/lib/python3.7/site-packages/airflow/example_dags/example_sla_dag.py
[2026-01-21T09:46:02.561+0000] {processor.py:753} INFO - DAG(s) dict_keys(['example_sla_dag']) retrieved from /home/airflow/.local/lib/python3.7/site-packages/airflow/example_dags/example_sla_dag.py
[2026-01-21T09:46:02.589+0000] {logging_mixin.py:137} INFO - [2026-01-21T09:46:02.589+0000] {dag.py:2676} INFO - Sync 1 DAGs
[2026-01-21T09:46:02.611+0000] {logging_mixin.py:137} INFO - [2026-01-21T09:46:02.611+0000] {dag.py:3427} INFO - Setting next_dagrun for example_sla_dag to 2026-01-21T09:44:00+00:00, run_after=2026-01-21T09:46:00+00:00
[2026-01-21T09:46:02.625+0000] {processor.py:175} INFO - Processing /home/airflow/.local/lib/python3.7/site-packages/airflow/example_dags/example_sla_dag.py took 0.086 seconds
[2026-01-21T09:51:27.453+0000] {processor.py:153} INFO - Started process (PID=61) to work on /home/airflow/.local/lib/python3.7/site-packages/airflow/example_dags/example_sla_dag.py
[2026-01-21T09:51:27.454+0000] {processor.py:743} INFO - Processing file /home/airflow/.local/lib/python3.7/site-packages/airflow/example_dags/example_sla_dag.py for tasks to queue
[2026-01-21T09:51:27.455+0000] {logging_mixin.py:137} INFO - [2026-01-21T09:51:27.455+0000] {dagbag.py:538} INFO - Filling up the DagBag from /home/airflow/.local/lib/python3.7/site-packages/airflow/example_dags/example_sla_dag.py
[2026-01-21T09:51:27.476+0000] {processor.py:753} INFO - DAG(s) dict_keys(['example_sla_dag']) retrieved from /home/airflow/.local/lib/python3.7/site-packages/airflow/example_dags/example_sla_dag.py
[2026-01-21T09:51:27.512+0000] {logging_mixin.py:137} INFO - [2026-01-21T09:51:27.512+0000] {dag.py:2676} INFO - Sync 1 DAGs
[2026-01-21T09:51:27.536+0000] {logging_mixin.py:137} INFO - [2026-01-21T09:51:27.535+0000] {dag.py:3427} INFO - Setting next_dagrun for example_sla_dag to 2026-01-21T09:48:00+00:00, run_after=2026-01-21T09:50:00+00:00
[2026-01-21T09:51:27.552+0000] {processor.py:175} INFO - Processing /home/airflow/.local/lib/python3.7/site-packages/airflow/example_dags/example_sla_dag.py took 0.102 seconds
[2026-01-21T09:52:00.925+0000] {processor.py:153} INFO - Started process (PID=159) to work on /home/airflow/.local/lib/python3.7/site-packages/airflow/example_dags/example_sla_dag.py
[2026-01-21T09:52:00.926+0000] {processor.py:743} INFO - Processing file /home/airflow/.local/lib/python3.7/site-packages/airflow/example_dags/example_sla_dag.py for tasks to queue
[2026-01-21T09:52:00.926+0000] {logging_mixin.py:137} INFO - [2026-01-21T09:52:00.926+0000] {dagbag.py:538} INFO - Filling up the DagBag from /home/airflow/.local/lib/python3.7/site-packages/airflow/example_dags/example_sla_dag.py
[2026-01-21T09:52:00.945+0000] {processor.py:753} INFO - DAG(s) dict_keys(['example_sla_dag']) retrieved from /home/airflow/.local/lib/python3.7/site-packages/airflow/example_dags/example_sla_dag.py
[2026-01-21T09:52:00.972+0000] {logging_mixin.py:137} INFO - [2026-01-21T09:52:00.972+0000] {dag.py:2676} INFO - Sync 1 DAGs
[2026-01-21T09:52:00.992+0000] {logging_mixin.py:137} INFO - [2026-01-21T09:52:00.992+0000] {dag.py:3427} INFO - Setting next_dagrun for example_sla_dag to 2026-01-21T09:50:00+00:00, run_after=2026-01-21T09:52:00+00:00
[2026-01-21T09:52:01.006+0000] {processor.py:175} INFO - Processing /home/airflow/.local/lib/python3.7/site-packages/airflow/example_dags/example_sla_dag.py took 0.084 seconds
[2026-01-21T09:52:31.958+0000] {processor.py:153} INFO - Started process (PID=257) to work on /home/airflow/.local/lib/python3.7/site-packages/airflow/example_dags/example_sla_dag.py
[2026-01-21T09:52:31.959+0000] {processor.py:743} INFO - Processing file /home/airflow/.local/lib/python3.7/site-packages/airflow/example_dags/example_sla_dag.py for tasks to queue
[2026-01-21T09:52:31.960+0000] {logging_mixin.py:137} INFO - [2026-01-21T09:52:31.959+0000] {dagbag.py:538} INFO - Filling up the DagBag from /home/airflow/.local/lib/python3.7/site-packages/airflow/example_dags/example_sla_dag.py
[2026-01-21T09:52:31.977+0000] {processor.py:753} INFO - DAG(s) dict_keys(['example_sla_dag']) retrieved from /home/airflow/.local/lib/python3.7/site-packages/airflow/example_dags/example_sla_dag.py
[2026-01-21T09:52:32.005+0000] {logging_mixin.py:137} INFO - [2026-01-21T09:52:32.005+0000] {dag.py:2676} INFO - Sync 1 DAGs
[2026-01-21T09:52:32.026+0000] {logging_mixin.py:137} INFO - [2026-01-21T09:52:32.026+0000] {dag.py:3427} INFO - Setting next_dagrun for example_sla_dag to 2026-01-21T09:50:00+00:00, run_after=2026-01-21T09:52:00+00:00
[2026-01-21T09:52:32.039+0000] {processor.py:175} INFO - Processing /home/airflow/.local/lib/python3.7/site-packages/airflow/example_dags/example_sla_dag.py took 0.084 seconds
[2026-01-21T09:53:02.126+0000] {processor.py:153} INFO - Started process (PID=335) to work on /home/airflow/.local/lib/python3.7/site-packages/airflow/example_dags/example_sla_dag.py
[2026-01-21T09:53:02.127+0000] {processor.py:743} INFO - Processing file /home/airflow/.local/lib/python3.7/site-packages/airflow/example_dags/example_sla_dag.py for tasks to queue
[2026-01-21T09:53:02.127+0000] {logging_mixin.py:137} INFO - [2026-01-21T09:53:02.127+0000] {dagbag.py:538} INFO - Filling up the DagBag from /home/airflow/.local/lib/python3.7/site-packages/airflow/example_dags/example_sla_dag.py
[2026-01-21T09:53:02.145+0000] {processor.py:753} INFO - DAG(s) dict_keys(['example_sla_dag']) retrieved from /home/airflow/.local/lib/python3.7/site-packages/airflow/example_dags/example_sla_dag.py
[2026-01-21T09:53:02.172+0000] {logging_mixin.py:137} INFO - [2026-01-21T09:53:02.172+0000] {dag.py:2676} INFO - Sync 1 DAGs
[2026-01-21T09:53:02.193+0000] {logging_mixin.py:137} INFO - [2026-01-21T09:53:02.193+0000] {dag.py:3427} INFO - Setting next_dagrun for example_sla_dag to 2026-01-21T09:50:00+00:00, run_after=2026-01-21T09:52:00+00:00
[2026-01-21T09:53:02.208+0000] {processor.py:175} INFO - Processing /home/airflow/.local/lib/python3.7/site-packages/airflow/example_dags/example_sla_dag.py took 0.084 seconds
[2026-01-21T09:53:32.347+0000] {processor.py:153} INFO - Started process (PID=433) to work on /home/airflow/.local/lib/python3.7/site-packages/airflow/example_dags/example_sla_dag.py
[2026-01-21T09:53:32.348+0000] {processor.py:743} INFO - Processing file /home/airflow/.local/lib/python3.7/site-packages/airflow/example_dags/example_sla_dag.py for tasks to queue
[2026-01-21T09:53:32.348+0000] {logging_mixin.py:137} INFO - [2026-01-21T09:53:32.348+0000] {dagbag.py:538} INFO - Filling up the DagBag from /home/airflow/.local/lib/python3.7/site-packages/airflow/example_dags/example_sla_dag.py
[2026-01-21T09:53:32.366+0000] {processor.py:753} INFO - DAG(s) dict_keys(['example_sla_dag']) retrieved from /home/airflow/.local/lib/python3.7/site-packages/airflow/example_dags/example_sla_dag.py
[2026-01-21T09:53:32.393+0000] {logging_mixin.py:137} INFO - [2026-01-21T09:53:32.393+0000] {dag.py:2676} INFO - Sync 1 DAGs
[2026-01-21T09:53:32.416+0000] {logging_mixin.py:137} INFO - [2026-01-21T09:53:32.416+0000] {dag.py:3427} INFO - Setting next_dagrun for example_sla_dag to 2026-01-21T09:50:00+00:00, run_after=2026-01-21T09:52:00+00:00
[2026-01-21T09:53:32.762+0000] {processor.py:175} INFO - Processing /home/airflow/.local/lib/python3.7/site-packages/airflow/example_dags/example_sla_dag.py took 0.417 seconds
[2026-01-21T09:54:03.624+0000] {processor.py:153} INFO - Started process (PID=531) to work on /home/airflow/.local/lib/python3.7/site-packages/airflow/example_dags/example_sla_dag.py
[2026-01-21T09:54:03.625+0000] {processor.py:743} INFO - Processing file /home/airflow/.local/lib/python3.7/site-packages/airflow/example_dags/example_sla_dag.py for tasks to queue
[2026-01-21T09:54:03.626+0000] {logging_mixin.py:137} INFO - [2026-01-21T09:54:03.626+0000] {dagbag.py:538} INFO - Filling up the DagBag from /home/airflow/.local/lib/python3.7/site-packages/airflow/example_dags/example_sla_dag.py
[2026-01-21T09:54:03.643+0000] {processor.py:753} INFO - DAG(s) dict_keys(['example_sla_dag']) retrieved from /home/airflow/.local/lib/python3.7/site-packages/airflow/example_dags/example_sla_dag.py
[2026-01-21T09:54:03.670+0000] {logging_mixin.py:137} INFO - [2026-01-21T09:54:03.670+0000] {dag.py:2676} INFO - Sync 1 DAGs
[2026-01-21T09:54:03.690+0000] {logging_mixin.py:137} INFO - [2026-01-21T09:54:03.690+0000] {dag.py:3427} INFO - Setting next_dagrun for example_sla_dag to 2026-01-21T09:52:00+00:00, run_after=2026-01-21T09:54:00+00:00
[2026-01-21T09:54:03.704+0000] {processor.py:175} INFO - Processing /home/airflow/.local/lib/python3.7/site-packages/airflow/example_dags/example_sla_dag.py took 0.082 seconds
[2026-01-21T09:54:33.781+0000] {processor.py:153} INFO - Started process (PID=610) to work on /home/airflow/.local/lib/python3.7/site-packages/airflow/example_dags/example_sla_dag.py
[2026-01-21T09:54:33.782+0000] {processor.py:743} INFO - Processing file /home/airflow/.local/lib/python3.7/site-packages/airflow/example_dags/example_sla_dag.py for tasks to queue
[2026-01-21T09:54:33.782+0000] {logging_mixin.py:137} INFO - [2026-01-21T09:54:33.782+0000] {dagbag.py:538} INFO - Filling up the DagBag from /home/airflow/.local/lib/python3.7/site-packages/airflow/example_dags/example_sla_dag.py
[2026-01-21T09:54:33.799+0000] {processor.py:753} INFO - DAG(s) dict_keys(['example_sla_dag']) retrieved from /home/airflow/.local/lib/python3.7/site-packages/airflow/example_dags/example_sla_dag.py
[2026-01-21T09:54:33.826+0000] {logging_mixin.py:137} INFO - [2026-01-21T09:54:33.826+0000] {dag.py:2676} INFO - Sync 1 DAGs
[2026-01-21T09:54:33.846+0000] {logging_mixin.py:137} INFO - [2026-01-21T09:54:33.846+0000] {dag.py:3427} INFO - Setting next_dagrun for example_sla_dag to 2026-01-21T09:52:00+00:00, run_after=2026-01-21T09:54:00+00:00
[2026-01-21T09:54:33.859+0000] {processor.py:175} INFO - Processing /home/airflow/.local/lib/python3.7/site-packages/airflow/example_dags/example_sla_dag.py took 0.081 seconds
[2026-01-21T09:55:03.947+0000] {processor.py:153} INFO - Started process (PID=708) to work on /home/airflow/.local/lib/python3.7/site-packages/airflow/example_dags/example_sla_dag.py
[2026-01-21T09:55:03.948+0000] {processor.py:743} INFO - Processing file /home/airflow/.local/lib/python3.7/site-packages/airflow/example_dags/example_sla_dag.py for tasks to queue
[2026-01-21T09:55:03.948+0000] {logging_mixin.py:137} INFO - [2026-01-21T09:55:03.948+0000] {dagbag.py:538} INFO - Filling up the DagBag from /home/airflow/.local/lib/python3.7/site-packages/airflow/example_dags/example_sla_dag.py
[2026-01-21T09:55:03.968+0000] {processor.py:753} INFO - DAG(s) dict_keys(['example_sla_dag']) retrieved from /home/airflow/.local/lib/python3.7/site-packages/airflow/example_dags/example_sla_dag.py
[2026-01-21T09:55:03.996+0000] {logging_mixin.py:137} INFO - [2026-01-21T09:55:03.996+0000] {dag.py:2676} INFO - Sync 1 DAGs
[2026-01-21T09:55:04.017+0000] {logging_mixin.py:137} INFO - [2026-01-21T09:55:04.017+0000] {dag.py:3427} INFO - Setting next_dagrun for example_sla_dag to 2026-01-21T09:52:00+00:00, run_after=2026-01-21T09:54:00+00:00
[2026-01-21T09:55:04.031+0000] {processor.py:175} INFO - Processing /home/airflow/.local/lib/python3.7/site-packages/airflow/example_dags/example_sla_dag.py took 0.087 seconds
[2026-01-21T09:55:34.941+0000] {processor.py:153} INFO - Started process (PID=793) to work on /home/airflow/.local/lib/python3.7/site-packages/airflow/example_dags/example_sla_dag.py
[2026-01-21T09:55:34.942+0000] {processor.py:743} INFO - Processing file /home/airflow/.local/lib/python3.7/site-packages/airflow/example_dags/example_sla_dag.py for tasks to queue
[2026-01-21T09:55:34.942+0000] {logging_mixin.py:137} INFO - [2026-01-21T09:55:34.942+0000] {dagbag.py:538} INFO - Filling up the DagBag from /home/airflow/.local/lib/python3.7/site-packages/airflow/example_dags/example_sla_dag.py
[2026-01-21T09:55:34.960+0000] {processor.py:753} INFO - DAG(s) dict_keys(['example_sla_dag']) retrieved from /home/airflow/.local/lib/python3.7/site-packages/airflow/example_dags/example_sla_dag.py
[2026-01-21T09:55:34.988+0000] {logging_mixin.py:137} INFO - [2026-01-21T09:55:34.988+0000] {dag.py:2676} INFO - Sync 1 DAGs
[2026-01-21T09:55:35.009+0000] {logging_mixin.py:137} INFO - [2026-01-21T09:55:35.009+0000] {dag.py:3427} INFO - Setting next_dagrun for example_sla_dag to 2026-01-21T09:52:00+00:00, run_after=2026-01-21T09:54:00+00:00
[2026-01-21T09:55:35.024+0000] {processor.py:175} INFO - Processing /home/airflow/.local/lib/python3.7/site-packages/airflow/example_dags/example_sla_dag.py took 0.086 seconds
[2026-01-21T09:56:05.059+0000] {processor.py:153} INFO - Started process (PID=884) to work on /home/airflow/.local/lib/python3.7/site-packages/airflow/example_dags/example_sla_dag.py
[2026-01-21T09:56:05.059+0000] {processor.py:743} INFO - Processing file /home/airflow/.local/lib/python3.7/site-packages/airflow/example_dags/example_sla_dag.py for tasks to queue
[2026-01-21T09:56:05.060+0000] {logging_mixin.py:137} INFO - [2026-01-21T09:56:05.060+0000] {dagbag.py:538} INFO - Filling up the DagBag from /home/airflow/.local/lib/python3.7/site-packages/airflow/example_dags/example_sla_dag.py
[2026-01-21T09:56:05.077+0000] {processor.py:753} INFO - DAG(s) dict_keys(['example_sla_dag']) retrieved from /home/airflow/.local/lib/python3.7/site-packages/airflow/example_dags/example_sla_dag.py
[2026-01-21T09:56:05.105+0000] {logging_mixin.py:137} INFO - [2026-01-21T09:56:05.104+0000] {dag.py:2676} INFO - Sync 1 DAGs
[2026-01-21T09:56:05.126+0000] {logging_mixin.py:137} INFO - [2026-01-21T09:56:05.126+0000] {dag.py:3427} INFO - Setting next_dagrun for example_sla_dag to 2026-01-21T09:54:00+00:00, run_after=2026-01-21T09:56:00+00:00
[2026-01-21T09:56:05.140+0000] {processor.py:175} INFO - Processing /home/airflow/.local/lib/python3.7/site-packages/airflow/example_dags/example_sla_dag.py took 0.083 seconds
[2026-01-21T09:56:35.200+0000] {processor.py:153} INFO - Started process (PID=982) to work on /home/airflow/.local/lib/python3.7/site-packages/airflow/example_dags/example_sla_dag.py
[2026-01-21T09:56:35.201+0000] {processor.py:743} INFO - Processing file /home/airflow/.local/lib/python3.7/site-packages/airflow/example_dags/example_sla_dag.py for tasks to queue
[2026-01-21T09:56:35.201+0000] {logging_mixin.py:137} INFO - [2026-01-21T09:56:35.201+0000] {dagbag.py:538} INFO - Filling up the DagBag from /home/airflow/.local/lib/python3.7/site-packages/airflow/example_dags/example_sla_dag.py
[2026-01-21T09:56:35.220+0000] {processor.py:753} INFO - DAG(s) dict_keys(['example_sla_dag']) retrieved from /home/airflow/.local/lib/python3.7/site-packages/airflow/example_dags/example_sla_dag.py
[2026-01-21T09:56:35.248+0000] {logging_mixin.py:137} INFO - [2026-01-21T09:56:35.248+0000] {dag.py:2676} INFO - Sync 1 DAGs
[2026-01-21T09:56:35.268+0000] {logging_mixin.py:137} INFO - [2026-01-21T09:56:35.268+0000] {dag.py:3427} INFO - Setting next_dagrun for example_sla_dag to 2026-01-21T09:54:00+00:00, run_after=2026-01-21T09:56:00+00:00
[2026-01-21T09:56:35.282+0000] {processor.py:175} INFO - Processing /home/airflow/.local/lib/python3.7/site-packages/airflow/example_dags/example_sla_dag.py took 0.084 seconds
[2026-01-21T09:57:05.423+0000] {processor.py:153} INFO - Started process (PID=1060) to work on /home/airflow/.local/lib/python3.7/site-packages/airflow/example_dags/example_sla_dag.py
[2026-01-21T09:57:05.423+0000] {processor.py:743} INFO - Processing file /home/airflow/.local/lib/python3.7/site-packages/airflow/example_dags/example_sla_dag.py for tasks to queue
[2026-01-21T09:57:05.424+0000] {logging_mixin.py:137} INFO - [2026-01-21T09:57:05.424+0000] {dagbag.py:538} INFO - Filling up the DagBag from /home/airflow/.local/lib/python3.7/site-packages/airflow/example_dags/example_sla_dag.py
[2026-01-21T09:57:05.441+0000] {processor.py:753} INFO - DAG(s) dict_keys(['example_sla_dag']) retrieved from /home/airflow/.local/lib/python3.7/site-packages/airflow/example_dags/example_sla_dag.py
[2026-01-21T09:57:05.468+0000] {logging_mixin.py:137} INFO - [2026-01-21T09:57:05.468+0000] {dag.py:2676} INFO - Sync 1 DAGs
[2026-01-21T09:57:05.492+0000] {logging_mixin.py:137} INFO - [2026-01-21T09:57:05.492+0000] {dag.py:3427} INFO - Setting next_dagrun for example_sla_dag to 2026-01-21T09:54:00+00:00, run_after=2026-01-21T09:56:00+00:00
[2026-01-21T09:57:05.507+0000] {processor.py:175} INFO - Processing /home/airflow/.local/lib/python3.7/site-packages/airflow/example_dags/example_sla_dag.py took 0.087 seconds
[2026-01-21T09:57:35.568+0000] {processor.py:153} INFO - Started process (PID=1158) to work on /home/airflow/.local/lib/python3.7/site-packages/airflow/example_dags/example_sla_dag.py
[2026-01-21T09:57:35.569+0000] {processor.py:743} INFO - Processing file /home/airflow/.local/lib/python3.7/site-packages/airflow/example_dags/example_sla_dag.py for tasks to queue
[2026-01-21T09:57:35.570+0000] {logging_mixin.py:137} INFO - [2026-01-21T09:57:35.570+0000] {dagbag.py:538} INFO - Filling up the DagBag from /home/airflow/.local/lib/python3.7/site-packages/airflow/example_dags/example_sla_dag.py
[2026-01-21T09:57:35.588+0000] {processor.py:753} INFO - DAG(s) dict_keys(['example_sla_dag']) retrieved from /home/airflow/.local/lib/python3.7/site-packages/airflow/example_dags/example_sla_dag.py
[2026-01-21T09:57:35.616+0000] {logging_mixin.py:137} INFO - [2026-01-21T09:57:35.616+0000] {dag.py:2676} INFO - Sync 1 DAGs
[2026-01-21T09:57:35.636+0000] {logging_mixin.py:137} INFO - [2026-01-21T09:57:35.636+0000] {dag.py:3427} INFO - Setting next_dagrun for example_sla_dag to 2026-01-21T09:54:00+00:00, run_after=2026-01-21T09:56:00+00:00
[2026-01-21T09:57:35.650+0000] {processor.py:175} INFO - Processing /home/airflow/.local/lib/python3.7/site-packages/airflow/example_dags/example_sla_dag.py took 0.085 seconds
[2026-01-21T09:58:06.728+0000] {processor.py:153} INFO - Started process (PID=1243) to work on /home/airflow/.local/lib/python3.7/site-packages/airflow/example_dags/example_sla_dag.py
[2026-01-21T09:58:06.729+0000] {processor.py:743} INFO - Processing file /home/airflow/.local/lib/python3.7/site-packages/airflow/example_dags/example_sla_dag.py for tasks to queue
[2026-01-21T09:58:06.729+0000] {logging_mixin.py:137} INFO - [2026-01-21T09:58:06.729+0000] {dagbag.py:538} INFO - Filling up the DagBag from /home/airflow/.local/lib/python3.7/site-packages/airflow/example_dags/example_sla_dag.py
[2026-01-21T09:58:06.751+0000] {processor.py:753} INFO - DAG(s) dict_keys(['example_sla_dag']) retrieved from /home/airflow/.local/lib/python3.7/site-packages/airflow/example_dags/example_sla_dag.py
[2026-01-21T09:58:06.782+0000] {logging_mixin.py:137} INFO - [2026-01-21T09:58:06.782+0000] {dag.py:2676} INFO - Sync 1 DAGs
[2026-01-21T09:58:06.805+0000] {logging_mixin.py:137} INFO - [2026-01-21T09:58:06.805+0000] {dag.py:3427} INFO - Setting next_dagrun for example_sla_dag to 2026-01-21T09:56:00+00:00, run_after=2026-01-21T09:58:00+00:00
[2026-01-21T09:58:06.825+0000] {processor.py:175} INFO - Processing /home/airflow/.local/lib/python3.7/site-packages/airflow/example_dags/example_sla_dag.py took 0.100 seconds
[2026-01-21T09:58:37.164+0000] {processor.py:153} INFO - Started process (PID=1334) to work on /home/airflow/.local/lib/python3.7/site-packages/airflow/example_dags/example_sla_dag.py
[2026-01-21T09:58:37.164+0000] {processor.py:743} INFO - Processing file /home/airflow/.local/lib/python3.7/site-packages/airflow/example_dags/example_sla_dag.py for tasks to queue
[2026-01-21T09:58:37.165+0000] {logging_mixin.py:137} INFO - [2026-01-21T09:58:37.165+0000] {dagbag.py:538} INFO - Filling up the DagBag from /home/airflow/.local/lib/python3.7/site-packages/airflow/example_dags/example_sla_dag.py
[2026-01-21T09:58:37.186+0000] {processor.py:753} INFO - DAG(s) dict_keys(['example_sla_dag']) retrieved from /home/airflow/.local/lib/python3.7/site-packages/airflow/example_dags/example_sla_dag.py
[2026-01-21T09:58:37.216+0000] {logging_mixin.py:137} INFO - [2026-01-21T09:58:37.216+0000] {dag.py:2676} INFO - Sync 1 DAGs
[2026-01-21T09:58:37.239+0000] {logging_mixin.py:137} INFO - [2026-01-21T09:58:37.239+0000] {dag.py:3427} INFO - Setting next_dagrun for example_sla_dag to 2026-01-21T09:56:00+00:00, run_after=2026-01-21T09:58:00+00:00
[2026-01-21T09:58:37.254+0000] {processor.py:175} INFO - Processing /home/airflow/.local/lib/python3.7/site-packages/airflow/example_dags/example_sla_dag.py took 0.093 seconds
[2026-01-21T09:59:07.616+0000] {processor.py:153} INFO - Started process (PID=1432) to work on /home/airflow/.local/lib/python3.7/site-packages/airflow/example_dags/example_sla_dag.py
[2026-01-21T09:59:07.616+0000] {processor.py:743} INFO - Processing file /home/airflow/.local/lib/python3.7/site-packages/airflow/example_dags/example_sla_dag.py for tasks to queue
[2026-01-21T09:59:07.617+0000] {logging_mixin.py:137} INFO - [2026-01-21T09:59:07.617+0000] {dagbag.py:538} INFO - Filling up the DagBag from /home/airflow/.local/lib/python3.7/site-packages/airflow/example_dags/example_sla_dag.py
[2026-01-21T09:59:07.634+0000] {processor.py:753} INFO - DAG(s) dict_keys(['example_sla_dag']) retrieved from /home/airflow/.local/lib/python3.7/site-packages/airflow/example_dags/example_sla_dag.py
[2026-01-21T09:59:07.662+0000] {logging_mixin.py:137} INFO - [2026-01-21T09:59:07.662+0000] {dag.py:2676} INFO - Sync 1 DAGs
[2026-01-21T09:59:07.683+0000] {logging_mixin.py:137} INFO - [2026-01-21T09:59:07.683+0000] {dag.py:3427} INFO - Setting next_dagrun for example_sla_dag to 2026-01-21T09:56:00+00:00, run_after=2026-01-21T09:58:00+00:00
[2026-01-21T09:59:07.700+0000] {processor.py:175} INFO - Processing /home/airflow/.local/lib/python3.7/site-packages/airflow/example_dags/example_sla_dag.py took 0.087 seconds
[2026-01-21T09:59:37.900+0000] {processor.py:153} INFO - Started process (PID=1511) to work on /home/airflow/.local/lib/python3.7/site-packages/airflow/example_dags/example_sla_dag.py
[2026-01-21T09:59:37.901+0000] {processor.py:743} INFO - Processing file /home/airflow/.local/lib/python3.7/site-packages/airflow/example_dags/example_sla_dag.py for tasks to queue
[2026-01-21T09:59:37.902+0000] {logging_mixin.py:137} INFO - [2026-01-21T09:59:37.901+0000] {dagbag.py:538} INFO - Filling up the DagBag from /home/airflow/.local/lib/python3.7/site-packages/airflow/example_dags/example_sla_dag.py
[2026-01-21T09:59:37.919+0000] {processor.py:753} INFO - DAG(s) dict_keys(['example_sla_dag']) retrieved from /home/airflow/.local/lib/python3.7/site-packages/airflow/example_dags/example_sla_dag.py
[2026-01-21T09:59:37.947+0000] {logging_mixin.py:137} INFO - [2026-01-21T09:59:37.946+0000] {dag.py:2676} INFO - Sync 1 DAGs
[2026-01-21T09:59:37.966+0000] {logging_mixin.py:137} INFO - [2026-01-21T09:59:37.966+0000] {dag.py:3427} INFO - Setting next_dagrun for example_sla_dag to 2026-01-21T09:56:00+00:00, run_after=2026-01-21T09:58:00+00:00
[2026-01-21T09:59:37.980+0000] {processor.py:175} INFO - Processing /home/airflow/.local/lib/python3.7/site-packages/airflow/example_dags/example_sla_dag.py took 0.083 seconds
[2026-01-21T10:00:08.198+0000] {processor.py:153} INFO - Started process (PID=1609) to work on /home/airflow/.local/lib/python3.7/site-packages/airflow/example_dags/example_sla_dag.py
[2026-01-21T10:00:08.199+0000] {processor.py:743} INFO - Processing file /home/airflow/.local/lib/python3.7/site-packages/airflow/example_dags/example_sla_dag.py for tasks to queue
[2026-01-21T10:00:08.200+0000] {logging_mixin.py:137} INFO - [2026-01-21T10:00:08.200+0000] {dagbag.py:538} INFO - Filling up the DagBag from /home/airflow/.local/lib/python3.7/site-packages/airflow/example_dags/example_sla_dag.py
[2026-01-21T10:00:08.218+0000] {processor.py:753} INFO - DAG(s) dict_keys(['example_sla_dag']) retrieved from /home/airflow/.local/lib/python3.7/site-packages/airflow/example_dags/example_sla_dag.py
[2026-01-21T10:00:08.247+0000] {logging_mixin.py:137} INFO - [2026-01-21T10:00:08.247+0000] {dag.py:2676} INFO - Sync 1 DAGs
[2026-01-21T10:00:08.271+0000] {logging_mixin.py:137} INFO - [2026-01-21T10:00:08.271+0000] {dag.py:3427} INFO - Setting next_dagrun for example_sla_dag to 2026-01-21T09:58:00+00:00, run_after=2026-01-21T10:00:00+00:00
[2026-01-21T10:00:08.288+0000] {processor.py:175} INFO - Processing /home/airflow/.local/lib/python3.7/site-packages/airflow/example_dags/example_sla_dag.py took 0.092 seconds
[2026-01-21T10:00:38.499+0000] {processor.py:153} INFO - Started process (PID=1687) to work on /home/airflow/.local/lib/python3.7/site-packages/airflow/example_dags/example_sla_dag.py
[2026-01-21T10:00:38.500+0000] {processor.py:743} INFO - Processing file /home/airflow/.local/lib/python3.7/site-packages/airflow/example_dags/example_sla_dag.py for tasks to queue
[2026-01-21T10:00:38.501+0000] {logging_mixin.py:137} INFO - [2026-01-21T10:00:38.500+0000] {dagbag.py:538} INFO - Filling up the DagBag from /home/airflow/.local/lib/python3.7/site-packages/airflow/example_dags/example_sla_dag.py
[2026-01-21T10:00:38.518+0000] {processor.py:753} INFO - DAG(s) dict_keys(['example_sla_dag']) retrieved from /home/airflow/.local/lib/python3.7/site-packages/airflow/example_dags/example_sla_dag.py
[2026-01-21T10:00:38.545+0000] {logging_mixin.py:137} INFO - [2026-01-21T10:00:38.545+0000] {dag.py:2676} INFO - Sync 1 DAGs
[2026-01-21T10:00:38.565+0000] {logging_mixin.py:137} INFO - [2026-01-21T10:00:38.565+0000] {dag.py:3427} INFO - Setting next_dagrun for example_sla_dag to 2026-01-21T09:58:00+00:00, run_after=2026-01-21T10:00:00+00:00
[2026-01-21T10:00:38.580+0000] {processor.py:175} INFO - Processing /home/airflow/.local/lib/python3.7/site-packages/airflow/example_dags/example_sla_dag.py took 0.084 seconds
[2026-01-21T10:01:08.847+0000] {processor.py:153} INFO - Started process (PID=1785) to work on /home/airflow/.local/lib/python3.7/site-packages/airflow/example_dags/example_sla_dag.py
[2026-01-21T10:01:08.848+0000] {processor.py:743} INFO - Processing file /home/airflow/.local/lib/python3.7/site-packages/airflow/example_dags/example_sla_dag.py for tasks to queue
[2026-01-21T10:01:08.849+0000] {logging_mixin.py:137} INFO - [2026-01-21T10:01:08.849+0000] {dagbag.py:538} INFO - Filling up the DagBag from /home/airflow/.local/lib/python3.7/site-packages/airflow/example_dags/example_sla_dag.py
[2026-01-21T10:01:08.866+0000] {processor.py:753} INFO - DAG(s) dict_keys(['example_sla_dag']) retrieved from /home/airflow/.local/lib/python3.7/site-packages/airflow/example_dags/example_sla_dag.py
[2026-01-21T10:01:08.895+0000] {logging_mixin.py:137} INFO - [2026-01-21T10:01:08.894+0000] {dag.py:2676} INFO - Sync 1 DAGs
[2026-01-21T10:01:08.915+0000] {logging_mixin.py:137} INFO - [2026-01-21T10:01:08.915+0000] {dag.py:3427} INFO - Setting next_dagrun for example_sla_dag to 2026-01-21T09:58:00+00:00, run_after=2026-01-21T10:00:00+00:00
[2026-01-21T10:01:08.928+0000] {processor.py:175} INFO - Processing /home/airflow/.local/lib/python3.7/site-packages/airflow/example_dags/example_sla_dag.py took 0.084 seconds
[2026-01-21T10:01:39.106+0000] {processor.py:153} INFO - Started process (PID=1883) to work on /home/airflow/.local/lib/python3.7/site-packages/airflow/example_dags/example_sla_dag.py
[2026-01-21T10:01:39.107+0000] {processor.py:743} INFO - Processing file /home/airflow/.local/lib/python3.7/site-packages/airflow/example_dags/example_sla_dag.py for tasks to queue
[2026-01-21T10:01:39.107+0000] {logging_mixin.py:137} INFO - [2026-01-21T10:01:39.107+0000] {dagbag.py:538} INFO - Filling up the DagBag from /home/airflow/.local/lib/python3.7/site-packages/airflow/example_dags/example_sla_dag.py
[2026-01-21T10:01:39.126+0000] {processor.py:753} INFO - DAG(s) dict_keys(['example_sla_dag']) retrieved from /home/airflow/.local/lib/python3.7/site-packages/airflow/example_dags/example_sla_dag.py
[2026-01-21T10:01:39.156+0000] {logging_mixin.py:137} INFO - [2026-01-21T10:01:39.155+0000] {dag.py:2676} INFO - Sync 1 DAGs
[2026-01-21T10:01:39.178+0000] {logging_mixin.py:137} INFO - [2026-01-21T10:01:39.178+0000] {dag.py:3427} INFO - Setting next_dagrun for example_sla_dag to 2026-01-21T09:58:00+00:00, run_after=2026-01-21T10:00:00+00:00
[2026-01-21T10:01:39.195+0000] {processor.py:175} INFO - Processing /home/airflow/.local/lib/python3.7/site-packages/airflow/example_dags/example_sla_dag.py took 0.091 seconds
[2026-01-21T10:02:09.467+0000] {processor.py:153} INFO - Started process (PID=1961) to work on /home/airflow/.local/lib/python3.7/site-packages/airflow/example_dags/example_sla_dag.py
[2026-01-21T10:02:09.468+0000] {processor.py:743} INFO - Processing file /home/airflow/.local/lib/python3.7/site-packages/airflow/example_dags/example_sla_dag.py for tasks to queue
[2026-01-21T10:02:09.468+0000] {logging_mixin.py:137} INFO - [2026-01-21T10:02:09.468+0000] {dagbag.py:538} INFO - Filling up the DagBag from /home/airflow/.local/lib/python3.7/site-packages/airflow/example_dags/example_sla_dag.py
[2026-01-21T10:02:09.485+0000] {processor.py:753} INFO - DAG(s) dict_keys(['example_sla_dag']) retrieved from /home/airflow/.local/lib/python3.7/site-packages/airflow/example_dags/example_sla_dag.py
[2026-01-21T10:02:09.512+0000] {logging_mixin.py:137} INFO - [2026-01-21T10:02:09.512+0000] {dag.py:2676} INFO - Sync 1 DAGs
[2026-01-21T10:02:09.532+0000] {logging_mixin.py:137} INFO - [2026-01-21T10:02:09.532+0000] {dag.py:3427} INFO - Setting next_dagrun for example_sla_dag to 2026-01-21T10:00:00+00:00, run_after=2026-01-21T10:02:00+00:00
[2026-01-21T10:02:09.546+0000] {processor.py:175} INFO - Processing /home/airflow/.local/lib/python3.7/site-packages/airflow/example_dags/example_sla_dag.py took 0.081 seconds
[2026-01-21T10:02:39.704+0000] {processor.py:153} INFO - Started process (PID=2060) to work on /home/airflow/.local/lib/python3.7/site-packages/airflow/example_dags/example_sla_dag.py
[2026-01-21T10:02:39.705+0000] {processor.py:743} INFO - Processing file /home/airflow/.local/lib/python3.7/site-packages/airflow/example_dags/example_sla_dag.py for tasks to queue
[2026-01-21T10:02:39.706+0000] {logging_mixin.py:137} INFO - [2026-01-21T10:02:39.706+0000] {dagbag.py:538} INFO - Filling up the DagBag from /home/airflow/.local/lib/python3.7/site-packages/airflow/example_dags/example_sla_dag.py
[2026-01-21T10:02:39.723+0000] {processor.py:753} INFO - DAG(s) dict_keys(['example_sla_dag']) retrieved from /home/airflow/.local/lib/python3.7/site-packages/airflow/example_dags/example_sla_dag.py
[2026-01-21T10:02:39.750+0000] {logging_mixin.py:137} INFO - [2026-01-21T10:02:39.750+0000] {dag.py:2676} INFO - Sync 1 DAGs
[2026-01-21T10:02:39.770+0000] {logging_mixin.py:137} INFO - [2026-01-21T10:02:39.770+0000] {dag.py:3427} INFO - Setting next_dagrun for example_sla_dag to 2026-01-21T10:00:00+00:00, run_after=2026-01-21T10:02:00+00:00
[2026-01-21T10:02:39.783+0000] {processor.py:175} INFO - Processing /home/airflow/.local/lib/python3.7/site-packages/airflow/example_dags/example_sla_dag.py took 0.082 seconds
[2026-01-21T10:03:10.015+0000] {processor.py:153} INFO - Started process (PID=2138) to work on /home/airflow/.local/lib/python3.7/site-packages/airflow/example_dags/example_sla_dag.py
[2026-01-21T10:03:10.016+0000] {processor.py:743} INFO - Processing file /home/airflow/.local/lib/python3.7/site-packages/airflow/example_dags/example_sla_dag.py for tasks to queue
[2026-01-21T10:03:10.016+0000] {logging_mixin.py:137} INFO - [2026-01-21T10:03:10.016+0000] {dagbag.py:538} INFO - Filling up the DagBag from /home/airflow/.local/lib/python3.7/site-packages/airflow/example_dags/example_sla_dag.py
[2026-01-21T10:03:10.034+0000] {processor.py:753} INFO - DAG(s) dict_keys(['example_sla_dag']) retrieved from /home/airflow/.local/lib/python3.7/site-packages/airflow/example_dags/example_sla_dag.py
[2026-01-21T10:03:10.061+0000] {logging_mixin.py:137} INFO - [2026-01-21T10:03:10.061+0000] {dag.py:2676} INFO - Sync 1 DAGs
[2026-01-21T10:03:10.082+0000] {logging_mixin.py:137} INFO - [2026-01-21T10:03:10.082+0000] {dag.py:3427} INFO - Setting next_dagrun for example_sla_dag to 2026-01-21T10:00:00+00:00, run_after=2026-01-21T10:02:00+00:00
[2026-01-21T10:03:10.095+0000] {processor.py:175} INFO - Processing /home/airflow/.local/lib/python3.7/site-packages/airflow/example_dags/example_sla_dag.py took 0.083 seconds
[2026-01-21T10:03:40.522+0000] {processor.py:153} INFO - Started process (PID=2236) to work on /home/airflow/.local/lib/python3.7/site-packages/airflow/example_dags/example_sla_dag.py
[2026-01-21T10:03:40.522+0000] {processor.py:743} INFO - Processing file /home/airflow/.local/lib/python3.7/site-packages/airflow/example_dags/example_sla_dag.py for tasks to queue
[2026-01-21T10:03:40.523+0000] {logging_mixin.py:137} INFO - [2026-01-21T10:03:40.523+0000] {dagbag.py:538} INFO - Filling up the DagBag from /home/airflow/.local/lib/python3.7/site-packages/airflow/example_dags/example_sla_dag.py
[2026-01-21T10:03:40.541+0000] {processor.py:753} INFO - DAG(s) dict_keys(['example_sla_dag']) retrieved from /home/airflow/.local/lib/python3.7/site-packages/airflow/example_dags/example_sla_dag.py
[2026-01-21T10:03:40.567+0000] {logging_mixin.py:137} INFO - [2026-01-21T10:03:40.567+0000] {dag.py:2676} INFO - Sync 1 DAGs
[2026-01-21T10:03:40.588+0000] {logging_mixin.py:137} INFO - [2026-01-21T10:03:40.588+0000] {dag.py:3427} INFO - Setting next_dagrun for example_sla_dag to 2026-01-21T10:00:00+00:00, run_after=2026-01-21T10:02:00+00:00
[2026-01-21T10:03:40.604+0000] {processor.py:175} INFO - Processing /home/airflow/.local/lib/python3.7/site-packages/airflow/example_dags/example_sla_dag.py took 0.085 seconds
[2026-01-21T10:04:10.722+0000] {processor.py:153} INFO - Started process (PID=2334) to work on /home/airflow/.local/lib/python3.7/site-packages/airflow/example_dags/example_sla_dag.py
[2026-01-21T10:04:10.723+0000] {processor.py:743} INFO - Processing file /home/airflow/.local/lib/python3.7/site-packages/airflow/example_dags/example_sla_dag.py for tasks to queue
[2026-01-21T10:04:10.724+0000] {logging_mixin.py:137} INFO - [2026-01-21T10:04:10.723+0000] {dagbag.py:538} INFO - Filling up the DagBag from /home/airflow/.local/lib/python3.7/site-packages/airflow/example_dags/example_sla_dag.py
[2026-01-21T10:04:10.744+0000] {processor.py:753} INFO - DAG(s) dict_keys(['example_sla_dag']) retrieved from /home/airflow/.local/lib/python3.7/site-packages/airflow/example_dags/example_sla_dag.py
[2026-01-21T10:04:10.772+0000] {logging_mixin.py:137} INFO - [2026-01-21T10:04:10.772+0000] {dag.py:2676} INFO - Sync 1 DAGs
[2026-01-21T10:04:10.797+0000] {logging_mixin.py:137} INFO - [2026-01-21T10:04:10.797+0000] {dag.py:3427} INFO - Setting next_dagrun for example_sla_dag to 2026-01-21T10:02:00+00:00, run_after=2026-01-21T10:04:00+00:00
[2026-01-21T10:04:10.811+0000] {processor.py:175} INFO - Processing /home/airflow/.local/lib/python3.7/site-packages/airflow/example_dags/example_sla_dag.py took 0.092 seconds
[2026-01-21T10:04:41.038+0000] {processor.py:153} INFO - Started process (PID=2413) to work on /home/airflow/.local/lib/python3.7/site-packages/airflow/example_dags/example_sla_dag.py
[2026-01-21T10:04:41.039+0000] {processor.py:743} INFO - Processing file /home/airflow/.local/lib/python3.7/site-packages/airflow/example_dags/example_sla_dag.py for tasks to queue
[2026-01-21T10:04:41.040+0000] {logging_mixin.py:137} INFO - [2026-01-21T10:04:41.040+0000] {dagbag.py:538} INFO - Filling up the DagBag from /home/airflow/.local/lib/python3.7/site-packages/airflow/example_dags/example_sla_dag.py
[2026-01-21T10:04:41.058+0000] {processor.py:753} INFO - DAG(s) dict_keys(['example_sla_dag']) retrieved from /home/airflow/.local/lib/python3.7/site-packages/airflow/example_dags/example_sla_dag.py
[2026-01-21T10:04:41.086+0000] {logging_mixin.py:137} INFO - [2026-01-21T10:04:41.086+0000] {dag.py:2676} INFO - Sync 1 DAGs
[2026-01-21T10:04:41.107+0000] {logging_mixin.py:137} INFO - [2026-01-21T10:04:41.107+0000] {dag.py:3427} INFO - Setting next_dagrun for example_sla_dag to 2026-01-21T10:02:00+00:00, run_after=2026-01-21T10:04:00+00:00
[2026-01-21T10:04:41.122+0000] {processor.py:175} INFO - Processing /home/airflow/.local/lib/python3.7/site-packages/airflow/example_dags/example_sla_dag.py took 0.086 seconds
[2026-01-21T10:05:11.496+0000] {processor.py:153} INFO - Started process (PID=2511) to work on /home/airflow/.local/lib/python3.7/site-packages/airflow/example_dags/example_sla_dag.py
[2026-01-21T10:05:11.497+0000] {processor.py:743} INFO - Processing file /home/airflow/.local/lib/python3.7/site-packages/airflow/example_dags/example_sla_dag.py for tasks to queue
[2026-01-21T10:05:11.497+0000] {logging_mixin.py:137} INFO - [2026-01-21T10:05:11.497+0000] {dagbag.py:538} INFO - Filling up the DagBag from /home/airflow/.local/lib/python3.7/site-packages/airflow/example_dags/example_sla_dag.py
[2026-01-21T10:05:11.515+0000] {processor.py:753} INFO - DAG(s) dict_keys(['example_sla_dag']) retrieved from /home/airflow/.local/lib/python3.7/site-packages/airflow/example_dags/example_sla_dag.py
[2026-01-21T10:05:11.543+0000] {logging_mixin.py:137} INFO - [2026-01-21T10:05:11.543+0000] {dag.py:2676} INFO - Sync 1 DAGs
[2026-01-21T10:05:11.567+0000] {logging_mixin.py:137} INFO - [2026-01-21T10:05:11.567+0000] {dag.py:3427} INFO - Setting next_dagrun for example_sla_dag to 2026-01-21T10:02:00+00:00, run_after=2026-01-21T10:04:00+00:00
[2026-01-21T10:05:11.582+0000] {processor.py:175} INFO - Processing /home/airflow/.local/lib/python3.7/site-packages/airflow/example_dags/example_sla_dag.py took 0.088 seconds
[2026-01-21T10:05:41.627+0000] {processor.py:153} INFO - Started process (PID=2589) to work on /home/airflow/.local/lib/python3.7/site-packages/airflow/example_dags/example_sla_dag.py
[2026-01-21T10:05:41.628+0000] {processor.py:743} INFO - Processing file /home/airflow/.local/lib/python3.7/site-packages/airflow/example_dags/example_sla_dag.py for tasks to queue
[2026-01-21T10:05:41.628+0000] {logging_mixin.py:137} INFO - [2026-01-21T10:05:41.628+0000] {dagbag.py:538} INFO - Filling up the DagBag from /home/airflow/.local/lib/python3.7/site-packages/airflow/example_dags/example_sla_dag.py
[2026-01-21T10:05:41.646+0000] {processor.py:753} INFO - DAG(s) dict_keys(['example_sla_dag']) retrieved from /home/airflow/.local/lib/python3.7/site-packages/airflow/example_dags/example_sla_dag.py
[2026-01-21T10:05:41.672+0000] {logging_mixin.py:137} INFO - [2026-01-21T10:05:41.672+0000] {dag.py:2676} INFO - Sync 1 DAGs
[2026-01-21T10:05:41.693+0000] {logging_mixin.py:137} INFO - [2026-01-21T10:05:41.693+0000] {dag.py:3427} INFO - Setting next_dagrun for example_sla_dag to 2026-01-21T10:02:00+00:00, run_after=2026-01-21T10:04:00+00:00
[2026-01-21T10:05:41.707+0000] {processor.py:175} INFO - Processing /home/airflow/.local/lib/python3.7/site-packages/airflow/example_dags/example_sla_dag.py took 0.083 seconds
[2026-01-21T10:06:11.958+0000] {processor.py:153} INFO - Started process (PID=2687) to work on /home/airflow/.local/lib/python3.7/site-packages/airflow/example_dags/example_sla_dag.py
[2026-01-21T10:06:11.959+0000] {processor.py:743} INFO - Processing file /home/airflow/.local/lib/python3.7/site-packages/airflow/example_dags/example_sla_dag.py for tasks to queue
[2026-01-21T10:06:11.959+0000] {logging_mixin.py:137} INFO - [2026-01-21T10:06:11.959+0000] {dagbag.py:538} INFO - Filling up the DagBag from /home/airflow/.local/lib/python3.7/site-packages/airflow/example_dags/example_sla_dag.py
[2026-01-21T10:06:11.976+0000] {processor.py:753} INFO - DAG(s) dict_keys(['example_sla_dag']) retrieved from /home/airflow/.local/lib/python3.7/site-packages/airflow/example_dags/example_sla_dag.py
[2026-01-21T10:06:12.003+0000] {logging_mixin.py:137} INFO - [2026-01-21T10:06:12.003+0000] {dag.py:2676} INFO - Sync 1 DAGs
[2026-01-21T10:06:12.024+0000] {logging_mixin.py:137} INFO - [2026-01-21T10:06:12.024+0000] {dag.py:3427} INFO - Setting next_dagrun for example_sla_dag to 2026-01-21T10:04:00+00:00, run_after=2026-01-21T10:06:00+00:00
[2026-01-21T10:06:12.037+0000] {processor.py:175} INFO - Processing /home/airflow/.local/lib/python3.7/site-packages/airflow/example_dags/example_sla_dag.py took 0.082 seconds
[2026-01-21T10:06:42.435+0000] {processor.py:153} INFO - Started process (PID=2785) to work on /home/airflow/.local/lib/python3.7/site-packages/airflow/example_dags/example_sla_dag.py
[2026-01-21T10:06:42.436+0000] {processor.py:743} INFO - Processing file /home/airflow/.local/lib/python3.7/site-packages/airflow/example_dags/example_sla_dag.py for tasks to queue
[2026-01-21T10:06:42.437+0000] {logging_mixin.py:137} INFO - [2026-01-21T10:06:42.437+0000] {dagbag.py:538} INFO - Filling up the DagBag from /home/airflow/.local/lib/python3.7/site-packages/airflow/example_dags/example_sla_dag.py
[2026-01-21T10:06:42.456+0000] {processor.py:753} INFO - DAG(s) dict_keys(['example_sla_dag']) retrieved from /home/airflow/.local/lib/python3.7/site-packages/airflow/example_dags/example_sla_dag.py
[2026-01-21T10:06:42.484+0000] {logging_mixin.py:137} INFO - [2026-01-21T10:06:42.484+0000] {dag.py:2676} INFO - Sync 1 DAGs
[2026-01-21T10:06:42.506+0000] {logging_mixin.py:137} INFO - [2026-01-21T10:06:42.505+0000] {dag.py:3427} INFO - Setting next_dagrun for example_sla_dag to 2026-01-21T10:04:00+00:00, run_after=2026-01-21T10:06:00+00:00
[2026-01-21T10:06:42.520+0000] {processor.py:175} INFO - Processing /home/airflow/.local/lib/python3.7/site-packages/airflow/example_dags/example_sla_dag.py took 0.087 seconds
[2026-01-21T10:07:12.661+0000] {processor.py:153} INFO - Started process (PID=2863) to work on /home/airflow/.local/lib/python3.7/site-packages/airflow/example_dags/example_sla_dag.py
[2026-01-21T10:07:12.661+0000] {processor.py:743} INFO - Processing file /home/airflow/.local/lib/python3.7/site-packages/airflow/example_dags/example_sla_dag.py for tasks to queue
[2026-01-21T10:07:12.662+0000] {logging_mixin.py:137} INFO - [2026-01-21T10:07:12.662+0000] {dagbag.py:538} INFO - Filling up the DagBag from /home/airflow/.local/lib/python3.7/site-packages/airflow/example_dags/example_sla_dag.py
[2026-01-21T10:07:12.679+0000] {processor.py:753} INFO - DAG(s) dict_keys(['example_sla_dag']) retrieved from /home/airflow/.local/lib/python3.7/site-packages/airflow/example_dags/example_sla_dag.py
[2026-01-21T10:07:12.707+0000] {logging_mixin.py:137} INFO - [2026-01-21T10:07:12.707+0000] {dag.py:2676} INFO - Sync 1 DAGs
[2026-01-21T10:07:12.727+0000] {logging_mixin.py:137} INFO - [2026-01-21T10:07:12.727+0000] {dag.py:3427} INFO - Setting next_dagrun for example_sla_dag to 2026-01-21T10:04:00+00:00, run_after=2026-01-21T10:06:00+00:00
[2026-01-21T10:07:12.741+0000] {processor.py:175} INFO - Processing /home/airflow/.local/lib/python3.7/site-packages/airflow/example_dags/example_sla_dag.py took 0.083 seconds
[2026-01-21T10:07:42.811+0000] {processor.py:153} INFO - Started process (PID=2960) to work on /home/airflow/.local/lib/python3.7/site-packages/airflow/example_dags/example_sla_dag.py
[2026-01-21T10:07:42.811+0000] {processor.py:743} INFO - Processing file /home/airflow/.local/lib/python3.7/site-packages/airflow/example_dags/example_sla_dag.py for tasks to queue
[2026-01-21T10:07:42.812+0000] {logging_mixin.py:137} INFO - [2026-01-21T10:07:42.812+0000] {dagbag.py:538} INFO - Filling up the DagBag from /home/airflow/.local/lib/python3.7/site-packages/airflow/example_dags/example_sla_dag.py
[2026-01-21T10:07:42.829+0000] {processor.py:753} INFO - DAG(s) dict_keys(['example_sla_dag']) retrieved from /home/airflow/.local/lib/python3.7/site-packages/airflow/example_dags/example_sla_dag.py
[2026-01-21T10:07:42.856+0000] {logging_mixin.py:137} INFO - [2026-01-21T10:07:42.856+0000] {dag.py:2676} INFO - Sync 1 DAGs
[2026-01-21T10:07:42.878+0000] {logging_mixin.py:137} INFO - [2026-01-21T10:07:42.878+0000] {dag.py:3427} INFO - Setting next_dagrun for example_sla_dag to 2026-01-21T10:04:00+00:00, run_after=2026-01-21T10:06:00+00:00
[2026-01-21T10:07:42.892+0000] {processor.py:175} INFO - Processing /home/airflow/.local/lib/python3.7/site-packages/airflow/example_dags/example_sla_dag.py took 0.084 seconds
[2026-01-21T10:08:13.003+0000] {processor.py:153} INFO - Started process (PID=3038) to work on /home/airflow/.local/lib/python3.7/site-packages/airflow/example_dags/example_sla_dag.py
[2026-01-21T10:08:13.004+0000] {processor.py:743} INFO - Processing file /home/airflow/.local/lib/python3.7/site-packages/airflow/example_dags/example_sla_dag.py for tasks to queue
[2026-01-21T10:08:13.005+0000] {logging_mixin.py:137} INFO - [2026-01-21T10:08:13.004+0000] {dagbag.py:538} INFO - Filling up the DagBag from /home/airflow/.local/lib/python3.7/site-packages/airflow/example_dags/example_sla_dag.py
[2026-01-21T10:08:13.022+0000] {processor.py:753} INFO - DAG(s) dict_keys(['example_sla_dag']) retrieved from /home/airflow/.local/lib/python3.7/site-packages/airflow/example_dags/example_sla_dag.py
[2026-01-21T10:08:13.050+0000] {logging_mixin.py:137} INFO - [2026-01-21T10:08:13.050+0000] {dag.py:2676} INFO - Sync 1 DAGs
[2026-01-21T10:08:13.095+0000] {logging_mixin.py:137} INFO - [2026-01-21T10:08:13.095+0000] {dag.py:3427} INFO - Setting next_dagrun for example_sla_dag to 2026-01-21T10:06:00+00:00, run_after=2026-01-21T10:08:00+00:00
[2026-01-21T10:08:13.138+0000] {processor.py:175} INFO - Processing /home/airflow/.local/lib/python3.7/site-packages/airflow/example_dags/example_sla_dag.py took 0.138 seconds
[2026-01-21T10:08:43.267+0000] {processor.py:153} INFO - Started process (PID=3136) to work on /home/airflow/.local/lib/python3.7/site-packages/airflow/example_dags/example_sla_dag.py
[2026-01-21T10:08:43.267+0000] {processor.py:743} INFO - Processing file /home/airflow/.local/lib/python3.7/site-packages/airflow/example_dags/example_sla_dag.py for tasks to queue
[2026-01-21T10:08:43.268+0000] {logging_mixin.py:137} INFO - [2026-01-21T10:08:43.268+0000] {dagbag.py:538} INFO - Filling up the DagBag from /home/airflow/.local/lib/python3.7/site-packages/airflow/example_dags/example_sla_dag.py
[2026-01-21T10:08:43.286+0000] {processor.py:753} INFO - DAG(s) dict_keys(['example_sla_dag']) retrieved from /home/airflow/.local/lib/python3.7/site-packages/airflow/example_dags/example_sla_dag.py
[2026-01-21T10:08:43.317+0000] {logging_mixin.py:137} INFO - [2026-01-21T10:08:43.317+0000] {dag.py:2676} INFO - Sync 1 DAGs
[2026-01-21T10:08:43.338+0000] {logging_mixin.py:137} INFO - [2026-01-21T10:08:43.338+0000] {dag.py:3427} INFO - Setting next_dagrun for example_sla_dag to 2026-01-21T10:06:00+00:00, run_after=2026-01-21T10:08:00+00:00
[2026-01-21T10:08:43.353+0000] {processor.py:175} INFO - Processing /home/airflow/.local/lib/python3.7/site-packages/airflow/example_dags/example_sla_dag.py took 0.089 seconds
[2026-01-21T10:09:13.760+0000] {processor.py:153} INFO - Started process (PID=3234) to work on /home/airflow/.local/lib/python3.7/site-packages/airflow/example_dags/example_sla_dag.py
[2026-01-21T10:09:13.760+0000] {processor.py:743} INFO - Processing file /home/airflow/.local/lib/python3.7/site-packages/airflow/example_dags/example_sla_dag.py for tasks to queue
[2026-01-21T10:09:13.761+0000] {logging_mixin.py:137} INFO - [2026-01-21T10:09:13.761+0000] {dagbag.py:538} INFO - Filling up the DagBag from /home/airflow/.local/lib/python3.7/site-packages/airflow/example_dags/example_sla_dag.py
[2026-01-21T10:09:13.785+0000] {processor.py:753} INFO - DAG(s) dict_keys(['example_sla_dag']) retrieved from /home/airflow/.local/lib/python3.7/site-packages/airflow/example_dags/example_sla_dag.py
[2026-01-21T10:09:13.813+0000] {logging_mixin.py:137} INFO - [2026-01-21T10:09:13.813+0000] {dag.py:2676} INFO - Sync 1 DAGs
[2026-01-21T10:09:13.838+0000] {logging_mixin.py:137} INFO - [2026-01-21T10:09:13.837+0000] {dag.py:3427} INFO - Setting next_dagrun for example_sla_dag to 2026-01-21T10:06:00+00:00, run_after=2026-01-21T10:08:00+00:00
[2026-01-21T10:09:13.855+0000] {processor.py:175} INFO - Processing /home/airflow/.local/lib/python3.7/site-packages/airflow/example_dags/example_sla_dag.py took 0.098 seconds
[2026-01-21T10:09:43.929+0000] {processor.py:153} INFO - Started process (PID=3313) to work on /home/airflow/.local/lib/python3.7/site-packages/airflow/example_dags/example_sla_dag.py
[2026-01-21T10:09:43.930+0000] {processor.py:743} INFO - Processing file /home/airflow/.local/lib/python3.7/site-packages/airflow/example_dags/example_sla_dag.py for tasks to queue
[2026-01-21T10:09:43.930+0000] {logging_mixin.py:137} INFO - [2026-01-21T10:09:43.930+0000] {dagbag.py:538} INFO - Filling up the DagBag from /home/airflow/.local/lib/python3.7/site-packages/airflow/example_dags/example_sla_dag.py
[2026-01-21T10:09:43.948+0000] {processor.py:753} INFO - DAG(s) dict_keys(['example_sla_dag']) retrieved from /home/airflow/.local/lib/python3.7/site-packages/airflow/example_dags/example_sla_dag.py
[2026-01-21T10:09:43.976+0000] {logging_mixin.py:137} INFO - [2026-01-21T10:09:43.976+0000] {dag.py:2676} INFO - Sync 1 DAGs
[2026-01-21T10:09:43.999+0000] {logging_mixin.py:137} INFO - [2026-01-21T10:09:43.999+0000] {dag.py:3427} INFO - Setting next_dagrun for example_sla_dag to 2026-01-21T10:06:00+00:00, run_after=2026-01-21T10:08:00+00:00
[2026-01-21T10:09:44.014+0000] {processor.py:175} INFO - Processing /home/airflow/.local/lib/python3.7/site-packages/airflow/example_dags/example_sla_dag.py took 0.088 seconds
[2026-01-21T10:10:14.107+0000] {processor.py:153} INFO - Started process (PID=3411) to work on /home/airflow/.local/lib/python3.7/site-packages/airflow/example_dags/example_sla_dag.py
[2026-01-21T10:10:14.108+0000] {processor.py:743} INFO - Processing file /home/airflow/.local/lib/python3.7/site-packages/airflow/example_dags/example_sla_dag.py for tasks to queue
[2026-01-21T10:10:14.108+0000] {logging_mixin.py:137} INFO - [2026-01-21T10:10:14.108+0000] {dagbag.py:538} INFO - Filling up the DagBag from /home/airflow/.local/lib/python3.7/site-packages/airflow/example_dags/example_sla_dag.py
[2026-01-21T10:10:14.126+0000] {processor.py:753} INFO - DAG(s) dict_keys(['example_sla_dag']) retrieved from /home/airflow/.local/lib/python3.7/site-packages/airflow/example_dags/example_sla_dag.py
[2026-01-21T10:10:14.156+0000] {logging_mixin.py:137} INFO - [2026-01-21T10:10:14.156+0000] {dag.py:2676} INFO - Sync 1 DAGs
[2026-01-21T10:10:14.176+0000] {logging_mixin.py:137} INFO - [2026-01-21T10:10:14.176+0000] {dag.py:3427} INFO - Setting next_dagrun for example_sla_dag to 2026-01-21T10:08:00+00:00, run_after=2026-01-21T10:10:00+00:00
[2026-01-21T10:10:14.191+0000] {processor.py:175} INFO - Processing /home/airflow/.local/lib/python3.7/site-packages/airflow/example_dags/example_sla_dag.py took 0.087 seconds
[2026-01-21T10:10:44.247+0000] {processor.py:153} INFO - Started process (PID=3489) to work on /home/airflow/.local/lib/python3.7/site-packages/airflow/example_dags/example_sla_dag.py
[2026-01-21T10:10:44.248+0000] {processor.py:743} INFO - Processing file /home/airflow/.local/lib/python3.7/site-packages/airflow/example_dags/example_sla_dag.py for tasks to queue
[2026-01-21T10:10:44.249+0000] {logging_mixin.py:137} INFO - [2026-01-21T10:10:44.249+0000] {dagbag.py:538} INFO - Filling up the DagBag from /home/airflow/.local/lib/python3.7/site-packages/airflow/example_dags/example_sla_dag.py
[2026-01-21T10:10:44.266+0000] {processor.py:753} INFO - DAG(s) dict_keys(['example_sla_dag']) retrieved from /home/airflow/.local/lib/python3.7/site-packages/airflow/example_dags/example_sla_dag.py
[2026-01-21T10:10:44.294+0000] {logging_mixin.py:137} INFO - [2026-01-21T10:10:44.294+0000] {dag.py:2676} INFO - Sync 1 DAGs
[2026-01-21T10:10:44.314+0000] {logging_mixin.py:137} INFO - [2026-01-21T10:10:44.314+0000] {dag.py:3427} INFO - Setting next_dagrun for example_sla_dag to 2026-01-21T10:08:00+00:00, run_after=2026-01-21T10:10:00+00:00
[2026-01-21T10:10:44.328+0000] {processor.py:175} INFO - Processing /home/airflow/.local/lib/python3.7/site-packages/airflow/example_dags/example_sla_dag.py took 0.083 seconds
[2026-01-21T10:24:28.283+0000] {processor.py:153} INFO - Started process (PID=102) to work on /home/airflow/.local/lib/python3.7/site-packages/airflow/example_dags/example_sla_dag.py
[2026-01-21T10:24:28.298+0000] {processor.py:743} INFO - Processing file /home/airflow/.local/lib/python3.7/site-packages/airflow/example_dags/example_sla_dag.py for tasks to queue
[2026-01-21T10:24:28.299+0000] {logging_mixin.py:137} INFO - [2026-01-21T10:24:28.299+0000] {dagbag.py:538} INFO - Filling up the DagBag from /home/airflow/.local/lib/python3.7/site-packages/airflow/example_dags/example_sla_dag.py
[2026-01-21T10:24:28.319+0000] {processor.py:753} INFO - DAG(s) dict_keys(['example_sla_dag']) retrieved from /home/airflow/.local/lib/python3.7/site-packages/airflow/example_dags/example_sla_dag.py
[2026-01-21T10:24:28.397+0000] {logging_mixin.py:137} INFO - [2026-01-21T10:24:28.397+0000] {dag.py:2676} INFO - Sync 1 DAGs
[2026-01-21T10:24:28.420+0000] {logging_mixin.py:137} INFO - [2026-01-21T10:24:28.420+0000] {dag.py:3427} INFO - Setting next_dagrun for example_sla_dag to 2026-01-21T10:22:00+00:00, run_after=2026-01-21T10:24:00+00:00
[2026-01-21T10:24:28.613+0000] {processor.py:175} INFO - Processing /home/airflow/.local/lib/python3.7/site-packages/airflow/example_dags/example_sla_dag.py took 0.332 seconds
[2026-01-21T10:24:59.917+0000] {processor.py:153} INFO - Started process (PID=189) to work on /home/airflow/.local/lib/python3.7/site-packages/airflow/example_dags/example_sla_dag.py
[2026-01-21T10:24:59.919+0000] {processor.py:743} INFO - Processing file /home/airflow/.local/lib/python3.7/site-packages/airflow/example_dags/example_sla_dag.py for tasks to queue
[2026-01-21T10:24:59.920+0000] {logging_mixin.py:137} INFO - [2026-01-21T10:24:59.920+0000] {dagbag.py:538} INFO - Filling up the DagBag from /home/airflow/.local/lib/python3.7/site-packages/airflow/example_dags/example_sla_dag.py
[2026-01-21T10:24:59.941+0000] {processor.py:753} INFO - DAG(s) dict_keys(['example_sla_dag']) retrieved from /home/airflow/.local/lib/python3.7/site-packages/airflow/example_dags/example_sla_dag.py
[2026-01-21T10:24:59.972+0000] {logging_mixin.py:137} INFO - [2026-01-21T10:24:59.972+0000] {dag.py:2676} INFO - Sync 1 DAGs
[2026-01-21T10:25:00.000+0000] {logging_mixin.py:137} INFO - [2026-01-21T10:25:00.000+0000] {dag.py:3427} INFO - Setting next_dagrun for example_sla_dag to 2026-01-21T10:22:00+00:00, run_after=2026-01-21T10:24:00+00:00
[2026-01-21T10:25:00.075+0000] {processor.py:175} INFO - Processing /home/airflow/.local/lib/python3.7/site-packages/airflow/example_dags/example_sla_dag.py took 0.160 seconds
[2026-01-21T10:25:32.190+0000] {processor.py:153} INFO - Started process (PID=279) to work on /home/airflow/.local/lib/python3.7/site-packages/airflow/example_dags/example_sla_dag.py
[2026-01-21T10:25:32.195+0000] {processor.py:743} INFO - Processing file /home/airflow/.local/lib/python3.7/site-packages/airflow/example_dags/example_sla_dag.py for tasks to queue
[2026-01-21T10:25:32.196+0000] {logging_mixin.py:137} INFO - [2026-01-21T10:25:32.196+0000] {dagbag.py:538} INFO - Filling up the DagBag from /home/airflow/.local/lib/python3.7/site-packages/airflow/example_dags/example_sla_dag.py
[2026-01-21T10:25:32.214+0000] {processor.py:753} INFO - DAG(s) dict_keys(['example_sla_dag']) retrieved from /home/airflow/.local/lib/python3.7/site-packages/airflow/example_dags/example_sla_dag.py
[2026-01-21T10:25:32.241+0000] {logging_mixin.py:137} INFO - [2026-01-21T10:25:32.241+0000] {dag.py:2676} INFO - Sync 1 DAGs
[2026-01-21T10:25:32.261+0000] {logging_mixin.py:137} INFO - [2026-01-21T10:25:32.261+0000] {dag.py:3427} INFO - Setting next_dagrun for example_sla_dag to 2026-01-21T10:22:00+00:00, run_after=2026-01-21T10:24:00+00:00
[2026-01-21T10:25:32.275+0000] {processor.py:175} INFO - Processing /home/airflow/.local/lib/python3.7/site-packages/airflow/example_dags/example_sla_dag.py took 0.087 seconds
[2026-01-21T10:26:04.462+0000] {processor.py:153} INFO - Started process (PID=378) to work on /home/airflow/.local/lib/python3.7/site-packages/airflow/example_dags/example_sla_dag.py
[2026-01-21T10:26:04.467+0000] {processor.py:743} INFO - Processing file /home/airflow/.local/lib/python3.7/site-packages/airflow/example_dags/example_sla_dag.py for tasks to queue
[2026-01-21T10:26:04.468+0000] {logging_mixin.py:137} INFO - [2026-01-21T10:26:04.468+0000] {dagbag.py:538} INFO - Filling up the DagBag from /home/airflow/.local/lib/python3.7/site-packages/airflow/example_dags/example_sla_dag.py
[2026-01-21T10:26:04.485+0000] {processor.py:753} INFO - DAG(s) dict_keys(['example_sla_dag']) retrieved from /home/airflow/.local/lib/python3.7/site-packages/airflow/example_dags/example_sla_dag.py
[2026-01-21T10:26:04.514+0000] {logging_mixin.py:137} INFO - [2026-01-21T10:26:04.514+0000] {dag.py:2676} INFO - Sync 1 DAGs
[2026-01-21T10:26:04.537+0000] {logging_mixin.py:137} INFO - [2026-01-21T10:26:04.537+0000] {dag.py:3427} INFO - Setting next_dagrun for example_sla_dag to 2026-01-21T10:24:00+00:00, run_after=2026-01-21T10:26:00+00:00
[2026-01-21T10:26:04.565+0000] {processor.py:175} INFO - Processing /home/airflow/.local/lib/python3.7/site-packages/airflow/example_dags/example_sla_dag.py took 0.106 seconds
[2026-01-21T10:26:37.243+0000] {processor.py:153} INFO - Started process (PID=476) to work on /home/airflow/.local/lib/python3.7/site-packages/airflow/example_dags/example_sla_dag.py
[2026-01-21T10:26:37.865+0000] {processor.py:743} INFO - Processing file /home/airflow/.local/lib/python3.7/site-packages/airflow/example_dags/example_sla_dag.py for tasks to queue
[2026-01-21T10:26:37.866+0000] {logging_mixin.py:137} INFO - [2026-01-21T10:26:37.866+0000] {dagbag.py:538} INFO - Filling up the DagBag from /home/airflow/.local/lib/python3.7/site-packages/airflow/example_dags/example_sla_dag.py
[2026-01-21T10:26:37.885+0000] {processor.py:753} INFO - DAG(s) dict_keys(['example_sla_dag']) retrieved from /home/airflow/.local/lib/python3.7/site-packages/airflow/example_dags/example_sla_dag.py
[2026-01-21T10:26:37.913+0000] {logging_mixin.py:137} INFO - [2026-01-21T10:26:37.913+0000] {dag.py:2676} INFO - Sync 1 DAGs
[2026-01-21T10:26:37.933+0000] {logging_mixin.py:137} INFO - [2026-01-21T10:26:37.933+0000] {dag.py:3427} INFO - Setting next_dagrun for example_sla_dag to 2026-01-21T10:24:00+00:00, run_after=2026-01-21T10:26:00+00:00
[2026-01-21T10:26:37.955+0000] {processor.py:175} INFO - Processing /home/airflow/.local/lib/python3.7/site-packages/airflow/example_dags/example_sla_dag.py took 0.715 seconds
[2026-01-21T10:27:08.167+0000] {processor.py:153} INFO - Started process (PID=554) to work on /home/airflow/.local/lib/python3.7/site-packages/airflow/example_dags/example_sla_dag.py
[2026-01-21T10:27:08.168+0000] {processor.py:743} INFO - Processing file /home/airflow/.local/lib/python3.7/site-packages/airflow/example_dags/example_sla_dag.py for tasks to queue
[2026-01-21T10:27:08.169+0000] {logging_mixin.py:137} INFO - [2026-01-21T10:27:08.169+0000] {dagbag.py:538} INFO - Filling up the DagBag from /home/airflow/.local/lib/python3.7/site-packages/airflow/example_dags/example_sla_dag.py
[2026-01-21T10:27:08.187+0000] {processor.py:753} INFO - DAG(s) dict_keys(['example_sla_dag']) retrieved from /home/airflow/.local/lib/python3.7/site-packages/airflow/example_dags/example_sla_dag.py
[2026-01-21T10:27:08.214+0000] {logging_mixin.py:137} INFO - [2026-01-21T10:27:08.214+0000] {dag.py:2676} INFO - Sync 1 DAGs
[2026-01-21T10:27:08.235+0000] {logging_mixin.py:137} INFO - [2026-01-21T10:27:08.235+0000] {dag.py:3427} INFO - Setting next_dagrun for example_sla_dag to 2026-01-21T10:24:00+00:00, run_after=2026-01-21T10:26:00+00:00
[2026-01-21T10:27:08.419+0000] {processor.py:175} INFO - Processing /home/airflow/.local/lib/python3.7/site-packages/airflow/example_dags/example_sla_dag.py took 0.254 seconds
[2026-01-21T10:27:38.490+0000] {processor.py:153} INFO - Started process (PID=654) to work on /home/airflow/.local/lib/python3.7/site-packages/airflow/example_dags/example_sla_dag.py
[2026-01-21T10:27:38.491+0000] {processor.py:743} INFO - Processing file /home/airflow/.local/lib/python3.7/site-packages/airflow/example_dags/example_sla_dag.py for tasks to queue
[2026-01-21T10:27:38.492+0000] {logging_mixin.py:137} INFO - [2026-01-21T10:27:38.492+0000] {dagbag.py:538} INFO - Filling up the DagBag from /home/airflow/.local/lib/python3.7/site-packages/airflow/example_dags/example_sla_dag.py
[2026-01-21T10:27:38.509+0000] {processor.py:753} INFO - DAG(s) dict_keys(['example_sla_dag']) retrieved from /home/airflow/.local/lib/python3.7/site-packages/airflow/example_dags/example_sla_dag.py
[2026-01-21T10:27:38.535+0000] {logging_mixin.py:137} INFO - [2026-01-21T10:27:38.535+0000] {dag.py:2676} INFO - Sync 1 DAGs
[2026-01-21T10:27:38.556+0000] {logging_mixin.py:137} INFO - [2026-01-21T10:27:38.556+0000] {dag.py:3427} INFO - Setting next_dagrun for example_sla_dag to 2026-01-21T10:24:00+00:00, run_after=2026-01-21T10:26:00+00:00
[2026-01-21T10:27:38.570+0000] {processor.py:175} INFO - Processing /home/airflow/.local/lib/python3.7/site-packages/airflow/example_dags/example_sla_dag.py took 0.081 seconds
[2026-01-21T10:28:08.777+0000] {processor.py:153} INFO - Started process (PID=751) to work on /home/airflow/.local/lib/python3.7/site-packages/airflow/example_dags/example_sla_dag.py
[2026-01-21T10:28:08.778+0000] {processor.py:743} INFO - Processing file /home/airflow/.local/lib/python3.7/site-packages/airflow/example_dags/example_sla_dag.py for tasks to queue
[2026-01-21T10:28:08.779+0000] {logging_mixin.py:137} INFO - [2026-01-21T10:28:08.779+0000] {dagbag.py:538} INFO - Filling up the DagBag from /home/airflow/.local/lib/python3.7/site-packages/airflow/example_dags/example_sla_dag.py
[2026-01-21T10:28:08.797+0000] {processor.py:753} INFO - DAG(s) dict_keys(['example_sla_dag']) retrieved from /home/airflow/.local/lib/python3.7/site-packages/airflow/example_dags/example_sla_dag.py
[2026-01-21T10:28:08.832+0000] {logging_mixin.py:137} INFO - [2026-01-21T10:28:08.832+0000] {dag.py:2676} INFO - Sync 1 DAGs
[2026-01-21T10:28:08.855+0000] {logging_mixin.py:137} INFO - [2026-01-21T10:28:08.855+0000] {dag.py:3427} INFO - Setting next_dagrun for example_sla_dag to 2026-01-21T10:26:00+00:00, run_after=2026-01-21T10:28:00+00:00
[2026-01-21T10:28:08.873+0000] {processor.py:175} INFO - Processing /home/airflow/.local/lib/python3.7/site-packages/airflow/example_dags/example_sla_dag.py took 0.098 seconds
[2026-01-21T10:28:38.927+0000] {processor.py:153} INFO - Started process (PID=829) to work on /home/airflow/.local/lib/python3.7/site-packages/airflow/example_dags/example_sla_dag.py
[2026-01-21T10:28:38.927+0000] {processor.py:743} INFO - Processing file /home/airflow/.local/lib/python3.7/site-packages/airflow/example_dags/example_sla_dag.py for tasks to queue
[2026-01-21T10:28:38.928+0000] {logging_mixin.py:137} INFO - [2026-01-21T10:28:38.928+0000] {dagbag.py:538} INFO - Filling up the DagBag from /home/airflow/.local/lib/python3.7/site-packages/airflow/example_dags/example_sla_dag.py
[2026-01-21T10:28:38.945+0000] {processor.py:753} INFO - DAG(s) dict_keys(['example_sla_dag']) retrieved from /home/airflow/.local/lib/python3.7/site-packages/airflow/example_dags/example_sla_dag.py
[2026-01-21T10:28:38.971+0000] {logging_mixin.py:137} INFO - [2026-01-21T10:28:38.971+0000] {dag.py:2676} INFO - Sync 1 DAGs
[2026-01-21T10:28:38.991+0000] {logging_mixin.py:137} INFO - [2026-01-21T10:28:38.991+0000] {dag.py:3427} INFO - Setting next_dagrun for example_sla_dag to 2026-01-21T10:26:00+00:00, run_after=2026-01-21T10:28:00+00:00
[2026-01-21T10:28:39.004+0000] {processor.py:175} INFO - Processing /home/airflow/.local/lib/python3.7/site-packages/airflow/example_dags/example_sla_dag.py took 0.080 seconds
[2026-01-21T10:29:09.695+0000] {processor.py:153} INFO - Started process (PID=927) to work on /home/airflow/.local/lib/python3.7/site-packages/airflow/example_dags/example_sla_dag.py
[2026-01-21T10:29:09.695+0000] {processor.py:743} INFO - Processing file /home/airflow/.local/lib/python3.7/site-packages/airflow/example_dags/example_sla_dag.py for tasks to queue
[2026-01-21T10:29:09.696+0000] {logging_mixin.py:137} INFO - [2026-01-21T10:29:09.696+0000] {dagbag.py:538} INFO - Filling up the DagBag from /home/airflow/.local/lib/python3.7/site-packages/airflow/example_dags/example_sla_dag.py
[2026-01-21T10:29:09.713+0000] {processor.py:753} INFO - DAG(s) dict_keys(['example_sla_dag']) retrieved from /home/airflow/.local/lib/python3.7/site-packages/airflow/example_dags/example_sla_dag.py
[2026-01-21T10:29:09.739+0000] {logging_mixin.py:137} INFO - [2026-01-21T10:29:09.739+0000] {dag.py:2676} INFO - Sync 1 DAGs
[2026-01-21T10:29:09.759+0000] {logging_mixin.py:137} INFO - [2026-01-21T10:29:09.759+0000] {dag.py:3427} INFO - Setting next_dagrun for example_sla_dag to 2026-01-21T10:26:00+00:00, run_after=2026-01-21T10:28:00+00:00
[2026-01-21T10:29:09.772+0000] {processor.py:175} INFO - Processing /home/airflow/.local/lib/python3.7/site-packages/airflow/example_dags/example_sla_dag.py took 0.080 seconds
[2026-01-21T10:29:40.007+0000] {processor.py:153} INFO - Started process (PID=1005) to work on /home/airflow/.local/lib/python3.7/site-packages/airflow/example_dags/example_sla_dag.py
[2026-01-21T10:29:40.007+0000] {processor.py:743} INFO - Processing file /home/airflow/.local/lib/python3.7/site-packages/airflow/example_dags/example_sla_dag.py for tasks to queue
[2026-01-21T10:29:40.008+0000] {logging_mixin.py:137} INFO - [2026-01-21T10:29:40.008+0000] {dagbag.py:538} INFO - Filling up the DagBag from /home/airflow/.local/lib/python3.7/site-packages/airflow/example_dags/example_sla_dag.py
[2026-01-21T10:29:40.024+0000] {processor.py:753} INFO - DAG(s) dict_keys(['example_sla_dag']) retrieved from /home/airflow/.local/lib/python3.7/site-packages/airflow/example_dags/example_sla_dag.py
[2026-01-21T10:29:40.052+0000] {logging_mixin.py:137} INFO - [2026-01-21T10:29:40.052+0000] {dag.py:2676} INFO - Sync 1 DAGs
[2026-01-21T10:29:40.072+0000] {logging_mixin.py:137} INFO - [2026-01-21T10:29:40.072+0000] {dag.py:3427} INFO - Setting next_dagrun for example_sla_dag to 2026-01-21T10:26:00+00:00, run_after=2026-01-21T10:28:00+00:00
[2026-01-21T10:29:40.085+0000] {processor.py:175} INFO - Processing /home/airflow/.local/lib/python3.7/site-packages/airflow/example_dags/example_sla_dag.py took 0.081 seconds
[2026-01-21T10:30:10.723+0000] {processor.py:153} INFO - Started process (PID=1103) to work on /home/airflow/.local/lib/python3.7/site-packages/airflow/example_dags/example_sla_dag.py
[2026-01-21T10:30:10.724+0000] {processor.py:743} INFO - Processing file /home/airflow/.local/lib/python3.7/site-packages/airflow/example_dags/example_sla_dag.py for tasks to queue
[2026-01-21T10:30:10.725+0000] {logging_mixin.py:137} INFO - [2026-01-21T10:30:10.724+0000] {dagbag.py:538} INFO - Filling up the DagBag from /home/airflow/.local/lib/python3.7/site-packages/airflow/example_dags/example_sla_dag.py
[2026-01-21T10:30:10.741+0000] {processor.py:753} INFO - DAG(s) dict_keys(['example_sla_dag']) retrieved from /home/airflow/.local/lib/python3.7/site-packages/airflow/example_dags/example_sla_dag.py
[2026-01-21T10:30:10.770+0000] {logging_mixin.py:137} INFO - [2026-01-21T10:30:10.769+0000] {dag.py:2676} INFO - Sync 1 DAGs
[2026-01-21T10:30:10.789+0000] {logging_mixin.py:137} INFO - [2026-01-21T10:30:10.789+0000] {dag.py:3427} INFO - Setting next_dagrun for example_sla_dag to 2026-01-21T10:28:00+00:00, run_after=2026-01-21T10:30:00+00:00
[2026-01-21T10:30:10.803+0000] {processor.py:175} INFO - Processing /home/airflow/.local/lib/python3.7/site-packages/airflow/example_dags/example_sla_dag.py took 0.082 seconds
[2026-01-21T10:30:41.449+0000] {processor.py:153} INFO - Started process (PID=1201) to work on /home/airflow/.local/lib/python3.7/site-packages/airflow/example_dags/example_sla_dag.py
[2026-01-21T10:30:41.449+0000] {processor.py:743} INFO - Processing file /home/airflow/.local/lib/python3.7/site-packages/airflow/example_dags/example_sla_dag.py for tasks to queue
[2026-01-21T10:30:41.450+0000] {logging_mixin.py:137} INFO - [2026-01-21T10:30:41.450+0000] {dagbag.py:538} INFO - Filling up the DagBag from /home/airflow/.local/lib/python3.7/site-packages/airflow/example_dags/example_sla_dag.py
[2026-01-21T10:30:41.466+0000] {processor.py:753} INFO - DAG(s) dict_keys(['example_sla_dag']) retrieved from /home/airflow/.local/lib/python3.7/site-packages/airflow/example_dags/example_sla_dag.py
[2026-01-21T10:30:41.494+0000] {logging_mixin.py:137} INFO - [2026-01-21T10:30:41.494+0000] {dag.py:2676} INFO - Sync 1 DAGs
[2026-01-21T10:30:41.514+0000] {logging_mixin.py:137} INFO - [2026-01-21T10:30:41.513+0000] {dag.py:3427} INFO - Setting next_dagrun for example_sla_dag to 2026-01-21T10:28:00+00:00, run_after=2026-01-21T10:30:00+00:00
[2026-01-21T10:30:41.528+0000] {processor.py:175} INFO - Processing /home/airflow/.local/lib/python3.7/site-packages/airflow/example_dags/example_sla_dag.py took 0.082 seconds
[2026-01-21T10:31:12.245+0000] {processor.py:153} INFO - Started process (PID=1279) to work on /home/airflow/.local/lib/python3.7/site-packages/airflow/example_dags/example_sla_dag.py
[2026-01-21T10:31:12.245+0000] {processor.py:743} INFO - Processing file /home/airflow/.local/lib/python3.7/site-packages/airflow/example_dags/example_sla_dag.py for tasks to queue
[2026-01-21T10:31:12.246+0000] {logging_mixin.py:137} INFO - [2026-01-21T10:31:12.246+0000] {dagbag.py:538} INFO - Filling up the DagBag from /home/airflow/.local/lib/python3.7/site-packages/airflow/example_dags/example_sla_dag.py
[2026-01-21T10:31:12.263+0000] {processor.py:753} INFO - DAG(s) dict_keys(['example_sla_dag']) retrieved from /home/airflow/.local/lib/python3.7/site-packages/airflow/example_dags/example_sla_dag.py
[2026-01-21T10:31:12.290+0000] {logging_mixin.py:137} INFO - [2026-01-21T10:31:12.290+0000] {dag.py:2676} INFO - Sync 1 DAGs
[2026-01-21T10:31:12.311+0000] {logging_mixin.py:137} INFO - [2026-01-21T10:31:12.311+0000] {dag.py:3427} INFO - Setting next_dagrun for example_sla_dag to 2026-01-21T10:28:00+00:00, run_after=2026-01-21T10:30:00+00:00
[2026-01-21T10:31:12.324+0000] {processor.py:175} INFO - Processing /home/airflow/.local/lib/python3.7/site-packages/airflow/example_dags/example_sla_dag.py took 0.082 seconds
[2026-01-21T10:31:43.078+0000] {processor.py:153} INFO - Started process (PID=1377) to work on /home/airflow/.local/lib/python3.7/site-packages/airflow/example_dags/example_sla_dag.py
[2026-01-21T10:31:43.079+0000] {processor.py:743} INFO - Processing file /home/airflow/.local/lib/python3.7/site-packages/airflow/example_dags/example_sla_dag.py for tasks to queue
[2026-01-21T10:31:43.079+0000] {logging_mixin.py:137} INFO - [2026-01-21T10:31:43.079+0000] {dagbag.py:538} INFO - Filling up the DagBag from /home/airflow/.local/lib/python3.7/site-packages/airflow/example_dags/example_sla_dag.py
[2026-01-21T10:31:43.097+0000] {processor.py:753} INFO - DAG(s) dict_keys(['example_sla_dag']) retrieved from /home/airflow/.local/lib/python3.7/site-packages/airflow/example_dags/example_sla_dag.py
[2026-01-21T10:31:43.125+0000] {logging_mixin.py:137} INFO - [2026-01-21T10:31:43.125+0000] {dag.py:2676} INFO - Sync 1 DAGs
[2026-01-21T10:31:43.147+0000] {logging_mixin.py:137} INFO - [2026-01-21T10:31:43.147+0000] {dag.py:3427} INFO - Setting next_dagrun for example_sla_dag to 2026-01-21T10:28:00+00:00, run_after=2026-01-21T10:30:00+00:00
[2026-01-21T10:31:43.160+0000] {processor.py:175} INFO - Processing /home/airflow/.local/lib/python3.7/site-packages/airflow/example_dags/example_sla_dag.py took 0.084 seconds
[2026-01-21T10:32:13.974+0000] {processor.py:153} INFO - Started process (PID=1475) to work on /home/airflow/.local/lib/python3.7/site-packages/airflow/example_dags/example_sla_dag.py
[2026-01-21T10:32:13.975+0000] {processor.py:743} INFO - Processing file /home/airflow/.local/lib/python3.7/site-packages/airflow/example_dags/example_sla_dag.py for tasks to queue
[2026-01-21T10:32:13.975+0000] {logging_mixin.py:137} INFO - [2026-01-21T10:32:13.975+0000] {dagbag.py:538} INFO - Filling up the DagBag from /home/airflow/.local/lib/python3.7/site-packages/airflow/example_dags/example_sla_dag.py
[2026-01-21T10:32:13.998+0000] {processor.py:753} INFO - DAG(s) dict_keys(['example_sla_dag']) retrieved from /home/airflow/.local/lib/python3.7/site-packages/airflow/example_dags/example_sla_dag.py
[2026-01-21T10:32:14.028+0000] {logging_mixin.py:137} INFO - [2026-01-21T10:32:14.028+0000] {dag.py:2676} INFO - Sync 1 DAGs
[2026-01-21T10:32:14.051+0000] {logging_mixin.py:137} INFO - [2026-01-21T10:32:14.051+0000] {dag.py:3427} INFO - Setting next_dagrun for example_sla_dag to 2026-01-21T10:30:00+00:00, run_after=2026-01-21T10:32:00+00:00
[2026-01-21T10:32:14.070+0000] {processor.py:175} INFO - Processing /home/airflow/.local/lib/python3.7/site-packages/airflow/example_dags/example_sla_dag.py took 0.099 seconds
[2026-01-21T10:32:44.223+0000] {processor.py:153} INFO - Started process (PID=1553) to work on /home/airflow/.local/lib/python3.7/site-packages/airflow/example_dags/example_sla_dag.py
[2026-01-21T10:32:44.223+0000] {processor.py:743} INFO - Processing file /home/airflow/.local/lib/python3.7/site-packages/airflow/example_dags/example_sla_dag.py for tasks to queue
[2026-01-21T10:32:44.224+0000] {logging_mixin.py:137} INFO - [2026-01-21T10:32:44.224+0000] {dagbag.py:538} INFO - Filling up the DagBag from /home/airflow/.local/lib/python3.7/site-packages/airflow/example_dags/example_sla_dag.py
[2026-01-21T10:32:44.240+0000] {processor.py:753} INFO - DAG(s) dict_keys(['example_sla_dag']) retrieved from /home/airflow/.local/lib/python3.7/site-packages/airflow/example_dags/example_sla_dag.py
[2026-01-21T10:32:44.268+0000] {logging_mixin.py:137} INFO - [2026-01-21T10:32:44.268+0000] {dag.py:2676} INFO - Sync 1 DAGs
[2026-01-21T10:32:44.288+0000] {logging_mixin.py:137} INFO - [2026-01-21T10:32:44.288+0000] {dag.py:3427} INFO - Setting next_dagrun for example_sla_dag to 2026-01-21T10:30:00+00:00, run_after=2026-01-21T10:32:00+00:00
[2026-01-21T10:32:44.302+0000] {processor.py:175} INFO - Processing /home/airflow/.local/lib/python3.7/site-packages/airflow/example_dags/example_sla_dag.py took 0.082 seconds
[2026-01-21T10:33:15.072+0000] {processor.py:153} INFO - Started process (PID=1651) to work on /home/airflow/.local/lib/python3.7/site-packages/airflow/example_dags/example_sla_dag.py
[2026-01-21T10:33:15.073+0000] {processor.py:743} INFO - Processing file /home/airflow/.local/lib/python3.7/site-packages/airflow/example_dags/example_sla_dag.py for tasks to queue
[2026-01-21T10:33:15.074+0000] {logging_mixin.py:137} INFO - [2026-01-21T10:33:15.074+0000] {dagbag.py:538} INFO - Filling up the DagBag from /home/airflow/.local/lib/python3.7/site-packages/airflow/example_dags/example_sla_dag.py
[2026-01-21T10:33:15.094+0000] {processor.py:753} INFO - DAG(s) dict_keys(['example_sla_dag']) retrieved from /home/airflow/.local/lib/python3.7/site-packages/airflow/example_dags/example_sla_dag.py
[2026-01-21T10:33:15.124+0000] {logging_mixin.py:137} INFO - [2026-01-21T10:33:15.124+0000] {dag.py:2676} INFO - Sync 1 DAGs
[2026-01-21T10:33:15.146+0000] {logging_mixin.py:137} INFO - [2026-01-21T10:33:15.146+0000] {dag.py:3427} INFO - Setting next_dagrun for example_sla_dag to 2026-01-21T10:30:00+00:00, run_after=2026-01-21T10:32:00+00:00
[2026-01-21T10:33:15.160+0000] {processor.py:175} INFO - Processing /home/airflow/.local/lib/python3.7/site-packages/airflow/example_dags/example_sla_dag.py took 0.090 seconds
[2026-01-21T10:33:45.953+0000] {processor.py:153} INFO - Started process (PID=1729) to work on /home/airflow/.local/lib/python3.7/site-packages/airflow/example_dags/example_sla_dag.py
[2026-01-21T10:33:45.953+0000] {processor.py:743} INFO - Processing file /home/airflow/.local/lib/python3.7/site-packages/airflow/example_dags/example_sla_dag.py for tasks to queue
[2026-01-21T10:33:45.954+0000] {logging_mixin.py:137} INFO - [2026-01-21T10:33:45.954+0000] {dagbag.py:538} INFO - Filling up the DagBag from /home/airflow/.local/lib/python3.7/site-packages/airflow/example_dags/example_sla_dag.py
[2026-01-21T10:33:45.972+0000] {processor.py:753} INFO - DAG(s) dict_keys(['example_sla_dag']) retrieved from /home/airflow/.local/lib/python3.7/site-packages/airflow/example_dags/example_sla_dag.py
[2026-01-21T10:33:46.001+0000] {logging_mixin.py:137} INFO - [2026-01-21T10:33:46.001+0000] {dag.py:2676} INFO - Sync 1 DAGs
[2026-01-21T10:33:46.022+0000] {logging_mixin.py:137} INFO - [2026-01-21T10:33:46.022+0000] {dag.py:3427} INFO - Setting next_dagrun for example_sla_dag to 2026-01-21T10:30:00+00:00, run_after=2026-01-21T10:32:00+00:00
[2026-01-21T10:33:46.035+0000] {processor.py:175} INFO - Processing /home/airflow/.local/lib/python3.7/site-packages/airflow/example_dags/example_sla_dag.py took 0.085 seconds
[2026-01-21T10:34:16.376+0000] {processor.py:153} INFO - Started process (PID=1827) to work on /home/airflow/.local/lib/python3.7/site-packages/airflow/example_dags/example_sla_dag.py
[2026-01-21T10:34:16.376+0000] {processor.py:743} INFO - Processing file /home/airflow/.local/lib/python3.7/site-packages/airflow/example_dags/example_sla_dag.py for tasks to queue
[2026-01-21T10:34:16.377+0000] {logging_mixin.py:137} INFO - [2026-01-21T10:34:16.377+0000] {dagbag.py:538} INFO - Filling up the DagBag from /home/airflow/.local/lib/python3.7/site-packages/airflow/example_dags/example_sla_dag.py
[2026-01-21T10:34:16.394+0000] {processor.py:753} INFO - DAG(s) dict_keys(['example_sla_dag']) retrieved from /home/airflow/.local/lib/python3.7/site-packages/airflow/example_dags/example_sla_dag.py
[2026-01-21T10:34:16.422+0000] {logging_mixin.py:137} INFO - [2026-01-21T10:34:16.422+0000] {dag.py:2676} INFO - Sync 1 DAGs
[2026-01-21T10:34:16.442+0000] {logging_mixin.py:137} INFO - [2026-01-21T10:34:16.441+0000] {dag.py:3427} INFO - Setting next_dagrun for example_sla_dag to 2026-01-21T10:32:00+00:00, run_after=2026-01-21T10:34:00+00:00
[2026-01-21T10:34:16.455+0000] {processor.py:175} INFO - Processing /home/airflow/.local/lib/python3.7/site-packages/airflow/example_dags/example_sla_dag.py took 0.083 seconds
[2026-01-21T10:34:47.323+0000] {processor.py:153} INFO - Started process (PID=1925) to work on /home/airflow/.local/lib/python3.7/site-packages/airflow/example_dags/example_sla_dag.py
[2026-01-21T10:34:47.324+0000] {processor.py:743} INFO - Processing file /home/airflow/.local/lib/python3.7/site-packages/airflow/example_dags/example_sla_dag.py for tasks to queue
[2026-01-21T10:34:47.325+0000] {logging_mixin.py:137} INFO - [2026-01-21T10:34:47.324+0000] {dagbag.py:538} INFO - Filling up the DagBag from /home/airflow/.local/lib/python3.7/site-packages/airflow/example_dags/example_sla_dag.py
[2026-01-21T10:34:47.343+0000] {processor.py:753} INFO - DAG(s) dict_keys(['example_sla_dag']) retrieved from /home/airflow/.local/lib/python3.7/site-packages/airflow/example_dags/example_sla_dag.py
[2026-01-21T10:34:47.370+0000] {logging_mixin.py:137} INFO - [2026-01-21T10:34:47.370+0000] {dag.py:2676} INFO - Sync 1 DAGs
[2026-01-21T10:34:47.390+0000] {logging_mixin.py:137} INFO - [2026-01-21T10:34:47.390+0000] {dag.py:3427} INFO - Setting next_dagrun for example_sla_dag to 2026-01-21T10:32:00+00:00, run_after=2026-01-21T10:34:00+00:00
[2026-01-21T10:34:47.404+0000] {processor.py:175} INFO - Processing /home/airflow/.local/lib/python3.7/site-packages/airflow/example_dags/example_sla_dag.py took 0.083 seconds
[2026-01-21T10:35:18.275+0000] {processor.py:153} INFO - Started process (PID=2003) to work on /home/airflow/.local/lib/python3.7/site-packages/airflow/example_dags/example_sla_dag.py
[2026-01-21T10:35:18.276+0000] {processor.py:743} INFO - Processing file /home/airflow/.local/lib/python3.7/site-packages/airflow/example_dags/example_sla_dag.py for tasks to queue
[2026-01-21T10:35:18.277+0000] {logging_mixin.py:137} INFO - [2026-01-21T10:35:18.277+0000] {dagbag.py:538} INFO - Filling up the DagBag from /home/airflow/.local/lib/python3.7/site-packages/airflow/example_dags/example_sla_dag.py
[2026-01-21T10:35:18.294+0000] {processor.py:753} INFO - DAG(s) dict_keys(['example_sla_dag']) retrieved from /home/airflow/.local/lib/python3.7/site-packages/airflow/example_dags/example_sla_dag.py
[2026-01-21T10:35:18.324+0000] {logging_mixin.py:137} INFO - [2026-01-21T10:35:18.324+0000] {dag.py:2676} INFO - Sync 1 DAGs
[2026-01-21T10:35:18.345+0000] {logging_mixin.py:137} INFO - [2026-01-21T10:35:18.345+0000] {dag.py:3427} INFO - Setting next_dagrun for example_sla_dag to 2026-01-21T10:32:00+00:00, run_after=2026-01-21T10:34:00+00:00
[2026-01-21T10:35:18.358+0000] {processor.py:175} INFO - Processing /home/airflow/.local/lib/python3.7/site-packages/airflow/example_dags/example_sla_dag.py took 0.086 seconds
[2026-01-21T10:35:49.208+0000] {processor.py:153} INFO - Started process (PID=2102) to work on /home/airflow/.local/lib/python3.7/site-packages/airflow/example_dags/example_sla_dag.py
[2026-01-21T10:35:49.208+0000] {processor.py:743} INFO - Processing file /home/airflow/.local/lib/python3.7/site-packages/airflow/example_dags/example_sla_dag.py for tasks to queue
[2026-01-21T10:35:49.209+0000] {logging_mixin.py:137} INFO - [2026-01-21T10:35:49.209+0000] {dagbag.py:538} INFO - Filling up the DagBag from /home/airflow/.local/lib/python3.7/site-packages/airflow/example_dags/example_sla_dag.py
[2026-01-21T10:35:49.226+0000] {processor.py:753} INFO - DAG(s) dict_keys(['example_sla_dag']) retrieved from /home/airflow/.local/lib/python3.7/site-packages/airflow/example_dags/example_sla_dag.py
[2026-01-21T10:35:49.254+0000] {logging_mixin.py:137} INFO - [2026-01-21T10:35:49.254+0000] {dag.py:2676} INFO - Sync 1 DAGs
[2026-01-21T10:35:49.274+0000] {logging_mixin.py:137} INFO - [2026-01-21T10:35:49.274+0000] {dag.py:3427} INFO - Setting next_dagrun for example_sla_dag to 2026-01-21T10:32:00+00:00, run_after=2026-01-21T10:34:00+00:00
[2026-01-21T10:35:49.292+0000] {processor.py:175} INFO - Processing /home/airflow/.local/lib/python3.7/site-packages/airflow/example_dags/example_sla_dag.py took 0.087 seconds
[2026-01-21T10:36:20.179+0000] {processor.py:153} INFO - Started process (PID=2200) to work on /home/airflow/.local/lib/python3.7/site-packages/airflow/example_dags/example_sla_dag.py
[2026-01-21T10:36:20.180+0000] {processor.py:743} INFO - Processing file /home/airflow/.local/lib/python3.7/site-packages/airflow/example_dags/example_sla_dag.py for tasks to queue
[2026-01-21T10:36:20.180+0000] {logging_mixin.py:137} INFO - [2026-01-21T10:36:20.180+0000] {dagbag.py:538} INFO - Filling up the DagBag from /home/airflow/.local/lib/python3.7/site-packages/airflow/example_dags/example_sla_dag.py
[2026-01-21T10:36:20.197+0000] {processor.py:753} INFO - DAG(s) dict_keys(['example_sla_dag']) retrieved from /home/airflow/.local/lib/python3.7/site-packages/airflow/example_dags/example_sla_dag.py
[2026-01-21T10:36:20.225+0000] {logging_mixin.py:137} INFO - [2026-01-21T10:36:20.225+0000] {dag.py:2676} INFO - Sync 1 DAGs
[2026-01-21T10:36:20.245+0000] {logging_mixin.py:137} INFO - [2026-01-21T10:36:20.245+0000] {dag.py:3427} INFO - Setting next_dagrun for example_sla_dag to 2026-01-21T10:34:00+00:00, run_after=2026-01-21T10:36:00+00:00
[2026-01-21T10:36:20.258+0000] {processor.py:175} INFO - Processing /home/airflow/.local/lib/python3.7/site-packages/airflow/example_dags/example_sla_dag.py took 0.082 seconds
[2026-01-21T10:36:50.918+0000] {processor.py:153} INFO - Started process (PID=2278) to work on /home/airflow/.local/lib/python3.7/site-packages/airflow/example_dags/example_sla_dag.py
[2026-01-21T10:36:50.919+0000] {processor.py:743} INFO - Processing file /home/airflow/.local/lib/python3.7/site-packages/airflow/example_dags/example_sla_dag.py for tasks to queue
[2026-01-21T10:36:50.920+0000] {logging_mixin.py:137} INFO - [2026-01-21T10:36:50.920+0000] {dagbag.py:538} INFO - Filling up the DagBag from /home/airflow/.local/lib/python3.7/site-packages/airflow/example_dags/example_sla_dag.py
[2026-01-21T10:36:50.937+0000] {processor.py:753} INFO - DAG(s) dict_keys(['example_sla_dag']) retrieved from /home/airflow/.local/lib/python3.7/site-packages/airflow/example_dags/example_sla_dag.py
[2026-01-21T10:36:50.967+0000] {logging_mixin.py:137} INFO - [2026-01-21T10:36:50.966+0000] {dag.py:2676} INFO - Sync 1 DAGs
[2026-01-21T10:36:50.987+0000] {logging_mixin.py:137} INFO - [2026-01-21T10:36:50.986+0000] {dag.py:3427} INFO - Setting next_dagrun for example_sla_dag to 2026-01-21T10:34:00+00:00, run_after=2026-01-21T10:36:00+00:00
[2026-01-21T10:36:51.001+0000] {processor.py:175} INFO - Processing /home/airflow/.local/lib/python3.7/site-packages/airflow/example_dags/example_sla_dag.py took 0.085 seconds
[2026-01-21T10:37:21.791+0000] {processor.py:153} INFO - Started process (PID=2376) to work on /home/airflow/.local/lib/python3.7/site-packages/airflow/example_dags/example_sla_dag.py
[2026-01-21T10:37:21.792+0000] {processor.py:743} INFO - Processing file /home/airflow/.local/lib/python3.7/site-packages/airflow/example_dags/example_sla_dag.py for tasks to queue
[2026-01-21T10:37:21.792+0000] {logging_mixin.py:137} INFO - [2026-01-21T10:37:21.792+0000] {dagbag.py:538} INFO - Filling up the DagBag from /home/airflow/.local/lib/python3.7/site-packages/airflow/example_dags/example_sla_dag.py
[2026-01-21T10:37:21.809+0000] {processor.py:753} INFO - DAG(s) dict_keys(['example_sla_dag']) retrieved from /home/airflow/.local/lib/python3.7/site-packages/airflow/example_dags/example_sla_dag.py
[2026-01-21T10:37:21.836+0000] {logging_mixin.py:137} INFO - [2026-01-21T10:37:21.836+0000] {dag.py:2676} INFO - Sync 1 DAGs
[2026-01-21T10:37:21.857+0000] {logging_mixin.py:137} INFO - [2026-01-21T10:37:21.857+0000] {dag.py:3427} INFO - Setting next_dagrun for example_sla_dag to 2026-01-21T10:34:00+00:00, run_after=2026-01-21T10:36:00+00:00
[2026-01-21T10:37:21.872+0000] {processor.py:175} INFO - Processing /home/airflow/.local/lib/python3.7/site-packages/airflow/example_dags/example_sla_dag.py took 0.084 seconds
[2026-01-21T10:37:52.661+0000] {processor.py:153} INFO - Started process (PID=2474) to work on /home/airflow/.local/lib/python3.7/site-packages/airflow/example_dags/example_sla_dag.py
[2026-01-21T10:37:52.662+0000] {processor.py:743} INFO - Processing file /home/airflow/.local/lib/python3.7/site-packages/airflow/example_dags/example_sla_dag.py for tasks to queue
[2026-01-21T10:37:52.662+0000] {logging_mixin.py:137} INFO - [2026-01-21T10:37:52.662+0000] {dagbag.py:538} INFO - Filling up the DagBag from /home/airflow/.local/lib/python3.7/site-packages/airflow/example_dags/example_sla_dag.py
[2026-01-21T10:37:52.680+0000] {processor.py:753} INFO - DAG(s) dict_keys(['example_sla_dag']) retrieved from /home/airflow/.local/lib/python3.7/site-packages/airflow/example_dags/example_sla_dag.py
[2026-01-21T10:37:52.709+0000] {logging_mixin.py:137} INFO - [2026-01-21T10:37:52.709+0000] {dag.py:2676} INFO - Sync 1 DAGs
[2026-01-21T10:37:52.730+0000] {logging_mixin.py:137} INFO - [2026-01-21T10:37:52.729+0000] {dag.py:3427} INFO - Setting next_dagrun for example_sla_dag to 2026-01-21T10:34:00+00:00, run_after=2026-01-21T10:36:00+00:00
[2026-01-21T10:37:52.744+0000] {processor.py:175} INFO - Processing /home/airflow/.local/lib/python3.7/site-packages/airflow/example_dags/example_sla_dag.py took 0.086 seconds
[2026-01-21T10:40:44.911+0000] {processor.py:153} INFO - Started process (PID=81) to work on /home/airflow/.local/lib/python3.7/site-packages/airflow/example_dags/example_sla_dag.py
[2026-01-21T10:40:44.912+0000] {processor.py:743} INFO - Processing file /home/airflow/.local/lib/python3.7/site-packages/airflow/example_dags/example_sla_dag.py for tasks to queue
[2026-01-21T10:40:44.913+0000] {logging_mixin.py:137} INFO - [2026-01-21T10:40:44.912+0000] {dagbag.py:538} INFO - Filling up the DagBag from /home/airflow/.local/lib/python3.7/site-packages/airflow/example_dags/example_sla_dag.py
[2026-01-21T10:40:44.936+0000] {processor.py:753} INFO - DAG(s) dict_keys(['example_sla_dag']) retrieved from /home/airflow/.local/lib/python3.7/site-packages/airflow/example_dags/example_sla_dag.py
[2026-01-21T10:40:44.967+0000] {logging_mixin.py:137} INFO - [2026-01-21T10:40:44.967+0000] {dag.py:2676} INFO - Sync 1 DAGs
[2026-01-21T10:40:44.992+0000] {logging_mixin.py:137} INFO - [2026-01-21T10:40:44.992+0000] {dag.py:3427} INFO - Setting next_dagrun for example_sla_dag to 2026-01-21T10:38:00+00:00, run_after=2026-01-21T10:40:00+00:00
[2026-01-21T10:40:45.059+0000] {processor.py:175} INFO - Processing /home/airflow/.local/lib/python3.7/site-packages/airflow/example_dags/example_sla_dag.py took 0.150 seconds
[2026-01-21T10:41:15.250+0000] {processor.py:153} INFO - Started process (PID=159) to work on /home/airflow/.local/lib/python3.7/site-packages/airflow/example_dags/example_sla_dag.py
[2026-01-21T10:41:15.251+0000] {processor.py:743} INFO - Processing file /home/airflow/.local/lib/python3.7/site-packages/airflow/example_dags/example_sla_dag.py for tasks to queue
[2026-01-21T10:41:15.251+0000] {logging_mixin.py:137} INFO - [2026-01-21T10:41:15.251+0000] {dagbag.py:538} INFO - Filling up the DagBag from /home/airflow/.local/lib/python3.7/site-packages/airflow/example_dags/example_sla_dag.py
[2026-01-21T10:41:15.270+0000] {processor.py:753} INFO - DAG(s) dict_keys(['example_sla_dag']) retrieved from /home/airflow/.local/lib/python3.7/site-packages/airflow/example_dags/example_sla_dag.py
[2026-01-21T10:41:15.297+0000] {logging_mixin.py:137} INFO - [2026-01-21T10:41:15.297+0000] {dag.py:2676} INFO - Sync 1 DAGs
[2026-01-21T10:41:15.317+0000] {logging_mixin.py:137} INFO - [2026-01-21T10:41:15.317+0000] {dag.py:3427} INFO - Setting next_dagrun for example_sla_dag to 2026-01-21T10:38:00+00:00, run_after=2026-01-21T10:40:00+00:00
[2026-01-21T10:41:15.329+0000] {processor.py:175} INFO - Processing /home/airflow/.local/lib/python3.7/site-packages/airflow/example_dags/example_sla_dag.py took 0.082 seconds
[2026-01-21T10:41:46.032+0000] {processor.py:153} INFO - Started process (PID=257) to work on /home/airflow/.local/lib/python3.7/site-packages/airflow/example_dags/example_sla_dag.py
[2026-01-21T10:41:46.033+0000] {processor.py:743} INFO - Processing file /home/airflow/.local/lib/python3.7/site-packages/airflow/example_dags/example_sla_dag.py for tasks to queue
[2026-01-21T10:41:46.033+0000] {logging_mixin.py:137} INFO - [2026-01-21T10:41:46.033+0000] {dagbag.py:538} INFO - Filling up the DagBag from /home/airflow/.local/lib/python3.7/site-packages/airflow/example_dags/example_sla_dag.py
[2026-01-21T10:41:46.052+0000] {processor.py:753} INFO - DAG(s) dict_keys(['example_sla_dag']) retrieved from /home/airflow/.local/lib/python3.7/site-packages/airflow/example_dags/example_sla_dag.py
[2026-01-21T10:41:46.084+0000] {logging_mixin.py:137} INFO - [2026-01-21T10:41:46.084+0000] {dag.py:2676} INFO - Sync 1 DAGs
[2026-01-21T10:41:46.106+0000] {logging_mixin.py:137} INFO - [2026-01-21T10:41:46.105+0000] {dag.py:3427} INFO - Setting next_dagrun for example_sla_dag to 2026-01-21T10:38:00+00:00, run_after=2026-01-21T10:40:00+00:00
[2026-01-21T10:41:46.119+0000] {processor.py:175} INFO - Processing /home/airflow/.local/lib/python3.7/site-packages/airflow/example_dags/example_sla_dag.py took 0.090 seconds
[2026-01-21T10:42:16.962+0000] {processor.py:153} INFO - Started process (PID=345) to work on /home/airflow/.local/lib/python3.7/site-packages/airflow/example_dags/example_sla_dag.py
[2026-01-21T10:42:16.963+0000] {processor.py:743} INFO - Processing file /home/airflow/.local/lib/python3.7/site-packages/airflow/example_dags/example_sla_dag.py for tasks to queue
[2026-01-21T10:42:16.963+0000] {logging_mixin.py:137} INFO - [2026-01-21T10:42:16.963+0000] {dagbag.py:538} INFO - Filling up the DagBag from /home/airflow/.local/lib/python3.7/site-packages/airflow/example_dags/example_sla_dag.py
[2026-01-21T10:42:16.981+0000] {processor.py:753} INFO - DAG(s) dict_keys(['example_sla_dag']) retrieved from /home/airflow/.local/lib/python3.7/site-packages/airflow/example_dags/example_sla_dag.py
[2026-01-21T10:42:17.009+0000] {logging_mixin.py:137} INFO - [2026-01-21T10:42:17.009+0000] {dag.py:2676} INFO - Sync 1 DAGs
[2026-01-21T10:42:17.037+0000] {logging_mixin.py:137} INFO - [2026-01-21T10:42:17.037+0000] {dag.py:3427} INFO - Setting next_dagrun for example_sla_dag to 2026-01-21T10:40:00+00:00, run_after=2026-01-21T10:42:00+00:00
[2026-01-21T10:42:17.060+0000] {processor.py:175} INFO - Processing /home/airflow/.local/lib/python3.7/site-packages/airflow/example_dags/example_sla_dag.py took 0.101 seconds
[2026-01-21T10:42:47.904+0000] {processor.py:153} INFO - Started process (PID=434) to work on /home/airflow/.local/lib/python3.7/site-packages/airflow/example_dags/example_sla_dag.py
[2026-01-21T10:42:47.905+0000] {processor.py:743} INFO - Processing file /home/airflow/.local/lib/python3.7/site-packages/airflow/example_dags/example_sla_dag.py for tasks to queue
[2026-01-21T10:42:47.906+0000] {logging_mixin.py:137} INFO - [2026-01-21T10:42:47.905+0000] {dagbag.py:538} INFO - Filling up the DagBag from /home/airflow/.local/lib/python3.7/site-packages/airflow/example_dags/example_sla_dag.py
[2026-01-21T10:42:47.923+0000] {processor.py:753} INFO - DAG(s) dict_keys(['example_sla_dag']) retrieved from /home/airflow/.local/lib/python3.7/site-packages/airflow/example_dags/example_sla_dag.py
[2026-01-21T10:42:47.950+0000] {logging_mixin.py:137} INFO - [2026-01-21T10:42:47.950+0000] {dag.py:2676} INFO - Sync 1 DAGs
[2026-01-21T10:42:47.971+0000] {logging_mixin.py:137} INFO - [2026-01-21T10:42:47.971+0000] {dag.py:3427} INFO - Setting next_dagrun for example_sla_dag to 2026-01-21T10:40:00+00:00, run_after=2026-01-21T10:42:00+00:00
[2026-01-21T10:42:47.984+0000] {processor.py:175} INFO - Processing /home/airflow/.local/lib/python3.7/site-packages/airflow/example_dags/example_sla_dag.py took 0.082 seconds
[2026-01-21T10:43:18.187+0000] {processor.py:153} INFO - Started process (PID=532) to work on /home/airflow/.local/lib/python3.7/site-packages/airflow/example_dags/example_sla_dag.py
[2026-01-21T10:43:18.188+0000] {processor.py:743} INFO - Processing file /home/airflow/.local/lib/python3.7/site-packages/airflow/example_dags/example_sla_dag.py for tasks to queue
[2026-01-21T10:43:18.189+0000] {logging_mixin.py:137} INFO - [2026-01-21T10:43:18.189+0000] {dagbag.py:538} INFO - Filling up the DagBag from /home/airflow/.local/lib/python3.7/site-packages/airflow/example_dags/example_sla_dag.py
[2026-01-21T10:43:18.206+0000] {processor.py:753} INFO - DAG(s) dict_keys(['example_sla_dag']) retrieved from /home/airflow/.local/lib/python3.7/site-packages/airflow/example_dags/example_sla_dag.py
[2026-01-21T10:43:18.233+0000] {logging_mixin.py:137} INFO - [2026-01-21T10:43:18.233+0000] {dag.py:2676} INFO - Sync 1 DAGs
[2026-01-21T10:43:18.253+0000] {logging_mixin.py:137} INFO - [2026-01-21T10:43:18.253+0000] {dag.py:3427} INFO - Setting next_dagrun for example_sla_dag to 2026-01-21T10:40:00+00:00, run_after=2026-01-21T10:42:00+00:00
[2026-01-21T10:43:18.266+0000] {processor.py:175} INFO - Processing /home/airflow/.local/lib/python3.7/site-packages/airflow/example_dags/example_sla_dag.py took 0.081 seconds
[2026-01-21T10:43:48.780+0000] {processor.py:153} INFO - Started process (PID=610) to work on /home/airflow/.local/lib/python3.7/site-packages/airflow/example_dags/example_sla_dag.py
[2026-01-21T10:43:48.781+0000] {processor.py:743} INFO - Processing file /home/airflow/.local/lib/python3.7/site-packages/airflow/example_dags/example_sla_dag.py for tasks to queue
[2026-01-21T10:43:48.782+0000] {logging_mixin.py:137} INFO - [2026-01-21T10:43:48.782+0000] {dagbag.py:538} INFO - Filling up the DagBag from /home/airflow/.local/lib/python3.7/site-packages/airflow/example_dags/example_sla_dag.py
[2026-01-21T10:43:48.799+0000] {processor.py:753} INFO - DAG(s) dict_keys(['example_sla_dag']) retrieved from /home/airflow/.local/lib/python3.7/site-packages/airflow/example_dags/example_sla_dag.py
[2026-01-21T10:43:48.828+0000] {logging_mixin.py:137} INFO - [2026-01-21T10:43:48.828+0000] {dag.py:2676} INFO - Sync 1 DAGs
[2026-01-21T10:43:48.849+0000] {logging_mixin.py:137} INFO - [2026-01-21T10:43:48.849+0000] {dag.py:3427} INFO - Setting next_dagrun for example_sla_dag to 2026-01-21T10:40:00+00:00, run_after=2026-01-21T10:42:00+00:00
[2026-01-21T10:43:48.863+0000] {processor.py:175} INFO - Processing /home/airflow/.local/lib/python3.7/site-packages/airflow/example_dags/example_sla_dag.py took 0.085 seconds
[2026-01-21T10:44:18.951+0000] {processor.py:153} INFO - Started process (PID=708) to work on /home/airflow/.local/lib/python3.7/site-packages/airflow/example_dags/example_sla_dag.py
[2026-01-21T10:44:18.951+0000] {processor.py:743} INFO - Processing file /home/airflow/.local/lib/python3.7/site-packages/airflow/example_dags/example_sla_dag.py for tasks to queue
[2026-01-21T10:44:18.952+0000] {logging_mixin.py:137} INFO - [2026-01-21T10:44:18.952+0000] {dagbag.py:538} INFO - Filling up the DagBag from /home/airflow/.local/lib/python3.7/site-packages/airflow/example_dags/example_sla_dag.py
[2026-01-21T10:44:18.969+0000] {processor.py:753} INFO - DAG(s) dict_keys(['example_sla_dag']) retrieved from /home/airflow/.local/lib/python3.7/site-packages/airflow/example_dags/example_sla_dag.py
[2026-01-21T10:44:18.998+0000] {logging_mixin.py:137} INFO - [2026-01-21T10:44:18.997+0000] {dag.py:2676} INFO - Sync 1 DAGs
[2026-01-21T10:44:19.018+0000] {logging_mixin.py:137} INFO - [2026-01-21T10:44:19.018+0000] {dag.py:3427} INFO - Setting next_dagrun for example_sla_dag to 2026-01-21T10:42:00+00:00, run_after=2026-01-21T10:44:00+00:00
[2026-01-21T10:44:19.031+0000] {processor.py:175} INFO - Processing /home/airflow/.local/lib/python3.7/site-packages/airflow/example_dags/example_sla_dag.py took 0.083 seconds
[2026-01-21T10:44:49.100+0000] {processor.py:153} INFO - Started process (PID=795) to work on /home/airflow/.local/lib/python3.7/site-packages/airflow/example_dags/example_sla_dag.py
[2026-01-21T10:44:49.101+0000] {processor.py:743} INFO - Processing file /home/airflow/.local/lib/python3.7/site-packages/airflow/example_dags/example_sla_dag.py for tasks to queue
[2026-01-21T10:44:49.102+0000] {logging_mixin.py:137} INFO - [2026-01-21T10:44:49.101+0000] {dagbag.py:538} INFO - Filling up the DagBag from /home/airflow/.local/lib/python3.7/site-packages/airflow/example_dags/example_sla_dag.py
[2026-01-21T10:44:49.119+0000] {processor.py:753} INFO - DAG(s) dict_keys(['example_sla_dag']) retrieved from /home/airflow/.local/lib/python3.7/site-packages/airflow/example_dags/example_sla_dag.py
[2026-01-21T10:44:49.149+0000] {logging_mixin.py:137} INFO - [2026-01-21T10:44:49.149+0000] {dag.py:2676} INFO - Sync 1 DAGs
[2026-01-21T10:44:49.171+0000] {logging_mixin.py:137} INFO - [2026-01-21T10:44:49.171+0000] {dag.py:3427} INFO - Setting next_dagrun for example_sla_dag to 2026-01-21T10:42:00+00:00, run_after=2026-01-21T10:44:00+00:00
[2026-01-21T10:44:49.186+0000] {processor.py:175} INFO - Processing /home/airflow/.local/lib/python3.7/site-packages/airflow/example_dags/example_sla_dag.py took 0.088 seconds
[2026-01-21T10:45:19.231+0000] {processor.py:153} INFO - Started process (PID=884) to work on /home/airflow/.local/lib/python3.7/site-packages/airflow/example_dags/example_sla_dag.py
[2026-01-21T10:45:19.232+0000] {processor.py:743} INFO - Processing file /home/airflow/.local/lib/python3.7/site-packages/airflow/example_dags/example_sla_dag.py for tasks to queue
[2026-01-21T10:45:19.233+0000] {logging_mixin.py:137} INFO - [2026-01-21T10:45:19.233+0000] {dagbag.py:538} INFO - Filling up the DagBag from /home/airflow/.local/lib/python3.7/site-packages/airflow/example_dags/example_sla_dag.py
[2026-01-21T10:45:19.253+0000] {processor.py:753} INFO - DAG(s) dict_keys(['example_sla_dag']) retrieved from /home/airflow/.local/lib/python3.7/site-packages/airflow/example_dags/example_sla_dag.py
[2026-01-21T10:45:19.296+0000] {logging_mixin.py:137} INFO - [2026-01-21T10:45:19.296+0000] {dag.py:2676} INFO - Sync 1 DAGs
[2026-01-21T10:45:19.324+0000] {logging_mixin.py:137} INFO - [2026-01-21T10:45:19.324+0000] {dag.py:3427} INFO - Setting next_dagrun for example_sla_dag to 2026-01-21T10:42:00+00:00, run_after=2026-01-21T10:44:00+00:00
[2026-01-21T10:45:19.341+0000] {processor.py:175} INFO - Processing /home/airflow/.local/lib/python3.7/site-packages/airflow/example_dags/example_sla_dag.py took 0.113 seconds
[2026-01-21T10:45:49.460+0000] {processor.py:153} INFO - Started process (PID=982) to work on /home/airflow/.local/lib/python3.7/site-packages/airflow/example_dags/example_sla_dag.py
[2026-01-21T10:45:49.461+0000] {processor.py:743} INFO - Processing file /home/airflow/.local/lib/python3.7/site-packages/airflow/example_dags/example_sla_dag.py for tasks to queue
[2026-01-21T10:45:49.461+0000] {logging_mixin.py:137} INFO - [2026-01-21T10:45:49.461+0000] {dagbag.py:538} INFO - Filling up the DagBag from /home/airflow/.local/lib/python3.7/site-packages/airflow/example_dags/example_sla_dag.py
[2026-01-21T10:45:49.479+0000] {processor.py:753} INFO - DAG(s) dict_keys(['example_sla_dag']) retrieved from /home/airflow/.local/lib/python3.7/site-packages/airflow/example_dags/example_sla_dag.py
[2026-01-21T10:45:49.507+0000] {logging_mixin.py:137} INFO - [2026-01-21T10:45:49.507+0000] {dag.py:2676} INFO - Sync 1 DAGs
[2026-01-21T10:45:49.529+0000] {logging_mixin.py:137} INFO - [2026-01-21T10:45:49.529+0000] {dag.py:3427} INFO - Setting next_dagrun for example_sla_dag to 2026-01-21T10:42:00+00:00, run_after=2026-01-21T10:44:00+00:00
[2026-01-21T10:45:49.543+0000] {processor.py:175} INFO - Processing /home/airflow/.local/lib/python3.7/site-packages/airflow/example_dags/example_sla_dag.py took 0.085 seconds
[2026-01-21T10:46:19.666+0000] {processor.py:153} INFO - Started process (PID=1060) to work on /home/airflow/.local/lib/python3.7/site-packages/airflow/example_dags/example_sla_dag.py
[2026-01-21T10:46:19.667+0000] {processor.py:743} INFO - Processing file /home/airflow/.local/lib/python3.7/site-packages/airflow/example_dags/example_sla_dag.py for tasks to queue
[2026-01-21T10:46:19.667+0000] {logging_mixin.py:137} INFO - [2026-01-21T10:46:19.667+0000] {dagbag.py:538} INFO - Filling up the DagBag from /home/airflow/.local/lib/python3.7/site-packages/airflow/example_dags/example_sla_dag.py
[2026-01-21T10:46:19.684+0000] {processor.py:753} INFO - DAG(s) dict_keys(['example_sla_dag']) retrieved from /home/airflow/.local/lib/python3.7/site-packages/airflow/example_dags/example_sla_dag.py
[2026-01-21T10:46:19.712+0000] {logging_mixin.py:137} INFO - [2026-01-21T10:46:19.712+0000] {dag.py:2676} INFO - Sync 1 DAGs
[2026-01-21T10:46:19.732+0000] {logging_mixin.py:137} INFO - [2026-01-21T10:46:19.731+0000] {dag.py:3427} INFO - Setting next_dagrun for example_sla_dag to 2026-01-21T10:44:00+00:00, run_after=2026-01-21T10:46:00+00:00
[2026-01-21T10:46:19.745+0000] {processor.py:175} INFO - Processing /home/airflow/.local/lib/python3.7/site-packages/airflow/example_dags/example_sla_dag.py took 0.081 seconds
[2026-01-21T10:46:49.853+0000] {processor.py:153} INFO - Started process (PID=1158) to work on /home/airflow/.local/lib/python3.7/site-packages/airflow/example_dags/example_sla_dag.py
[2026-01-21T10:46:49.853+0000] {processor.py:743} INFO - Processing file /home/airflow/.local/lib/python3.7/site-packages/airflow/example_dags/example_sla_dag.py for tasks to queue
[2026-01-21T10:46:49.854+0000] {logging_mixin.py:137} INFO - [2026-01-21T10:46:49.854+0000] {dagbag.py:538} INFO - Filling up the DagBag from /home/airflow/.local/lib/python3.7/site-packages/airflow/example_dags/example_sla_dag.py
[2026-01-21T10:46:49.872+0000] {processor.py:753} INFO - DAG(s) dict_keys(['example_sla_dag']) retrieved from /home/airflow/.local/lib/python3.7/site-packages/airflow/example_dags/example_sla_dag.py
[2026-01-21T10:46:49.899+0000] {logging_mixin.py:137} INFO - [2026-01-21T10:46:49.899+0000] {dag.py:2676} INFO - Sync 1 DAGs
[2026-01-21T10:46:49.920+0000] {logging_mixin.py:137} INFO - [2026-01-21T10:46:49.920+0000] {dag.py:3427} INFO - Setting next_dagrun for example_sla_dag to 2026-01-21T10:44:00+00:00, run_after=2026-01-21T10:46:00+00:00
[2026-01-21T10:46:49.935+0000] {processor.py:175} INFO - Processing /home/airflow/.local/lib/python3.7/site-packages/airflow/example_dags/example_sla_dag.py took 0.085 seconds
[2026-01-21T10:47:20.065+0000] {processor.py:153} INFO - Started process (PID=1236) to work on /home/airflow/.local/lib/python3.7/site-packages/airflow/example_dags/example_sla_dag.py
[2026-01-21T10:47:20.066+0000] {processor.py:743} INFO - Processing file /home/airflow/.local/lib/python3.7/site-packages/airflow/example_dags/example_sla_dag.py for tasks to queue
[2026-01-21T10:47:20.066+0000] {logging_mixin.py:137} INFO - [2026-01-21T10:47:20.066+0000] {dagbag.py:538} INFO - Filling up the DagBag from /home/airflow/.local/lib/python3.7/site-packages/airflow/example_dags/example_sla_dag.py
[2026-01-21T10:47:20.084+0000] {processor.py:753} INFO - DAG(s) dict_keys(['example_sla_dag']) retrieved from /home/airflow/.local/lib/python3.7/site-packages/airflow/example_dags/example_sla_dag.py
[2026-01-21T10:47:20.110+0000] {logging_mixin.py:137} INFO - [2026-01-21T10:47:20.110+0000] {dag.py:2676} INFO - Sync 1 DAGs
[2026-01-21T10:47:20.131+0000] {logging_mixin.py:137} INFO - [2026-01-21T10:47:20.131+0000] {dag.py:3427} INFO - Setting next_dagrun for example_sla_dag to 2026-01-21T10:44:00+00:00, run_after=2026-01-21T10:46:00+00:00
[2026-01-21T10:47:20.144+0000] {processor.py:175} INFO - Processing /home/airflow/.local/lib/python3.7/site-packages/airflow/example_dags/example_sla_dag.py took 0.082 seconds
[2026-01-21T10:47:50.265+0000] {processor.py:153} INFO - Started process (PID=1334) to work on /home/airflow/.local/lib/python3.7/site-packages/airflow/example_dags/example_sla_dag.py
[2026-01-21T10:47:50.266+0000] {processor.py:743} INFO - Processing file /home/airflow/.local/lib/python3.7/site-packages/airflow/example_dags/example_sla_dag.py for tasks to queue
[2026-01-21T10:47:50.267+0000] {logging_mixin.py:137} INFO - [2026-01-21T10:47:50.266+0000] {dagbag.py:538} INFO - Filling up the DagBag from /home/airflow/.local/lib/python3.7/site-packages/airflow/example_dags/example_sla_dag.py
[2026-01-21T10:47:50.284+0000] {processor.py:753} INFO - DAG(s) dict_keys(['example_sla_dag']) retrieved from /home/airflow/.local/lib/python3.7/site-packages/airflow/example_dags/example_sla_dag.py
[2026-01-21T10:47:50.311+0000] {logging_mixin.py:137} INFO - [2026-01-21T10:47:50.311+0000] {dag.py:2676} INFO - Sync 1 DAGs
[2026-01-21T10:47:50.331+0000] {logging_mixin.py:137} INFO - [2026-01-21T10:47:50.331+0000] {dag.py:3427} INFO - Setting next_dagrun for example_sla_dag to 2026-01-21T10:44:00+00:00, run_after=2026-01-21T10:46:00+00:00
[2026-01-21T10:47:50.345+0000] {processor.py:175} INFO - Processing /home/airflow/.local/lib/python3.7/site-packages/airflow/example_dags/example_sla_dag.py took 0.082 seconds
[2026-01-21T10:48:20.410+0000] {processor.py:153} INFO - Started process (PID=1432) to work on /home/airflow/.local/lib/python3.7/site-packages/airflow/example_dags/example_sla_dag.py
[2026-01-21T10:48:20.411+0000] {processor.py:743} INFO - Processing file /home/airflow/.local/lib/python3.7/site-packages/airflow/example_dags/example_sla_dag.py for tasks to queue
[2026-01-21T10:48:20.412+0000] {logging_mixin.py:137} INFO - [2026-01-21T10:48:20.411+0000] {dagbag.py:538} INFO - Filling up the DagBag from /home/airflow/.local/lib/python3.7/site-packages/airflow/example_dags/example_sla_dag.py
[2026-01-21T10:48:20.432+0000] {processor.py:753} INFO - DAG(s) dict_keys(['example_sla_dag']) retrieved from /home/airflow/.local/lib/python3.7/site-packages/airflow/example_dags/example_sla_dag.py
[2026-01-21T10:48:20.462+0000] {logging_mixin.py:137} INFO - [2026-01-21T10:48:20.462+0000] {dag.py:2676} INFO - Sync 1 DAGs
[2026-01-21T10:48:20.485+0000] {logging_mixin.py:137} INFO - [2026-01-21T10:48:20.484+0000] {dag.py:3427} INFO - Setting next_dagrun for example_sla_dag to 2026-01-21T10:46:00+00:00, run_after=2026-01-21T10:48:00+00:00
[2026-01-21T10:48:20.746+0000] {processor.py:175} INFO - Processing /home/airflow/.local/lib/python3.7/site-packages/airflow/example_dags/example_sla_dag.py took 0.339 seconds
[2026-01-21T10:48:51.660+0000] {processor.py:153} INFO - Started process (PID=1510) to work on /home/airflow/.local/lib/python3.7/site-packages/airflow/example_dags/example_sla_dag.py
[2026-01-21T10:48:51.661+0000] {processor.py:743} INFO - Processing file /home/airflow/.local/lib/python3.7/site-packages/airflow/example_dags/example_sla_dag.py for tasks to queue
[2026-01-21T10:48:51.661+0000] {logging_mixin.py:137} INFO - [2026-01-21T10:48:51.661+0000] {dagbag.py:538} INFO - Filling up the DagBag from /home/airflow/.local/lib/python3.7/site-packages/airflow/example_dags/example_sla_dag.py
[2026-01-21T10:48:51.679+0000] {processor.py:753} INFO - DAG(s) dict_keys(['example_sla_dag']) retrieved from /home/airflow/.local/lib/python3.7/site-packages/airflow/example_dags/example_sla_dag.py
[2026-01-21T10:48:51.706+0000] {logging_mixin.py:137} INFO - [2026-01-21T10:48:51.705+0000] {dag.py:2676} INFO - Sync 1 DAGs
[2026-01-21T10:48:51.727+0000] {logging_mixin.py:137} INFO - [2026-01-21T10:48:51.726+0000] {dag.py:3427} INFO - Setting next_dagrun for example_sla_dag to 2026-01-21T10:46:00+00:00, run_after=2026-01-21T10:48:00+00:00
[2026-01-21T10:48:51.740+0000] {processor.py:175} INFO - Processing /home/airflow/.local/lib/python3.7/site-packages/airflow/example_dags/example_sla_dag.py took 0.082 seconds
[2026-01-21T10:49:22.592+0000] {processor.py:153} INFO - Started process (PID=1608) to work on /home/airflow/.local/lib/python3.7/site-packages/airflow/example_dags/example_sla_dag.py
[2026-01-21T10:49:22.593+0000] {processor.py:743} INFO - Processing file /home/airflow/.local/lib/python3.7/site-packages/airflow/example_dags/example_sla_dag.py for tasks to queue
[2026-01-21T10:49:22.593+0000] {logging_mixin.py:137} INFO - [2026-01-21T10:49:22.593+0000] {dagbag.py:538} INFO - Filling up the DagBag from /home/airflow/.local/lib/python3.7/site-packages/airflow/example_dags/example_sla_dag.py
[2026-01-21T10:49:22.610+0000] {processor.py:753} INFO - DAG(s) dict_keys(['example_sla_dag']) retrieved from /home/airflow/.local/lib/python3.7/site-packages/airflow/example_dags/example_sla_dag.py
[2026-01-21T10:49:22.637+0000] {logging_mixin.py:137} INFO - [2026-01-21T10:49:22.637+0000] {dag.py:2676} INFO - Sync 1 DAGs
[2026-01-21T10:49:22.658+0000] {logging_mixin.py:137} INFO - [2026-01-21T10:49:22.658+0000] {dag.py:3427} INFO - Setting next_dagrun for example_sla_dag to 2026-01-21T10:46:00+00:00, run_after=2026-01-21T10:48:00+00:00
[2026-01-21T10:49:22.672+0000] {processor.py:175} INFO - Processing /home/airflow/.local/lib/python3.7/site-packages/airflow/example_dags/example_sla_dag.py took 0.082 seconds
[2026-01-21T10:49:53.396+0000] {processor.py:153} INFO - Started process (PID=1695) to work on /home/airflow/.local/lib/python3.7/site-packages/airflow/example_dags/example_sla_dag.py
[2026-01-21T10:49:53.400+0000] {processor.py:743} INFO - Processing file /home/airflow/.local/lib/python3.7/site-packages/airflow/example_dags/example_sla_dag.py for tasks to queue
[2026-01-21T10:49:53.401+0000] {logging_mixin.py:137} INFO - [2026-01-21T10:49:53.401+0000] {dagbag.py:538} INFO - Filling up the DagBag from /home/airflow/.local/lib/python3.7/site-packages/airflow/example_dags/example_sla_dag.py
[2026-01-21T10:49:53.425+0000] {processor.py:753} INFO - DAG(s) dict_keys(['example_sla_dag']) retrieved from /home/airflow/.local/lib/python3.7/site-packages/airflow/example_dags/example_sla_dag.py
[2026-01-21T10:49:53.485+0000] {logging_mixin.py:137} INFO - [2026-01-21T10:49:53.485+0000] {dag.py:2676} INFO - Sync 1 DAGs
[2026-01-21T10:49:53.510+0000] {logging_mixin.py:137} INFO - [2026-01-21T10:49:53.509+0000] {dag.py:3427} INFO - Setting next_dagrun for example_sla_dag to 2026-01-21T10:46:00+00:00, run_after=2026-01-21T10:48:00+00:00
[2026-01-21T10:49:53.525+0000] {processor.py:175} INFO - Processing /home/airflow/.local/lib/python3.7/site-packages/airflow/example_dags/example_sla_dag.py took 0.132 seconds
[2026-01-21T10:50:24.275+0000] {processor.py:153} INFO - Started process (PID=1785) to work on /home/airflow/.local/lib/python3.7/site-packages/airflow/example_dags/example_sla_dag.py
[2026-01-21T10:50:24.275+0000] {processor.py:743} INFO - Processing file /home/airflow/.local/lib/python3.7/site-packages/airflow/example_dags/example_sla_dag.py for tasks to queue
[2026-01-21T10:50:24.276+0000] {logging_mixin.py:137} INFO - [2026-01-21T10:50:24.276+0000] {dagbag.py:538} INFO - Filling up the DagBag from /home/airflow/.local/lib/python3.7/site-packages/airflow/example_dags/example_sla_dag.py
[2026-01-21T10:50:24.293+0000] {processor.py:753} INFO - DAG(s) dict_keys(['example_sla_dag']) retrieved from /home/airflow/.local/lib/python3.7/site-packages/airflow/example_dags/example_sla_dag.py
[2026-01-21T10:50:24.325+0000] {logging_mixin.py:137} INFO - [2026-01-21T10:50:24.325+0000] {dag.py:2676} INFO - Sync 1 DAGs
[2026-01-21T10:50:24.352+0000] {logging_mixin.py:137} INFO - [2026-01-21T10:50:24.352+0000] {dag.py:3427} INFO - Setting next_dagrun for example_sla_dag to 2026-01-21T10:48:00+00:00, run_after=2026-01-21T10:50:00+00:00
[2026-01-21T10:50:24.369+0000] {processor.py:175} INFO - Processing /home/airflow/.local/lib/python3.7/site-packages/airflow/example_dags/example_sla_dag.py took 0.096 seconds
[2026-01-21T10:50:54.460+0000] {processor.py:153} INFO - Started process (PID=1883) to work on /home/airflow/.local/lib/python3.7/site-packages/airflow/example_dags/example_sla_dag.py
[2026-01-21T10:50:54.461+0000] {processor.py:743} INFO - Processing file /home/airflow/.local/lib/python3.7/site-packages/airflow/example_dags/example_sla_dag.py for tasks to queue
[2026-01-21T10:50:54.461+0000] {logging_mixin.py:137} INFO - [2026-01-21T10:50:54.461+0000] {dagbag.py:538} INFO - Filling up the DagBag from /home/airflow/.local/lib/python3.7/site-packages/airflow/example_dags/example_sla_dag.py
[2026-01-21T10:50:54.481+0000] {processor.py:753} INFO - DAG(s) dict_keys(['example_sla_dag']) retrieved from /home/airflow/.local/lib/python3.7/site-packages/airflow/example_dags/example_sla_dag.py
[2026-01-21T10:50:54.512+0000] {logging_mixin.py:137} INFO - [2026-01-21T10:50:54.512+0000] {dag.py:2676} INFO - Sync 1 DAGs
[2026-01-21T10:50:54.534+0000] {logging_mixin.py:137} INFO - [2026-01-21T10:50:54.534+0000] {dag.py:3427} INFO - Setting next_dagrun for example_sla_dag to 2026-01-21T10:48:00+00:00, run_after=2026-01-21T10:50:00+00:00
[2026-01-21T10:50:54.547+0000] {processor.py:175} INFO - Processing /home/airflow/.local/lib/python3.7/site-packages/airflow/example_dags/example_sla_dag.py took 0.089 seconds
[2026-01-21T10:51:25.337+0000] {processor.py:153} INFO - Started process (PID=1961) to work on /home/airflow/.local/lib/python3.7/site-packages/airflow/example_dags/example_sla_dag.py
[2026-01-21T10:51:25.338+0000] {processor.py:743} INFO - Processing file /home/airflow/.local/lib/python3.7/site-packages/airflow/example_dags/example_sla_dag.py for tasks to queue
[2026-01-21T10:51:25.339+0000] {logging_mixin.py:137} INFO - [2026-01-21T10:51:25.338+0000] {dagbag.py:538} INFO - Filling up the DagBag from /home/airflow/.local/lib/python3.7/site-packages/airflow/example_dags/example_sla_dag.py
[2026-01-21T10:51:25.356+0000] {processor.py:753} INFO - DAG(s) dict_keys(['example_sla_dag']) retrieved from /home/airflow/.local/lib/python3.7/site-packages/airflow/example_dags/example_sla_dag.py
[2026-01-21T10:51:25.382+0000] {logging_mixin.py:137} INFO - [2026-01-21T10:51:25.382+0000] {dag.py:2676} INFO - Sync 1 DAGs
[2026-01-21T10:51:25.403+0000] {logging_mixin.py:137} INFO - [2026-01-21T10:51:25.403+0000] {dag.py:3427} INFO - Setting next_dagrun for example_sla_dag to 2026-01-21T10:48:00+00:00, run_after=2026-01-21T10:50:00+00:00
[2026-01-21T10:51:25.417+0000] {processor.py:175} INFO - Processing /home/airflow/.local/lib/python3.7/site-packages/airflow/example_dags/example_sla_dag.py took 0.082 seconds
[2026-01-21T10:51:56.139+0000] {processor.py:153} INFO - Started process (PID=2059) to work on /home/airflow/.local/lib/python3.7/site-packages/airflow/example_dags/example_sla_dag.py
[2026-01-21T10:51:56.140+0000] {processor.py:743} INFO - Processing file /home/airflow/.local/lib/python3.7/site-packages/airflow/example_dags/example_sla_dag.py for tasks to queue
[2026-01-21T10:51:56.140+0000] {logging_mixin.py:137} INFO - [2026-01-21T10:51:56.140+0000] {dagbag.py:538} INFO - Filling up the DagBag from /home/airflow/.local/lib/python3.7/site-packages/airflow/example_dags/example_sla_dag.py
[2026-01-21T10:51:56.159+0000] {processor.py:753} INFO - DAG(s) dict_keys(['example_sla_dag']) retrieved from /home/airflow/.local/lib/python3.7/site-packages/airflow/example_dags/example_sla_dag.py
[2026-01-21T10:51:56.187+0000] {logging_mixin.py:137} INFO - [2026-01-21T10:51:56.187+0000] {dag.py:2676} INFO - Sync 1 DAGs
[2026-01-21T10:51:56.207+0000] {logging_mixin.py:137} INFO - [2026-01-21T10:51:56.207+0000] {dag.py:3427} INFO - Setting next_dagrun for example_sla_dag to 2026-01-21T10:48:00+00:00, run_after=2026-01-21T10:50:00+00:00
[2026-01-21T10:51:56.220+0000] {processor.py:175} INFO - Processing /home/airflow/.local/lib/python3.7/site-packages/airflow/example_dags/example_sla_dag.py took 0.084 seconds
[2026-01-21T10:52:27.024+0000] {processor.py:153} INFO - Started process (PID=2157) to work on /home/airflow/.local/lib/python3.7/site-packages/airflow/example_dags/example_sla_dag.py
[2026-01-21T10:52:27.025+0000] {processor.py:743} INFO - Processing file /home/airflow/.local/lib/python3.7/site-packages/airflow/example_dags/example_sla_dag.py for tasks to queue
[2026-01-21T10:52:27.025+0000] {logging_mixin.py:137} INFO - [2026-01-21T10:52:27.025+0000] {dagbag.py:538} INFO - Filling up the DagBag from /home/airflow/.local/lib/python3.7/site-packages/airflow/example_dags/example_sla_dag.py
[2026-01-21T10:52:27.042+0000] {processor.py:753} INFO - DAG(s) dict_keys(['example_sla_dag']) retrieved from /home/airflow/.local/lib/python3.7/site-packages/airflow/example_dags/example_sla_dag.py
[2026-01-21T10:52:27.071+0000] {logging_mixin.py:137} INFO - [2026-01-21T10:52:27.071+0000] {dag.py:2676} INFO - Sync 1 DAGs
[2026-01-21T10:52:27.094+0000] {logging_mixin.py:137} INFO - [2026-01-21T10:52:27.094+0000] {dag.py:3427} INFO - Setting next_dagrun for example_sla_dag to 2026-01-21T10:50:00+00:00, run_after=2026-01-21T10:52:00+00:00
[2026-01-21T10:52:27.109+0000] {processor.py:175} INFO - Processing /home/airflow/.local/lib/python3.7/site-packages/airflow/example_dags/example_sla_dag.py took 0.087 seconds
[2026-01-21T10:52:57.897+0000] {processor.py:153} INFO - Started process (PID=2235) to work on /home/airflow/.local/lib/python3.7/site-packages/airflow/example_dags/example_sla_dag.py
[2026-01-21T10:52:57.898+0000] {processor.py:743} INFO - Processing file /home/airflow/.local/lib/python3.7/site-packages/airflow/example_dags/example_sla_dag.py for tasks to queue
[2026-01-21T10:52:57.898+0000] {logging_mixin.py:137} INFO - [2026-01-21T10:52:57.898+0000] {dagbag.py:538} INFO - Filling up the DagBag from /home/airflow/.local/lib/python3.7/site-packages/airflow/example_dags/example_sla_dag.py
[2026-01-21T10:52:57.915+0000] {processor.py:753} INFO - DAG(s) dict_keys(['example_sla_dag']) retrieved from /home/airflow/.local/lib/python3.7/site-packages/airflow/example_dags/example_sla_dag.py
[2026-01-21T10:52:57.942+0000] {logging_mixin.py:137} INFO - [2026-01-21T10:52:57.942+0000] {dag.py:2676} INFO - Sync 1 DAGs
[2026-01-21T10:52:57.963+0000] {logging_mixin.py:137} INFO - [2026-01-21T10:52:57.963+0000] {dag.py:3427} INFO - Setting next_dagrun for example_sla_dag to 2026-01-21T10:50:00+00:00, run_after=2026-01-21T10:52:00+00:00
[2026-01-21T10:52:57.977+0000] {processor.py:175} INFO - Processing /home/airflow/.local/lib/python3.7/site-packages/airflow/example_dags/example_sla_dag.py took 0.083 seconds
[2026-01-21T10:53:28.834+0000] {processor.py:153} INFO - Started process (PID=2333) to work on /home/airflow/.local/lib/python3.7/site-packages/airflow/example_dags/example_sla_dag.py
[2026-01-21T10:53:28.834+0000] {processor.py:743} INFO - Processing file /home/airflow/.local/lib/python3.7/site-packages/airflow/example_dags/example_sla_dag.py for tasks to queue
[2026-01-21T10:53:28.835+0000] {logging_mixin.py:137} INFO - [2026-01-21T10:53:28.835+0000] {dagbag.py:538} INFO - Filling up the DagBag from /home/airflow/.local/lib/python3.7/site-packages/airflow/example_dags/example_sla_dag.py
[2026-01-21T10:53:28.852+0000] {processor.py:753} INFO - DAG(s) dict_keys(['example_sla_dag']) retrieved from /home/airflow/.local/lib/python3.7/site-packages/airflow/example_dags/example_sla_dag.py
[2026-01-21T10:53:28.880+0000] {logging_mixin.py:137} INFO - [2026-01-21T10:53:28.880+0000] {dag.py:2676} INFO - Sync 1 DAGs
[2026-01-21T10:53:28.901+0000] {logging_mixin.py:137} INFO - [2026-01-21T10:53:28.901+0000] {dag.py:3427} INFO - Setting next_dagrun for example_sla_dag to 2026-01-21T10:50:00+00:00, run_after=2026-01-21T10:52:00+00:00
[2026-01-21T10:53:28.915+0000] {processor.py:175} INFO - Processing /home/airflow/.local/lib/python3.7/site-packages/airflow/example_dags/example_sla_dag.py took 0.083 seconds
[2026-01-21T10:53:59.627+0000] {processor.py:153} INFO - Started process (PID=2431) to work on /home/airflow/.local/lib/python3.7/site-packages/airflow/example_dags/example_sla_dag.py
[2026-01-21T10:53:59.628+0000] {processor.py:743} INFO - Processing file /home/airflow/.local/lib/python3.7/site-packages/airflow/example_dags/example_sla_dag.py for tasks to queue
[2026-01-21T10:53:59.629+0000] {logging_mixin.py:137} INFO - [2026-01-21T10:53:59.629+0000] {dagbag.py:538} INFO - Filling up the DagBag from /home/airflow/.local/lib/python3.7/site-packages/airflow/example_dags/example_sla_dag.py
[2026-01-21T10:53:59.646+0000] {processor.py:753} INFO - DAG(s) dict_keys(['example_sla_dag']) retrieved from /home/airflow/.local/lib/python3.7/site-packages/airflow/example_dags/example_sla_dag.py
[2026-01-21T10:53:59.673+0000] {logging_mixin.py:137} INFO - [2026-01-21T10:53:59.673+0000] {dag.py:2676} INFO - Sync 1 DAGs
[2026-01-21T10:53:59.693+0000] {logging_mixin.py:137} INFO - [2026-01-21T10:53:59.693+0000] {dag.py:3427} INFO - Setting next_dagrun for example_sla_dag to 2026-01-21T10:50:00+00:00, run_after=2026-01-21T10:52:00+00:00
[2026-01-21T10:53:59.706+0000] {processor.py:175} INFO - Processing /home/airflow/.local/lib/python3.7/site-packages/airflow/example_dags/example_sla_dag.py took 0.081 seconds
[2026-01-21T10:54:30.458+0000] {processor.py:153} INFO - Started process (PID=2509) to work on /home/airflow/.local/lib/python3.7/site-packages/airflow/example_dags/example_sla_dag.py
[2026-01-21T10:54:30.459+0000] {processor.py:743} INFO - Processing file /home/airflow/.local/lib/python3.7/site-packages/airflow/example_dags/example_sla_dag.py for tasks to queue
[2026-01-21T10:54:30.460+0000] {logging_mixin.py:137} INFO - [2026-01-21T10:54:30.460+0000] {dagbag.py:538} INFO - Filling up the DagBag from /home/airflow/.local/lib/python3.7/site-packages/airflow/example_dags/example_sla_dag.py
[2026-01-21T10:54:30.476+0000] {processor.py:753} INFO - DAG(s) dict_keys(['example_sla_dag']) retrieved from /home/airflow/.local/lib/python3.7/site-packages/airflow/example_dags/example_sla_dag.py
[2026-01-21T10:54:30.504+0000] {logging_mixin.py:137} INFO - [2026-01-21T10:54:30.504+0000] {dag.py:2676} INFO - Sync 1 DAGs
[2026-01-21T10:54:30.524+0000] {logging_mixin.py:137} INFO - [2026-01-21T10:54:30.524+0000] {dag.py:3427} INFO - Setting next_dagrun for example_sla_dag to 2026-01-21T10:52:00+00:00, run_after=2026-01-21T10:54:00+00:00
[2026-01-21T10:54:30.537+0000] {processor.py:175} INFO - Processing /home/airflow/.local/lib/python3.7/site-packages/airflow/example_dags/example_sla_dag.py took 0.081 seconds
[2026-01-21T10:55:01.325+0000] {processor.py:153} INFO - Started process (PID=2607) to work on /home/airflow/.local/lib/python3.7/site-packages/airflow/example_dags/example_sla_dag.py
[2026-01-21T10:55:01.326+0000] {processor.py:743} INFO - Processing file /home/airflow/.local/lib/python3.7/site-packages/airflow/example_dags/example_sla_dag.py for tasks to queue
[2026-01-21T10:55:01.326+0000] {logging_mixin.py:137} INFO - [2026-01-21T10:55:01.326+0000] {dagbag.py:538} INFO - Filling up the DagBag from /home/airflow/.local/lib/python3.7/site-packages/airflow/example_dags/example_sla_dag.py
[2026-01-21T10:55:01.344+0000] {processor.py:753} INFO - DAG(s) dict_keys(['example_sla_dag']) retrieved from /home/airflow/.local/lib/python3.7/site-packages/airflow/example_dags/example_sla_dag.py
[2026-01-21T10:55:01.371+0000] {logging_mixin.py:137} INFO - [2026-01-21T10:55:01.371+0000] {dag.py:2676} INFO - Sync 1 DAGs
[2026-01-21T10:55:01.392+0000] {logging_mixin.py:137} INFO - [2026-01-21T10:55:01.392+0000] {dag.py:3427} INFO - Setting next_dagrun for example_sla_dag to 2026-01-21T10:52:00+00:00, run_after=2026-01-21T10:54:00+00:00
[2026-01-21T10:55:01.404+0000] {processor.py:175} INFO - Processing /home/airflow/.local/lib/python3.7/site-packages/airflow/example_dags/example_sla_dag.py took 0.082 seconds
[2026-01-21T10:55:32.080+0000] {processor.py:153} INFO - Started process (PID=2705) to work on /home/airflow/.local/lib/python3.7/site-packages/airflow/example_dags/example_sla_dag.py
[2026-01-21T10:55:32.081+0000] {processor.py:743} INFO - Processing file /home/airflow/.local/lib/python3.7/site-packages/airflow/example_dags/example_sla_dag.py for tasks to queue
[2026-01-21T10:55:32.082+0000] {logging_mixin.py:137} INFO - [2026-01-21T10:55:32.081+0000] {dagbag.py:538} INFO - Filling up the DagBag from /home/airflow/.local/lib/python3.7/site-packages/airflow/example_dags/example_sla_dag.py
[2026-01-21T10:55:32.099+0000] {processor.py:753} INFO - DAG(s) dict_keys(['example_sla_dag']) retrieved from /home/airflow/.local/lib/python3.7/site-packages/airflow/example_dags/example_sla_dag.py
[2026-01-21T10:55:32.126+0000] {logging_mixin.py:137} INFO - [2026-01-21T10:55:32.126+0000] {dag.py:2676} INFO - Sync 1 DAGs
[2026-01-21T10:55:32.148+0000] {logging_mixin.py:137} INFO - [2026-01-21T10:55:32.148+0000] {dag.py:3427} INFO - Setting next_dagrun for example_sla_dag to 2026-01-21T10:52:00+00:00, run_after=2026-01-21T10:54:00+00:00
[2026-01-21T10:55:32.162+0000] {processor.py:175} INFO - Processing /home/airflow/.local/lib/python3.7/site-packages/airflow/example_dags/example_sla_dag.py took 0.085 seconds
[2026-01-21T10:56:02.865+0000] {processor.py:153} INFO - Started process (PID=2783) to work on /home/airflow/.local/lib/python3.7/site-packages/airflow/example_dags/example_sla_dag.py
[2026-01-21T10:56:02.866+0000] {processor.py:743} INFO - Processing file /home/airflow/.local/lib/python3.7/site-packages/airflow/example_dags/example_sla_dag.py for tasks to queue
[2026-01-21T10:56:02.867+0000] {logging_mixin.py:137} INFO - [2026-01-21T10:56:02.867+0000] {dagbag.py:538} INFO - Filling up the DagBag from /home/airflow/.local/lib/python3.7/site-packages/airflow/example_dags/example_sla_dag.py
[2026-01-21T10:56:02.885+0000] {processor.py:753} INFO - DAG(s) dict_keys(['example_sla_dag']) retrieved from /home/airflow/.local/lib/python3.7/site-packages/airflow/example_dags/example_sla_dag.py
[2026-01-21T10:56:02.912+0000] {logging_mixin.py:137} INFO - [2026-01-21T10:56:02.912+0000] {dag.py:2676} INFO - Sync 1 DAGs
[2026-01-21T10:56:02.932+0000] {logging_mixin.py:137} INFO - [2026-01-21T10:56:02.932+0000] {dag.py:3427} INFO - Setting next_dagrun for example_sla_dag to 2026-01-21T10:54:00+00:00, run_after=2026-01-21T10:56:00+00:00
[2026-01-21T10:56:02.946+0000] {processor.py:175} INFO - Processing /home/airflow/.local/lib/python3.7/site-packages/airflow/example_dags/example_sla_dag.py took 0.084 seconds
[2026-01-21T10:56:33.630+0000] {processor.py:153} INFO - Started process (PID=2881) to work on /home/airflow/.local/lib/python3.7/site-packages/airflow/example_dags/example_sla_dag.py
[2026-01-21T10:56:33.631+0000] {processor.py:743} INFO - Processing file /home/airflow/.local/lib/python3.7/site-packages/airflow/example_dags/example_sla_dag.py for tasks to queue
[2026-01-21T10:56:33.632+0000] {logging_mixin.py:137} INFO - [2026-01-21T10:56:33.632+0000] {dagbag.py:538} INFO - Filling up the DagBag from /home/airflow/.local/lib/python3.7/site-packages/airflow/example_dags/example_sla_dag.py
[2026-01-21T10:56:33.649+0000] {processor.py:753} INFO - DAG(s) dict_keys(['example_sla_dag']) retrieved from /home/airflow/.local/lib/python3.7/site-packages/airflow/example_dags/example_sla_dag.py
[2026-01-21T10:56:33.676+0000] {logging_mixin.py:137} INFO - [2026-01-21T10:56:33.676+0000] {dag.py:2676} INFO - Sync 1 DAGs
[2026-01-21T10:56:33.696+0000] {logging_mixin.py:137} INFO - [2026-01-21T10:56:33.696+0000] {dag.py:3427} INFO - Setting next_dagrun for example_sla_dag to 2026-01-21T10:54:00+00:00, run_after=2026-01-21T10:56:00+00:00
[2026-01-21T10:56:33.710+0000] {processor.py:175} INFO - Processing /home/airflow/.local/lib/python3.7/site-packages/airflow/example_dags/example_sla_dag.py took 0.082 seconds
[2026-01-21T11:01:07.973+0000] {processor.py:153} INFO - Started process (PID=61) to work on /home/airflow/.local/lib/python3.7/site-packages/airflow/example_dags/example_sla_dag.py
[2026-01-21T11:01:07.974+0000] {processor.py:743} INFO - Processing file /home/airflow/.local/lib/python3.7/site-packages/airflow/example_dags/example_sla_dag.py for tasks to queue
[2026-01-21T11:01:07.975+0000] {logging_mixin.py:137} INFO - [2026-01-21T11:01:07.975+0000] {dagbag.py:538} INFO - Filling up the DagBag from /home/airflow/.local/lib/python3.7/site-packages/airflow/example_dags/example_sla_dag.py
[2026-01-21T11:01:08.001+0000] {processor.py:753} INFO - DAG(s) dict_keys(['example_sla_dag']) retrieved from /home/airflow/.local/lib/python3.7/site-packages/airflow/example_dags/example_sla_dag.py
[2026-01-21T11:01:08.035+0000] {logging_mixin.py:137} INFO - [2026-01-21T11:01:08.035+0000] {dag.py:2676} INFO - Sync 1 DAGs
[2026-01-21T11:01:08.057+0000] {logging_mixin.py:137} INFO - [2026-01-21T11:01:08.057+0000] {dag.py:3427} INFO - Setting next_dagrun for example_sla_dag to 2026-01-21T10:58:00+00:00, run_after=2026-01-21T11:00:00+00:00
[2026-01-21T11:01:08.071+0000] {processor.py:175} INFO - Processing /home/airflow/.local/lib/python3.7/site-packages/airflow/example_dags/example_sla_dag.py took 0.100 seconds
[2026-01-21T12:03:25.947+0000] {processor.py:153} INFO - Started process (PID=81) to work on /home/airflow/.local/lib/python3.7/site-packages/airflow/example_dags/example_sla_dag.py
[2026-01-21T12:03:25.948+0000] {processor.py:743} INFO - Processing file /home/airflow/.local/lib/python3.7/site-packages/airflow/example_dags/example_sla_dag.py for tasks to queue
[2026-01-21T12:03:25.949+0000] {logging_mixin.py:137} INFO - [2026-01-21T12:03:25.949+0000] {dagbag.py:538} INFO - Filling up the DagBag from /home/airflow/.local/lib/python3.7/site-packages/airflow/example_dags/example_sla_dag.py
[2026-01-21T12:03:25.978+0000] {processor.py:753} INFO - DAG(s) dict_keys(['example_sla_dag']) retrieved from /home/airflow/.local/lib/python3.7/site-packages/airflow/example_dags/example_sla_dag.py
[2026-01-21T12:03:26.012+0000] {logging_mixin.py:137} INFO - [2026-01-21T12:03:26.012+0000] {dag.py:2676} INFO - Sync 1 DAGs
[2026-01-21T12:03:26.043+0000] {logging_mixin.py:137} INFO - [2026-01-21T12:03:26.042+0000] {dag.py:3427} INFO - Setting next_dagrun for example_sla_dag to 2026-01-21T12:00:00+00:00, run_after=2026-01-21T12:02:00+00:00
[2026-01-21T12:03:26.064+0000] {processor.py:175} INFO - Processing /home/airflow/.local/lib/python3.7/site-packages/airflow/example_dags/example_sla_dag.py took 0.120 seconds
[2026-01-21T12:03:56.291+0000] {processor.py:153} INFO - Started process (PID=159) to work on /home/airflow/.local/lib/python3.7/site-packages/airflow/example_dags/example_sla_dag.py
[2026-01-21T12:03:56.292+0000] {processor.py:743} INFO - Processing file /home/airflow/.local/lib/python3.7/site-packages/airflow/example_dags/example_sla_dag.py for tasks to queue
[2026-01-21T12:03:56.292+0000] {logging_mixin.py:137} INFO - [2026-01-21T12:03:56.292+0000] {dagbag.py:538} INFO - Filling up the DagBag from /home/airflow/.local/lib/python3.7/site-packages/airflow/example_dags/example_sla_dag.py
[2026-01-21T12:03:56.311+0000] {processor.py:753} INFO - DAG(s) dict_keys(['example_sla_dag']) retrieved from /home/airflow/.local/lib/python3.7/site-packages/airflow/example_dags/example_sla_dag.py
[2026-01-21T12:03:56.338+0000] {logging_mixin.py:137} INFO - [2026-01-21T12:03:56.338+0000] {dag.py:2676} INFO - Sync 1 DAGs
[2026-01-21T12:03:56.360+0000] {logging_mixin.py:137} INFO - [2026-01-21T12:03:56.360+0000] {dag.py:3427} INFO - Setting next_dagrun for example_sla_dag to 2026-01-21T12:00:00+00:00, run_after=2026-01-21T12:02:00+00:00
[2026-01-21T12:03:56.374+0000] {processor.py:175} INFO - Processing /home/airflow/.local/lib/python3.7/site-packages/airflow/example_dags/example_sla_dag.py took 0.085 seconds
[2026-01-21T12:04:26.450+0000] {processor.py:153} INFO - Started process (PID=257) to work on /home/airflow/.local/lib/python3.7/site-packages/airflow/example_dags/example_sla_dag.py
[2026-01-21T12:04:26.451+0000] {processor.py:743} INFO - Processing file /home/airflow/.local/lib/python3.7/site-packages/airflow/example_dags/example_sla_dag.py for tasks to queue
[2026-01-21T12:04:26.451+0000] {logging_mixin.py:137} INFO - [2026-01-21T12:04:26.451+0000] {dagbag.py:538} INFO - Filling up the DagBag from /home/airflow/.local/lib/python3.7/site-packages/airflow/example_dags/example_sla_dag.py
[2026-01-21T12:04:26.469+0000] {processor.py:753} INFO - DAG(s) dict_keys(['example_sla_dag']) retrieved from /home/airflow/.local/lib/python3.7/site-packages/airflow/example_dags/example_sla_dag.py
[2026-01-21T12:04:26.496+0000] {logging_mixin.py:137} INFO - [2026-01-21T12:04:26.496+0000] {dag.py:2676} INFO - Sync 1 DAGs
[2026-01-21T12:04:26.518+0000] {logging_mixin.py:137} INFO - [2026-01-21T12:04:26.518+0000] {dag.py:3427} INFO - Setting next_dagrun for example_sla_dag to 2026-01-21T12:02:00+00:00, run_after=2026-01-21T12:04:00+00:00
[2026-01-21T12:04:26.533+0000] {processor.py:175} INFO - Processing /home/airflow/.local/lib/python3.7/site-packages/airflow/example_dags/example_sla_dag.py took 0.086 seconds
[2026-01-21T12:04:56.668+0000] {processor.py:153} INFO - Started process (PID=335) to work on /home/airflow/.local/lib/python3.7/site-packages/airflow/example_dags/example_sla_dag.py
[2026-01-21T12:04:56.669+0000] {processor.py:743} INFO - Processing file /home/airflow/.local/lib/python3.7/site-packages/airflow/example_dags/example_sla_dag.py for tasks to queue
[2026-01-21T12:04:56.670+0000] {logging_mixin.py:137} INFO - [2026-01-21T12:04:56.670+0000] {dagbag.py:538} INFO - Filling up the DagBag from /home/airflow/.local/lib/python3.7/site-packages/airflow/example_dags/example_sla_dag.py
[2026-01-21T12:04:56.690+0000] {processor.py:753} INFO - DAG(s) dict_keys(['example_sla_dag']) retrieved from /home/airflow/.local/lib/python3.7/site-packages/airflow/example_dags/example_sla_dag.py
[2026-01-21T12:04:56.718+0000] {logging_mixin.py:137} INFO - [2026-01-21T12:04:56.718+0000] {dag.py:2676} INFO - Sync 1 DAGs
[2026-01-21T12:04:56.742+0000] {logging_mixin.py:137} INFO - [2026-01-21T12:04:56.742+0000] {dag.py:3427} INFO - Setting next_dagrun for example_sla_dag to 2026-01-21T12:02:00+00:00, run_after=2026-01-21T12:04:00+00:00
[2026-01-21T12:04:56.758+0000] {processor.py:175} INFO - Processing /home/airflow/.local/lib/python3.7/site-packages/airflow/example_dags/example_sla_dag.py took 0.093 seconds
[2026-01-21T12:05:28.137+0000] {processor.py:153} INFO - Started process (PID=433) to work on /home/airflow/.local/lib/python3.7/site-packages/airflow/example_dags/example_sla_dag.py
[2026-01-21T12:05:28.138+0000] {processor.py:743} INFO - Processing file /home/airflow/.local/lib/python3.7/site-packages/airflow/example_dags/example_sla_dag.py for tasks to queue
[2026-01-21T12:05:28.139+0000] {logging_mixin.py:137} INFO - [2026-01-21T12:05:28.138+0000] {dagbag.py:538} INFO - Filling up the DagBag from /home/airflow/.local/lib/python3.7/site-packages/airflow/example_dags/example_sla_dag.py
[2026-01-21T12:05:28.158+0000] {processor.py:753} INFO - DAG(s) dict_keys(['example_sla_dag']) retrieved from /home/airflow/.local/lib/python3.7/site-packages/airflow/example_dags/example_sla_dag.py
[2026-01-21T12:05:28.189+0000] {logging_mixin.py:137} INFO - [2026-01-21T12:05:28.189+0000] {dag.py:2676} INFO - Sync 1 DAGs
[2026-01-21T12:05:28.212+0000] {logging_mixin.py:137} INFO - [2026-01-21T12:05:28.212+0000] {dag.py:3427} INFO - Setting next_dagrun for example_sla_dag to 2026-01-21T12:02:00+00:00, run_after=2026-01-21T12:04:00+00:00
[2026-01-21T12:05:28.226+0000] {processor.py:175} INFO - Processing /home/airflow/.local/lib/python3.7/site-packages/airflow/example_dags/example_sla_dag.py took 0.091 seconds
[2026-01-21T12:05:58.328+0000] {processor.py:153} INFO - Started process (PID=532) to work on /home/airflow/.local/lib/python3.7/site-packages/airflow/example_dags/example_sla_dag.py
[2026-01-21T12:05:58.329+0000] {processor.py:743} INFO - Processing file /home/airflow/.local/lib/python3.7/site-packages/airflow/example_dags/example_sla_dag.py for tasks to queue
[2026-01-21T12:05:58.329+0000] {logging_mixin.py:137} INFO - [2026-01-21T12:05:58.329+0000] {dagbag.py:538} INFO - Filling up the DagBag from /home/airflow/.local/lib/python3.7/site-packages/airflow/example_dags/example_sla_dag.py
[2026-01-21T12:05:58.351+0000] {processor.py:753} INFO - DAG(s) dict_keys(['example_sla_dag']) retrieved from /home/airflow/.local/lib/python3.7/site-packages/airflow/example_dags/example_sla_dag.py
[2026-01-21T12:05:58.379+0000] {logging_mixin.py:137} INFO - [2026-01-21T12:05:58.379+0000] {dag.py:2676} INFO - Sync 1 DAGs
[2026-01-21T12:05:58.401+0000] {logging_mixin.py:137} INFO - [2026-01-21T12:05:58.401+0000] {dag.py:3427} INFO - Setting next_dagrun for example_sla_dag to 2026-01-21T12:02:00+00:00, run_after=2026-01-21T12:04:00+00:00
[2026-01-21T12:05:58.416+0000] {processor.py:175} INFO - Processing /home/airflow/.local/lib/python3.7/site-packages/airflow/example_dags/example_sla_dag.py took 0.092 seconds
[2026-01-21T12:06:28.482+0000] {processor.py:153} INFO - Started process (PID=610) to work on /home/airflow/.local/lib/python3.7/site-packages/airflow/example_dags/example_sla_dag.py
[2026-01-21T12:06:28.483+0000] {processor.py:743} INFO - Processing file /home/airflow/.local/lib/python3.7/site-packages/airflow/example_dags/example_sla_dag.py for tasks to queue
[2026-01-21T12:06:28.483+0000] {logging_mixin.py:137} INFO - [2026-01-21T12:06:28.483+0000] {dagbag.py:538} INFO - Filling up the DagBag from /home/airflow/.local/lib/python3.7/site-packages/airflow/example_dags/example_sla_dag.py
[2026-01-21T12:06:28.500+0000] {processor.py:753} INFO - DAG(s) dict_keys(['example_sla_dag']) retrieved from /home/airflow/.local/lib/python3.7/site-packages/airflow/example_dags/example_sla_dag.py
[2026-01-21T12:06:28.528+0000] {logging_mixin.py:137} INFO - [2026-01-21T12:06:28.528+0000] {dag.py:2676} INFO - Sync 1 DAGs
[2026-01-21T12:06:28.550+0000] {logging_mixin.py:137} INFO - [2026-01-21T12:06:28.550+0000] {dag.py:3427} INFO - Setting next_dagrun for example_sla_dag to 2026-01-21T12:04:00+00:00, run_after=2026-01-21T12:06:00+00:00
[2026-01-21T12:06:28.564+0000] {processor.py:175} INFO - Processing /home/airflow/.local/lib/python3.7/site-packages/airflow/example_dags/example_sla_dag.py took 0.085 seconds
[2026-01-21T12:06:58.908+0000] {processor.py:153} INFO - Started process (PID=708) to work on /home/airflow/.local/lib/python3.7/site-packages/airflow/example_dags/example_sla_dag.py
[2026-01-21T12:06:58.909+0000] {processor.py:743} INFO - Processing file /home/airflow/.local/lib/python3.7/site-packages/airflow/example_dags/example_sla_dag.py for tasks to queue
[2026-01-21T12:06:58.909+0000] {logging_mixin.py:137} INFO - [2026-01-21T12:06:58.909+0000] {dagbag.py:538} INFO - Filling up the DagBag from /home/airflow/.local/lib/python3.7/site-packages/airflow/example_dags/example_sla_dag.py
[2026-01-21T12:06:58.926+0000] {processor.py:753} INFO - DAG(s) dict_keys(['example_sla_dag']) retrieved from /home/airflow/.local/lib/python3.7/site-packages/airflow/example_dags/example_sla_dag.py
[2026-01-21T12:06:58.954+0000] {logging_mixin.py:137} INFO - [2026-01-21T12:06:58.954+0000] {dag.py:2676} INFO - Sync 1 DAGs
[2026-01-21T12:06:58.976+0000] {logging_mixin.py:137} INFO - [2026-01-21T12:06:58.975+0000] {dag.py:3427} INFO - Setting next_dagrun for example_sla_dag to 2026-01-21T12:04:00+00:00, run_after=2026-01-21T12:06:00+00:00
[2026-01-21T12:06:58.990+0000] {processor.py:175} INFO - Processing /home/airflow/.local/lib/python3.7/site-packages/airflow/example_dags/example_sla_dag.py took 0.085 seconds
[2026-01-21T12:07:29.077+0000] {processor.py:153} INFO - Started process (PID=786) to work on /home/airflow/.local/lib/python3.7/site-packages/airflow/example_dags/example_sla_dag.py
[2026-01-21T12:07:29.078+0000] {processor.py:743} INFO - Processing file /home/airflow/.local/lib/python3.7/site-packages/airflow/example_dags/example_sla_dag.py for tasks to queue
[2026-01-21T12:07:29.078+0000] {logging_mixin.py:137} INFO - [2026-01-21T12:07:29.078+0000] {dagbag.py:538} INFO - Filling up the DagBag from /home/airflow/.local/lib/python3.7/site-packages/airflow/example_dags/example_sla_dag.py
[2026-01-21T12:07:29.096+0000] {processor.py:753} INFO - DAG(s) dict_keys(['example_sla_dag']) retrieved from /home/airflow/.local/lib/python3.7/site-packages/airflow/example_dags/example_sla_dag.py
[2026-01-21T12:07:29.124+0000] {logging_mixin.py:137} INFO - [2026-01-21T12:07:29.124+0000] {dag.py:2676} INFO - Sync 1 DAGs
[2026-01-21T12:07:29.145+0000] {logging_mixin.py:137} INFO - [2026-01-21T12:07:29.145+0000] {dag.py:3427} INFO - Setting next_dagrun for example_sla_dag to 2026-01-21T12:04:00+00:00, run_after=2026-01-21T12:06:00+00:00
[2026-01-21T12:07:29.159+0000] {processor.py:175} INFO - Processing /home/airflow/.local/lib/python3.7/site-packages/airflow/example_dags/example_sla_dag.py took 0.084 seconds
[2026-01-21T12:07:59.306+0000] {processor.py:153} INFO - Started process (PID=884) to work on /home/airflow/.local/lib/python3.7/site-packages/airflow/example_dags/example_sla_dag.py
[2026-01-21T12:07:59.307+0000] {processor.py:743} INFO - Processing file /home/airflow/.local/lib/python3.7/site-packages/airflow/example_dags/example_sla_dag.py for tasks to queue
[2026-01-21T12:07:59.308+0000] {logging_mixin.py:137} INFO - [2026-01-21T12:07:59.307+0000] {dagbag.py:538} INFO - Filling up the DagBag from /home/airflow/.local/lib/python3.7/site-packages/airflow/example_dags/example_sla_dag.py
[2026-01-21T12:07:59.325+0000] {processor.py:753} INFO - DAG(s) dict_keys(['example_sla_dag']) retrieved from /home/airflow/.local/lib/python3.7/site-packages/airflow/example_dags/example_sla_dag.py
[2026-01-21T12:07:59.351+0000] {logging_mixin.py:137} INFO - [2026-01-21T12:07:59.351+0000] {dag.py:2676} INFO - Sync 1 DAGs
[2026-01-21T12:07:59.372+0000] {logging_mixin.py:137} INFO - [2026-01-21T12:07:59.372+0000] {dag.py:3427} INFO - Setting next_dagrun for example_sla_dag to 2026-01-21T12:04:00+00:00, run_after=2026-01-21T12:06:00+00:00
[2026-01-21T12:07:59.385+0000] {processor.py:175} INFO - Processing /home/airflow/.local/lib/python3.7/site-packages/airflow/example_dags/example_sla_dag.py took 0.081 seconds
[2026-01-21T12:08:29.529+0000] {processor.py:153} INFO - Started process (PID=972) to work on /home/airflow/.local/lib/python3.7/site-packages/airflow/example_dags/example_sla_dag.py
[2026-01-21T12:08:29.530+0000] {processor.py:743} INFO - Processing file /home/airflow/.local/lib/python3.7/site-packages/airflow/example_dags/example_sla_dag.py for tasks to queue
[2026-01-21T12:08:29.530+0000] {logging_mixin.py:137} INFO - [2026-01-21T12:08:29.530+0000] {dagbag.py:538} INFO - Filling up the DagBag from /home/airflow/.local/lib/python3.7/site-packages/airflow/example_dags/example_sla_dag.py
[2026-01-21T12:08:29.551+0000] {processor.py:753} INFO - DAG(s) dict_keys(['example_sla_dag']) retrieved from /home/airflow/.local/lib/python3.7/site-packages/airflow/example_dags/example_sla_dag.py
[2026-01-21T12:08:29.581+0000] {logging_mixin.py:137} INFO - [2026-01-21T12:08:29.580+0000] {dag.py:2676} INFO - Sync 1 DAGs
[2026-01-21T12:08:29.602+0000] {logging_mixin.py:137} INFO - [2026-01-21T12:08:29.602+0000] {dag.py:3427} INFO - Setting next_dagrun for example_sla_dag to 2026-01-21T12:06:00+00:00, run_after=2026-01-21T12:08:00+00:00
[2026-01-21T12:08:29.617+0000] {processor.py:175} INFO - Processing /home/airflow/.local/lib/python3.7/site-packages/airflow/example_dags/example_sla_dag.py took 0.091 seconds
[2026-01-21T12:09:00.477+0000] {processor.py:153} INFO - Started process (PID=1061) to work on /home/airflow/.local/lib/python3.7/site-packages/airflow/example_dags/example_sla_dag.py
[2026-01-21T12:09:00.478+0000] {processor.py:743} INFO - Processing file /home/airflow/.local/lib/python3.7/site-packages/airflow/example_dags/example_sla_dag.py for tasks to queue
[2026-01-21T12:09:00.478+0000] {logging_mixin.py:137} INFO - [2026-01-21T12:09:00.478+0000] {dagbag.py:538} INFO - Filling up the DagBag from /home/airflow/.local/lib/python3.7/site-packages/airflow/example_dags/example_sla_dag.py
[2026-01-21T12:09:00.495+0000] {processor.py:753} INFO - DAG(s) dict_keys(['example_sla_dag']) retrieved from /home/airflow/.local/lib/python3.7/site-packages/airflow/example_dags/example_sla_dag.py
[2026-01-21T12:09:00.522+0000] {logging_mixin.py:137} INFO - [2026-01-21T12:09:00.522+0000] {dag.py:2676} INFO - Sync 1 DAGs
[2026-01-21T12:09:00.543+0000] {logging_mixin.py:137} INFO - [2026-01-21T12:09:00.543+0000] {dag.py:3427} INFO - Setting next_dagrun for example_sla_dag to 2026-01-21T12:06:00+00:00, run_after=2026-01-21T12:08:00+00:00
[2026-01-21T12:09:00.556+0000] {processor.py:175} INFO - Processing /home/airflow/.local/lib/python3.7/site-packages/airflow/example_dags/example_sla_dag.py took 0.082 seconds
[2026-01-21T12:09:31.519+0000] {processor.py:153} INFO - Started process (PID=1159) to work on /home/airflow/.local/lib/python3.7/site-packages/airflow/example_dags/example_sla_dag.py
[2026-01-21T12:09:31.520+0000] {processor.py:743} INFO - Processing file /home/airflow/.local/lib/python3.7/site-packages/airflow/example_dags/example_sla_dag.py for tasks to queue
[2026-01-21T12:09:31.521+0000] {logging_mixin.py:137} INFO - [2026-01-21T12:09:31.521+0000] {dagbag.py:538} INFO - Filling up the DagBag from /home/airflow/.local/lib/python3.7/site-packages/airflow/example_dags/example_sla_dag.py
[2026-01-21T12:09:31.539+0000] {processor.py:753} INFO - DAG(s) dict_keys(['example_sla_dag']) retrieved from /home/airflow/.local/lib/python3.7/site-packages/airflow/example_dags/example_sla_dag.py
[2026-01-21T12:09:31.566+0000] {logging_mixin.py:137} INFO - [2026-01-21T12:09:31.566+0000] {dag.py:2676} INFO - Sync 1 DAGs
[2026-01-21T12:09:31.590+0000] {logging_mixin.py:137} INFO - [2026-01-21T12:09:31.590+0000] {dag.py:3427} INFO - Setting next_dagrun for example_sla_dag to 2026-01-21T12:06:00+00:00, run_after=2026-01-21T12:08:00+00:00
[2026-01-21T12:09:31.604+0000] {processor.py:175} INFO - Processing /home/airflow/.local/lib/python3.7/site-packages/airflow/example_dags/example_sla_dag.py took 0.087 seconds
[2026-01-21T12:10:02.596+0000] {processor.py:153} INFO - Started process (PID=1247) to work on /home/airflow/.local/lib/python3.7/site-packages/airflow/example_dags/example_sla_dag.py
[2026-01-21T12:10:02.597+0000] {processor.py:743} INFO - Processing file /home/airflow/.local/lib/python3.7/site-packages/airflow/example_dags/example_sla_dag.py for tasks to queue
[2026-01-21T12:10:02.597+0000] {logging_mixin.py:137} INFO - [2026-01-21T12:10:02.597+0000] {dagbag.py:538} INFO - Filling up the DagBag from /home/airflow/.local/lib/python3.7/site-packages/airflow/example_dags/example_sla_dag.py
[2026-01-21T12:10:02.615+0000] {processor.py:753} INFO - DAG(s) dict_keys(['example_sla_dag']) retrieved from /home/airflow/.local/lib/python3.7/site-packages/airflow/example_dags/example_sla_dag.py
[2026-01-21T12:10:02.642+0000] {logging_mixin.py:137} INFO - [2026-01-21T12:10:02.642+0000] {dag.py:2676} INFO - Sync 1 DAGs
[2026-01-21T12:10:02.665+0000] {logging_mixin.py:137} INFO - [2026-01-21T12:10:02.665+0000] {dag.py:3427} INFO - Setting next_dagrun for example_sla_dag to 2026-01-21T12:08:00+00:00, run_after=2026-01-21T12:10:00+00:00
[2026-01-21T12:10:02.680+0000] {processor.py:175} INFO - Processing /home/airflow/.local/lib/python3.7/site-packages/airflow/example_dags/example_sla_dag.py took 0.087 seconds
[2026-01-21T12:10:32.730+0000] {processor.py:153} INFO - Started process (PID=1336) to work on /home/airflow/.local/lib/python3.7/site-packages/airflow/example_dags/example_sla_dag.py
[2026-01-21T12:10:32.730+0000] {processor.py:743} INFO - Processing file /home/airflow/.local/lib/python3.7/site-packages/airflow/example_dags/example_sla_dag.py for tasks to queue
[2026-01-21T12:10:32.731+0000] {logging_mixin.py:137} INFO - [2026-01-21T12:10:32.731+0000] {dagbag.py:538} INFO - Filling up the DagBag from /home/airflow/.local/lib/python3.7/site-packages/airflow/example_dags/example_sla_dag.py
[2026-01-21T12:10:32.748+0000] {processor.py:753} INFO - DAG(s) dict_keys(['example_sla_dag']) retrieved from /home/airflow/.local/lib/python3.7/site-packages/airflow/example_dags/example_sla_dag.py
[2026-01-21T12:10:32.775+0000] {logging_mixin.py:137} INFO - [2026-01-21T12:10:32.775+0000] {dag.py:2676} INFO - Sync 1 DAGs
[2026-01-21T12:10:32.796+0000] {logging_mixin.py:137} INFO - [2026-01-21T12:10:32.795+0000] {dag.py:3427} INFO - Setting next_dagrun for example_sla_dag to 2026-01-21T12:08:00+00:00, run_after=2026-01-21T12:10:00+00:00
[2026-01-21T12:10:32.809+0000] {processor.py:175} INFO - Processing /home/airflow/.local/lib/python3.7/site-packages/airflow/example_dags/example_sla_dag.py took 0.082 seconds
[2026-01-21T12:11:03.641+0000] {processor.py:153} INFO - Started process (PID=1434) to work on /home/airflow/.local/lib/python3.7/site-packages/airflow/example_dags/example_sla_dag.py
[2026-01-21T12:11:03.642+0000] {processor.py:743} INFO - Processing file /home/airflow/.local/lib/python3.7/site-packages/airflow/example_dags/example_sla_dag.py for tasks to queue
[2026-01-21T12:11:03.642+0000] {logging_mixin.py:137} INFO - [2026-01-21T12:11:03.642+0000] {dagbag.py:538} INFO - Filling up the DagBag from /home/airflow/.local/lib/python3.7/site-packages/airflow/example_dags/example_sla_dag.py
[2026-01-21T12:11:03.660+0000] {processor.py:753} INFO - DAG(s) dict_keys(['example_sla_dag']) retrieved from /home/airflow/.local/lib/python3.7/site-packages/airflow/example_dags/example_sla_dag.py
[2026-01-21T12:11:03.687+0000] {logging_mixin.py:137} INFO - [2026-01-21T12:11:03.686+0000] {dag.py:2676} INFO - Sync 1 DAGs
[2026-01-21T12:11:03.707+0000] {logging_mixin.py:137} INFO - [2026-01-21T12:11:03.707+0000] {dag.py:3427} INFO - Setting next_dagrun for example_sla_dag to 2026-01-21T12:08:00+00:00, run_after=2026-01-21T12:10:00+00:00
[2026-01-21T12:11:03.722+0000] {processor.py:175} INFO - Processing /home/airflow/.local/lib/python3.7/site-packages/airflow/example_dags/example_sla_dag.py took 0.083 seconds
[2026-01-21T12:11:34.622+0000] {processor.py:153} INFO - Started process (PID=1512) to work on /home/airflow/.local/lib/python3.7/site-packages/airflow/example_dags/example_sla_dag.py
[2026-01-21T12:11:34.623+0000] {processor.py:743} INFO - Processing file /home/airflow/.local/lib/python3.7/site-packages/airflow/example_dags/example_sla_dag.py for tasks to queue
[2026-01-21T12:11:34.624+0000] {logging_mixin.py:137} INFO - [2026-01-21T12:11:34.624+0000] {dagbag.py:538} INFO - Filling up the DagBag from /home/airflow/.local/lib/python3.7/site-packages/airflow/example_dags/example_sla_dag.py
[2026-01-21T12:11:34.641+0000] {processor.py:753} INFO - DAG(s) dict_keys(['example_sla_dag']) retrieved from /home/airflow/.local/lib/python3.7/site-packages/airflow/example_dags/example_sla_dag.py
[2026-01-21T12:11:34.667+0000] {logging_mixin.py:137} INFO - [2026-01-21T12:11:34.667+0000] {dag.py:2676} INFO - Sync 1 DAGs
[2026-01-21T12:11:34.688+0000] {logging_mixin.py:137} INFO - [2026-01-21T12:11:34.688+0000] {dag.py:3427} INFO - Setting next_dagrun for example_sla_dag to 2026-01-21T12:08:00+00:00, run_after=2026-01-21T12:10:00+00:00
[2026-01-21T12:11:34.702+0000] {processor.py:175} INFO - Processing /home/airflow/.local/lib/python3.7/site-packages/airflow/example_dags/example_sla_dag.py took 0.082 seconds
[2026-01-21T12:14:30.478+0000] {processor.py:153} INFO - Started process (PID=81) to work on /home/airflow/.local/lib/python3.7/site-packages/airflow/example_dags/example_sla_dag.py
[2026-01-21T12:14:30.479+0000] {processor.py:743} INFO - Processing file /home/airflow/.local/lib/python3.7/site-packages/airflow/example_dags/example_sla_dag.py for tasks to queue
[2026-01-21T12:14:30.480+0000] {logging_mixin.py:137} INFO - [2026-01-21T12:14:30.480+0000] {dagbag.py:538} INFO - Filling up the DagBag from /home/airflow/.local/lib/python3.7/site-packages/airflow/example_dags/example_sla_dag.py
[2026-01-21T12:14:30.519+0000] {processor.py:753} INFO - DAG(s) dict_keys(['example_sla_dag']) retrieved from /home/airflow/.local/lib/python3.7/site-packages/airflow/example_dags/example_sla_dag.py
[2026-01-21T12:14:30.550+0000] {logging_mixin.py:137} INFO - [2026-01-21T12:14:30.549+0000] {dag.py:2676} INFO - Sync 1 DAGs
[2026-01-21T12:14:30.587+0000] {logging_mixin.py:137} INFO - [2026-01-21T12:14:30.587+0000] {dag.py:3427} INFO - Setting next_dagrun for example_sla_dag to 2026-01-21T12:12:00+00:00, run_after=2026-01-21T12:14:00+00:00
[2026-01-21T12:14:30.611+0000] {processor.py:175} INFO - Processing /home/airflow/.local/lib/python3.7/site-packages/airflow/example_dags/example_sla_dag.py took 0.137 seconds
[2026-01-21T12:15:00.742+0000] {processor.py:153} INFO - Started process (PID=160) to work on /home/airflow/.local/lib/python3.7/site-packages/airflow/example_dags/example_sla_dag.py
[2026-01-21T12:15:00.743+0000] {processor.py:743} INFO - Processing file /home/airflow/.local/lib/python3.7/site-packages/airflow/example_dags/example_sla_dag.py for tasks to queue
[2026-01-21T12:15:00.743+0000] {logging_mixin.py:137} INFO - [2026-01-21T12:15:00.743+0000] {dagbag.py:538} INFO - Filling up the DagBag from /home/airflow/.local/lib/python3.7/site-packages/airflow/example_dags/example_sla_dag.py
[2026-01-21T12:15:00.762+0000] {processor.py:753} INFO - DAG(s) dict_keys(['example_sla_dag']) retrieved from /home/airflow/.local/lib/python3.7/site-packages/airflow/example_dags/example_sla_dag.py
[2026-01-21T12:15:00.788+0000] {logging_mixin.py:137} INFO - [2026-01-21T12:15:00.788+0000] {dag.py:2676} INFO - Sync 1 DAGs
[2026-01-21T12:15:00.809+0000] {logging_mixin.py:137} INFO - [2026-01-21T12:15:00.809+0000] {dag.py:3427} INFO - Setting next_dagrun for example_sla_dag to 2026-01-21T12:12:00+00:00, run_after=2026-01-21T12:14:00+00:00
[2026-01-21T12:15:00.824+0000] {processor.py:175} INFO - Processing /home/airflow/.local/lib/python3.7/site-packages/airflow/example_dags/example_sla_dag.py took 0.085 seconds
