[2026-01-22T04:35:13.435+0000] {processor.py:153} INFO - Started process (PID=81) to work on /home/airflow/.local/lib/python3.7/site-packages/airflow/example_dags/example_sla_dag.py
[2026-01-22T04:35:13.436+0000] {processor.py:743} INFO - Processing file /home/airflow/.local/lib/python3.7/site-packages/airflow/example_dags/example_sla_dag.py for tasks to queue
[2026-01-22T04:35:13.437+0000] {logging_mixin.py:137} INFO - [2026-01-22T04:35:13.437+0000] {dagbag.py:538} INFO - Filling up the DagBag from /home/airflow/.local/lib/python3.7/site-packages/airflow/example_dags/example_sla_dag.py
[2026-01-22T04:35:13.458+0000] {processor.py:753} INFO - DAG(s) dict_keys(['example_sla_dag']) retrieved from /home/airflow/.local/lib/python3.7/site-packages/airflow/example_dags/example_sla_dag.py
[2026-01-22T04:35:13.485+0000] {logging_mixin.py:137} INFO - [2026-01-22T04:35:13.485+0000] {dag.py:2676} INFO - Sync 1 DAGs
[2026-01-22T04:35:13.506+0000] {logging_mixin.py:137} INFO - [2026-01-22T04:35:13.506+0000] {dag.py:3427} INFO - Setting next_dagrun for example_sla_dag to 2026-01-22T04:32:00+00:00, run_after=2026-01-22T04:34:00+00:00
[2026-01-22T04:35:13.520+0000] {processor.py:175} INFO - Processing /home/airflow/.local/lib/python3.7/site-packages/airflow/example_dags/example_sla_dag.py took 0.087 seconds
[2026-01-22T04:35:44.442+0000] {processor.py:153} INFO - Started process (PID=179) to work on /home/airflow/.local/lib/python3.7/site-packages/airflow/example_dags/example_sla_dag.py
[2026-01-22T04:35:44.442+0000] {processor.py:743} INFO - Processing file /home/airflow/.local/lib/python3.7/site-packages/airflow/example_dags/example_sla_dag.py for tasks to queue
[2026-01-22T04:35:44.443+0000] {logging_mixin.py:137} INFO - [2026-01-22T04:35:44.443+0000] {dagbag.py:538} INFO - Filling up the DagBag from /home/airflow/.local/lib/python3.7/site-packages/airflow/example_dags/example_sla_dag.py
[2026-01-22T04:35:44.464+0000] {processor.py:753} INFO - DAG(s) dict_keys(['example_sla_dag']) retrieved from /home/airflow/.local/lib/python3.7/site-packages/airflow/example_dags/example_sla_dag.py
[2026-01-22T04:35:44.492+0000] {logging_mixin.py:137} INFO - [2026-01-22T04:35:44.492+0000] {dag.py:2676} INFO - Sync 1 DAGs
[2026-01-22T04:35:44.513+0000] {logging_mixin.py:137} INFO - [2026-01-22T04:35:44.513+0000] {dag.py:3427} INFO - Setting next_dagrun for example_sla_dag to 2026-01-22T04:32:00+00:00, run_after=2026-01-22T04:34:00+00:00
[2026-01-22T04:35:44.527+0000] {processor.py:175} INFO - Processing /home/airflow/.local/lib/python3.7/site-packages/airflow/example_dags/example_sla_dag.py took 0.088 seconds
[2026-01-22T04:36:14.823+0000] {processor.py:153} INFO - Started process (PID=257) to work on /home/airflow/.local/lib/python3.7/site-packages/airflow/example_dags/example_sla_dag.py
[2026-01-22T04:36:14.824+0000] {processor.py:743} INFO - Processing file /home/airflow/.local/lib/python3.7/site-packages/airflow/example_dags/example_sla_dag.py for tasks to queue
[2026-01-22T04:36:14.824+0000] {logging_mixin.py:137} INFO - [2026-01-22T04:36:14.824+0000] {dagbag.py:538} INFO - Filling up the DagBag from /home/airflow/.local/lib/python3.7/site-packages/airflow/example_dags/example_sla_dag.py
[2026-01-22T04:36:14.841+0000] {processor.py:753} INFO - DAG(s) dict_keys(['example_sla_dag']) retrieved from /home/airflow/.local/lib/python3.7/site-packages/airflow/example_dags/example_sla_dag.py
[2026-01-22T04:36:14.867+0000] {logging_mixin.py:137} INFO - [2026-01-22T04:36:14.867+0000] {dag.py:2676} INFO - Sync 1 DAGs
[2026-01-22T04:36:14.887+0000] {logging_mixin.py:137} INFO - [2026-01-22T04:36:14.886+0000] {dag.py:3427} INFO - Setting next_dagrun for example_sla_dag to 2026-01-22T04:34:00+00:00, run_after=2026-01-22T04:36:00+00:00
[2026-01-22T04:36:14.899+0000] {processor.py:175} INFO - Processing /home/airflow/.local/lib/python3.7/site-packages/airflow/example_dags/example_sla_dag.py took 0.079 seconds
[2026-01-22T04:36:45.103+0000] {processor.py:153} INFO - Started process (PID=355) to work on /home/airflow/.local/lib/python3.7/site-packages/airflow/example_dags/example_sla_dag.py
[2026-01-22T04:36:45.103+0000] {processor.py:743} INFO - Processing file /home/airflow/.local/lib/python3.7/site-packages/airflow/example_dags/example_sla_dag.py for tasks to queue
[2026-01-22T04:36:45.104+0000] {logging_mixin.py:137} INFO - [2026-01-22T04:36:45.104+0000] {dagbag.py:538} INFO - Filling up the DagBag from /home/airflow/.local/lib/python3.7/site-packages/airflow/example_dags/example_sla_dag.py
[2026-01-22T04:36:45.121+0000] {processor.py:753} INFO - DAG(s) dict_keys(['example_sla_dag']) retrieved from /home/airflow/.local/lib/python3.7/site-packages/airflow/example_dags/example_sla_dag.py
[2026-01-22T04:36:45.149+0000] {logging_mixin.py:137} INFO - [2026-01-22T04:36:45.149+0000] {dag.py:2676} INFO - Sync 1 DAGs
[2026-01-22T04:36:45.169+0000] {logging_mixin.py:137} INFO - [2026-01-22T04:36:45.169+0000] {dag.py:3427} INFO - Setting next_dagrun for example_sla_dag to 2026-01-22T04:34:00+00:00, run_after=2026-01-22T04:36:00+00:00
[2026-01-22T04:36:45.183+0000] {processor.py:175} INFO - Processing /home/airflow/.local/lib/python3.7/site-packages/airflow/example_dags/example_sla_dag.py took 0.083 seconds
[2026-01-22T04:37:16.119+0000] {processor.py:153} INFO - Started process (PID=453) to work on /home/airflow/.local/lib/python3.7/site-packages/airflow/example_dags/example_sla_dag.py
[2026-01-22T04:37:16.120+0000] {processor.py:743} INFO - Processing file /home/airflow/.local/lib/python3.7/site-packages/airflow/example_dags/example_sla_dag.py for tasks to queue
[2026-01-22T04:37:16.120+0000] {logging_mixin.py:137} INFO - [2026-01-22T04:37:16.120+0000] {dagbag.py:538} INFO - Filling up the DagBag from /home/airflow/.local/lib/python3.7/site-packages/airflow/example_dags/example_sla_dag.py
[2026-01-22T04:37:16.139+0000] {processor.py:753} INFO - DAG(s) dict_keys(['example_sla_dag']) retrieved from /home/airflow/.local/lib/python3.7/site-packages/airflow/example_dags/example_sla_dag.py
[2026-01-22T04:37:16.166+0000] {logging_mixin.py:137} INFO - [2026-01-22T04:37:16.166+0000] {dag.py:2676} INFO - Sync 1 DAGs
[2026-01-22T04:37:16.190+0000] {logging_mixin.py:137} INFO - [2026-01-22T04:37:16.190+0000] {dag.py:3427} INFO - Setting next_dagrun for example_sla_dag to 2026-01-22T04:34:00+00:00, run_after=2026-01-22T04:36:00+00:00
[2026-01-22T04:37:16.203+0000] {processor.py:175} INFO - Processing /home/airflow/.local/lib/python3.7/site-packages/airflow/example_dags/example_sla_dag.py took 0.087 seconds
[2026-01-22T04:37:46.923+0000] {processor.py:153} INFO - Started process (PID=531) to work on /home/airflow/.local/lib/python3.7/site-packages/airflow/example_dags/example_sla_dag.py
[2026-01-22T04:37:46.923+0000] {processor.py:743} INFO - Processing file /home/airflow/.local/lib/python3.7/site-packages/airflow/example_dags/example_sla_dag.py for tasks to queue
[2026-01-22T04:37:46.924+0000] {logging_mixin.py:137} INFO - [2026-01-22T04:37:46.924+0000] {dagbag.py:538} INFO - Filling up the DagBag from /home/airflow/.local/lib/python3.7/site-packages/airflow/example_dags/example_sla_dag.py
[2026-01-22T04:37:46.942+0000] {processor.py:753} INFO - DAG(s) dict_keys(['example_sla_dag']) retrieved from /home/airflow/.local/lib/python3.7/site-packages/airflow/example_dags/example_sla_dag.py
[2026-01-22T04:37:46.969+0000] {logging_mixin.py:137} INFO - [2026-01-22T04:37:46.969+0000] {dag.py:2676} INFO - Sync 1 DAGs
[2026-01-22T04:37:46.991+0000] {logging_mixin.py:137} INFO - [2026-01-22T04:37:46.991+0000] {dag.py:3427} INFO - Setting next_dagrun for example_sla_dag to 2026-01-22T04:34:00+00:00, run_after=2026-01-22T04:36:00+00:00
[2026-01-22T04:37:47.006+0000] {processor.py:175} INFO - Processing /home/airflow/.local/lib/python3.7/site-packages/airflow/example_dags/example_sla_dag.py took 0.086 seconds
[2026-01-22T04:38:17.713+0000] {processor.py:153} INFO - Started process (PID=629) to work on /home/airflow/.local/lib/python3.7/site-packages/airflow/example_dags/example_sla_dag.py
[2026-01-22T04:38:17.714+0000] {processor.py:743} INFO - Processing file /home/airflow/.local/lib/python3.7/site-packages/airflow/example_dags/example_sla_dag.py for tasks to queue
[2026-01-22T04:38:17.714+0000] {logging_mixin.py:137} INFO - [2026-01-22T04:38:17.714+0000] {dagbag.py:538} INFO - Filling up the DagBag from /home/airflow/.local/lib/python3.7/site-packages/airflow/example_dags/example_sla_dag.py
[2026-01-22T04:38:17.731+0000] {processor.py:753} INFO - DAG(s) dict_keys(['example_sla_dag']) retrieved from /home/airflow/.local/lib/python3.7/site-packages/airflow/example_dags/example_sla_dag.py
[2026-01-22T04:38:17.757+0000] {logging_mixin.py:137} INFO - [2026-01-22T04:38:17.757+0000] {dag.py:2676} INFO - Sync 1 DAGs
[2026-01-22T04:38:17.778+0000] {logging_mixin.py:137} INFO - [2026-01-22T04:38:17.778+0000] {dag.py:3427} INFO - Setting next_dagrun for example_sla_dag to 2026-01-22T04:36:00+00:00, run_after=2026-01-22T04:38:00+00:00
[2026-01-22T04:38:17.791+0000] {processor.py:175} INFO - Processing /home/airflow/.local/lib/python3.7/site-packages/airflow/example_dags/example_sla_dag.py took 0.081 seconds
[2026-01-22T04:38:48.536+0000] {processor.py:153} INFO - Started process (PID=714) to work on /home/airflow/.local/lib/python3.7/site-packages/airflow/example_dags/example_sla_dag.py
[2026-01-22T04:38:48.537+0000] {processor.py:743} INFO - Processing file /home/airflow/.local/lib/python3.7/site-packages/airflow/example_dags/example_sla_dag.py for tasks to queue
[2026-01-22T04:38:48.537+0000] {logging_mixin.py:137} INFO - [2026-01-22T04:38:48.537+0000] {dagbag.py:538} INFO - Filling up the DagBag from /home/airflow/.local/lib/python3.7/site-packages/airflow/example_dags/example_sla_dag.py
[2026-01-22T04:38:48.556+0000] {processor.py:753} INFO - DAG(s) dict_keys(['example_sla_dag']) retrieved from /home/airflow/.local/lib/python3.7/site-packages/airflow/example_dags/example_sla_dag.py
[2026-01-22T04:38:48.585+0000] {logging_mixin.py:137} INFO - [2026-01-22T04:38:48.585+0000] {dag.py:2676} INFO - Sync 1 DAGs
[2026-01-22T04:38:48.607+0000] {logging_mixin.py:137} INFO - [2026-01-22T04:38:48.607+0000] {dag.py:3427} INFO - Setting next_dagrun for example_sla_dag to 2026-01-22T04:36:00+00:00, run_after=2026-01-22T04:38:00+00:00
[2026-01-22T04:38:48.623+0000] {processor.py:175} INFO - Processing /home/airflow/.local/lib/python3.7/site-packages/airflow/example_dags/example_sla_dag.py took 0.090 seconds
[2026-01-22T04:39:19.442+0000] {processor.py:153} INFO - Started process (PID=805) to work on /home/airflow/.local/lib/python3.7/site-packages/airflow/example_dags/example_sla_dag.py
[2026-01-22T04:39:19.443+0000] {processor.py:743} INFO - Processing file /home/airflow/.local/lib/python3.7/site-packages/airflow/example_dags/example_sla_dag.py for tasks to queue
[2026-01-22T04:39:19.444+0000] {logging_mixin.py:137} INFO - [2026-01-22T04:39:19.444+0000] {dagbag.py:538} INFO - Filling up the DagBag from /home/airflow/.local/lib/python3.7/site-packages/airflow/example_dags/example_sla_dag.py
[2026-01-22T04:39:19.462+0000] {processor.py:753} INFO - DAG(s) dict_keys(['example_sla_dag']) retrieved from /home/airflow/.local/lib/python3.7/site-packages/airflow/example_dags/example_sla_dag.py
[2026-01-22T04:39:19.488+0000] {logging_mixin.py:137} INFO - [2026-01-22T04:39:19.488+0000] {dag.py:2676} INFO - Sync 1 DAGs
[2026-01-22T04:39:19.509+0000] {logging_mixin.py:137} INFO - [2026-01-22T04:39:19.509+0000] {dag.py:3427} INFO - Setting next_dagrun for example_sla_dag to 2026-01-22T04:36:00+00:00, run_after=2026-01-22T04:38:00+00:00
[2026-01-22T04:39:19.523+0000] {processor.py:175} INFO - Processing /home/airflow/.local/lib/python3.7/site-packages/airflow/example_dags/example_sla_dag.py took 0.083 seconds
[2026-01-22T04:39:50.325+0000] {processor.py:153} INFO - Started process (PID=903) to work on /home/airflow/.local/lib/python3.7/site-packages/airflow/example_dags/example_sla_dag.py
[2026-01-22T04:39:50.326+0000] {processor.py:743} INFO - Processing file /home/airflow/.local/lib/python3.7/site-packages/airflow/example_dags/example_sla_dag.py for tasks to queue
[2026-01-22T04:39:50.327+0000] {logging_mixin.py:137} INFO - [2026-01-22T04:39:50.327+0000] {dagbag.py:538} INFO - Filling up the DagBag from /home/airflow/.local/lib/python3.7/site-packages/airflow/example_dags/example_sla_dag.py
[2026-01-22T04:39:50.343+0000] {processor.py:753} INFO - DAG(s) dict_keys(['example_sla_dag']) retrieved from /home/airflow/.local/lib/python3.7/site-packages/airflow/example_dags/example_sla_dag.py
[2026-01-22T04:39:50.369+0000] {logging_mixin.py:137} INFO - [2026-01-22T04:39:50.369+0000] {dag.py:2676} INFO - Sync 1 DAGs
[2026-01-22T04:39:50.391+0000] {logging_mixin.py:137} INFO - [2026-01-22T04:39:50.391+0000] {dag.py:3427} INFO - Setting next_dagrun for example_sla_dag to 2026-01-22T04:36:00+00:00, run_after=2026-01-22T04:38:00+00:00
[2026-01-22T04:39:50.405+0000] {processor.py:175} INFO - Processing /home/airflow/.local/lib/python3.7/site-packages/airflow/example_dags/example_sla_dag.py took 0.082 seconds
[2026-01-22T04:40:21.147+0000] {processor.py:153} INFO - Started process (PID=981) to work on /home/airflow/.local/lib/python3.7/site-packages/airflow/example_dags/example_sla_dag.py
[2026-01-22T04:40:21.148+0000] {processor.py:743} INFO - Processing file /home/airflow/.local/lib/python3.7/site-packages/airflow/example_dags/example_sla_dag.py for tasks to queue
[2026-01-22T04:40:21.148+0000] {logging_mixin.py:137} INFO - [2026-01-22T04:40:21.148+0000] {dagbag.py:538} INFO - Filling up the DagBag from /home/airflow/.local/lib/python3.7/site-packages/airflow/example_dags/example_sla_dag.py
[2026-01-22T04:40:21.165+0000] {processor.py:753} INFO - DAG(s) dict_keys(['example_sla_dag']) retrieved from /home/airflow/.local/lib/python3.7/site-packages/airflow/example_dags/example_sla_dag.py
[2026-01-22T04:40:21.192+0000] {logging_mixin.py:137} INFO - [2026-01-22T04:40:21.192+0000] {dag.py:2676} INFO - Sync 1 DAGs
[2026-01-22T04:40:21.211+0000] {logging_mixin.py:137} INFO - [2026-01-22T04:40:21.211+0000] {dag.py:3427} INFO - Setting next_dagrun for example_sla_dag to 2026-01-22T04:38:00+00:00, run_after=2026-01-22T04:40:00+00:00
[2026-01-22T04:40:21.225+0000] {processor.py:175} INFO - Processing /home/airflow/.local/lib/python3.7/site-packages/airflow/example_dags/example_sla_dag.py took 0.080 seconds
[2026-01-22T04:40:51.988+0000] {processor.py:153} INFO - Started process (PID=1079) to work on /home/airflow/.local/lib/python3.7/site-packages/airflow/example_dags/example_sla_dag.py
[2026-01-22T04:40:51.988+0000] {processor.py:743} INFO - Processing file /home/airflow/.local/lib/python3.7/site-packages/airflow/example_dags/example_sla_dag.py for tasks to queue
[2026-01-22T04:40:51.989+0000] {logging_mixin.py:137} INFO - [2026-01-22T04:40:51.989+0000] {dagbag.py:538} INFO - Filling up the DagBag from /home/airflow/.local/lib/python3.7/site-packages/airflow/example_dags/example_sla_dag.py
[2026-01-22T04:40:52.006+0000] {processor.py:753} INFO - DAG(s) dict_keys(['example_sla_dag']) retrieved from /home/airflow/.local/lib/python3.7/site-packages/airflow/example_dags/example_sla_dag.py
[2026-01-22T04:40:52.032+0000] {logging_mixin.py:137} INFO - [2026-01-22T04:40:52.032+0000] {dag.py:2676} INFO - Sync 1 DAGs
[2026-01-22T04:40:52.052+0000] {logging_mixin.py:137} INFO - [2026-01-22T04:40:52.052+0000] {dag.py:3427} INFO - Setting next_dagrun for example_sla_dag to 2026-01-22T04:38:00+00:00, run_after=2026-01-22T04:40:00+00:00
[2026-01-22T04:40:52.067+0000] {processor.py:175} INFO - Processing /home/airflow/.local/lib/python3.7/site-packages/airflow/example_dags/example_sla_dag.py took 0.081 seconds
[2026-01-22T04:41:22.806+0000] {processor.py:153} INFO - Started process (PID=1177) to work on /home/airflow/.local/lib/python3.7/site-packages/airflow/example_dags/example_sla_dag.py
[2026-01-22T04:41:22.806+0000] {processor.py:743} INFO - Processing file /home/airflow/.local/lib/python3.7/site-packages/airflow/example_dags/example_sla_dag.py for tasks to queue
[2026-01-22T04:41:22.807+0000] {logging_mixin.py:137} INFO - [2026-01-22T04:41:22.807+0000] {dagbag.py:538} INFO - Filling up the DagBag from /home/airflow/.local/lib/python3.7/site-packages/airflow/example_dags/example_sla_dag.py
[2026-01-22T04:41:22.825+0000] {processor.py:753} INFO - DAG(s) dict_keys(['example_sla_dag']) retrieved from /home/airflow/.local/lib/python3.7/site-packages/airflow/example_dags/example_sla_dag.py
[2026-01-22T04:41:22.852+0000] {logging_mixin.py:137} INFO - [2026-01-22T04:41:22.852+0000] {dag.py:2676} INFO - Sync 1 DAGs
[2026-01-22T04:41:22.874+0000] {logging_mixin.py:137} INFO - [2026-01-22T04:41:22.874+0000] {dag.py:3427} INFO - Setting next_dagrun for example_sla_dag to 2026-01-22T04:38:00+00:00, run_after=2026-01-22T04:40:00+00:00
[2026-01-22T04:41:22.888+0000] {processor.py:175} INFO - Processing /home/airflow/.local/lib/python3.7/site-packages/airflow/example_dags/example_sla_dag.py took 0.085 seconds
[2026-01-22T04:41:53.655+0000] {processor.py:153} INFO - Started process (PID=1256) to work on /home/airflow/.local/lib/python3.7/site-packages/airflow/example_dags/example_sla_dag.py
[2026-01-22T04:41:53.656+0000] {processor.py:743} INFO - Processing file /home/airflow/.local/lib/python3.7/site-packages/airflow/example_dags/example_sla_dag.py for tasks to queue
[2026-01-22T04:41:53.656+0000] {logging_mixin.py:137} INFO - [2026-01-22T04:41:53.656+0000] {dagbag.py:538} INFO - Filling up the DagBag from /home/airflow/.local/lib/python3.7/site-packages/airflow/example_dags/example_sla_dag.py
[2026-01-22T04:41:53.673+0000] {processor.py:753} INFO - DAG(s) dict_keys(['example_sla_dag']) retrieved from /home/airflow/.local/lib/python3.7/site-packages/airflow/example_dags/example_sla_dag.py
[2026-01-22T04:41:53.701+0000] {logging_mixin.py:137} INFO - [2026-01-22T04:41:53.700+0000] {dag.py:2676} INFO - Sync 1 DAGs
[2026-01-22T04:41:53.726+0000] {logging_mixin.py:137} INFO - [2026-01-22T04:41:53.726+0000] {dag.py:3427} INFO - Setting next_dagrun for example_sla_dag to 2026-01-22T04:38:00+00:00, run_after=2026-01-22T04:40:00+00:00
[2026-01-22T04:41:53.739+0000] {processor.py:175} INFO - Processing /home/airflow/.local/lib/python3.7/site-packages/airflow/example_dags/example_sla_dag.py took 0.087 seconds
[2026-01-22T04:42:24.587+0000] {processor.py:153} INFO - Started process (PID=1354) to work on /home/airflow/.local/lib/python3.7/site-packages/airflow/example_dags/example_sla_dag.py
[2026-01-22T04:42:24.588+0000] {processor.py:743} INFO - Processing file /home/airflow/.local/lib/python3.7/site-packages/airflow/example_dags/example_sla_dag.py for tasks to queue
[2026-01-22T04:42:24.588+0000] {logging_mixin.py:137} INFO - [2026-01-22T04:42:24.588+0000] {dagbag.py:538} INFO - Filling up the DagBag from /home/airflow/.local/lib/python3.7/site-packages/airflow/example_dags/example_sla_dag.py
[2026-01-22T04:42:24.605+0000] {processor.py:753} INFO - DAG(s) dict_keys(['example_sla_dag']) retrieved from /home/airflow/.local/lib/python3.7/site-packages/airflow/example_dags/example_sla_dag.py
[2026-01-22T04:42:24.631+0000] {logging_mixin.py:137} INFO - [2026-01-22T04:42:24.631+0000] {dag.py:2676} INFO - Sync 1 DAGs
[2026-01-22T04:42:24.651+0000] {logging_mixin.py:137} INFO - [2026-01-22T04:42:24.651+0000] {dag.py:3427} INFO - Setting next_dagrun for example_sla_dag to 2026-01-22T04:40:00+00:00, run_after=2026-01-22T04:42:00+00:00
[2026-01-22T04:42:24.665+0000] {processor.py:175} INFO - Processing /home/airflow/.local/lib/python3.7/site-packages/airflow/example_dags/example_sla_dag.py took 0.080 seconds
[2026-01-22T04:42:55.384+0000] {processor.py:153} INFO - Started process (PID=1452) to work on /home/airflow/.local/lib/python3.7/site-packages/airflow/example_dags/example_sla_dag.py
[2026-01-22T04:42:55.385+0000] {processor.py:743} INFO - Processing file /home/airflow/.local/lib/python3.7/site-packages/airflow/example_dags/example_sla_dag.py for tasks to queue
[2026-01-22T04:42:55.386+0000] {logging_mixin.py:137} INFO - [2026-01-22T04:42:55.386+0000] {dagbag.py:538} INFO - Filling up the DagBag from /home/airflow/.local/lib/python3.7/site-packages/airflow/example_dags/example_sla_dag.py
[2026-01-22T04:42:55.403+0000] {processor.py:753} INFO - DAG(s) dict_keys(['example_sla_dag']) retrieved from /home/airflow/.local/lib/python3.7/site-packages/airflow/example_dags/example_sla_dag.py
[2026-01-22T04:42:55.430+0000] {logging_mixin.py:137} INFO - [2026-01-22T04:42:55.430+0000] {dag.py:2676} INFO - Sync 1 DAGs
[2026-01-22T04:42:55.451+0000] {logging_mixin.py:137} INFO - [2026-01-22T04:42:55.451+0000] {dag.py:3427} INFO - Setting next_dagrun for example_sla_dag to 2026-01-22T04:40:00+00:00, run_after=2026-01-22T04:42:00+00:00
[2026-01-22T04:42:55.466+0000] {processor.py:175} INFO - Processing /home/airflow/.local/lib/python3.7/site-packages/airflow/example_dags/example_sla_dag.py took 0.084 seconds
[2026-01-22T04:43:26.262+0000] {processor.py:153} INFO - Started process (PID=1530) to work on /home/airflow/.local/lib/python3.7/site-packages/airflow/example_dags/example_sla_dag.py
[2026-01-22T04:43:26.263+0000] {processor.py:743} INFO - Processing file /home/airflow/.local/lib/python3.7/site-packages/airflow/example_dags/example_sla_dag.py for tasks to queue
[2026-01-22T04:43:26.264+0000] {logging_mixin.py:137} INFO - [2026-01-22T04:43:26.263+0000] {dagbag.py:538} INFO - Filling up the DagBag from /home/airflow/.local/lib/python3.7/site-packages/airflow/example_dags/example_sla_dag.py
[2026-01-22T04:43:26.281+0000] {processor.py:753} INFO - DAG(s) dict_keys(['example_sla_dag']) retrieved from /home/airflow/.local/lib/python3.7/site-packages/airflow/example_dags/example_sla_dag.py
[2026-01-22T04:43:26.307+0000] {logging_mixin.py:137} INFO - [2026-01-22T04:43:26.307+0000] {dag.py:2676} INFO - Sync 1 DAGs
[2026-01-22T04:43:26.328+0000] {logging_mixin.py:137} INFO - [2026-01-22T04:43:26.328+0000] {dag.py:3427} INFO - Setting next_dagrun for example_sla_dag to 2026-01-22T04:40:00+00:00, run_after=2026-01-22T04:42:00+00:00
[2026-01-22T04:43:26.341+0000] {processor.py:175} INFO - Processing /home/airflow/.local/lib/python3.7/site-packages/airflow/example_dags/example_sla_dag.py took 0.081 seconds
[2026-01-22T04:43:57.062+0000] {processor.py:153} INFO - Started process (PID=1628) to work on /home/airflow/.local/lib/python3.7/site-packages/airflow/example_dags/example_sla_dag.py
[2026-01-22T04:43:57.063+0000] {processor.py:743} INFO - Processing file /home/airflow/.local/lib/python3.7/site-packages/airflow/example_dags/example_sla_dag.py for tasks to queue
[2026-01-22T04:43:57.064+0000] {logging_mixin.py:137} INFO - [2026-01-22T04:43:57.064+0000] {dagbag.py:538} INFO - Filling up the DagBag from /home/airflow/.local/lib/python3.7/site-packages/airflow/example_dags/example_sla_dag.py
[2026-01-22T04:43:57.081+0000] {processor.py:753} INFO - DAG(s) dict_keys(['example_sla_dag']) retrieved from /home/airflow/.local/lib/python3.7/site-packages/airflow/example_dags/example_sla_dag.py
[2026-01-22T04:43:57.107+0000] {logging_mixin.py:137} INFO - [2026-01-22T04:43:57.107+0000] {dag.py:2676} INFO - Sync 1 DAGs
[2026-01-22T04:43:57.128+0000] {logging_mixin.py:137} INFO - [2026-01-22T04:43:57.127+0000] {dag.py:3427} INFO - Setting next_dagrun for example_sla_dag to 2026-01-22T04:40:00+00:00, run_after=2026-01-22T04:42:00+00:00
[2026-01-22T04:43:57.140+0000] {processor.py:175} INFO - Processing /home/airflow/.local/lib/python3.7/site-packages/airflow/example_dags/example_sla_dag.py took 0.080 seconds
[2026-01-22T04:44:27.603+0000] {processor.py:153} INFO - Started process (PID=1726) to work on /home/airflow/.local/lib/python3.7/site-packages/airflow/example_dags/example_sla_dag.py
[2026-01-22T04:44:27.603+0000] {processor.py:743} INFO - Processing file /home/airflow/.local/lib/python3.7/site-packages/airflow/example_dags/example_sla_dag.py for tasks to queue
[2026-01-22T04:44:27.604+0000] {logging_mixin.py:137} INFO - [2026-01-22T04:44:27.604+0000] {dagbag.py:538} INFO - Filling up the DagBag from /home/airflow/.local/lib/python3.7/site-packages/airflow/example_dags/example_sla_dag.py
[2026-01-22T04:44:27.626+0000] {processor.py:753} INFO - DAG(s) dict_keys(['example_sla_dag']) retrieved from /home/airflow/.local/lib/python3.7/site-packages/airflow/example_dags/example_sla_dag.py
[2026-01-22T04:44:27.656+0000] {logging_mixin.py:137} INFO - [2026-01-22T04:44:27.656+0000] {dag.py:2676} INFO - Sync 1 DAGs
[2026-01-22T04:44:27.679+0000] {logging_mixin.py:137} INFO - [2026-01-22T04:44:27.679+0000] {dag.py:3427} INFO - Setting next_dagrun for example_sla_dag to 2026-01-22T04:42:00+00:00, run_after=2026-01-22T04:44:00+00:00
[2026-01-22T04:44:27.696+0000] {processor.py:175} INFO - Processing /home/airflow/.local/lib/python3.7/site-packages/airflow/example_dags/example_sla_dag.py took 0.096 seconds
[2026-01-22T04:44:58.612+0000] {processor.py:153} INFO - Started process (PID=1804) to work on /home/airflow/.local/lib/python3.7/site-packages/airflow/example_dags/example_sla_dag.py
[2026-01-22T04:44:58.613+0000] {processor.py:743} INFO - Processing file /home/airflow/.local/lib/python3.7/site-packages/airflow/example_dags/example_sla_dag.py for tasks to queue
[2026-01-22T04:44:58.614+0000] {logging_mixin.py:137} INFO - [2026-01-22T04:44:58.613+0000] {dagbag.py:538} INFO - Filling up the DagBag from /home/airflow/.local/lib/python3.7/site-packages/airflow/example_dags/example_sla_dag.py
[2026-01-22T04:44:58.631+0000] {processor.py:753} INFO - DAG(s) dict_keys(['example_sla_dag']) retrieved from /home/airflow/.local/lib/python3.7/site-packages/airflow/example_dags/example_sla_dag.py
[2026-01-22T04:44:58.657+0000] {logging_mixin.py:137} INFO - [2026-01-22T04:44:58.657+0000] {dag.py:2676} INFO - Sync 1 DAGs
[2026-01-22T04:44:58.677+0000] {logging_mixin.py:137} INFO - [2026-01-22T04:44:58.677+0000] {dag.py:3427} INFO - Setting next_dagrun for example_sla_dag to 2026-01-22T04:42:00+00:00, run_after=2026-01-22T04:44:00+00:00
[2026-01-22T04:44:58.691+0000] {processor.py:175} INFO - Processing /home/airflow/.local/lib/python3.7/site-packages/airflow/example_dags/example_sla_dag.py took 0.081 seconds
[2026-01-22T04:45:29.319+0000] {processor.py:153} INFO - Started process (PID=1902) to work on /home/airflow/.local/lib/python3.7/site-packages/airflow/example_dags/example_sla_dag.py
[2026-01-22T04:45:29.320+0000] {processor.py:743} INFO - Processing file /home/airflow/.local/lib/python3.7/site-packages/airflow/example_dags/example_sla_dag.py for tasks to queue
[2026-01-22T04:45:29.321+0000] {logging_mixin.py:137} INFO - [2026-01-22T04:45:29.321+0000] {dagbag.py:538} INFO - Filling up the DagBag from /home/airflow/.local/lib/python3.7/site-packages/airflow/example_dags/example_sla_dag.py
[2026-01-22T04:45:29.337+0000] {processor.py:753} INFO - DAG(s) dict_keys(['example_sla_dag']) retrieved from /home/airflow/.local/lib/python3.7/site-packages/airflow/example_dags/example_sla_dag.py
[2026-01-22T04:45:29.366+0000] {logging_mixin.py:137} INFO - [2026-01-22T04:45:29.366+0000] {dag.py:2676} INFO - Sync 1 DAGs
[2026-01-22T04:45:29.389+0000] {logging_mixin.py:137} INFO - [2026-01-22T04:45:29.388+0000] {dag.py:3427} INFO - Setting next_dagrun for example_sla_dag to 2026-01-22T04:42:00+00:00, run_after=2026-01-22T04:44:00+00:00
[2026-01-22T04:45:29.402+0000] {processor.py:175} INFO - Processing /home/airflow/.local/lib/python3.7/site-packages/airflow/example_dags/example_sla_dag.py took 0.085 seconds
[2026-01-22T04:46:00.096+0000] {processor.py:153} INFO - Started process (PID=1987) to work on /home/airflow/.local/lib/python3.7/site-packages/airflow/example_dags/example_sla_dag.py
[2026-01-22T04:46:00.097+0000] {processor.py:743} INFO - Processing file /home/airflow/.local/lib/python3.7/site-packages/airflow/example_dags/example_sla_dag.py for tasks to queue
[2026-01-22T04:46:00.097+0000] {logging_mixin.py:137} INFO - [2026-01-22T04:46:00.097+0000] {dagbag.py:538} INFO - Filling up the DagBag from /home/airflow/.local/lib/python3.7/site-packages/airflow/example_dags/example_sla_dag.py
[2026-01-22T04:46:00.119+0000] {processor.py:753} INFO - DAG(s) dict_keys(['example_sla_dag']) retrieved from /home/airflow/.local/lib/python3.7/site-packages/airflow/example_dags/example_sla_dag.py
[2026-01-22T04:46:00.148+0000] {logging_mixin.py:137} INFO - [2026-01-22T04:46:00.147+0000] {dag.py:2676} INFO - Sync 1 DAGs
[2026-01-22T04:46:00.172+0000] {logging_mixin.py:137} INFO - [2026-01-22T04:46:00.172+0000] {dag.py:3427} INFO - Setting next_dagrun for example_sla_dag to 2026-01-22T04:44:00+00:00, run_after=2026-01-22T04:46:00+00:00
[2026-01-22T04:46:00.188+0000] {processor.py:175} INFO - Processing /home/airflow/.local/lib/python3.7/site-packages/airflow/example_dags/example_sla_dag.py took 0.094 seconds
[2026-01-22T04:46:30.930+0000] {processor.py:153} INFO - Started process (PID=2078) to work on /home/airflow/.local/lib/python3.7/site-packages/airflow/example_dags/example_sla_dag.py
[2026-01-22T04:46:30.930+0000] {processor.py:743} INFO - Processing file /home/airflow/.local/lib/python3.7/site-packages/airflow/example_dags/example_sla_dag.py for tasks to queue
[2026-01-22T04:46:30.931+0000] {logging_mixin.py:137} INFO - [2026-01-22T04:46:30.931+0000] {dagbag.py:538} INFO - Filling up the DagBag from /home/airflow/.local/lib/python3.7/site-packages/airflow/example_dags/example_sla_dag.py
[2026-01-22T04:46:30.949+0000] {processor.py:753} INFO - DAG(s) dict_keys(['example_sla_dag']) retrieved from /home/airflow/.local/lib/python3.7/site-packages/airflow/example_dags/example_sla_dag.py
[2026-01-22T04:46:30.976+0000] {logging_mixin.py:137} INFO - [2026-01-22T04:46:30.976+0000] {dag.py:2676} INFO - Sync 1 DAGs
[2026-01-22T04:46:30.996+0000] {logging_mixin.py:137} INFO - [2026-01-22T04:46:30.996+0000] {dag.py:3427} INFO - Setting next_dagrun for example_sla_dag to 2026-01-22T04:44:00+00:00, run_after=2026-01-22T04:46:00+00:00
[2026-01-22T04:46:31.009+0000] {processor.py:175} INFO - Processing /home/airflow/.local/lib/python3.7/site-packages/airflow/example_dags/example_sla_dag.py took 0.082 seconds
[2026-01-22T04:47:01.780+0000] {processor.py:153} INFO - Started process (PID=2176) to work on /home/airflow/.local/lib/python3.7/site-packages/airflow/example_dags/example_sla_dag.py
[2026-01-22T04:47:01.781+0000] {processor.py:743} INFO - Processing file /home/airflow/.local/lib/python3.7/site-packages/airflow/example_dags/example_sla_dag.py for tasks to queue
[2026-01-22T04:47:01.782+0000] {logging_mixin.py:137} INFO - [2026-01-22T04:47:01.782+0000] {dagbag.py:538} INFO - Filling up the DagBag from /home/airflow/.local/lib/python3.7/site-packages/airflow/example_dags/example_sla_dag.py
[2026-01-22T04:47:01.799+0000] {processor.py:753} INFO - DAG(s) dict_keys(['example_sla_dag']) retrieved from /home/airflow/.local/lib/python3.7/site-packages/airflow/example_dags/example_sla_dag.py
[2026-01-22T04:47:01.827+0000] {logging_mixin.py:137} INFO - [2026-01-22T04:47:01.826+0000] {dag.py:2676} INFO - Sync 1 DAGs
[2026-01-22T04:47:01.847+0000] {logging_mixin.py:137} INFO - [2026-01-22T04:47:01.847+0000] {dag.py:3427} INFO - Setting next_dagrun for example_sla_dag to 2026-01-22T04:44:00+00:00, run_after=2026-01-22T04:46:00+00:00
[2026-01-22T04:47:01.861+0000] {processor.py:175} INFO - Processing /home/airflow/.local/lib/python3.7/site-packages/airflow/example_dags/example_sla_dag.py took 0.083 seconds
[2026-01-22T04:47:32.630+0000] {processor.py:153} INFO - Started process (PID=2254) to work on /home/airflow/.local/lib/python3.7/site-packages/airflow/example_dags/example_sla_dag.py
[2026-01-22T04:47:32.631+0000] {processor.py:743} INFO - Processing file /home/airflow/.local/lib/python3.7/site-packages/airflow/example_dags/example_sla_dag.py for tasks to queue
[2026-01-22T04:47:32.632+0000] {logging_mixin.py:137} INFO - [2026-01-22T04:47:32.631+0000] {dagbag.py:538} INFO - Filling up the DagBag from /home/airflow/.local/lib/python3.7/site-packages/airflow/example_dags/example_sla_dag.py
[2026-01-22T04:47:32.649+0000] {processor.py:753} INFO - DAG(s) dict_keys(['example_sla_dag']) retrieved from /home/airflow/.local/lib/python3.7/site-packages/airflow/example_dags/example_sla_dag.py
[2026-01-22T04:47:32.676+0000] {logging_mixin.py:137} INFO - [2026-01-22T04:47:32.676+0000] {dag.py:2676} INFO - Sync 1 DAGs
[2026-01-22T04:47:32.698+0000] {logging_mixin.py:137} INFO - [2026-01-22T04:47:32.698+0000] {dag.py:3427} INFO - Setting next_dagrun for example_sla_dag to 2026-01-22T04:44:00+00:00, run_after=2026-01-22T04:46:00+00:00
[2026-01-22T04:47:32.711+0000] {processor.py:175} INFO - Processing /home/airflow/.local/lib/python3.7/site-packages/airflow/example_dags/example_sla_dag.py took 0.083 seconds
[2026-01-22T04:48:03.896+0000] {processor.py:153} INFO - Started process (PID=2352) to work on /home/airflow/.local/lib/python3.7/site-packages/airflow/example_dags/example_sla_dag.py
[2026-01-22T04:48:03.896+0000] {processor.py:743} INFO - Processing file /home/airflow/.local/lib/python3.7/site-packages/airflow/example_dags/example_sla_dag.py for tasks to queue
[2026-01-22T04:48:03.897+0000] {logging_mixin.py:137} INFO - [2026-01-22T04:48:03.897+0000] {dagbag.py:538} INFO - Filling up the DagBag from /home/airflow/.local/lib/python3.7/site-packages/airflow/example_dags/example_sla_dag.py
[2026-01-22T04:48:03.914+0000] {processor.py:753} INFO - DAG(s) dict_keys(['example_sla_dag']) retrieved from /home/airflow/.local/lib/python3.7/site-packages/airflow/example_dags/example_sla_dag.py
[2026-01-22T04:48:03.942+0000] {logging_mixin.py:137} INFO - [2026-01-22T04:48:03.942+0000] {dag.py:2676} INFO - Sync 1 DAGs
[2026-01-22T04:48:03.962+0000] {logging_mixin.py:137} INFO - [2026-01-22T04:48:03.962+0000] {dag.py:3427} INFO - Setting next_dagrun for example_sla_dag to 2026-01-22T04:46:00+00:00, run_after=2026-01-22T04:48:00+00:00
[2026-01-22T04:48:03.976+0000] {processor.py:175} INFO - Processing /home/airflow/.local/lib/python3.7/site-packages/airflow/example_dags/example_sla_dag.py took 0.083 seconds
[2026-01-22T04:48:34.024+0000] {processor.py:153} INFO - Started process (PID=2450) to work on /home/airflow/.local/lib/python3.7/site-packages/airflow/example_dags/example_sla_dag.py
[2026-01-22T04:48:34.024+0000] {processor.py:743} INFO - Processing file /home/airflow/.local/lib/python3.7/site-packages/airflow/example_dags/example_sla_dag.py for tasks to queue
[2026-01-22T04:48:34.025+0000] {logging_mixin.py:137} INFO - [2026-01-22T04:48:34.025+0000] {dagbag.py:538} INFO - Filling up the DagBag from /home/airflow/.local/lib/python3.7/site-packages/airflow/example_dags/example_sla_dag.py
[2026-01-22T04:48:34.042+0000] {processor.py:753} INFO - DAG(s) dict_keys(['example_sla_dag']) retrieved from /home/airflow/.local/lib/python3.7/site-packages/airflow/example_dags/example_sla_dag.py
[2026-01-22T04:48:34.070+0000] {logging_mixin.py:137} INFO - [2026-01-22T04:48:34.069+0000] {dag.py:2676} INFO - Sync 1 DAGs
[2026-01-22T04:48:34.092+0000] {logging_mixin.py:137} INFO - [2026-01-22T04:48:34.092+0000] {dag.py:3427} INFO - Setting next_dagrun for example_sla_dag to 2026-01-22T04:46:00+00:00, run_after=2026-01-22T04:48:00+00:00
[2026-01-22T04:48:34.107+0000] {processor.py:175} INFO - Processing /home/airflow/.local/lib/python3.7/site-packages/airflow/example_dags/example_sla_dag.py took 0.085 seconds
[2026-01-22T04:49:04.168+0000] {processor.py:153} INFO - Started process (PID=2528) to work on /home/airflow/.local/lib/python3.7/site-packages/airflow/example_dags/example_sla_dag.py
[2026-01-22T04:49:04.168+0000] {processor.py:743} INFO - Processing file /home/airflow/.local/lib/python3.7/site-packages/airflow/example_dags/example_sla_dag.py for tasks to queue
[2026-01-22T04:49:04.169+0000] {logging_mixin.py:137} INFO - [2026-01-22T04:49:04.169+0000] {dagbag.py:538} INFO - Filling up the DagBag from /home/airflow/.local/lib/python3.7/site-packages/airflow/example_dags/example_sla_dag.py
[2026-01-22T04:49:04.189+0000] {processor.py:753} INFO - DAG(s) dict_keys(['example_sla_dag']) retrieved from /home/airflow/.local/lib/python3.7/site-packages/airflow/example_dags/example_sla_dag.py
[2026-01-22T04:49:04.217+0000] {logging_mixin.py:137} INFO - [2026-01-22T04:49:04.217+0000] {dag.py:2676} INFO - Sync 1 DAGs
[2026-01-22T04:49:04.237+0000] {logging_mixin.py:137} INFO - [2026-01-22T04:49:04.237+0000] {dag.py:3427} INFO - Setting next_dagrun for example_sla_dag to 2026-01-22T04:46:00+00:00, run_after=2026-01-22T04:48:00+00:00
[2026-01-22T04:49:04.250+0000] {processor.py:175} INFO - Processing /home/airflow/.local/lib/python3.7/site-packages/airflow/example_dags/example_sla_dag.py took 0.085 seconds
[2026-01-22T04:49:34.328+0000] {processor.py:153} INFO - Started process (PID=2626) to work on /home/airflow/.local/lib/python3.7/site-packages/airflow/example_dags/example_sla_dag.py
[2026-01-22T04:49:34.329+0000] {processor.py:743} INFO - Processing file /home/airflow/.local/lib/python3.7/site-packages/airflow/example_dags/example_sla_dag.py for tasks to queue
[2026-01-22T04:49:34.329+0000] {logging_mixin.py:137} INFO - [2026-01-22T04:49:34.329+0000] {dagbag.py:538} INFO - Filling up the DagBag from /home/airflow/.local/lib/python3.7/site-packages/airflow/example_dags/example_sla_dag.py
[2026-01-22T04:49:34.346+0000] {processor.py:753} INFO - DAG(s) dict_keys(['example_sla_dag']) retrieved from /home/airflow/.local/lib/python3.7/site-packages/airflow/example_dags/example_sla_dag.py
[2026-01-22T04:49:34.373+0000] {logging_mixin.py:137} INFO - [2026-01-22T04:49:34.373+0000] {dag.py:2676} INFO - Sync 1 DAGs
[2026-01-22T04:49:34.396+0000] {logging_mixin.py:137} INFO - [2026-01-22T04:49:34.396+0000] {dag.py:3427} INFO - Setting next_dagrun for example_sla_dag to 2026-01-22T04:46:00+00:00, run_after=2026-01-22T04:48:00+00:00
[2026-01-22T04:49:34.411+0000] {processor.py:175} INFO - Processing /home/airflow/.local/lib/python3.7/site-packages/airflow/example_dags/example_sla_dag.py took 0.085 seconds
[2026-01-22T04:50:04.512+0000] {processor.py:153} INFO - Started process (PID=2704) to work on /home/airflow/.local/lib/python3.7/site-packages/airflow/example_dags/example_sla_dag.py
[2026-01-22T04:50:04.513+0000] {processor.py:743} INFO - Processing file /home/airflow/.local/lib/python3.7/site-packages/airflow/example_dags/example_sla_dag.py for tasks to queue
[2026-01-22T04:50:04.514+0000] {logging_mixin.py:137} INFO - [2026-01-22T04:50:04.513+0000] {dagbag.py:538} INFO - Filling up the DagBag from /home/airflow/.local/lib/python3.7/site-packages/airflow/example_dags/example_sla_dag.py
[2026-01-22T04:50:04.530+0000] {processor.py:753} INFO - DAG(s) dict_keys(['example_sla_dag']) retrieved from /home/airflow/.local/lib/python3.7/site-packages/airflow/example_dags/example_sla_dag.py
[2026-01-22T04:50:04.558+0000] {logging_mixin.py:137} INFO - [2026-01-22T04:50:04.557+0000] {dag.py:2676} INFO - Sync 1 DAGs
[2026-01-22T04:50:04.579+0000] {logging_mixin.py:137} INFO - [2026-01-22T04:50:04.579+0000] {dag.py:3427} INFO - Setting next_dagrun for example_sla_dag to 2026-01-22T04:48:00+00:00, run_after=2026-01-22T04:50:00+00:00
[2026-01-22T04:50:04.596+0000] {processor.py:175} INFO - Processing /home/airflow/.local/lib/python3.7/site-packages/airflow/example_dags/example_sla_dag.py took 0.086 seconds
[2026-01-22T04:50:34.752+0000] {processor.py:153} INFO - Started process (PID=2802) to work on /home/airflow/.local/lib/python3.7/site-packages/airflow/example_dags/example_sla_dag.py
[2026-01-22T04:50:34.752+0000] {processor.py:743} INFO - Processing file /home/airflow/.local/lib/python3.7/site-packages/airflow/example_dags/example_sla_dag.py for tasks to queue
[2026-01-22T04:50:34.753+0000] {logging_mixin.py:137} INFO - [2026-01-22T04:50:34.753+0000] {dagbag.py:538} INFO - Filling up the DagBag from /home/airflow/.local/lib/python3.7/site-packages/airflow/example_dags/example_sla_dag.py
[2026-01-22T04:50:34.771+0000] {processor.py:753} INFO - DAG(s) dict_keys(['example_sla_dag']) retrieved from /home/airflow/.local/lib/python3.7/site-packages/airflow/example_dags/example_sla_dag.py
[2026-01-22T04:50:34.799+0000] {logging_mixin.py:137} INFO - [2026-01-22T04:50:34.799+0000] {dag.py:2676} INFO - Sync 1 DAGs
[2026-01-22T04:50:34.821+0000] {logging_mixin.py:137} INFO - [2026-01-22T04:50:34.821+0000] {dag.py:3427} INFO - Setting next_dagrun for example_sla_dag to 2026-01-22T04:48:00+00:00, run_after=2026-01-22T04:50:00+00:00
[2026-01-22T04:50:34.835+0000] {processor.py:175} INFO - Processing /home/airflow/.local/lib/python3.7/site-packages/airflow/example_dags/example_sla_dag.py took 0.086 seconds
[2026-01-22T04:51:05.659+0000] {processor.py:153} INFO - Started process (PID=2900) to work on /home/airflow/.local/lib/python3.7/site-packages/airflow/example_dags/example_sla_dag.py
[2026-01-22T04:51:05.660+0000] {processor.py:743} INFO - Processing file /home/airflow/.local/lib/python3.7/site-packages/airflow/example_dags/example_sla_dag.py for tasks to queue
[2026-01-22T04:51:05.661+0000] {logging_mixin.py:137} INFO - [2026-01-22T04:51:05.660+0000] {dagbag.py:538} INFO - Filling up the DagBag from /home/airflow/.local/lib/python3.7/site-packages/airflow/example_dags/example_sla_dag.py
[2026-01-22T04:51:05.679+0000] {processor.py:753} INFO - DAG(s) dict_keys(['example_sla_dag']) retrieved from /home/airflow/.local/lib/python3.7/site-packages/airflow/example_dags/example_sla_dag.py
[2026-01-22T04:51:05.711+0000] {logging_mixin.py:137} INFO - [2026-01-22T04:51:05.710+0000] {dag.py:2676} INFO - Sync 1 DAGs
[2026-01-22T04:51:05.732+0000] {logging_mixin.py:137} INFO - [2026-01-22T04:51:05.732+0000] {dag.py:3427} INFO - Setting next_dagrun for example_sla_dag to 2026-01-22T04:48:00+00:00, run_after=2026-01-22T04:50:00+00:00
[2026-01-22T04:51:05.745+0000] {processor.py:175} INFO - Processing /home/airflow/.local/lib/python3.7/site-packages/airflow/example_dags/example_sla_dag.py took 0.088 seconds
[2026-01-22T04:51:35.925+0000] {processor.py:153} INFO - Started process (PID=2978) to work on /home/airflow/.local/lib/python3.7/site-packages/airflow/example_dags/example_sla_dag.py
[2026-01-22T04:51:35.925+0000] {processor.py:743} INFO - Processing file /home/airflow/.local/lib/python3.7/site-packages/airflow/example_dags/example_sla_dag.py for tasks to queue
[2026-01-22T04:51:35.926+0000] {logging_mixin.py:137} INFO - [2026-01-22T04:51:35.926+0000] {dagbag.py:538} INFO - Filling up the DagBag from /home/airflow/.local/lib/python3.7/site-packages/airflow/example_dags/example_sla_dag.py
[2026-01-22T04:51:35.947+0000] {processor.py:753} INFO - DAG(s) dict_keys(['example_sla_dag']) retrieved from /home/airflow/.local/lib/python3.7/site-packages/airflow/example_dags/example_sla_dag.py
[2026-01-22T04:51:35.977+0000] {logging_mixin.py:137} INFO - [2026-01-22T04:51:35.977+0000] {dag.py:2676} INFO - Sync 1 DAGs
[2026-01-22T04:51:35.999+0000] {logging_mixin.py:137} INFO - [2026-01-22T04:51:35.999+0000] {dag.py:3427} INFO - Setting next_dagrun for example_sla_dag to 2026-01-22T04:48:00+00:00, run_after=2026-01-22T04:50:00+00:00
[2026-01-22T04:51:36.013+0000] {processor.py:175} INFO - Processing /home/airflow/.local/lib/python3.7/site-packages/airflow/example_dags/example_sla_dag.py took 0.091 seconds
[2026-01-22T04:52:06.878+0000] {processor.py:153} INFO - Started process (PID=3076) to work on /home/airflow/.local/lib/python3.7/site-packages/airflow/example_dags/example_sla_dag.py
[2026-01-22T04:52:06.879+0000] {processor.py:743} INFO - Processing file /home/airflow/.local/lib/python3.7/site-packages/airflow/example_dags/example_sla_dag.py for tasks to queue
[2026-01-22T04:52:06.880+0000] {logging_mixin.py:137} INFO - [2026-01-22T04:52:06.879+0000] {dagbag.py:538} INFO - Filling up the DagBag from /home/airflow/.local/lib/python3.7/site-packages/airflow/example_dags/example_sla_dag.py
[2026-01-22T04:52:06.902+0000] {processor.py:753} INFO - DAG(s) dict_keys(['example_sla_dag']) retrieved from /home/airflow/.local/lib/python3.7/site-packages/airflow/example_dags/example_sla_dag.py
[2026-01-22T04:52:06.929+0000] {logging_mixin.py:137} INFO - [2026-01-22T04:52:06.929+0000] {dag.py:2676} INFO - Sync 1 DAGs
[2026-01-22T04:52:06.950+0000] {logging_mixin.py:137} INFO - [2026-01-22T04:52:06.950+0000] {dag.py:3427} INFO - Setting next_dagrun for example_sla_dag to 2026-01-22T04:50:00+00:00, run_after=2026-01-22T04:52:00+00:00
[2026-01-22T04:52:06.964+0000] {processor.py:175} INFO - Processing /home/airflow/.local/lib/python3.7/site-packages/airflow/example_dags/example_sla_dag.py took 0.088 seconds
[2026-01-22T04:52:37.617+0000] {processor.py:153} INFO - Started process (PID=3161) to work on /home/airflow/.local/lib/python3.7/site-packages/airflow/example_dags/example_sla_dag.py
[2026-01-22T04:52:37.618+0000] {processor.py:743} INFO - Processing file /home/airflow/.local/lib/python3.7/site-packages/airflow/example_dags/example_sla_dag.py for tasks to queue
[2026-01-22T04:52:37.618+0000] {logging_mixin.py:137} INFO - [2026-01-22T04:52:37.618+0000] {dagbag.py:538} INFO - Filling up the DagBag from /home/airflow/.local/lib/python3.7/site-packages/airflow/example_dags/example_sla_dag.py
[2026-01-22T04:52:37.640+0000] {processor.py:753} INFO - DAG(s) dict_keys(['example_sla_dag']) retrieved from /home/airflow/.local/lib/python3.7/site-packages/airflow/example_dags/example_sla_dag.py
[2026-01-22T04:52:37.670+0000] {logging_mixin.py:137} INFO - [2026-01-22T04:52:37.670+0000] {dag.py:2676} INFO - Sync 1 DAGs
[2026-01-22T04:52:37.691+0000] {logging_mixin.py:137} INFO - [2026-01-22T04:52:37.691+0000] {dag.py:3427} INFO - Setting next_dagrun for example_sla_dag to 2026-01-22T04:50:00+00:00, run_after=2026-01-22T04:52:00+00:00
[2026-01-22T04:52:37.705+0000] {processor.py:175} INFO - Processing /home/airflow/.local/lib/python3.7/site-packages/airflow/example_dags/example_sla_dag.py took 0.091 seconds
[2026-01-22T04:53:08.538+0000] {processor.py:153} INFO - Started process (PID=3252) to work on /home/airflow/.local/lib/python3.7/site-packages/airflow/example_dags/example_sla_dag.py
[2026-01-22T04:53:08.538+0000] {processor.py:743} INFO - Processing file /home/airflow/.local/lib/python3.7/site-packages/airflow/example_dags/example_sla_dag.py for tasks to queue
[2026-01-22T04:53:08.539+0000] {logging_mixin.py:137} INFO - [2026-01-22T04:53:08.539+0000] {dagbag.py:538} INFO - Filling up the DagBag from /home/airflow/.local/lib/python3.7/site-packages/airflow/example_dags/example_sla_dag.py
[2026-01-22T04:53:08.556+0000] {processor.py:753} INFO - DAG(s) dict_keys(['example_sla_dag']) retrieved from /home/airflow/.local/lib/python3.7/site-packages/airflow/example_dags/example_sla_dag.py
[2026-01-22T04:53:08.584+0000] {logging_mixin.py:137} INFO - [2026-01-22T04:53:08.584+0000] {dag.py:2676} INFO - Sync 1 DAGs
[2026-01-22T04:53:08.606+0000] {logging_mixin.py:137} INFO - [2026-01-22T04:53:08.606+0000] {dag.py:3427} INFO - Setting next_dagrun for example_sla_dag to 2026-01-22T04:50:00+00:00, run_after=2026-01-22T04:52:00+00:00
[2026-01-22T04:53:08.619+0000] {processor.py:175} INFO - Processing /home/airflow/.local/lib/python3.7/site-packages/airflow/example_dags/example_sla_dag.py took 0.084 seconds
[2026-01-22T04:53:39.315+0000] {processor.py:153} INFO - Started process (PID=3350) to work on /home/airflow/.local/lib/python3.7/site-packages/airflow/example_dags/example_sla_dag.py
[2026-01-22T04:53:39.316+0000] {processor.py:743} INFO - Processing file /home/airflow/.local/lib/python3.7/site-packages/airflow/example_dags/example_sla_dag.py for tasks to queue
[2026-01-22T04:53:39.317+0000] {logging_mixin.py:137} INFO - [2026-01-22T04:53:39.317+0000] {dagbag.py:538} INFO - Filling up the DagBag from /home/airflow/.local/lib/python3.7/site-packages/airflow/example_dags/example_sla_dag.py
[2026-01-22T04:53:39.334+0000] {processor.py:753} INFO - DAG(s) dict_keys(['example_sla_dag']) retrieved from /home/airflow/.local/lib/python3.7/site-packages/airflow/example_dags/example_sla_dag.py
[2026-01-22T04:53:39.360+0000] {logging_mixin.py:137} INFO - [2026-01-22T04:53:39.360+0000] {dag.py:2676} INFO - Sync 1 DAGs
[2026-01-22T04:53:39.383+0000] {logging_mixin.py:137} INFO - [2026-01-22T04:53:39.382+0000] {dag.py:3427} INFO - Setting next_dagrun for example_sla_dag to 2026-01-22T04:50:00+00:00, run_after=2026-01-22T04:52:00+00:00
[2026-01-22T04:53:39.396+0000] {processor.py:175} INFO - Processing /home/airflow/.local/lib/python3.7/site-packages/airflow/example_dags/example_sla_dag.py took 0.084 seconds
[2026-01-22T04:54:10.095+0000] {processor.py:153} INFO - Started process (PID=3428) to work on /home/airflow/.local/lib/python3.7/site-packages/airflow/example_dags/example_sla_dag.py
[2026-01-22T04:54:10.096+0000] {processor.py:743} INFO - Processing file /home/airflow/.local/lib/python3.7/site-packages/airflow/example_dags/example_sla_dag.py for tasks to queue
[2026-01-22T04:54:10.096+0000] {logging_mixin.py:137} INFO - [2026-01-22T04:54:10.096+0000] {dagbag.py:538} INFO - Filling up the DagBag from /home/airflow/.local/lib/python3.7/site-packages/airflow/example_dags/example_sla_dag.py
[2026-01-22T04:54:10.114+0000] {processor.py:753} INFO - DAG(s) dict_keys(['example_sla_dag']) retrieved from /home/airflow/.local/lib/python3.7/site-packages/airflow/example_dags/example_sla_dag.py
[2026-01-22T04:54:10.141+0000] {logging_mixin.py:137} INFO - [2026-01-22T04:54:10.140+0000] {dag.py:2676} INFO - Sync 1 DAGs
[2026-01-22T04:54:10.161+0000] {logging_mixin.py:137} INFO - [2026-01-22T04:54:10.161+0000] {dag.py:3427} INFO - Setting next_dagrun for example_sla_dag to 2026-01-22T04:52:00+00:00, run_after=2026-01-22T04:54:00+00:00
[2026-01-22T04:54:10.174+0000] {processor.py:175} INFO - Processing /home/airflow/.local/lib/python3.7/site-packages/airflow/example_dags/example_sla_dag.py took 0.082 seconds
[2026-01-22T04:54:40.833+0000] {processor.py:153} INFO - Started process (PID=3526) to work on /home/airflow/.local/lib/python3.7/site-packages/airflow/example_dags/example_sla_dag.py
[2026-01-22T04:54:40.834+0000] {processor.py:743} INFO - Processing file /home/airflow/.local/lib/python3.7/site-packages/airflow/example_dags/example_sla_dag.py for tasks to queue
[2026-01-22T04:54:40.835+0000] {logging_mixin.py:137} INFO - [2026-01-22T04:54:40.834+0000] {dagbag.py:538} INFO - Filling up the DagBag from /home/airflow/.local/lib/python3.7/site-packages/airflow/example_dags/example_sla_dag.py
[2026-01-22T04:54:40.855+0000] {processor.py:753} INFO - DAG(s) dict_keys(['example_sla_dag']) retrieved from /home/airflow/.local/lib/python3.7/site-packages/airflow/example_dags/example_sla_dag.py
[2026-01-22T04:54:40.883+0000] {logging_mixin.py:137} INFO - [2026-01-22T04:54:40.883+0000] {dag.py:2676} INFO - Sync 1 DAGs
[2026-01-22T04:54:40.906+0000] {logging_mixin.py:137} INFO - [2026-01-22T04:54:40.906+0000] {dag.py:3427} INFO - Setting next_dagrun for example_sla_dag to 2026-01-22T04:52:00+00:00, run_after=2026-01-22T04:54:00+00:00
[2026-01-22T04:54:40.923+0000] {processor.py:175} INFO - Processing /home/airflow/.local/lib/python3.7/site-packages/airflow/example_dags/example_sla_dag.py took 0.092 seconds
[2026-01-22T04:55:11.134+0000] {processor.py:153} INFO - Started process (PID=3624) to work on /home/airflow/.local/lib/python3.7/site-packages/airflow/example_dags/example_sla_dag.py
[2026-01-22T04:55:11.135+0000] {processor.py:743} INFO - Processing file /home/airflow/.local/lib/python3.7/site-packages/airflow/example_dags/example_sla_dag.py for tasks to queue
[2026-01-22T04:55:11.136+0000] {logging_mixin.py:137} INFO - [2026-01-22T04:55:11.136+0000] {dagbag.py:538} INFO - Filling up the DagBag from /home/airflow/.local/lib/python3.7/site-packages/airflow/example_dags/example_sla_dag.py
[2026-01-22T04:55:11.154+0000] {processor.py:753} INFO - DAG(s) dict_keys(['example_sla_dag']) retrieved from /home/airflow/.local/lib/python3.7/site-packages/airflow/example_dags/example_sla_dag.py
[2026-01-22T04:55:11.180+0000] {logging_mixin.py:137} INFO - [2026-01-22T04:55:11.180+0000] {dag.py:2676} INFO - Sync 1 DAGs
[2026-01-22T04:55:11.205+0000] {logging_mixin.py:137} INFO - [2026-01-22T04:55:11.205+0000] {dag.py:3427} INFO - Setting next_dagrun for example_sla_dag to 2026-01-22T04:52:00+00:00, run_after=2026-01-22T04:54:00+00:00
[2026-01-22T04:55:11.219+0000] {processor.py:175} INFO - Processing /home/airflow/.local/lib/python3.7/site-packages/airflow/example_dags/example_sla_dag.py took 0.087 seconds
[2026-01-22T04:55:41.412+0000] {processor.py:153} INFO - Started process (PID=3703) to work on /home/airflow/.local/lib/python3.7/site-packages/airflow/example_dags/example_sla_dag.py
[2026-01-22T04:55:41.413+0000] {processor.py:743} INFO - Processing file /home/airflow/.local/lib/python3.7/site-packages/airflow/example_dags/example_sla_dag.py for tasks to queue
[2026-01-22T04:55:41.414+0000] {logging_mixin.py:137} INFO - [2026-01-22T04:55:41.414+0000] {dagbag.py:538} INFO - Filling up the DagBag from /home/airflow/.local/lib/python3.7/site-packages/airflow/example_dags/example_sla_dag.py
[2026-01-22T04:55:41.432+0000] {processor.py:753} INFO - DAG(s) dict_keys(['example_sla_dag']) retrieved from /home/airflow/.local/lib/python3.7/site-packages/airflow/example_dags/example_sla_dag.py
[2026-01-22T04:55:41.459+0000] {logging_mixin.py:137} INFO - [2026-01-22T04:55:41.459+0000] {dag.py:2676} INFO - Sync 1 DAGs
[2026-01-22T04:55:41.480+0000] {logging_mixin.py:137} INFO - [2026-01-22T04:55:41.480+0000] {dag.py:3427} INFO - Setting next_dagrun for example_sla_dag to 2026-01-22T04:52:00+00:00, run_after=2026-01-22T04:54:00+00:00
[2026-01-22T04:55:41.493+0000] {processor.py:175} INFO - Processing /home/airflow/.local/lib/python3.7/site-packages/airflow/example_dags/example_sla_dag.py took 0.084 seconds
[2026-01-22T04:56:12.287+0000] {processor.py:153} INFO - Started process (PID=3801) to work on /home/airflow/.local/lib/python3.7/site-packages/airflow/example_dags/example_sla_dag.py
[2026-01-22T04:56:12.288+0000] {processor.py:743} INFO - Processing file /home/airflow/.local/lib/python3.7/site-packages/airflow/example_dags/example_sla_dag.py for tasks to queue
[2026-01-22T04:56:12.289+0000] {logging_mixin.py:137} INFO - [2026-01-22T04:56:12.289+0000] {dagbag.py:538} INFO - Filling up the DagBag from /home/airflow/.local/lib/python3.7/site-packages/airflow/example_dags/example_sla_dag.py
[2026-01-22T04:56:12.306+0000] {processor.py:753} INFO - DAG(s) dict_keys(['example_sla_dag']) retrieved from /home/airflow/.local/lib/python3.7/site-packages/airflow/example_dags/example_sla_dag.py
[2026-01-22T04:56:12.337+0000] {logging_mixin.py:137} INFO - [2026-01-22T04:56:12.337+0000] {dag.py:2676} INFO - Sync 1 DAGs
[2026-01-22T04:56:12.364+0000] {logging_mixin.py:137} INFO - [2026-01-22T04:56:12.364+0000] {dag.py:3427} INFO - Setting next_dagrun for example_sla_dag to 2026-01-22T04:54:00+00:00, run_after=2026-01-22T04:56:00+00:00
[2026-01-22T04:56:12.384+0000] {processor.py:175} INFO - Processing /home/airflow/.local/lib/python3.7/site-packages/airflow/example_dags/example_sla_dag.py took 0.099 seconds
[2026-01-22T04:56:43.077+0000] {processor.py:153} INFO - Started process (PID=3886) to work on /home/airflow/.local/lib/python3.7/site-packages/airflow/example_dags/example_sla_dag.py
[2026-01-22T04:56:43.078+0000] {processor.py:743} INFO - Processing file /home/airflow/.local/lib/python3.7/site-packages/airflow/example_dags/example_sla_dag.py for tasks to queue
[2026-01-22T04:56:43.079+0000] {logging_mixin.py:137} INFO - [2026-01-22T04:56:43.079+0000] {dagbag.py:538} INFO - Filling up the DagBag from /home/airflow/.local/lib/python3.7/site-packages/airflow/example_dags/example_sla_dag.py
[2026-01-22T04:56:43.096+0000] {processor.py:753} INFO - DAG(s) dict_keys(['example_sla_dag']) retrieved from /home/airflow/.local/lib/python3.7/site-packages/airflow/example_dags/example_sla_dag.py
[2026-01-22T04:56:43.128+0000] {logging_mixin.py:137} INFO - [2026-01-22T04:56:43.128+0000] {dag.py:2676} INFO - Sync 1 DAGs
[2026-01-22T04:56:43.149+0000] {logging_mixin.py:137} INFO - [2026-01-22T04:56:43.149+0000] {dag.py:3427} INFO - Setting next_dagrun for example_sla_dag to 2026-01-22T04:54:00+00:00, run_after=2026-01-22T04:56:00+00:00
[2026-01-22T04:56:43.166+0000] {processor.py:175} INFO - Processing /home/airflow/.local/lib/python3.7/site-packages/airflow/example_dags/example_sla_dag.py took 0.091 seconds
[2026-01-22T05:04:01.485+0000] {processor.py:153} INFO - Started process (PID=81) to work on /home/airflow/.local/lib/python3.7/site-packages/airflow/example_dags/example_sla_dag.py
[2026-01-22T05:04:01.486+0000] {processor.py:743} INFO - Processing file /home/airflow/.local/lib/python3.7/site-packages/airflow/example_dags/example_sla_dag.py for tasks to queue
[2026-01-22T05:04:01.487+0000] {logging_mixin.py:137} INFO - [2026-01-22T05:04:01.487+0000] {dagbag.py:538} INFO - Filling up the DagBag from /home/airflow/.local/lib/python3.7/site-packages/airflow/example_dags/example_sla_dag.py
[2026-01-22T05:04:01.508+0000] {processor.py:753} INFO - DAG(s) dict_keys(['example_sla_dag']) retrieved from /home/airflow/.local/lib/python3.7/site-packages/airflow/example_dags/example_sla_dag.py
[2026-01-22T05:04:01.539+0000] {logging_mixin.py:137} INFO - [2026-01-22T05:04:01.539+0000] {dag.py:2676} INFO - Sync 1 DAGs
[2026-01-22T05:04:01.562+0000] {logging_mixin.py:137} INFO - [2026-01-22T05:04:01.562+0000] {dag.py:3427} INFO - Setting next_dagrun for example_sla_dag to 2026-01-22T05:02:00+00:00, run_after=2026-01-22T05:04:00+00:00
[2026-01-22T05:04:01.577+0000] {processor.py:175} INFO - Processing /home/airflow/.local/lib/python3.7/site-packages/airflow/example_dags/example_sla_dag.py took 0.094 seconds
[2026-01-22T05:04:32.058+0000] {processor.py:153} INFO - Started process (PID=179) to work on /home/airflow/.local/lib/python3.7/site-packages/airflow/example_dags/example_sla_dag.py
[2026-01-22T05:04:32.059+0000] {processor.py:743} INFO - Processing file /home/airflow/.local/lib/python3.7/site-packages/airflow/example_dags/example_sla_dag.py for tasks to queue
[2026-01-22T05:04:32.059+0000] {logging_mixin.py:137} INFO - [2026-01-22T05:04:32.059+0000] {dagbag.py:538} INFO - Filling up the DagBag from /home/airflow/.local/lib/python3.7/site-packages/airflow/example_dags/example_sla_dag.py
[2026-01-22T05:04:32.084+0000] {processor.py:753} INFO - DAG(s) dict_keys(['example_sla_dag']) retrieved from /home/airflow/.local/lib/python3.7/site-packages/airflow/example_dags/example_sla_dag.py
[2026-01-22T05:04:32.113+0000] {logging_mixin.py:137} INFO - [2026-01-22T05:04:32.112+0000] {dag.py:2676} INFO - Sync 1 DAGs
[2026-01-22T05:04:32.135+0000] {logging_mixin.py:137} INFO - [2026-01-22T05:04:32.135+0000] {dag.py:3427} INFO - Setting next_dagrun for example_sla_dag to 2026-01-22T05:02:00+00:00, run_after=2026-01-22T05:04:00+00:00
[2026-01-22T05:04:32.150+0000] {processor.py:175} INFO - Processing /home/airflow/.local/lib/python3.7/site-packages/airflow/example_dags/example_sla_dag.py took 0.096 seconds
[2026-01-22T05:05:02.173+0000] {processor.py:153} INFO - Started process (PID=258) to work on /home/airflow/.local/lib/python3.7/site-packages/airflow/example_dags/example_sla_dag.py
[2026-01-22T05:05:02.174+0000] {processor.py:743} INFO - Processing file /home/airflow/.local/lib/python3.7/site-packages/airflow/example_dags/example_sla_dag.py for tasks to queue
[2026-01-22T05:05:02.175+0000] {logging_mixin.py:137} INFO - [2026-01-22T05:05:02.175+0000] {dagbag.py:538} INFO - Filling up the DagBag from /home/airflow/.local/lib/python3.7/site-packages/airflow/example_dags/example_sla_dag.py
[2026-01-22T05:05:02.193+0000] {processor.py:753} INFO - DAG(s) dict_keys(['example_sla_dag']) retrieved from /home/airflow/.local/lib/python3.7/site-packages/airflow/example_dags/example_sla_dag.py
[2026-01-22T05:05:02.220+0000] {logging_mixin.py:137} INFO - [2026-01-22T05:05:02.220+0000] {dag.py:2676} INFO - Sync 1 DAGs
[2026-01-22T05:05:02.240+0000] {logging_mixin.py:137} INFO - [2026-01-22T05:05:02.240+0000] {dag.py:3427} INFO - Setting next_dagrun for example_sla_dag to 2026-01-22T05:02:00+00:00, run_after=2026-01-22T05:04:00+00:00
[2026-01-22T05:05:02.253+0000] {processor.py:175} INFO - Processing /home/airflow/.local/lib/python3.7/site-packages/airflow/example_dags/example_sla_dag.py took 0.082 seconds
[2026-01-22T05:05:32.500+0000] {processor.py:153} INFO - Started process (PID=356) to work on /home/airflow/.local/lib/python3.7/site-packages/airflow/example_dags/example_sla_dag.py
[2026-01-22T05:05:32.501+0000] {processor.py:743} INFO - Processing file /home/airflow/.local/lib/python3.7/site-packages/airflow/example_dags/example_sla_dag.py for tasks to queue
[2026-01-22T05:05:32.502+0000] {logging_mixin.py:137} INFO - [2026-01-22T05:05:32.502+0000] {dagbag.py:538} INFO - Filling up the DagBag from /home/airflow/.local/lib/python3.7/site-packages/airflow/example_dags/example_sla_dag.py
[2026-01-22T05:05:32.520+0000] {processor.py:753} INFO - DAG(s) dict_keys(['example_sla_dag']) retrieved from /home/airflow/.local/lib/python3.7/site-packages/airflow/example_dags/example_sla_dag.py
[2026-01-22T05:05:32.549+0000] {logging_mixin.py:137} INFO - [2026-01-22T05:05:32.549+0000] {dag.py:2676} INFO - Sync 1 DAGs
[2026-01-22T05:05:32.570+0000] {logging_mixin.py:137} INFO - [2026-01-22T05:05:32.570+0000] {dag.py:3427} INFO - Setting next_dagrun for example_sla_dag to 2026-01-22T05:02:00+00:00, run_after=2026-01-22T05:04:00+00:00
[2026-01-22T05:05:32.584+0000] {processor.py:175} INFO - Processing /home/airflow/.local/lib/python3.7/site-packages/airflow/example_dags/example_sla_dag.py took 0.086 seconds
[2026-01-22T05:09:13.912+0000] {processor.py:153} INFO - Started process (PID=81) to work on /home/airflow/.local/lib/python3.7/site-packages/airflow/example_dags/example_sla_dag.py
[2026-01-22T05:09:13.913+0000] {processor.py:743} INFO - Processing file /home/airflow/.local/lib/python3.7/site-packages/airflow/example_dags/example_sla_dag.py for tasks to queue
[2026-01-22T05:09:13.914+0000] {logging_mixin.py:137} INFO - [2026-01-22T05:09:13.914+0000] {dagbag.py:538} INFO - Filling up the DagBag from /home/airflow/.local/lib/python3.7/site-packages/airflow/example_dags/example_sla_dag.py
[2026-01-22T05:09:13.942+0000] {processor.py:753} INFO - DAG(s) dict_keys(['example_sla_dag']) retrieved from /home/airflow/.local/lib/python3.7/site-packages/airflow/example_dags/example_sla_dag.py
[2026-01-22T05:09:13.977+0000] {logging_mixin.py:137} INFO - [2026-01-22T05:09:13.977+0000] {dag.py:2676} INFO - Sync 1 DAGs
[2026-01-22T05:09:14.001+0000] {logging_mixin.py:137} INFO - [2026-01-22T05:09:14.001+0000] {dag.py:3427} INFO - Setting next_dagrun for example_sla_dag to 2026-01-22T05:06:00+00:00, run_after=2026-01-22T05:08:00+00:00
[2026-01-22T05:09:14.016+0000] {processor.py:175} INFO - Processing /home/airflow/.local/lib/python3.7/site-packages/airflow/example_dags/example_sla_dag.py took 0.106 seconds
[2026-01-22T05:09:44.641+0000] {processor.py:153} INFO - Started process (PID=159) to work on /home/airflow/.local/lib/python3.7/site-packages/airflow/example_dags/example_sla_dag.py
[2026-01-22T05:09:44.642+0000] {processor.py:743} INFO - Processing file /home/airflow/.local/lib/python3.7/site-packages/airflow/example_dags/example_sla_dag.py for tasks to queue
[2026-01-22T05:09:44.642+0000] {logging_mixin.py:137} INFO - [2026-01-22T05:09:44.642+0000] {dagbag.py:538} INFO - Filling up the DagBag from /home/airflow/.local/lib/python3.7/site-packages/airflow/example_dags/example_sla_dag.py
[2026-01-22T05:09:44.660+0000] {processor.py:753} INFO - DAG(s) dict_keys(['example_sla_dag']) retrieved from /home/airflow/.local/lib/python3.7/site-packages/airflow/example_dags/example_sla_dag.py
[2026-01-22T05:09:44.686+0000] {logging_mixin.py:137} INFO - [2026-01-22T05:09:44.686+0000] {dag.py:2676} INFO - Sync 1 DAGs
[2026-01-22T05:09:44.706+0000] {logging_mixin.py:137} INFO - [2026-01-22T05:09:44.706+0000] {dag.py:3427} INFO - Setting next_dagrun for example_sla_dag to 2026-01-22T05:06:00+00:00, run_after=2026-01-22T05:08:00+00:00
[2026-01-22T05:09:44.719+0000] {processor.py:175} INFO - Processing /home/airflow/.local/lib/python3.7/site-packages/airflow/example_dags/example_sla_dag.py took 0.080 seconds
[2026-01-22T05:10:15.572+0000] {processor.py:153} INFO - Started process (PID=257) to work on /home/airflow/.local/lib/python3.7/site-packages/airflow/example_dags/example_sla_dag.py
[2026-01-22T05:10:15.573+0000] {processor.py:743} INFO - Processing file /home/airflow/.local/lib/python3.7/site-packages/airflow/example_dags/example_sla_dag.py for tasks to queue
[2026-01-22T05:10:15.573+0000] {logging_mixin.py:137} INFO - [2026-01-22T05:10:15.573+0000] {dagbag.py:538} INFO - Filling up the DagBag from /home/airflow/.local/lib/python3.7/site-packages/airflow/example_dags/example_sla_dag.py
[2026-01-22T05:10:15.590+0000] {processor.py:753} INFO - DAG(s) dict_keys(['example_sla_dag']) retrieved from /home/airflow/.local/lib/python3.7/site-packages/airflow/example_dags/example_sla_dag.py
[2026-01-22T05:10:15.617+0000] {logging_mixin.py:137} INFO - [2026-01-22T05:10:15.617+0000] {dag.py:2676} INFO - Sync 1 DAGs
[2026-01-22T05:10:15.640+0000] {logging_mixin.py:137} INFO - [2026-01-22T05:10:15.640+0000] {dag.py:3427} INFO - Setting next_dagrun for example_sla_dag to 2026-01-22T05:08:00+00:00, run_after=2026-01-22T05:10:00+00:00
[2026-01-22T05:10:15.653+0000] {processor.py:175} INFO - Processing /home/airflow/.local/lib/python3.7/site-packages/airflow/example_dags/example_sla_dag.py took 0.084 seconds
[2026-01-22T05:10:45.870+0000] {processor.py:153} INFO - Started process (PID=355) to work on /home/airflow/.local/lib/python3.7/site-packages/airflow/example_dags/example_sla_dag.py
[2026-01-22T05:10:45.871+0000] {processor.py:743} INFO - Processing file /home/airflow/.local/lib/python3.7/site-packages/airflow/example_dags/example_sla_dag.py for tasks to queue
[2026-01-22T05:10:45.872+0000] {logging_mixin.py:137} INFO - [2026-01-22T05:10:45.872+0000] {dagbag.py:538} INFO - Filling up the DagBag from /home/airflow/.local/lib/python3.7/site-packages/airflow/example_dags/example_sla_dag.py
[2026-01-22T05:10:45.892+0000] {processor.py:753} INFO - DAG(s) dict_keys(['example_sla_dag']) retrieved from /home/airflow/.local/lib/python3.7/site-packages/airflow/example_dags/example_sla_dag.py
[2026-01-22T05:10:45.924+0000] {logging_mixin.py:137} INFO - [2026-01-22T05:10:45.924+0000] {dag.py:2676} INFO - Sync 1 DAGs
[2026-01-22T05:10:45.947+0000] {logging_mixin.py:137} INFO - [2026-01-22T05:10:45.947+0000] {dag.py:3427} INFO - Setting next_dagrun for example_sla_dag to 2026-01-22T05:08:00+00:00, run_after=2026-01-22T05:10:00+00:00
[2026-01-22T05:10:45.962+0000] {processor.py:175} INFO - Processing /home/airflow/.local/lib/python3.7/site-packages/airflow/example_dags/example_sla_dag.py took 0.096 seconds
[2026-01-22T05:11:16.022+0000] {processor.py:153} INFO - Started process (PID=433) to work on /home/airflow/.local/lib/python3.7/site-packages/airflow/example_dags/example_sla_dag.py
[2026-01-22T05:11:16.022+0000] {processor.py:743} INFO - Processing file /home/airflow/.local/lib/python3.7/site-packages/airflow/example_dags/example_sla_dag.py for tasks to queue
[2026-01-22T05:11:16.023+0000] {logging_mixin.py:137} INFO - [2026-01-22T05:11:16.023+0000] {dagbag.py:538} INFO - Filling up the DagBag from /home/airflow/.local/lib/python3.7/site-packages/airflow/example_dags/example_sla_dag.py
[2026-01-22T05:11:16.041+0000] {processor.py:753} INFO - DAG(s) dict_keys(['example_sla_dag']) retrieved from /home/airflow/.local/lib/python3.7/site-packages/airflow/example_dags/example_sla_dag.py
[2026-01-22T05:11:16.067+0000] {logging_mixin.py:137} INFO - [2026-01-22T05:11:16.067+0000] {dag.py:2676} INFO - Sync 1 DAGs
[2026-01-22T05:11:16.088+0000] {logging_mixin.py:137} INFO - [2026-01-22T05:11:16.088+0000] {dag.py:3427} INFO - Setting next_dagrun for example_sla_dag to 2026-01-22T05:08:00+00:00, run_after=2026-01-22T05:10:00+00:00
[2026-01-22T05:11:16.102+0000] {processor.py:175} INFO - Processing /home/airflow/.local/lib/python3.7/site-packages/airflow/example_dags/example_sla_dag.py took 0.083 seconds
[2026-01-22T05:11:46.250+0000] {processor.py:153} INFO - Started process (PID=531) to work on /home/airflow/.local/lib/python3.7/site-packages/airflow/example_dags/example_sla_dag.py
[2026-01-22T05:11:46.251+0000] {processor.py:743} INFO - Processing file /home/airflow/.local/lib/python3.7/site-packages/airflow/example_dags/example_sla_dag.py for tasks to queue
[2026-01-22T05:11:46.252+0000] {logging_mixin.py:137} INFO - [2026-01-22T05:11:46.252+0000] {dagbag.py:538} INFO - Filling up the DagBag from /home/airflow/.local/lib/python3.7/site-packages/airflow/example_dags/example_sla_dag.py
[2026-01-22T05:11:46.271+0000] {processor.py:753} INFO - DAG(s) dict_keys(['example_sla_dag']) retrieved from /home/airflow/.local/lib/python3.7/site-packages/airflow/example_dags/example_sla_dag.py
[2026-01-22T05:11:46.301+0000] {logging_mixin.py:137} INFO - [2026-01-22T05:11:46.301+0000] {dag.py:2676} INFO - Sync 1 DAGs
[2026-01-22T05:11:46.322+0000] {logging_mixin.py:137} INFO - [2026-01-22T05:11:46.322+0000] {dag.py:3427} INFO - Setting next_dagrun for example_sla_dag to 2026-01-22T05:08:00+00:00, run_after=2026-01-22T05:10:00+00:00
[2026-01-22T05:11:46.335+0000] {processor.py:175} INFO - Processing /home/airflow/.local/lib/python3.7/site-packages/airflow/example_dags/example_sla_dag.py took 0.088 seconds
[2026-01-22T05:12:16.419+0000] {processor.py:153} INFO - Started process (PID=609) to work on /home/airflow/.local/lib/python3.7/site-packages/airflow/example_dags/example_sla_dag.py
[2026-01-22T05:12:16.420+0000] {processor.py:743} INFO - Processing file /home/airflow/.local/lib/python3.7/site-packages/airflow/example_dags/example_sla_dag.py for tasks to queue
[2026-01-22T05:12:16.421+0000] {logging_mixin.py:137} INFO - [2026-01-22T05:12:16.421+0000] {dagbag.py:538} INFO - Filling up the DagBag from /home/airflow/.local/lib/python3.7/site-packages/airflow/example_dags/example_sla_dag.py
[2026-01-22T05:12:16.439+0000] {processor.py:753} INFO - DAG(s) dict_keys(['example_sla_dag']) retrieved from /home/airflow/.local/lib/python3.7/site-packages/airflow/example_dags/example_sla_dag.py
[2026-01-22T05:12:16.465+0000] {logging_mixin.py:137} INFO - [2026-01-22T05:12:16.465+0000] {dag.py:2676} INFO - Sync 1 DAGs
[2026-01-22T05:12:16.485+0000] {logging_mixin.py:137} INFO - [2026-01-22T05:12:16.485+0000] {dag.py:3427} INFO - Setting next_dagrun for example_sla_dag to 2026-01-22T05:10:00+00:00, run_after=2026-01-22T05:12:00+00:00
[2026-01-22T05:12:16.499+0000] {processor.py:175} INFO - Processing /home/airflow/.local/lib/python3.7/site-packages/airflow/example_dags/example_sla_dag.py took 0.082 seconds
[2026-01-22T05:12:46.587+0000] {processor.py:153} INFO - Started process (PID=707) to work on /home/airflow/.local/lib/python3.7/site-packages/airflow/example_dags/example_sla_dag.py
[2026-01-22T05:12:46.588+0000] {processor.py:743} INFO - Processing file /home/airflow/.local/lib/python3.7/site-packages/airflow/example_dags/example_sla_dag.py for tasks to queue
[2026-01-22T05:12:46.588+0000] {logging_mixin.py:137} INFO - [2026-01-22T05:12:46.588+0000] {dagbag.py:538} INFO - Filling up the DagBag from /home/airflow/.local/lib/python3.7/site-packages/airflow/example_dags/example_sla_dag.py
[2026-01-22T05:12:46.606+0000] {processor.py:753} INFO - DAG(s) dict_keys(['example_sla_dag']) retrieved from /home/airflow/.local/lib/python3.7/site-packages/airflow/example_dags/example_sla_dag.py
[2026-01-22T05:12:46.636+0000] {logging_mixin.py:137} INFO - [2026-01-22T05:12:46.636+0000] {dag.py:2676} INFO - Sync 1 DAGs
[2026-01-22T05:12:46.657+0000] {logging_mixin.py:137} INFO - [2026-01-22T05:12:46.657+0000] {dag.py:3427} INFO - Setting next_dagrun for example_sla_dag to 2026-01-22T05:10:00+00:00, run_after=2026-01-22T05:12:00+00:00
[2026-01-22T05:12:46.673+0000] {processor.py:175} INFO - Processing /home/airflow/.local/lib/python3.7/site-packages/airflow/example_dags/example_sla_dag.py took 0.089 seconds
[2026-01-22T05:13:16.854+0000] {processor.py:153} INFO - Started process (PID=805) to work on /home/airflow/.local/lib/python3.7/site-packages/airflow/example_dags/example_sla_dag.py
[2026-01-22T05:13:16.855+0000] {processor.py:743} INFO - Processing file /home/airflow/.local/lib/python3.7/site-packages/airflow/example_dags/example_sla_dag.py for tasks to queue
[2026-01-22T05:13:16.856+0000] {logging_mixin.py:137} INFO - [2026-01-22T05:13:16.856+0000] {dagbag.py:538} INFO - Filling up the DagBag from /home/airflow/.local/lib/python3.7/site-packages/airflow/example_dags/example_sla_dag.py
[2026-01-22T05:13:16.874+0000] {processor.py:753} INFO - DAG(s) dict_keys(['example_sla_dag']) retrieved from /home/airflow/.local/lib/python3.7/site-packages/airflow/example_dags/example_sla_dag.py
[2026-01-22T05:13:16.902+0000] {logging_mixin.py:137} INFO - [2026-01-22T05:13:16.902+0000] {dag.py:2676} INFO - Sync 1 DAGs
[2026-01-22T05:13:16.924+0000] {logging_mixin.py:137} INFO - [2026-01-22T05:13:16.924+0000] {dag.py:3427} INFO - Setting next_dagrun for example_sla_dag to 2026-01-22T05:10:00+00:00, run_after=2026-01-22T05:12:00+00:00
[2026-01-22T05:13:16.940+0000] {processor.py:175} INFO - Processing /home/airflow/.local/lib/python3.7/site-packages/airflow/example_dags/example_sla_dag.py took 0.088 seconds
[2026-01-22T05:13:47.071+0000] {processor.py:153} INFO - Started process (PID=884) to work on /home/airflow/.local/lib/python3.7/site-packages/airflow/example_dags/example_sla_dag.py
[2026-01-22T05:13:47.071+0000] {processor.py:743} INFO - Processing file /home/airflow/.local/lib/python3.7/site-packages/airflow/example_dags/example_sla_dag.py for tasks to queue
[2026-01-22T05:13:47.072+0000] {logging_mixin.py:137} INFO - [2026-01-22T05:13:47.072+0000] {dagbag.py:538} INFO - Filling up the DagBag from /home/airflow/.local/lib/python3.7/site-packages/airflow/example_dags/example_sla_dag.py
[2026-01-22T05:13:47.090+0000] {processor.py:753} INFO - DAG(s) dict_keys(['example_sla_dag']) retrieved from /home/airflow/.local/lib/python3.7/site-packages/airflow/example_dags/example_sla_dag.py
[2026-01-22T05:13:47.118+0000] {logging_mixin.py:137} INFO - [2026-01-22T05:13:47.118+0000] {dag.py:2676} INFO - Sync 1 DAGs
[2026-01-22T05:13:47.142+0000] {logging_mixin.py:137} INFO - [2026-01-22T05:13:47.142+0000] {dag.py:3427} INFO - Setting next_dagrun for example_sla_dag to 2026-01-22T05:10:00+00:00, run_after=2026-01-22T05:12:00+00:00
[2026-01-22T05:13:47.157+0000] {processor.py:175} INFO - Processing /home/airflow/.local/lib/python3.7/site-packages/airflow/example_dags/example_sla_dag.py took 0.089 seconds
[2026-01-22T05:14:17.351+0000] {processor.py:153} INFO - Started process (PID=982) to work on /home/airflow/.local/lib/python3.7/site-packages/airflow/example_dags/example_sla_dag.py
[2026-01-22T05:14:17.352+0000] {processor.py:743} INFO - Processing file /home/airflow/.local/lib/python3.7/site-packages/airflow/example_dags/example_sla_dag.py for tasks to queue
[2026-01-22T05:14:17.353+0000] {logging_mixin.py:137} INFO - [2026-01-22T05:14:17.353+0000] {dagbag.py:538} INFO - Filling up the DagBag from /home/airflow/.local/lib/python3.7/site-packages/airflow/example_dags/example_sla_dag.py
[2026-01-22T05:14:17.372+0000] {processor.py:753} INFO - DAG(s) dict_keys(['example_sla_dag']) retrieved from /home/airflow/.local/lib/python3.7/site-packages/airflow/example_dags/example_sla_dag.py
[2026-01-22T05:14:17.403+0000] {logging_mixin.py:137} INFO - [2026-01-22T05:14:17.403+0000] {dag.py:2676} INFO - Sync 1 DAGs
[2026-01-22T05:14:17.426+0000] {logging_mixin.py:137} INFO - [2026-01-22T05:14:17.426+0000] {dag.py:3427} INFO - Setting next_dagrun for example_sla_dag to 2026-01-22T05:12:00+00:00, run_after=2026-01-22T05:14:00+00:00
[2026-01-22T05:14:17.441+0000] {processor.py:175} INFO - Processing /home/airflow/.local/lib/python3.7/site-packages/airflow/example_dags/example_sla_dag.py took 0.092 seconds
[2026-01-22T05:14:52.968+0000] {processor.py:153} INFO - Started process (PID=1080) to work on /home/airflow/.local/lib/python3.7/site-packages/airflow/example_dags/example_sla_dag.py
[2026-01-22T05:14:52.968+0000] {processor.py:743} INFO - Processing file /home/airflow/.local/lib/python3.7/site-packages/airflow/example_dags/example_sla_dag.py for tasks to queue
[2026-01-22T05:14:52.969+0000] {logging_mixin.py:137} INFO - [2026-01-22T05:14:52.969+0000] {dagbag.py:538} INFO - Filling up the DagBag from /home/airflow/.local/lib/python3.7/site-packages/airflow/example_dags/example_sla_dag.py
[2026-01-22T05:14:52.990+0000] {processor.py:753} INFO - DAG(s) dict_keys(['example_sla_dag']) retrieved from /home/airflow/.local/lib/python3.7/site-packages/airflow/example_dags/example_sla_dag.py
[2026-01-22T05:14:53.020+0000] {logging_mixin.py:137} INFO - [2026-01-22T05:14:53.020+0000] {dag.py:2676} INFO - Sync 1 DAGs
[2026-01-22T05:14:53.041+0000] {logging_mixin.py:137} INFO - [2026-01-22T05:14:53.041+0000] {dag.py:3427} INFO - Setting next_dagrun for example_sla_dag to 2026-01-22T05:12:00+00:00, run_after=2026-01-22T05:14:00+00:00
[2026-01-22T05:14:53.056+0000] {processor.py:175} INFO - Processing /home/airflow/.local/lib/python3.7/site-packages/airflow/example_dags/example_sla_dag.py took 0.091 seconds
[2026-01-22T05:15:27.444+0000] {processor.py:153} INFO - Started process (PID=1178) to work on /home/airflow/.local/lib/python3.7/site-packages/airflow/example_dags/example_sla_dag.py
[2026-01-22T05:15:27.444+0000] {processor.py:743} INFO - Processing file /home/airflow/.local/lib/python3.7/site-packages/airflow/example_dags/example_sla_dag.py for tasks to queue
[2026-01-22T05:15:27.445+0000] {logging_mixin.py:137} INFO - [2026-01-22T05:15:27.445+0000] {dagbag.py:538} INFO - Filling up the DagBag from /home/airflow/.local/lib/python3.7/site-packages/airflow/example_dags/example_sla_dag.py
[2026-01-22T05:15:27.463+0000] {processor.py:753} INFO - DAG(s) dict_keys(['example_sla_dag']) retrieved from /home/airflow/.local/lib/python3.7/site-packages/airflow/example_dags/example_sla_dag.py
[2026-01-22T05:15:27.490+0000] {logging_mixin.py:137} INFO - [2026-01-22T05:15:27.490+0000] {dag.py:2676} INFO - Sync 1 DAGs
[2026-01-22T05:15:27.514+0000] {logging_mixin.py:137} INFO - [2026-01-22T05:15:27.514+0000] {dag.py:3427} INFO - Setting next_dagrun for example_sla_dag to 2026-01-22T05:12:00+00:00, run_after=2026-01-22T05:14:00+00:00
[2026-01-22T05:15:27.560+0000] {processor.py:175} INFO - Processing /home/airflow/.local/lib/python3.7/site-packages/airflow/example_dags/example_sla_dag.py took 0.119 seconds
[2026-01-22T05:16:01.310+0000] {processor.py:153} INFO - Started process (PID=1276) to work on /home/airflow/.local/lib/python3.7/site-packages/airflow/example_dags/example_sla_dag.py
[2026-01-22T05:16:01.311+0000] {processor.py:743} INFO - Processing file /home/airflow/.local/lib/python3.7/site-packages/airflow/example_dags/example_sla_dag.py for tasks to queue
[2026-01-22T05:16:01.311+0000] {logging_mixin.py:137} INFO - [2026-01-22T05:16:01.311+0000] {dagbag.py:538} INFO - Filling up the DagBag from /home/airflow/.local/lib/python3.7/site-packages/airflow/example_dags/example_sla_dag.py
[2026-01-22T05:16:01.331+0000] {processor.py:753} INFO - DAG(s) dict_keys(['example_sla_dag']) retrieved from /home/airflow/.local/lib/python3.7/site-packages/airflow/example_dags/example_sla_dag.py
[2026-01-22T05:16:01.361+0000] {logging_mixin.py:137} INFO - [2026-01-22T05:16:01.361+0000] {dag.py:2676} INFO - Sync 1 DAGs
[2026-01-22T05:16:01.384+0000] {logging_mixin.py:137} INFO - [2026-01-22T05:16:01.383+0000] {dag.py:3427} INFO - Setting next_dagrun for example_sla_dag to 2026-01-22T05:14:00+00:00, run_after=2026-01-22T05:16:00+00:00
[2026-01-22T05:16:01.405+0000] {processor.py:175} INFO - Processing /home/airflow/.local/lib/python3.7/site-packages/airflow/example_dags/example_sla_dag.py took 0.097 seconds
[2026-01-22T05:16:32.149+0000] {processor.py:153} INFO - Started process (PID=1354) to work on /home/airflow/.local/lib/python3.7/site-packages/airflow/example_dags/example_sla_dag.py
[2026-01-22T05:16:32.150+0000] {processor.py:743} INFO - Processing file /home/airflow/.local/lib/python3.7/site-packages/airflow/example_dags/example_sla_dag.py for tasks to queue
[2026-01-22T05:16:32.150+0000] {logging_mixin.py:137} INFO - [2026-01-22T05:16:32.150+0000] {dagbag.py:538} INFO - Filling up the DagBag from /home/airflow/.local/lib/python3.7/site-packages/airflow/example_dags/example_sla_dag.py
[2026-01-22T05:16:32.168+0000] {processor.py:753} INFO - DAG(s) dict_keys(['example_sla_dag']) retrieved from /home/airflow/.local/lib/python3.7/site-packages/airflow/example_dags/example_sla_dag.py
[2026-01-22T05:16:32.196+0000] {logging_mixin.py:137} INFO - [2026-01-22T05:16:32.196+0000] {dag.py:2676} INFO - Sync 1 DAGs
[2026-01-22T05:16:32.217+0000] {logging_mixin.py:137} INFO - [2026-01-22T05:16:32.217+0000] {dag.py:3427} INFO - Setting next_dagrun for example_sla_dag to 2026-01-22T05:14:00+00:00, run_after=2026-01-22T05:16:00+00:00
[2026-01-22T05:16:32.230+0000] {processor.py:175} INFO - Processing /home/airflow/.local/lib/python3.7/site-packages/airflow/example_dags/example_sla_dag.py took 0.083 seconds
[2026-01-22T05:17:03.169+0000] {processor.py:153} INFO - Started process (PID=1452) to work on /home/airflow/.local/lib/python3.7/site-packages/airflow/example_dags/example_sla_dag.py
[2026-01-22T05:17:03.170+0000] {processor.py:743} INFO - Processing file /home/airflow/.local/lib/python3.7/site-packages/airflow/example_dags/example_sla_dag.py for tasks to queue
[2026-01-22T05:17:03.171+0000] {logging_mixin.py:137} INFO - [2026-01-22T05:17:03.170+0000] {dagbag.py:538} INFO - Filling up the DagBag from /home/airflow/.local/lib/python3.7/site-packages/airflow/example_dags/example_sla_dag.py
[2026-01-22T05:17:03.187+0000] {processor.py:753} INFO - DAG(s) dict_keys(['example_sla_dag']) retrieved from /home/airflow/.local/lib/python3.7/site-packages/airflow/example_dags/example_sla_dag.py
[2026-01-22T05:17:03.213+0000] {logging_mixin.py:137} INFO - [2026-01-22T05:17:03.213+0000] {dag.py:2676} INFO - Sync 1 DAGs
[2026-01-22T05:17:03.234+0000] {logging_mixin.py:137} INFO - [2026-01-22T05:17:03.233+0000] {dag.py:3427} INFO - Setting next_dagrun for example_sla_dag to 2026-01-22T05:14:00+00:00, run_after=2026-01-22T05:16:00+00:00
[2026-01-22T05:17:03.252+0000] {processor.py:175} INFO - Processing /home/airflow/.local/lib/python3.7/site-packages/airflow/example_dags/example_sla_dag.py took 0.085 seconds
[2026-01-22T05:17:34.271+0000] {processor.py:153} INFO - Started process (PID=1550) to work on /home/airflow/.local/lib/python3.7/site-packages/airflow/example_dags/example_sla_dag.py
[2026-01-22T05:17:34.272+0000] {processor.py:743} INFO - Processing file /home/airflow/.local/lib/python3.7/site-packages/airflow/example_dags/example_sla_dag.py for tasks to queue
[2026-01-22T05:17:34.272+0000] {logging_mixin.py:137} INFO - [2026-01-22T05:17:34.272+0000] {dagbag.py:538} INFO - Filling up the DagBag from /home/airflow/.local/lib/python3.7/site-packages/airflow/example_dags/example_sla_dag.py
[2026-01-22T05:17:34.289+0000] {processor.py:753} INFO - DAG(s) dict_keys(['example_sla_dag']) retrieved from /home/airflow/.local/lib/python3.7/site-packages/airflow/example_dags/example_sla_dag.py
[2026-01-22T05:17:34.316+0000] {logging_mixin.py:137} INFO - [2026-01-22T05:17:34.316+0000] {dag.py:2676} INFO - Sync 1 DAGs
[2026-01-22T05:17:34.341+0000] {logging_mixin.py:137} INFO - [2026-01-22T05:17:34.340+0000] {dag.py:3427} INFO - Setting next_dagrun for example_sla_dag to 2026-01-22T05:14:00+00:00, run_after=2026-01-22T05:16:00+00:00
[2026-01-22T05:17:34.359+0000] {processor.py:175} INFO - Processing /home/airflow/.local/lib/python3.7/site-packages/airflow/example_dags/example_sla_dag.py took 0.091 seconds
[2026-01-22T05:32:04.335+0000] {processor.py:153} INFO - Started process (PID=81) to work on /home/airflow/.local/lib/python3.7/site-packages/airflow/example_dags/example_sla_dag.py
[2026-01-22T05:32:04.336+0000] {processor.py:743} INFO - Processing file /home/airflow/.local/lib/python3.7/site-packages/airflow/example_dags/example_sla_dag.py for tasks to queue
[2026-01-22T05:32:04.337+0000] {logging_mixin.py:137} INFO - [2026-01-22T05:32:04.337+0000] {dagbag.py:538} INFO - Filling up the DagBag from /home/airflow/.local/lib/python3.7/site-packages/airflow/example_dags/example_sla_dag.py
[2026-01-22T05:32:04.359+0000] {processor.py:753} INFO - DAG(s) dict_keys(['example_sla_dag']) retrieved from /home/airflow/.local/lib/python3.7/site-packages/airflow/example_dags/example_sla_dag.py
[2026-01-22T05:32:04.393+0000] {logging_mixin.py:137} INFO - [2026-01-22T05:32:04.393+0000] {dag.py:2676} INFO - Sync 1 DAGs
[2026-01-22T05:32:04.419+0000] {logging_mixin.py:137} INFO - [2026-01-22T05:32:04.419+0000] {dag.py:3427} INFO - Setting next_dagrun for example_sla_dag to 2026-01-22T05:30:00+00:00, run_after=2026-01-22T05:32:00+00:00
[2026-01-22T05:32:04.435+0000] {processor.py:175} INFO - Processing /home/airflow/.local/lib/python3.7/site-packages/airflow/example_dags/example_sla_dag.py took 0.103 seconds
[2026-01-22T05:32:34.714+0000] {processor.py:153} INFO - Started process (PID=159) to work on /home/airflow/.local/lib/python3.7/site-packages/airflow/example_dags/example_sla_dag.py
[2026-01-22T05:32:34.715+0000] {processor.py:743} INFO - Processing file /home/airflow/.local/lib/python3.7/site-packages/airflow/example_dags/example_sla_dag.py for tasks to queue
[2026-01-22T05:32:34.715+0000] {logging_mixin.py:137} INFO - [2026-01-22T05:32:34.715+0000] {dagbag.py:538} INFO - Filling up the DagBag from /home/airflow/.local/lib/python3.7/site-packages/airflow/example_dags/example_sla_dag.py
[2026-01-22T05:32:34.734+0000] {processor.py:753} INFO - DAG(s) dict_keys(['example_sla_dag']) retrieved from /home/airflow/.local/lib/python3.7/site-packages/airflow/example_dags/example_sla_dag.py
[2026-01-22T05:32:34.762+0000] {logging_mixin.py:137} INFO - [2026-01-22T05:32:34.762+0000] {dag.py:2676} INFO - Sync 1 DAGs
[2026-01-22T05:32:34.783+0000] {logging_mixin.py:137} INFO - [2026-01-22T05:32:34.783+0000] {dag.py:3427} INFO - Setting next_dagrun for example_sla_dag to 2026-01-22T05:30:00+00:00, run_after=2026-01-22T05:32:00+00:00
[2026-01-22T05:32:34.798+0000] {processor.py:175} INFO - Processing /home/airflow/.local/lib/python3.7/site-packages/airflow/example_dags/example_sla_dag.py took 0.086 seconds
[2026-01-22T05:33:05.102+0000] {processor.py:153} INFO - Started process (PID=257) to work on /home/airflow/.local/lib/python3.7/site-packages/airflow/example_dags/example_sla_dag.py
[2026-01-22T05:33:05.103+0000] {processor.py:743} INFO - Processing file /home/airflow/.local/lib/python3.7/site-packages/airflow/example_dags/example_sla_dag.py for tasks to queue
[2026-01-22T05:33:05.104+0000] {logging_mixin.py:137} INFO - [2026-01-22T05:33:05.104+0000] {dagbag.py:538} INFO - Filling up the DagBag from /home/airflow/.local/lib/python3.7/site-packages/airflow/example_dags/example_sla_dag.py
[2026-01-22T05:33:05.122+0000] {processor.py:753} INFO - DAG(s) dict_keys(['example_sla_dag']) retrieved from /home/airflow/.local/lib/python3.7/site-packages/airflow/example_dags/example_sla_dag.py
[2026-01-22T05:33:05.150+0000] {logging_mixin.py:137} INFO - [2026-01-22T05:33:05.150+0000] {dag.py:2676} INFO - Sync 1 DAGs
[2026-01-22T05:33:05.171+0000] {logging_mixin.py:137} INFO - [2026-01-22T05:33:05.171+0000] {dag.py:3427} INFO - Setting next_dagrun for example_sla_dag to 2026-01-22T05:30:00+00:00, run_after=2026-01-22T05:32:00+00:00
[2026-01-22T05:33:05.185+0000] {processor.py:175} INFO - Processing /home/airflow/.local/lib/python3.7/site-packages/airflow/example_dags/example_sla_dag.py took 0.085 seconds
[2026-01-22T05:33:35.588+0000] {processor.py:153} INFO - Started process (PID=355) to work on /home/airflow/.local/lib/python3.7/site-packages/airflow/example_dags/example_sla_dag.py
[2026-01-22T05:33:35.590+0000] {processor.py:743} INFO - Processing file /home/airflow/.local/lib/python3.7/site-packages/airflow/example_dags/example_sla_dag.py for tasks to queue
[2026-01-22T05:33:35.591+0000] {logging_mixin.py:137} INFO - [2026-01-22T05:33:35.591+0000] {dagbag.py:538} INFO - Filling up the DagBag from /home/airflow/.local/lib/python3.7/site-packages/airflow/example_dags/example_sla_dag.py
[2026-01-22T05:33:35.614+0000] {processor.py:753} INFO - DAG(s) dict_keys(['example_sla_dag']) retrieved from /home/airflow/.local/lib/python3.7/site-packages/airflow/example_dags/example_sla_dag.py
[2026-01-22T05:33:35.644+0000] {logging_mixin.py:137} INFO - [2026-01-22T05:33:35.644+0000] {dag.py:2676} INFO - Sync 1 DAGs
[2026-01-22T05:33:35.665+0000] {logging_mixin.py:137} INFO - [2026-01-22T05:33:35.665+0000] {dag.py:3427} INFO - Setting next_dagrun for example_sla_dag to 2026-01-22T05:30:00+00:00, run_after=2026-01-22T05:32:00+00:00
[2026-01-22T05:33:35.679+0000] {processor.py:175} INFO - Processing /home/airflow/.local/lib/python3.7/site-packages/airflow/example_dags/example_sla_dag.py took 0.098 seconds
[2026-01-22T05:34:05.801+0000] {processor.py:153} INFO - Started process (PID=433) to work on /home/airflow/.local/lib/python3.7/site-packages/airflow/example_dags/example_sla_dag.py
[2026-01-22T05:34:05.801+0000] {processor.py:743} INFO - Processing file /home/airflow/.local/lib/python3.7/site-packages/airflow/example_dags/example_sla_dag.py for tasks to queue
[2026-01-22T05:34:05.802+0000] {logging_mixin.py:137} INFO - [2026-01-22T05:34:05.802+0000] {dagbag.py:538} INFO - Filling up the DagBag from /home/airflow/.local/lib/python3.7/site-packages/airflow/example_dags/example_sla_dag.py
[2026-01-22T05:34:05.820+0000] {processor.py:753} INFO - DAG(s) dict_keys(['example_sla_dag']) retrieved from /home/airflow/.local/lib/python3.7/site-packages/airflow/example_dags/example_sla_dag.py
[2026-01-22T05:34:05.847+0000] {logging_mixin.py:137} INFO - [2026-01-22T05:34:05.847+0000] {dag.py:2676} INFO - Sync 1 DAGs
[2026-01-22T05:34:05.868+0000] {logging_mixin.py:137} INFO - [2026-01-22T05:34:05.868+0000] {dag.py:3427} INFO - Setting next_dagrun for example_sla_dag to 2026-01-22T05:32:00+00:00, run_after=2026-01-22T05:34:00+00:00
[2026-01-22T05:34:05.882+0000] {processor.py:175} INFO - Processing /home/airflow/.local/lib/python3.7/site-packages/airflow/example_dags/example_sla_dag.py took 0.083 seconds
[2026-01-22T05:34:36.139+0000] {processor.py:153} INFO - Started process (PID=531) to work on /home/airflow/.local/lib/python3.7/site-packages/airflow/example_dags/example_sla_dag.py
[2026-01-22T05:34:36.140+0000] {processor.py:743} INFO - Processing file /home/airflow/.local/lib/python3.7/site-packages/airflow/example_dags/example_sla_dag.py for tasks to queue
[2026-01-22T05:34:36.141+0000] {logging_mixin.py:137} INFO - [2026-01-22T05:34:36.141+0000] {dagbag.py:538} INFO - Filling up the DagBag from /home/airflow/.local/lib/python3.7/site-packages/airflow/example_dags/example_sla_dag.py
[2026-01-22T05:34:36.159+0000] {processor.py:753} INFO - DAG(s) dict_keys(['example_sla_dag']) retrieved from /home/airflow/.local/lib/python3.7/site-packages/airflow/example_dags/example_sla_dag.py
[2026-01-22T05:34:36.186+0000] {logging_mixin.py:137} INFO - [2026-01-22T05:34:36.186+0000] {dag.py:2676} INFO - Sync 1 DAGs
[2026-01-22T05:34:36.207+0000] {logging_mixin.py:137} INFO - [2026-01-22T05:34:36.207+0000] {dag.py:3427} INFO - Setting next_dagrun for example_sla_dag to 2026-01-22T05:32:00+00:00, run_after=2026-01-22T05:34:00+00:00
[2026-01-22T05:34:36.220+0000] {processor.py:175} INFO - Processing /home/airflow/.local/lib/python3.7/site-packages/airflow/example_dags/example_sla_dag.py took 0.084 seconds
[2026-01-22T05:58:07.019+0000] {processor.py:153} INFO - Started process (PID=82) to work on /home/airflow/.local/lib/python3.7/site-packages/airflow/example_dags/example_sla_dag.py
[2026-01-22T05:58:07.019+0000] {processor.py:743} INFO - Processing file /home/airflow/.local/lib/python3.7/site-packages/airflow/example_dags/example_sla_dag.py for tasks to queue
[2026-01-22T05:58:07.020+0000] {logging_mixin.py:137} INFO - [2026-01-22T05:58:07.020+0000] {dagbag.py:538} INFO - Filling up the DagBag from /home/airflow/.local/lib/python3.7/site-packages/airflow/example_dags/example_sla_dag.py
[2026-01-22T05:58:07.039+0000] {processor.py:753} INFO - DAG(s) dict_keys(['example_sla_dag']) retrieved from /home/airflow/.local/lib/python3.7/site-packages/airflow/example_dags/example_sla_dag.py
[2026-01-22T05:58:07.071+0000] {logging_mixin.py:137} INFO - [2026-01-22T05:58:07.071+0000] {dag.py:2676} INFO - Sync 1 DAGs
[2026-01-22T05:58:07.094+0000] {logging_mixin.py:137} INFO - [2026-01-22T05:58:07.094+0000] {dag.py:3427} INFO - Setting next_dagrun for example_sla_dag to 2026-01-22T05:56:00+00:00, run_after=2026-01-22T05:58:00+00:00
[2026-01-22T05:58:07.197+0000] {processor.py:175} INFO - Processing /home/airflow/.local/lib/python3.7/site-packages/airflow/example_dags/example_sla_dag.py took 0.180 seconds
[2026-01-22T05:58:37.712+0000] {processor.py:153} INFO - Started process (PID=180) to work on /home/airflow/.local/lib/python3.7/site-packages/airflow/example_dags/example_sla_dag.py
[2026-01-22T05:58:37.713+0000] {processor.py:743} INFO - Processing file /home/airflow/.local/lib/python3.7/site-packages/airflow/example_dags/example_sla_dag.py for tasks to queue
[2026-01-22T05:58:37.714+0000] {logging_mixin.py:137} INFO - [2026-01-22T05:58:37.714+0000] {dagbag.py:538} INFO - Filling up the DagBag from /home/airflow/.local/lib/python3.7/site-packages/airflow/example_dags/example_sla_dag.py
[2026-01-22T05:58:37.732+0000] {processor.py:753} INFO - DAG(s) dict_keys(['example_sla_dag']) retrieved from /home/airflow/.local/lib/python3.7/site-packages/airflow/example_dags/example_sla_dag.py
[2026-01-22T05:58:37.761+0000] {logging_mixin.py:137} INFO - [2026-01-22T05:58:37.761+0000] {dag.py:2676} INFO - Sync 1 DAGs
[2026-01-22T05:58:37.782+0000] {logging_mixin.py:137} INFO - [2026-01-22T05:58:37.781+0000] {dag.py:3427} INFO - Setting next_dagrun for example_sla_dag to 2026-01-22T05:56:00+00:00, run_after=2026-01-22T05:58:00+00:00
[2026-01-22T05:58:38.016+0000] {processor.py:175} INFO - Processing /home/airflow/.local/lib/python3.7/site-packages/airflow/example_dags/example_sla_dag.py took 0.306 seconds
[2026-01-22T05:59:08.123+0000] {processor.py:153} INFO - Started process (PID=277) to work on /home/airflow/.local/lib/python3.7/site-packages/airflow/example_dags/example_sla_dag.py
[2026-01-22T05:59:08.124+0000] {processor.py:743} INFO - Processing file /home/airflow/.local/lib/python3.7/site-packages/airflow/example_dags/example_sla_dag.py for tasks to queue
[2026-01-22T05:59:08.125+0000] {logging_mixin.py:137} INFO - [2026-01-22T05:59:08.125+0000] {dagbag.py:538} INFO - Filling up the DagBag from /home/airflow/.local/lib/python3.7/site-packages/airflow/example_dags/example_sla_dag.py
[2026-01-22T05:59:08.141+0000] {processor.py:753} INFO - DAG(s) dict_keys(['example_sla_dag']) retrieved from /home/airflow/.local/lib/python3.7/site-packages/airflow/example_dags/example_sla_dag.py
[2026-01-22T05:59:08.168+0000] {logging_mixin.py:137} INFO - [2026-01-22T05:59:08.168+0000] {dag.py:2676} INFO - Sync 1 DAGs
[2026-01-22T05:59:08.189+0000] {logging_mixin.py:137} INFO - [2026-01-22T05:59:08.189+0000] {dag.py:3427} INFO - Setting next_dagrun for example_sla_dag to 2026-01-22T05:56:00+00:00, run_after=2026-01-22T05:58:00+00:00
[2026-01-22T05:59:08.202+0000] {processor.py:175} INFO - Processing /home/airflow/.local/lib/python3.7/site-packages/airflow/example_dags/example_sla_dag.py took 0.082 seconds
[2026-01-22T05:59:38.362+0000] {processor.py:153} INFO - Started process (PID=355) to work on /home/airflow/.local/lib/python3.7/site-packages/airflow/example_dags/example_sla_dag.py
[2026-01-22T05:59:38.363+0000] {processor.py:743} INFO - Processing file /home/airflow/.local/lib/python3.7/site-packages/airflow/example_dags/example_sla_dag.py for tasks to queue
[2026-01-22T05:59:38.363+0000] {logging_mixin.py:137} INFO - [2026-01-22T05:59:38.363+0000] {dagbag.py:538} INFO - Filling up the DagBag from /home/airflow/.local/lib/python3.7/site-packages/airflow/example_dags/example_sla_dag.py
[2026-01-22T05:59:38.381+0000] {processor.py:753} INFO - DAG(s) dict_keys(['example_sla_dag']) retrieved from /home/airflow/.local/lib/python3.7/site-packages/airflow/example_dags/example_sla_dag.py
[2026-01-22T05:59:38.410+0000] {logging_mixin.py:137} INFO - [2026-01-22T05:59:38.410+0000] {dag.py:2676} INFO - Sync 1 DAGs
[2026-01-22T05:59:38.431+0000] {logging_mixin.py:137} INFO - [2026-01-22T05:59:38.431+0000] {dag.py:3427} INFO - Setting next_dagrun for example_sla_dag to 2026-01-22T05:56:00+00:00, run_after=2026-01-22T05:58:00+00:00
[2026-01-22T05:59:38.445+0000] {processor.py:175} INFO - Processing /home/airflow/.local/lib/python3.7/site-packages/airflow/example_dags/example_sla_dag.py took 0.085 seconds
[2026-01-22T06:00:09.320+0000] {processor.py:153} INFO - Started process (PID=453) to work on /home/airflow/.local/lib/python3.7/site-packages/airflow/example_dags/example_sla_dag.py
[2026-01-22T06:00:09.321+0000] {processor.py:743} INFO - Processing file /home/airflow/.local/lib/python3.7/site-packages/airflow/example_dags/example_sla_dag.py for tasks to queue
[2026-01-22T06:00:09.322+0000] {logging_mixin.py:137} INFO - [2026-01-22T06:00:09.322+0000] {dagbag.py:538} INFO - Filling up the DagBag from /home/airflow/.local/lib/python3.7/site-packages/airflow/example_dags/example_sla_dag.py
[2026-01-22T06:00:09.339+0000] {processor.py:753} INFO - DAG(s) dict_keys(['example_sla_dag']) retrieved from /home/airflow/.local/lib/python3.7/site-packages/airflow/example_dags/example_sla_dag.py
[2026-01-22T06:00:09.367+0000] {logging_mixin.py:137} INFO - [2026-01-22T06:00:09.367+0000] {dag.py:2676} INFO - Sync 1 DAGs
[2026-01-22T06:00:09.389+0000] {logging_mixin.py:137} INFO - [2026-01-22T06:00:09.388+0000] {dag.py:3427} INFO - Setting next_dagrun for example_sla_dag to 2026-01-22T05:58:00+00:00, run_after=2026-01-22T06:00:00+00:00
[2026-01-22T06:00:09.406+0000] {processor.py:175} INFO - Processing /home/airflow/.local/lib/python3.7/site-packages/airflow/example_dags/example_sla_dag.py took 0.088 seconds
[2026-01-22T06:00:40.373+0000] {processor.py:153} INFO - Started process (PID=540) to work on /home/airflow/.local/lib/python3.7/site-packages/airflow/example_dags/example_sla_dag.py
[2026-01-22T06:00:40.374+0000] {processor.py:743} INFO - Processing file /home/airflow/.local/lib/python3.7/site-packages/airflow/example_dags/example_sla_dag.py for tasks to queue
[2026-01-22T06:00:40.375+0000] {logging_mixin.py:137} INFO - [2026-01-22T06:00:40.375+0000] {dagbag.py:538} INFO - Filling up the DagBag from /home/airflow/.local/lib/python3.7/site-packages/airflow/example_dags/example_sla_dag.py
[2026-01-22T06:00:40.395+0000] {processor.py:753} INFO - DAG(s) dict_keys(['example_sla_dag']) retrieved from /home/airflow/.local/lib/python3.7/site-packages/airflow/example_dags/example_sla_dag.py
[2026-01-22T06:00:40.425+0000] {logging_mixin.py:137} INFO - [2026-01-22T06:00:40.425+0000] {dag.py:2676} INFO - Sync 1 DAGs
[2026-01-22T06:00:40.453+0000] {logging_mixin.py:137} INFO - [2026-01-22T06:00:40.453+0000] {dag.py:3427} INFO - Setting next_dagrun for example_sla_dag to 2026-01-22T05:58:00+00:00, run_after=2026-01-22T06:00:00+00:00
[2026-01-22T06:00:40.467+0000] {processor.py:175} INFO - Processing /home/airflow/.local/lib/python3.7/site-packages/airflow/example_dags/example_sla_dag.py took 0.096 seconds
[2026-01-22T06:01:10.640+0000] {processor.py:153} INFO - Started process (PID=629) to work on /home/airflow/.local/lib/python3.7/site-packages/airflow/example_dags/example_sla_dag.py
[2026-01-22T06:01:10.640+0000] {processor.py:743} INFO - Processing file /home/airflow/.local/lib/python3.7/site-packages/airflow/example_dags/example_sla_dag.py for tasks to queue
[2026-01-22T06:01:10.641+0000] {logging_mixin.py:137} INFO - [2026-01-22T06:01:10.641+0000] {dagbag.py:538} INFO - Filling up the DagBag from /home/airflow/.local/lib/python3.7/site-packages/airflow/example_dags/example_sla_dag.py
[2026-01-22T06:01:10.658+0000] {processor.py:753} INFO - DAG(s) dict_keys(['example_sla_dag']) retrieved from /home/airflow/.local/lib/python3.7/site-packages/airflow/example_dags/example_sla_dag.py
[2026-01-22T06:01:10.685+0000] {logging_mixin.py:137} INFO - [2026-01-22T06:01:10.685+0000] {dag.py:2676} INFO - Sync 1 DAGs
[2026-01-22T06:01:10.707+0000] {logging_mixin.py:137} INFO - [2026-01-22T06:01:10.706+0000] {dag.py:3427} INFO - Setting next_dagrun for example_sla_dag to 2026-01-22T05:58:00+00:00, run_after=2026-01-22T06:00:00+00:00
[2026-01-22T06:01:10.720+0000] {processor.py:175} INFO - Processing /home/airflow/.local/lib/python3.7/site-packages/airflow/example_dags/example_sla_dag.py took 0.083 seconds
[2026-01-22T06:01:40.831+0000] {processor.py:153} INFO - Started process (PID=726) to work on /home/airflow/.local/lib/python3.7/site-packages/airflow/example_dags/example_sla_dag.py
[2026-01-22T06:01:40.831+0000] {processor.py:743} INFO - Processing file /home/airflow/.local/lib/python3.7/site-packages/airflow/example_dags/example_sla_dag.py for tasks to queue
[2026-01-22T06:01:40.832+0000] {logging_mixin.py:137} INFO - [2026-01-22T06:01:40.832+0000] {dagbag.py:538} INFO - Filling up the DagBag from /home/airflow/.local/lib/python3.7/site-packages/airflow/example_dags/example_sla_dag.py
[2026-01-22T06:01:40.849+0000] {processor.py:753} INFO - DAG(s) dict_keys(['example_sla_dag']) retrieved from /home/airflow/.local/lib/python3.7/site-packages/airflow/example_dags/example_sla_dag.py
[2026-01-22T06:01:40.876+0000] {logging_mixin.py:137} INFO - [2026-01-22T06:01:40.876+0000] {dag.py:2676} INFO - Sync 1 DAGs
[2026-01-22T06:01:40.896+0000] {logging_mixin.py:137} INFO - [2026-01-22T06:01:40.896+0000] {dag.py:3427} INFO - Setting next_dagrun for example_sla_dag to 2026-01-22T05:58:00+00:00, run_after=2026-01-22T06:00:00+00:00
[2026-01-22T06:01:40.910+0000] {processor.py:175} INFO - Processing /home/airflow/.local/lib/python3.7/site-packages/airflow/example_dags/example_sla_dag.py took 0.081 seconds
[2026-01-22T06:02:10.973+0000] {processor.py:153} INFO - Started process (PID=804) to work on /home/airflow/.local/lib/python3.7/site-packages/airflow/example_dags/example_sla_dag.py
[2026-01-22T06:02:10.973+0000] {processor.py:743} INFO - Processing file /home/airflow/.local/lib/python3.7/site-packages/airflow/example_dags/example_sla_dag.py for tasks to queue
[2026-01-22T06:02:10.974+0000] {logging_mixin.py:137} INFO - [2026-01-22T06:02:10.974+0000] {dagbag.py:538} INFO - Filling up the DagBag from /home/airflow/.local/lib/python3.7/site-packages/airflow/example_dags/example_sla_dag.py
[2026-01-22T06:02:10.991+0000] {processor.py:753} INFO - DAG(s) dict_keys(['example_sla_dag']) retrieved from /home/airflow/.local/lib/python3.7/site-packages/airflow/example_dags/example_sla_dag.py
[2026-01-22T06:02:11.019+0000] {logging_mixin.py:137} INFO - [2026-01-22T06:02:11.019+0000] {dag.py:2676} INFO - Sync 1 DAGs
[2026-01-22T06:02:11.039+0000] {logging_mixin.py:137} INFO - [2026-01-22T06:02:11.039+0000] {dag.py:3427} INFO - Setting next_dagrun for example_sla_dag to 2026-01-22T06:00:00+00:00, run_after=2026-01-22T06:02:00+00:00
[2026-01-22T06:02:11.053+0000] {processor.py:175} INFO - Processing /home/airflow/.local/lib/python3.7/site-packages/airflow/example_dags/example_sla_dag.py took 0.083 seconds
[2026-01-22T06:02:41.123+0000] {processor.py:153} INFO - Started process (PID=904) to work on /home/airflow/.local/lib/python3.7/site-packages/airflow/example_dags/example_sla_dag.py
[2026-01-22T06:02:41.124+0000] {processor.py:743} INFO - Processing file /home/airflow/.local/lib/python3.7/site-packages/airflow/example_dags/example_sla_dag.py for tasks to queue
[2026-01-22T06:02:41.124+0000] {logging_mixin.py:137} INFO - [2026-01-22T06:02:41.124+0000] {dagbag.py:538} INFO - Filling up the DagBag from /home/airflow/.local/lib/python3.7/site-packages/airflow/example_dags/example_sla_dag.py
[2026-01-22T06:02:41.142+0000] {processor.py:753} INFO - DAG(s) dict_keys(['example_sla_dag']) retrieved from /home/airflow/.local/lib/python3.7/site-packages/airflow/example_dags/example_sla_dag.py
[2026-01-22T06:02:41.170+0000] {logging_mixin.py:137} INFO - [2026-01-22T06:02:41.170+0000] {dag.py:2676} INFO - Sync 1 DAGs
[2026-01-22T06:02:41.191+0000] {logging_mixin.py:137} INFO - [2026-01-22T06:02:41.191+0000] {dag.py:3427} INFO - Setting next_dagrun for example_sla_dag to 2026-01-22T06:00:00+00:00, run_after=2026-01-22T06:02:00+00:00
[2026-01-22T06:02:41.205+0000] {processor.py:175} INFO - Processing /home/airflow/.local/lib/python3.7/site-packages/airflow/example_dags/example_sla_dag.py took 0.085 seconds
[2026-01-22T06:03:11.318+0000] {processor.py:153} INFO - Started process (PID=982) to work on /home/airflow/.local/lib/python3.7/site-packages/airflow/example_dags/example_sla_dag.py
[2026-01-22T06:03:11.319+0000] {processor.py:743} INFO - Processing file /home/airflow/.local/lib/python3.7/site-packages/airflow/example_dags/example_sla_dag.py for tasks to queue
[2026-01-22T06:03:11.320+0000] {logging_mixin.py:137} INFO - [2026-01-22T06:03:11.320+0000] {dagbag.py:538} INFO - Filling up the DagBag from /home/airflow/.local/lib/python3.7/site-packages/airflow/example_dags/example_sla_dag.py
[2026-01-22T06:03:11.338+0000] {processor.py:753} INFO - DAG(s) dict_keys(['example_sla_dag']) retrieved from /home/airflow/.local/lib/python3.7/site-packages/airflow/example_dags/example_sla_dag.py
[2026-01-22T06:03:11.367+0000] {logging_mixin.py:137} INFO - [2026-01-22T06:03:11.367+0000] {dag.py:2676} INFO - Sync 1 DAGs
[2026-01-22T06:03:11.393+0000] {logging_mixin.py:137} INFO - [2026-01-22T06:03:11.393+0000] {dag.py:3427} INFO - Setting next_dagrun for example_sla_dag to 2026-01-22T06:00:00+00:00, run_after=2026-01-22T06:02:00+00:00
[2026-01-22T06:03:11.409+0000] {processor.py:175} INFO - Processing /home/airflow/.local/lib/python3.7/site-packages/airflow/example_dags/example_sla_dag.py took 0.093 seconds
[2026-01-22T06:03:41.536+0000] {processor.py:153} INFO - Started process (PID=1080) to work on /home/airflow/.local/lib/python3.7/site-packages/airflow/example_dags/example_sla_dag.py
[2026-01-22T06:03:41.537+0000] {processor.py:743} INFO - Processing file /home/airflow/.local/lib/python3.7/site-packages/airflow/example_dags/example_sla_dag.py for tasks to queue
[2026-01-22T06:03:41.537+0000] {logging_mixin.py:137} INFO - [2026-01-22T06:03:41.537+0000] {dagbag.py:538} INFO - Filling up the DagBag from /home/airflow/.local/lib/python3.7/site-packages/airflow/example_dags/example_sla_dag.py
[2026-01-22T06:03:41.556+0000] {processor.py:753} INFO - DAG(s) dict_keys(['example_sla_dag']) retrieved from /home/airflow/.local/lib/python3.7/site-packages/airflow/example_dags/example_sla_dag.py
[2026-01-22T06:03:41.585+0000] {logging_mixin.py:137} INFO - [2026-01-22T06:03:41.584+0000] {dag.py:2676} INFO - Sync 1 DAGs
[2026-01-22T06:03:41.606+0000] {logging_mixin.py:137} INFO - [2026-01-22T06:03:41.606+0000] {dag.py:3427} INFO - Setting next_dagrun for example_sla_dag to 2026-01-22T06:00:00+00:00, run_after=2026-01-22T06:02:00+00:00
[2026-01-22T06:03:41.621+0000] {processor.py:175} INFO - Processing /home/airflow/.local/lib/python3.7/site-packages/airflow/example_dags/example_sla_dag.py took 0.088 seconds
[2026-01-22T06:04:11.889+0000] {processor.py:153} INFO - Started process (PID=1178) to work on /home/airflow/.local/lib/python3.7/site-packages/airflow/example_dags/example_sla_dag.py
[2026-01-22T06:04:11.890+0000] {processor.py:743} INFO - Processing file /home/airflow/.local/lib/python3.7/site-packages/airflow/example_dags/example_sla_dag.py for tasks to queue
[2026-01-22T06:04:11.891+0000] {logging_mixin.py:137} INFO - [2026-01-22T06:04:11.891+0000] {dagbag.py:538} INFO - Filling up the DagBag from /home/airflow/.local/lib/python3.7/site-packages/airflow/example_dags/example_sla_dag.py
[2026-01-22T06:04:11.909+0000] {processor.py:753} INFO - DAG(s) dict_keys(['example_sla_dag']) retrieved from /home/airflow/.local/lib/python3.7/site-packages/airflow/example_dags/example_sla_dag.py
[2026-01-22T06:04:11.944+0000] {logging_mixin.py:137} INFO - [2026-01-22T06:04:11.944+0000] {dag.py:2676} INFO - Sync 1 DAGs
[2026-01-22T06:04:11.966+0000] {logging_mixin.py:137} INFO - [2026-01-22T06:04:11.966+0000] {dag.py:3427} INFO - Setting next_dagrun for example_sla_dag to 2026-01-22T06:02:00+00:00, run_after=2026-01-22T06:04:00+00:00
[2026-01-22T06:04:11.980+0000] {processor.py:175} INFO - Processing /home/airflow/.local/lib/python3.7/site-packages/airflow/example_dags/example_sla_dag.py took 0.093 seconds
[2026-01-22T06:04:42.815+0000] {processor.py:153} INFO - Started process (PID=1256) to work on /home/airflow/.local/lib/python3.7/site-packages/airflow/example_dags/example_sla_dag.py
[2026-01-22T06:04:42.816+0000] {processor.py:743} INFO - Processing file /home/airflow/.local/lib/python3.7/site-packages/airflow/example_dags/example_sla_dag.py for tasks to queue
[2026-01-22T06:04:42.817+0000] {logging_mixin.py:137} INFO - [2026-01-22T06:04:42.817+0000] {dagbag.py:538} INFO - Filling up the DagBag from /home/airflow/.local/lib/python3.7/site-packages/airflow/example_dags/example_sla_dag.py
[2026-01-22T06:04:42.834+0000] {processor.py:753} INFO - DAG(s) dict_keys(['example_sla_dag']) retrieved from /home/airflow/.local/lib/python3.7/site-packages/airflow/example_dags/example_sla_dag.py
[2026-01-22T06:04:42.862+0000] {logging_mixin.py:137} INFO - [2026-01-22T06:04:42.862+0000] {dag.py:2676} INFO - Sync 1 DAGs
[2026-01-22T06:04:42.884+0000] {logging_mixin.py:137} INFO - [2026-01-22T06:04:42.883+0000] {dag.py:3427} INFO - Setting next_dagrun for example_sla_dag to 2026-01-22T06:02:00+00:00, run_after=2026-01-22T06:04:00+00:00
[2026-01-22T06:04:42.900+0000] {processor.py:175} INFO - Processing /home/airflow/.local/lib/python3.7/site-packages/airflow/example_dags/example_sla_dag.py took 0.087 seconds
[2026-01-22T06:05:13.809+0000] {processor.py:153} INFO - Started process (PID=1353) to work on /home/airflow/.local/lib/python3.7/site-packages/airflow/example_dags/example_sla_dag.py
[2026-01-22T06:05:13.810+0000] {processor.py:743} INFO - Processing file /home/airflow/.local/lib/python3.7/site-packages/airflow/example_dags/example_sla_dag.py for tasks to queue
[2026-01-22T06:05:13.810+0000] {logging_mixin.py:137} INFO - [2026-01-22T06:05:13.810+0000] {dagbag.py:538} INFO - Filling up the DagBag from /home/airflow/.local/lib/python3.7/site-packages/airflow/example_dags/example_sla_dag.py
[2026-01-22T06:05:13.828+0000] {processor.py:753} INFO - DAG(s) dict_keys(['example_sla_dag']) retrieved from /home/airflow/.local/lib/python3.7/site-packages/airflow/example_dags/example_sla_dag.py
[2026-01-22T06:05:13.856+0000] {logging_mixin.py:137} INFO - [2026-01-22T06:05:13.856+0000] {dag.py:2676} INFO - Sync 1 DAGs
[2026-01-22T06:05:13.877+0000] {logging_mixin.py:137} INFO - [2026-01-22T06:05:13.877+0000] {dag.py:3427} INFO - Setting next_dagrun for example_sla_dag to 2026-01-22T06:02:00+00:00, run_after=2026-01-22T06:04:00+00:00
[2026-01-22T06:05:13.890+0000] {processor.py:175} INFO - Processing /home/airflow/.local/lib/python3.7/site-packages/airflow/example_dags/example_sla_dag.py took 0.084 seconds
[2026-01-22T06:05:44.762+0000] {processor.py:153} INFO - Started process (PID=1452) to work on /home/airflow/.local/lib/python3.7/site-packages/airflow/example_dags/example_sla_dag.py
[2026-01-22T06:05:44.763+0000] {processor.py:743} INFO - Processing file /home/airflow/.local/lib/python3.7/site-packages/airflow/example_dags/example_sla_dag.py for tasks to queue
[2026-01-22T06:05:44.763+0000] {logging_mixin.py:137} INFO - [2026-01-22T06:05:44.763+0000] {dagbag.py:538} INFO - Filling up the DagBag from /home/airflow/.local/lib/python3.7/site-packages/airflow/example_dags/example_sla_dag.py
[2026-01-22T06:05:44.781+0000] {processor.py:753} INFO - DAG(s) dict_keys(['example_sla_dag']) retrieved from /home/airflow/.local/lib/python3.7/site-packages/airflow/example_dags/example_sla_dag.py
[2026-01-22T06:05:44.812+0000] {logging_mixin.py:137} INFO - [2026-01-22T06:05:44.812+0000] {dag.py:2676} INFO - Sync 1 DAGs
[2026-01-22T06:05:44.833+0000] {logging_mixin.py:137} INFO - [2026-01-22T06:05:44.833+0000] {dag.py:3427} INFO - Setting next_dagrun for example_sla_dag to 2026-01-22T06:02:00+00:00, run_after=2026-01-22T06:04:00+00:00
[2026-01-22T06:05:44.846+0000] {processor.py:175} INFO - Processing /home/airflow/.local/lib/python3.7/site-packages/airflow/example_dags/example_sla_dag.py took 0.087 seconds
[2026-01-22T06:06:15.785+0000] {processor.py:153} INFO - Started process (PID=1530) to work on /home/airflow/.local/lib/python3.7/site-packages/airflow/example_dags/example_sla_dag.py
[2026-01-22T06:06:15.786+0000] {processor.py:743} INFO - Processing file /home/airflow/.local/lib/python3.7/site-packages/airflow/example_dags/example_sla_dag.py for tasks to queue
[2026-01-22T06:06:15.787+0000] {logging_mixin.py:137} INFO - [2026-01-22T06:06:15.787+0000] {dagbag.py:538} INFO - Filling up the DagBag from /home/airflow/.local/lib/python3.7/site-packages/airflow/example_dags/example_sla_dag.py
[2026-01-22T06:06:15.806+0000] {processor.py:753} INFO - DAG(s) dict_keys(['example_sla_dag']) retrieved from /home/airflow/.local/lib/python3.7/site-packages/airflow/example_dags/example_sla_dag.py
[2026-01-22T06:06:15.840+0000] {logging_mixin.py:137} INFO - [2026-01-22T06:06:15.840+0000] {dag.py:2676} INFO - Sync 1 DAGs
[2026-01-22T06:06:15.866+0000] {logging_mixin.py:137} INFO - [2026-01-22T06:06:15.866+0000] {dag.py:3427} INFO - Setting next_dagrun for example_sla_dag to 2026-01-22T06:04:00+00:00, run_after=2026-01-22T06:06:00+00:00
[2026-01-22T06:06:15.882+0000] {processor.py:175} INFO - Processing /home/airflow/.local/lib/python3.7/site-packages/airflow/example_dags/example_sla_dag.py took 0.100 seconds
[2026-01-22T06:06:45.986+0000] {processor.py:153} INFO - Started process (PID=1627) to work on /home/airflow/.local/lib/python3.7/site-packages/airflow/example_dags/example_sla_dag.py
[2026-01-22T06:06:45.987+0000] {processor.py:743} INFO - Processing file /home/airflow/.local/lib/python3.7/site-packages/airflow/example_dags/example_sla_dag.py for tasks to queue
[2026-01-22T06:06:45.987+0000] {logging_mixin.py:137} INFO - [2026-01-22T06:06:45.987+0000] {dagbag.py:538} INFO - Filling up the DagBag from /home/airflow/.local/lib/python3.7/site-packages/airflow/example_dags/example_sla_dag.py
[2026-01-22T06:06:46.005+0000] {processor.py:753} INFO - DAG(s) dict_keys(['example_sla_dag']) retrieved from /home/airflow/.local/lib/python3.7/site-packages/airflow/example_dags/example_sla_dag.py
[2026-01-22T06:06:46.034+0000] {logging_mixin.py:137} INFO - [2026-01-22T06:06:46.033+0000] {dag.py:2676} INFO - Sync 1 DAGs
[2026-01-22T06:06:46.057+0000] {logging_mixin.py:137} INFO - [2026-01-22T06:06:46.057+0000] {dag.py:3427} INFO - Setting next_dagrun for example_sla_dag to 2026-01-22T06:04:00+00:00, run_after=2026-01-22T06:06:00+00:00
[2026-01-22T06:06:46.072+0000] {processor.py:175} INFO - Processing /home/airflow/.local/lib/python3.7/site-packages/airflow/example_dags/example_sla_dag.py took 0.089 seconds
[2026-01-22T06:07:16.221+0000] {processor.py:153} INFO - Started process (PID=1706) to work on /home/airflow/.local/lib/python3.7/site-packages/airflow/example_dags/example_sla_dag.py
[2026-01-22T06:07:16.222+0000] {processor.py:743} INFO - Processing file /home/airflow/.local/lib/python3.7/site-packages/airflow/example_dags/example_sla_dag.py for tasks to queue
[2026-01-22T06:07:16.223+0000] {logging_mixin.py:137} INFO - [2026-01-22T06:07:16.223+0000] {dagbag.py:538} INFO - Filling up the DagBag from /home/airflow/.local/lib/python3.7/site-packages/airflow/example_dags/example_sla_dag.py
[2026-01-22T06:07:16.240+0000] {processor.py:753} INFO - DAG(s) dict_keys(['example_sla_dag']) retrieved from /home/airflow/.local/lib/python3.7/site-packages/airflow/example_dags/example_sla_dag.py
[2026-01-22T06:07:16.270+0000] {logging_mixin.py:137} INFO - [2026-01-22T06:07:16.270+0000] {dag.py:2676} INFO - Sync 1 DAGs
[2026-01-22T06:07:16.297+0000] {logging_mixin.py:137} INFO - [2026-01-22T06:07:16.297+0000] {dag.py:3427} INFO - Setting next_dagrun for example_sla_dag to 2026-01-22T06:04:00+00:00, run_after=2026-01-22T06:06:00+00:00
[2026-01-22T06:07:16.313+0000] {processor.py:175} INFO - Processing /home/airflow/.local/lib/python3.7/site-packages/airflow/example_dags/example_sla_dag.py took 0.094 seconds
[2026-01-22T06:10:46.214+0000] {processor.py:153} INFO - Started process (PID=81) to work on /home/airflow/.local/lib/python3.7/site-packages/airflow/example_dags/example_sla_dag.py
[2026-01-22T06:10:46.215+0000] {processor.py:743} INFO - Processing file /home/airflow/.local/lib/python3.7/site-packages/airflow/example_dags/example_sla_dag.py for tasks to queue
[2026-01-22T06:10:46.216+0000] {logging_mixin.py:137} INFO - [2026-01-22T06:10:46.216+0000] {dagbag.py:538} INFO - Filling up the DagBag from /home/airflow/.local/lib/python3.7/site-packages/airflow/example_dags/example_sla_dag.py
[2026-01-22T06:10:46.241+0000] {processor.py:753} INFO - DAG(s) dict_keys(['example_sla_dag']) retrieved from /home/airflow/.local/lib/python3.7/site-packages/airflow/example_dags/example_sla_dag.py
[2026-01-22T06:10:46.269+0000] {logging_mixin.py:137} INFO - [2026-01-22T06:10:46.269+0000] {dag.py:2676} INFO - Sync 1 DAGs
[2026-01-22T06:10:46.292+0000] {logging_mixin.py:137} INFO - [2026-01-22T06:10:46.292+0000] {dag.py:3427} INFO - Setting next_dagrun for example_sla_dag to 2026-01-22T06:08:00+00:00, run_after=2026-01-22T06:10:00+00:00
[2026-01-22T06:10:46.306+0000] {processor.py:175} INFO - Processing /home/airflow/.local/lib/python3.7/site-packages/airflow/example_dags/example_sla_dag.py took 0.096 seconds
[2026-01-22T06:11:16.408+0000] {processor.py:153} INFO - Started process (PID=159) to work on /home/airflow/.local/lib/python3.7/site-packages/airflow/example_dags/example_sla_dag.py
[2026-01-22T06:11:16.409+0000] {processor.py:743} INFO - Processing file /home/airflow/.local/lib/python3.7/site-packages/airflow/example_dags/example_sla_dag.py for tasks to queue
[2026-01-22T06:11:16.409+0000] {logging_mixin.py:137} INFO - [2026-01-22T06:11:16.409+0000] {dagbag.py:538} INFO - Filling up the DagBag from /home/airflow/.local/lib/python3.7/site-packages/airflow/example_dags/example_sla_dag.py
[2026-01-22T06:11:16.428+0000] {processor.py:753} INFO - DAG(s) dict_keys(['example_sla_dag']) retrieved from /home/airflow/.local/lib/python3.7/site-packages/airflow/example_dags/example_sla_dag.py
[2026-01-22T06:11:16.453+0000] {logging_mixin.py:137} INFO - [2026-01-22T06:11:16.453+0000] {dag.py:2676} INFO - Sync 1 DAGs
[2026-01-22T06:11:16.473+0000] {logging_mixin.py:137} INFO - [2026-01-22T06:11:16.473+0000] {dag.py:3427} INFO - Setting next_dagrun for example_sla_dag to 2026-01-22T06:08:00+00:00, run_after=2026-01-22T06:10:00+00:00
[2026-01-22T06:11:16.486+0000] {processor.py:175} INFO - Processing /home/airflow/.local/lib/python3.7/site-packages/airflow/example_dags/example_sla_dag.py took 0.080 seconds
[2026-01-22T06:11:46.564+0000] {processor.py:153} INFO - Started process (PID=257) to work on /home/airflow/.local/lib/python3.7/site-packages/airflow/example_dags/example_sla_dag.py
[2026-01-22T06:11:46.565+0000] {processor.py:743} INFO - Processing file /home/airflow/.local/lib/python3.7/site-packages/airflow/example_dags/example_sla_dag.py for tasks to queue
[2026-01-22T06:11:46.566+0000] {logging_mixin.py:137} INFO - [2026-01-22T06:11:46.566+0000] {dagbag.py:538} INFO - Filling up the DagBag from /home/airflow/.local/lib/python3.7/site-packages/airflow/example_dags/example_sla_dag.py
[2026-01-22T06:11:46.587+0000] {processor.py:753} INFO - DAG(s) dict_keys(['example_sla_dag']) retrieved from /home/airflow/.local/lib/python3.7/site-packages/airflow/example_dags/example_sla_dag.py
[2026-01-22T06:11:46.615+0000] {logging_mixin.py:137} INFO - [2026-01-22T06:11:46.615+0000] {dag.py:2676} INFO - Sync 1 DAGs
[2026-01-22T06:11:46.635+0000] {logging_mixin.py:137} INFO - [2026-01-22T06:11:46.635+0000] {dag.py:3427} INFO - Setting next_dagrun for example_sla_dag to 2026-01-22T06:08:00+00:00, run_after=2026-01-22T06:10:00+00:00
[2026-01-22T06:11:46.648+0000] {processor.py:175} INFO - Processing /home/airflow/.local/lib/python3.7/site-packages/airflow/example_dags/example_sla_dag.py took 0.087 seconds
[2026-01-22T06:12:16.865+0000] {processor.py:153} INFO - Started process (PID=335) to work on /home/airflow/.local/lib/python3.7/site-packages/airflow/example_dags/example_sla_dag.py
[2026-01-22T06:12:16.866+0000] {processor.py:743} INFO - Processing file /home/airflow/.local/lib/python3.7/site-packages/airflow/example_dags/example_sla_dag.py for tasks to queue
[2026-01-22T06:12:16.866+0000] {logging_mixin.py:137} INFO - [2026-01-22T06:12:16.866+0000] {dagbag.py:538} INFO - Filling up the DagBag from /home/airflow/.local/lib/python3.7/site-packages/airflow/example_dags/example_sla_dag.py
[2026-01-22T06:12:16.883+0000] {processor.py:753} INFO - DAG(s) dict_keys(['example_sla_dag']) retrieved from /home/airflow/.local/lib/python3.7/site-packages/airflow/example_dags/example_sla_dag.py
[2026-01-22T06:12:16.910+0000] {logging_mixin.py:137} INFO - [2026-01-22T06:12:16.910+0000] {dag.py:2676} INFO - Sync 1 DAGs
[2026-01-22T06:12:16.930+0000] {logging_mixin.py:137} INFO - [2026-01-22T06:12:16.930+0000] {dag.py:3427} INFO - Setting next_dagrun for example_sla_dag to 2026-01-22T06:10:00+00:00, run_after=2026-01-22T06:12:00+00:00
[2026-01-22T06:12:16.944+0000] {processor.py:175} INFO - Processing /home/airflow/.local/lib/python3.7/site-packages/airflow/example_dags/example_sla_dag.py took 0.082 seconds
[2026-01-22T06:12:46.974+0000] {processor.py:153} INFO - Started process (PID=433) to work on /home/airflow/.local/lib/python3.7/site-packages/airflow/example_dags/example_sla_dag.py
[2026-01-22T06:12:46.975+0000] {processor.py:743} INFO - Processing file /home/airflow/.local/lib/python3.7/site-packages/airflow/example_dags/example_sla_dag.py for tasks to queue
[2026-01-22T06:12:46.975+0000] {logging_mixin.py:137} INFO - [2026-01-22T06:12:46.975+0000] {dagbag.py:538} INFO - Filling up the DagBag from /home/airflow/.local/lib/python3.7/site-packages/airflow/example_dags/example_sla_dag.py
[2026-01-22T06:12:46.993+0000] {processor.py:753} INFO - DAG(s) dict_keys(['example_sla_dag']) retrieved from /home/airflow/.local/lib/python3.7/site-packages/airflow/example_dags/example_sla_dag.py
[2026-01-22T06:12:47.022+0000] {logging_mixin.py:137} INFO - [2026-01-22T06:12:47.022+0000] {dag.py:2676} INFO - Sync 1 DAGs
[2026-01-22T06:12:47.044+0000] {logging_mixin.py:137} INFO - [2026-01-22T06:12:47.044+0000] {dag.py:3427} INFO - Setting next_dagrun for example_sla_dag to 2026-01-22T06:10:00+00:00, run_after=2026-01-22T06:12:00+00:00
[2026-01-22T06:12:47.058+0000] {processor.py:175} INFO - Processing /home/airflow/.local/lib/python3.7/site-packages/airflow/example_dags/example_sla_dag.py took 0.087 seconds
[2026-01-22T06:13:17.992+0000] {processor.py:153} INFO - Started process (PID=531) to work on /home/airflow/.local/lib/python3.7/site-packages/airflow/example_dags/example_sla_dag.py
[2026-01-22T06:13:17.993+0000] {processor.py:743} INFO - Processing file /home/airflow/.local/lib/python3.7/site-packages/airflow/example_dags/example_sla_dag.py for tasks to queue
[2026-01-22T06:13:17.994+0000] {logging_mixin.py:137} INFO - [2026-01-22T06:13:17.994+0000] {dagbag.py:538} INFO - Filling up the DagBag from /home/airflow/.local/lib/python3.7/site-packages/airflow/example_dags/example_sla_dag.py
[2026-01-22T06:13:18.012+0000] {processor.py:753} INFO - DAG(s) dict_keys(['example_sla_dag']) retrieved from /home/airflow/.local/lib/python3.7/site-packages/airflow/example_dags/example_sla_dag.py
[2026-01-22T06:13:18.042+0000] {logging_mixin.py:137} INFO - [2026-01-22T06:13:18.041+0000] {dag.py:2676} INFO - Sync 1 DAGs
[2026-01-22T06:13:18.064+0000] {logging_mixin.py:137} INFO - [2026-01-22T06:13:18.063+0000] {dag.py:3427} INFO - Setting next_dagrun for example_sla_dag to 2026-01-22T06:10:00+00:00, run_after=2026-01-22T06:12:00+00:00
[2026-01-22T06:13:18.077+0000] {processor.py:175} INFO - Processing /home/airflow/.local/lib/python3.7/site-packages/airflow/example_dags/example_sla_dag.py took 0.087 seconds
[2026-01-22T06:13:48.134+0000] {processor.py:153} INFO - Started process (PID=610) to work on /home/airflow/.local/lib/python3.7/site-packages/airflow/example_dags/example_sla_dag.py
[2026-01-22T06:13:48.135+0000] {processor.py:743} INFO - Processing file /home/airflow/.local/lib/python3.7/site-packages/airflow/example_dags/example_sla_dag.py for tasks to queue
[2026-01-22T06:13:48.136+0000] {logging_mixin.py:137} INFO - [2026-01-22T06:13:48.135+0000] {dagbag.py:538} INFO - Filling up the DagBag from /home/airflow/.local/lib/python3.7/site-packages/airflow/example_dags/example_sla_dag.py
[2026-01-22T06:13:48.153+0000] {processor.py:753} INFO - DAG(s) dict_keys(['example_sla_dag']) retrieved from /home/airflow/.local/lib/python3.7/site-packages/airflow/example_dags/example_sla_dag.py
[2026-01-22T06:13:48.181+0000] {logging_mixin.py:137} INFO - [2026-01-22T06:13:48.181+0000] {dag.py:2676} INFO - Sync 1 DAGs
[2026-01-22T06:13:48.202+0000] {logging_mixin.py:137} INFO - [2026-01-22T06:13:48.202+0000] {dag.py:3427} INFO - Setting next_dagrun for example_sla_dag to 2026-01-22T06:10:00+00:00, run_after=2026-01-22T06:12:00+00:00
[2026-01-22T06:13:48.217+0000] {processor.py:175} INFO - Processing /home/airflow/.local/lib/python3.7/site-packages/airflow/example_dags/example_sla_dag.py took 0.085 seconds
[2026-01-22T06:14:18.273+0000] {processor.py:153} INFO - Started process (PID=708) to work on /home/airflow/.local/lib/python3.7/site-packages/airflow/example_dags/example_sla_dag.py
[2026-01-22T06:14:18.274+0000] {processor.py:743} INFO - Processing file /home/airflow/.local/lib/python3.7/site-packages/airflow/example_dags/example_sla_dag.py for tasks to queue
[2026-01-22T06:14:18.275+0000] {logging_mixin.py:137} INFO - [2026-01-22T06:14:18.275+0000] {dagbag.py:538} INFO - Filling up the DagBag from /home/airflow/.local/lib/python3.7/site-packages/airflow/example_dags/example_sla_dag.py
[2026-01-22T06:14:18.293+0000] {processor.py:753} INFO - DAG(s) dict_keys(['example_sla_dag']) retrieved from /home/airflow/.local/lib/python3.7/site-packages/airflow/example_dags/example_sla_dag.py
[2026-01-22T06:14:18.321+0000] {logging_mixin.py:137} INFO - [2026-01-22T06:14:18.321+0000] {dag.py:2676} INFO - Sync 1 DAGs
[2026-01-22T06:14:18.343+0000] {logging_mixin.py:137} INFO - [2026-01-22T06:14:18.343+0000] {dag.py:3427} INFO - Setting next_dagrun for example_sla_dag to 2026-01-22T06:12:00+00:00, run_after=2026-01-22T06:14:00+00:00
[2026-01-22T06:14:18.358+0000] {processor.py:175} INFO - Processing /home/airflow/.local/lib/python3.7/site-packages/airflow/example_dags/example_sla_dag.py took 0.087 seconds
[2026-01-22T09:51:31.978+0000] {processor.py:153} INFO - Started process (PID=81) to work on /home/airflow/.local/lib/python3.7/site-packages/airflow/example_dags/example_sla_dag.py
[2026-01-22T09:51:31.979+0000] {processor.py:743} INFO - Processing file /home/airflow/.local/lib/python3.7/site-packages/airflow/example_dags/example_sla_dag.py for tasks to queue
[2026-01-22T09:51:31.980+0000] {logging_mixin.py:137} INFO - [2026-01-22T09:51:31.980+0000] {dagbag.py:538} INFO - Filling up the DagBag from /home/airflow/.local/lib/python3.7/site-packages/airflow/example_dags/example_sla_dag.py
[2026-01-22T09:51:32.006+0000] {processor.py:753} INFO - DAG(s) dict_keys(['example_sla_dag']) retrieved from /home/airflow/.local/lib/python3.7/site-packages/airflow/example_dags/example_sla_dag.py
[2026-01-22T09:51:32.027+0000] {logging_mixin.py:137} INFO - [2026-01-22T09:51:32.027+0000] {dag.py:2676} INFO - Sync 1 DAGs
[2026-01-22T09:51:32.052+0000] {logging_mixin.py:137} INFO - [2026-01-22T09:51:32.052+0000] {dag.py:3427} INFO - Setting next_dagrun for example_sla_dag to 2026-01-22T09:48:00+00:00, run_after=2026-01-22T09:50:00+00:00
[2026-01-22T09:51:32.067+0000] {processor.py:175} INFO - Processing /home/airflow/.local/lib/python3.7/site-packages/airflow/example_dags/example_sla_dag.py took 0.091 seconds
[2026-01-22T09:52:02.570+0000] {processor.py:153} INFO - Started process (PID=179) to work on /home/airflow/.local/lib/python3.7/site-packages/airflow/example_dags/example_sla_dag.py
[2026-01-22T09:52:02.571+0000] {processor.py:743} INFO - Processing file /home/airflow/.local/lib/python3.7/site-packages/airflow/example_dags/example_sla_dag.py for tasks to queue
[2026-01-22T09:52:02.571+0000] {logging_mixin.py:137} INFO - [2026-01-22T09:52:02.571+0000] {dagbag.py:538} INFO - Filling up the DagBag from /home/airflow/.local/lib/python3.7/site-packages/airflow/example_dags/example_sla_dag.py
[2026-01-22T09:52:02.590+0000] {processor.py:753} INFO - DAG(s) dict_keys(['example_sla_dag']) retrieved from /home/airflow/.local/lib/python3.7/site-packages/airflow/example_dags/example_sla_dag.py
[2026-01-22T09:52:02.618+0000] {logging_mixin.py:137} INFO - [2026-01-22T09:52:02.618+0000] {dag.py:2676} INFO - Sync 1 DAGs
[2026-01-22T09:52:02.640+0000] {logging_mixin.py:137} INFO - [2026-01-22T09:52:02.640+0000] {dag.py:3427} INFO - Setting next_dagrun for example_sla_dag to 2026-01-22T09:50:00+00:00, run_after=2026-01-22T09:52:00+00:00
[2026-01-22T09:52:02.654+0000] {processor.py:175} INFO - Processing /home/airflow/.local/lib/python3.7/site-packages/airflow/example_dags/example_sla_dag.py took 0.087 seconds
[2026-01-22T09:52:32.828+0000] {processor.py:153} INFO - Started process (PID=257) to work on /home/airflow/.local/lib/python3.7/site-packages/airflow/example_dags/example_sla_dag.py
[2026-01-22T09:52:32.828+0000] {processor.py:743} INFO - Processing file /home/airflow/.local/lib/python3.7/site-packages/airflow/example_dags/example_sla_dag.py for tasks to queue
[2026-01-22T09:52:32.829+0000] {logging_mixin.py:137} INFO - [2026-01-22T09:52:32.829+0000] {dagbag.py:538} INFO - Filling up the DagBag from /home/airflow/.local/lib/python3.7/site-packages/airflow/example_dags/example_sla_dag.py
[2026-01-22T09:52:32.847+0000] {processor.py:753} INFO - DAG(s) dict_keys(['example_sla_dag']) retrieved from /home/airflow/.local/lib/python3.7/site-packages/airflow/example_dags/example_sla_dag.py
[2026-01-22T09:52:32.874+0000] {logging_mixin.py:137} INFO - [2026-01-22T09:52:32.874+0000] {dag.py:2676} INFO - Sync 1 DAGs
[2026-01-22T09:52:32.895+0000] {logging_mixin.py:137} INFO - [2026-01-22T09:52:32.895+0000] {dag.py:3427} INFO - Setting next_dagrun for example_sla_dag to 2026-01-22T09:50:00+00:00, run_after=2026-01-22T09:52:00+00:00
[2026-01-22T09:52:32.908+0000] {processor.py:175} INFO - Processing /home/airflow/.local/lib/python3.7/site-packages/airflow/example_dags/example_sla_dag.py took 0.083 seconds
[2026-01-22T09:53:02.979+0000] {processor.py:153} INFO - Started process (PID=355) to work on /home/airflow/.local/lib/python3.7/site-packages/airflow/example_dags/example_sla_dag.py
[2026-01-22T09:53:02.980+0000] {processor.py:743} INFO - Processing file /home/airflow/.local/lib/python3.7/site-packages/airflow/example_dags/example_sla_dag.py for tasks to queue
[2026-01-22T09:53:02.980+0000] {logging_mixin.py:137} INFO - [2026-01-22T09:53:02.980+0000] {dagbag.py:538} INFO - Filling up the DagBag from /home/airflow/.local/lib/python3.7/site-packages/airflow/example_dags/example_sla_dag.py
[2026-01-22T09:53:02.998+0000] {processor.py:753} INFO - DAG(s) dict_keys(['example_sla_dag']) retrieved from /home/airflow/.local/lib/python3.7/site-packages/airflow/example_dags/example_sla_dag.py
[2026-01-22T09:53:03.026+0000] {logging_mixin.py:137} INFO - [2026-01-22T09:53:03.026+0000] {dag.py:2676} INFO - Sync 1 DAGs
[2026-01-22T09:53:03.046+0000] {logging_mixin.py:137} INFO - [2026-01-22T09:53:03.046+0000] {dag.py:3427} INFO - Setting next_dagrun for example_sla_dag to 2026-01-22T09:50:00+00:00, run_after=2026-01-22T09:52:00+00:00
[2026-01-22T09:53:03.060+0000] {processor.py:175} INFO - Processing /home/airflow/.local/lib/python3.7/site-packages/airflow/example_dags/example_sla_dag.py took 0.083 seconds
[2026-01-22T09:53:33.225+0000] {processor.py:153} INFO - Started process (PID=440) to work on /home/airflow/.local/lib/python3.7/site-packages/airflow/example_dags/example_sla_dag.py
[2026-01-22T09:53:33.226+0000] {processor.py:743} INFO - Processing file /home/airflow/.local/lib/python3.7/site-packages/airflow/example_dags/example_sla_dag.py for tasks to queue
[2026-01-22T09:53:33.227+0000] {logging_mixin.py:137} INFO - [2026-01-22T09:53:33.227+0000] {dagbag.py:538} INFO - Filling up the DagBag from /home/airflow/.local/lib/python3.7/site-packages/airflow/example_dags/example_sla_dag.py
[2026-01-22T09:53:33.257+0000] {processor.py:753} INFO - DAG(s) dict_keys(['example_sla_dag']) retrieved from /home/airflow/.local/lib/python3.7/site-packages/airflow/example_dags/example_sla_dag.py
[2026-01-22T09:53:33.290+0000] {logging_mixin.py:137} INFO - [2026-01-22T09:53:33.290+0000] {dag.py:2676} INFO - Sync 1 DAGs
[2026-01-22T09:53:33.315+0000] {logging_mixin.py:137} INFO - [2026-01-22T09:53:33.315+0000] {dag.py:3427} INFO - Setting next_dagrun for example_sla_dag to 2026-01-22T09:50:00+00:00, run_after=2026-01-22T09:52:00+00:00
[2026-01-22T09:53:33.333+0000] {processor.py:175} INFO - Processing /home/airflow/.local/lib/python3.7/site-packages/airflow/example_dags/example_sla_dag.py took 0.112 seconds
[2026-01-22T09:54:03.359+0000] {processor.py:153} INFO - Started process (PID=531) to work on /home/airflow/.local/lib/python3.7/site-packages/airflow/example_dags/example_sla_dag.py
[2026-01-22T09:54:03.360+0000] {processor.py:743} INFO - Processing file /home/airflow/.local/lib/python3.7/site-packages/airflow/example_dags/example_sla_dag.py for tasks to queue
[2026-01-22T09:54:03.360+0000] {logging_mixin.py:137} INFO - [2026-01-22T09:54:03.360+0000] {dagbag.py:538} INFO - Filling up the DagBag from /home/airflow/.local/lib/python3.7/site-packages/airflow/example_dags/example_sla_dag.py
[2026-01-22T09:54:03.378+0000] {processor.py:753} INFO - DAG(s) dict_keys(['example_sla_dag']) retrieved from /home/airflow/.local/lib/python3.7/site-packages/airflow/example_dags/example_sla_dag.py
[2026-01-22T09:54:03.405+0000] {logging_mixin.py:137} INFO - [2026-01-22T09:54:03.405+0000] {dag.py:2676} INFO - Sync 1 DAGs
[2026-01-22T09:54:03.426+0000] {logging_mixin.py:137} INFO - [2026-01-22T09:54:03.426+0000] {dag.py:3427} INFO - Setting next_dagrun for example_sla_dag to 2026-01-22T09:52:00+00:00, run_after=2026-01-22T09:54:00+00:00
[2026-01-22T09:54:03.439+0000] {processor.py:175} INFO - Processing /home/airflow/.local/lib/python3.7/site-packages/airflow/example_dags/example_sla_dag.py took 0.083 seconds
[2026-01-22T09:54:33.696+0000] {processor.py:153} INFO - Started process (PID=629) to work on /home/airflow/.local/lib/python3.7/site-packages/airflow/example_dags/example_sla_dag.py
[2026-01-22T09:54:33.697+0000] {processor.py:743} INFO - Processing file /home/airflow/.local/lib/python3.7/site-packages/airflow/example_dags/example_sla_dag.py for tasks to queue
[2026-01-22T09:54:33.698+0000] {logging_mixin.py:137} INFO - [2026-01-22T09:54:33.697+0000] {dagbag.py:538} INFO - Filling up the DagBag from /home/airflow/.local/lib/python3.7/site-packages/airflow/example_dags/example_sla_dag.py
[2026-01-22T09:54:33.720+0000] {processor.py:753} INFO - DAG(s) dict_keys(['example_sla_dag']) retrieved from /home/airflow/.local/lib/python3.7/site-packages/airflow/example_dags/example_sla_dag.py
[2026-01-22T09:54:33.753+0000] {logging_mixin.py:137} INFO - [2026-01-22T09:54:33.753+0000] {dag.py:2676} INFO - Sync 1 DAGs
[2026-01-22T09:54:33.780+0000] {logging_mixin.py:137} INFO - [2026-01-22T09:54:33.780+0000] {dag.py:3427} INFO - Setting next_dagrun for example_sla_dag to 2026-01-22T09:52:00+00:00, run_after=2026-01-22T09:54:00+00:00
[2026-01-22T09:54:33.798+0000] {processor.py:175} INFO - Processing /home/airflow/.local/lib/python3.7/site-packages/airflow/example_dags/example_sla_dag.py took 0.105 seconds
[2026-01-22T09:55:04.738+0000] {processor.py:153} INFO - Started process (PID=707) to work on /home/airflow/.local/lib/python3.7/site-packages/airflow/example_dags/example_sla_dag.py
[2026-01-22T09:55:04.738+0000] {processor.py:743} INFO - Processing file /home/airflow/.local/lib/python3.7/site-packages/airflow/example_dags/example_sla_dag.py for tasks to queue
[2026-01-22T09:55:04.739+0000] {logging_mixin.py:137} INFO - [2026-01-22T09:55:04.739+0000] {dagbag.py:538} INFO - Filling up the DagBag from /home/airflow/.local/lib/python3.7/site-packages/airflow/example_dags/example_sla_dag.py
[2026-01-22T09:55:04.757+0000] {processor.py:753} INFO - DAG(s) dict_keys(['example_sla_dag']) retrieved from /home/airflow/.local/lib/python3.7/site-packages/airflow/example_dags/example_sla_dag.py
[2026-01-22T09:55:04.785+0000] {logging_mixin.py:137} INFO - [2026-01-22T09:55:04.784+0000] {dag.py:2676} INFO - Sync 1 DAGs
[2026-01-22T09:55:04.805+0000] {logging_mixin.py:137} INFO - [2026-01-22T09:55:04.805+0000] {dag.py:3427} INFO - Setting next_dagrun for example_sla_dag to 2026-01-22T09:52:00+00:00, run_after=2026-01-22T09:54:00+00:00
[2026-01-22T09:55:05.157+0000] {processor.py:175} INFO - Processing /home/airflow/.local/lib/python3.7/site-packages/airflow/example_dags/example_sla_dag.py took 0.422 seconds
[2026-01-22T09:59:52.275+0000] {processor.py:153} INFO - Started process (PID=81) to work on /home/airflow/.local/lib/python3.7/site-packages/airflow/example_dags/example_sla_dag.py
[2026-01-22T09:59:52.276+0000] {processor.py:743} INFO - Processing file /home/airflow/.local/lib/python3.7/site-packages/airflow/example_dags/example_sla_dag.py for tasks to queue
[2026-01-22T09:59:52.277+0000] {logging_mixin.py:137} INFO - [2026-01-22T09:59:52.277+0000] {dagbag.py:538} INFO - Filling up the DagBag from /home/airflow/.local/lib/python3.7/site-packages/airflow/example_dags/example_sla_dag.py
[2026-01-22T09:59:52.302+0000] {processor.py:753} INFO - DAG(s) dict_keys(['example_sla_dag']) retrieved from /home/airflow/.local/lib/python3.7/site-packages/airflow/example_dags/example_sla_dag.py
[2026-01-22T09:59:52.331+0000] {logging_mixin.py:137} INFO - [2026-01-22T09:59:52.330+0000] {dag.py:2676} INFO - Sync 1 DAGs
[2026-01-22T09:59:52.354+0000] {logging_mixin.py:137} INFO - [2026-01-22T09:59:52.353+0000] {dag.py:3427} INFO - Setting next_dagrun for example_sla_dag to 2026-01-22T09:56:00+00:00, run_after=2026-01-22T09:58:00+00:00
[2026-01-22T09:59:52.368+0000] {processor.py:175} INFO - Processing /home/airflow/.local/lib/python3.7/site-packages/airflow/example_dags/example_sla_dag.py took 0.095 seconds
[2026-01-22T10:00:22.526+0000] {processor.py:153} INFO - Started process (PID=159) to work on /home/airflow/.local/lib/python3.7/site-packages/airflow/example_dags/example_sla_dag.py
[2026-01-22T10:00:22.527+0000] {processor.py:743} INFO - Processing file /home/airflow/.local/lib/python3.7/site-packages/airflow/example_dags/example_sla_dag.py for tasks to queue
[2026-01-22T10:00:22.527+0000] {logging_mixin.py:137} INFO - [2026-01-22T10:00:22.527+0000] {dagbag.py:538} INFO - Filling up the DagBag from /home/airflow/.local/lib/python3.7/site-packages/airflow/example_dags/example_sla_dag.py
[2026-01-22T10:00:22.547+0000] {processor.py:753} INFO - DAG(s) dict_keys(['example_sla_dag']) retrieved from /home/airflow/.local/lib/python3.7/site-packages/airflow/example_dags/example_sla_dag.py
[2026-01-22T10:00:22.574+0000] {logging_mixin.py:137} INFO - [2026-01-22T10:00:22.574+0000] {dag.py:2676} INFO - Sync 1 DAGs
[2026-01-22T10:00:22.596+0000] {logging_mixin.py:137} INFO - [2026-01-22T10:00:22.596+0000] {dag.py:3427} INFO - Setting next_dagrun for example_sla_dag to 2026-01-22T09:58:00+00:00, run_after=2026-01-22T10:00:00+00:00
[2026-01-22T10:00:22.611+0000] {processor.py:175} INFO - Processing /home/airflow/.local/lib/python3.7/site-packages/airflow/example_dags/example_sla_dag.py took 0.088 seconds
[2026-01-22T10:00:52.971+0000] {processor.py:153} INFO - Started process (PID=257) to work on /home/airflow/.local/lib/python3.7/site-packages/airflow/example_dags/example_sla_dag.py
[2026-01-22T10:00:52.972+0000] {processor.py:743} INFO - Processing file /home/airflow/.local/lib/python3.7/site-packages/airflow/example_dags/example_sla_dag.py for tasks to queue
[2026-01-22T10:00:52.973+0000] {logging_mixin.py:137} INFO - [2026-01-22T10:00:52.973+0000] {dagbag.py:538} INFO - Filling up the DagBag from /home/airflow/.local/lib/python3.7/site-packages/airflow/example_dags/example_sla_dag.py
[2026-01-22T10:00:52.991+0000] {processor.py:753} INFO - DAG(s) dict_keys(['example_sla_dag']) retrieved from /home/airflow/.local/lib/python3.7/site-packages/airflow/example_dags/example_sla_dag.py
[2026-01-22T10:00:53.019+0000] {logging_mixin.py:137} INFO - [2026-01-22T10:00:53.019+0000] {dag.py:2676} INFO - Sync 1 DAGs
[2026-01-22T10:00:53.041+0000] {logging_mixin.py:137} INFO - [2026-01-22T10:00:53.040+0000] {dag.py:3427} INFO - Setting next_dagrun for example_sla_dag to 2026-01-22T09:58:00+00:00, run_after=2026-01-22T10:00:00+00:00
[2026-01-22T10:00:53.055+0000] {processor.py:175} INFO - Processing /home/airflow/.local/lib/python3.7/site-packages/airflow/example_dags/example_sla_dag.py took 0.086 seconds
[2026-01-22T10:59:36.281+0000] {processor.py:153} INFO - Started process (PID=81) to work on /home/airflow/.local/lib/python3.7/site-packages/airflow/example_dags/example_sla_dag.py
[2026-01-22T10:59:36.282+0000] {processor.py:743} INFO - Processing file /home/airflow/.local/lib/python3.7/site-packages/airflow/example_dags/example_sla_dag.py for tasks to queue
[2026-01-22T10:59:36.283+0000] {logging_mixin.py:137} INFO - [2026-01-22T10:59:36.283+0000] {dagbag.py:538} INFO - Filling up the DagBag from /home/airflow/.local/lib/python3.7/site-packages/airflow/example_dags/example_sla_dag.py
[2026-01-22T10:59:36.309+0000] {processor.py:753} INFO - DAG(s) dict_keys(['example_sla_dag']) retrieved from /home/airflow/.local/lib/python3.7/site-packages/airflow/example_dags/example_sla_dag.py
[2026-01-22T10:59:36.341+0000] {logging_mixin.py:137} INFO - [2026-01-22T10:59:36.341+0000] {dag.py:2676} INFO - Sync 1 DAGs
[2026-01-22T10:59:36.365+0000] {logging_mixin.py:137} INFO - [2026-01-22T10:59:36.365+0000] {dag.py:3427} INFO - Setting next_dagrun for example_sla_dag to 2026-01-22T10:56:00+00:00, run_after=2026-01-22T10:58:00+00:00
[2026-01-22T10:59:36.381+0000] {processor.py:175} INFO - Processing /home/airflow/.local/lib/python3.7/site-packages/airflow/example_dags/example_sla_dag.py took 0.103 seconds
[2026-01-22T11:00:06.652+0000] {processor.py:153} INFO - Started process (PID=179) to work on /home/airflow/.local/lib/python3.7/site-packages/airflow/example_dags/example_sla_dag.py
[2026-01-22T11:00:06.653+0000] {processor.py:743} INFO - Processing file /home/airflow/.local/lib/python3.7/site-packages/airflow/example_dags/example_sla_dag.py for tasks to queue
[2026-01-22T11:00:06.654+0000] {logging_mixin.py:137} INFO - [2026-01-22T11:00:06.654+0000] {dagbag.py:538} INFO - Filling up the DagBag from /home/airflow/.local/lib/python3.7/site-packages/airflow/example_dags/example_sla_dag.py
[2026-01-22T11:00:06.674+0000] {processor.py:753} INFO - DAG(s) dict_keys(['example_sla_dag']) retrieved from /home/airflow/.local/lib/python3.7/site-packages/airflow/example_dags/example_sla_dag.py
[2026-01-22T11:00:06.702+0000] {logging_mixin.py:137} INFO - [2026-01-22T11:00:06.702+0000] {dag.py:2676} INFO - Sync 1 DAGs
[2026-01-22T11:00:06.724+0000] {logging_mixin.py:137} INFO - [2026-01-22T11:00:06.724+0000] {dag.py:3427} INFO - Setting next_dagrun for example_sla_dag to 2026-01-22T10:58:00+00:00, run_after=2026-01-22T11:00:00+00:00
[2026-01-22T11:00:06.737+0000] {processor.py:175} INFO - Processing /home/airflow/.local/lib/python3.7/site-packages/airflow/example_dags/example_sla_dag.py took 0.087 seconds
[2026-01-22T11:00:36.875+0000] {processor.py:153} INFO - Started process (PID=257) to work on /home/airflow/.local/lib/python3.7/site-packages/airflow/example_dags/example_sla_dag.py
[2026-01-22T11:00:36.876+0000] {processor.py:743} INFO - Processing file /home/airflow/.local/lib/python3.7/site-packages/airflow/example_dags/example_sla_dag.py for tasks to queue
[2026-01-22T11:00:36.877+0000] {logging_mixin.py:137} INFO - [2026-01-22T11:00:36.877+0000] {dagbag.py:538} INFO - Filling up the DagBag from /home/airflow/.local/lib/python3.7/site-packages/airflow/example_dags/example_sla_dag.py
[2026-01-22T11:00:36.897+0000] {processor.py:753} INFO - DAG(s) dict_keys(['example_sla_dag']) retrieved from /home/airflow/.local/lib/python3.7/site-packages/airflow/example_dags/example_sla_dag.py
[2026-01-22T11:00:36.930+0000] {logging_mixin.py:137} INFO - [2026-01-22T11:00:36.930+0000] {dag.py:2676} INFO - Sync 1 DAGs
[2026-01-22T11:00:36.956+0000] {logging_mixin.py:137} INFO - [2026-01-22T11:00:36.956+0000] {dag.py:3427} INFO - Setting next_dagrun for example_sla_dag to 2026-01-22T10:58:00+00:00, run_after=2026-01-22T11:00:00+00:00
[2026-01-22T11:00:36.973+0000] {processor.py:175} INFO - Processing /home/airflow/.local/lib/python3.7/site-packages/airflow/example_dags/example_sla_dag.py took 0.101 seconds
[2026-01-22T11:01:07.339+0000] {processor.py:153} INFO - Started process (PID=355) to work on /home/airflow/.local/lib/python3.7/site-packages/airflow/example_dags/example_sla_dag.py
[2026-01-22T11:01:07.339+0000] {processor.py:743} INFO - Processing file /home/airflow/.local/lib/python3.7/site-packages/airflow/example_dags/example_sla_dag.py for tasks to queue
[2026-01-22T11:01:07.340+0000] {logging_mixin.py:137} INFO - [2026-01-22T11:01:07.340+0000] {dagbag.py:538} INFO - Filling up the DagBag from /home/airflow/.local/lib/python3.7/site-packages/airflow/example_dags/example_sla_dag.py
[2026-01-22T11:01:07.358+0000] {processor.py:753} INFO - DAG(s) dict_keys(['example_sla_dag']) retrieved from /home/airflow/.local/lib/python3.7/site-packages/airflow/example_dags/example_sla_dag.py
[2026-01-22T11:01:07.387+0000] {logging_mixin.py:137} INFO - [2026-01-22T11:01:07.387+0000] {dag.py:2676} INFO - Sync 1 DAGs
[2026-01-22T11:01:07.408+0000] {logging_mixin.py:137} INFO - [2026-01-22T11:01:07.408+0000] {dag.py:3427} INFO - Setting next_dagrun for example_sla_dag to 2026-01-22T10:58:00+00:00, run_after=2026-01-22T11:00:00+00:00
[2026-01-22T11:01:07.421+0000] {processor.py:175} INFO - Processing /home/airflow/.local/lib/python3.7/site-packages/airflow/example_dags/example_sla_dag.py took 0.086 seconds
[2026-01-22T11:01:37.707+0000] {processor.py:153} INFO - Started process (PID=453) to work on /home/airflow/.local/lib/python3.7/site-packages/airflow/example_dags/example_sla_dag.py
[2026-01-22T11:01:37.708+0000] {processor.py:743} INFO - Processing file /home/airflow/.local/lib/python3.7/site-packages/airflow/example_dags/example_sla_dag.py for tasks to queue
[2026-01-22T11:01:37.709+0000] {logging_mixin.py:137} INFO - [2026-01-22T11:01:37.709+0000] {dagbag.py:538} INFO - Filling up the DagBag from /home/airflow/.local/lib/python3.7/site-packages/airflow/example_dags/example_sla_dag.py
[2026-01-22T11:01:37.730+0000] {processor.py:753} INFO - DAG(s) dict_keys(['example_sla_dag']) retrieved from /home/airflow/.local/lib/python3.7/site-packages/airflow/example_dags/example_sla_dag.py
[2026-01-22T11:01:37.762+0000] {logging_mixin.py:137} INFO - [2026-01-22T11:01:37.762+0000] {dag.py:2676} INFO - Sync 1 DAGs
[2026-01-22T11:01:37.785+0000] {logging_mixin.py:137} INFO - [2026-01-22T11:01:37.785+0000] {dag.py:3427} INFO - Setting next_dagrun for example_sla_dag to 2026-01-22T10:58:00+00:00, run_after=2026-01-22T11:00:00+00:00
[2026-01-22T11:01:37.803+0000] {processor.py:175} INFO - Processing /home/airflow/.local/lib/python3.7/site-packages/airflow/example_dags/example_sla_dag.py took 0.099 seconds
[2026-01-22T11:02:08.094+0000] {processor.py:153} INFO - Started process (PID=531) to work on /home/airflow/.local/lib/python3.7/site-packages/airflow/example_dags/example_sla_dag.py
[2026-01-22T11:02:08.095+0000] {processor.py:743} INFO - Processing file /home/airflow/.local/lib/python3.7/site-packages/airflow/example_dags/example_sla_dag.py for tasks to queue
[2026-01-22T11:02:08.095+0000] {logging_mixin.py:137} INFO - [2026-01-22T11:02:08.095+0000] {dagbag.py:538} INFO - Filling up the DagBag from /home/airflow/.local/lib/python3.7/site-packages/airflow/example_dags/example_sla_dag.py
[2026-01-22T11:02:08.114+0000] {processor.py:753} INFO - DAG(s) dict_keys(['example_sla_dag']) retrieved from /home/airflow/.local/lib/python3.7/site-packages/airflow/example_dags/example_sla_dag.py
[2026-01-22T11:02:08.141+0000] {logging_mixin.py:137} INFO - [2026-01-22T11:02:08.141+0000] {dag.py:2676} INFO - Sync 1 DAGs
[2026-01-22T11:02:08.163+0000] {logging_mixin.py:137} INFO - [2026-01-22T11:02:08.162+0000] {dag.py:3427} INFO - Setting next_dagrun for example_sla_dag to 2026-01-22T11:00:00+00:00, run_after=2026-01-22T11:02:00+00:00
[2026-01-22T11:02:08.177+0000] {processor.py:175} INFO - Processing /home/airflow/.local/lib/python3.7/site-packages/airflow/example_dags/example_sla_dag.py took 0.085 seconds
[2026-01-22T11:02:38.653+0000] {processor.py:153} INFO - Started process (PID=629) to work on /home/airflow/.local/lib/python3.7/site-packages/airflow/example_dags/example_sla_dag.py
[2026-01-22T11:02:38.654+0000] {processor.py:743} INFO - Processing file /home/airflow/.local/lib/python3.7/site-packages/airflow/example_dags/example_sla_dag.py for tasks to queue
[2026-01-22T11:02:38.655+0000] {logging_mixin.py:137} INFO - [2026-01-22T11:02:38.655+0000] {dagbag.py:538} INFO - Filling up the DagBag from /home/airflow/.local/lib/python3.7/site-packages/airflow/example_dags/example_sla_dag.py
[2026-01-22T11:02:38.677+0000] {processor.py:753} INFO - DAG(s) dict_keys(['example_sla_dag']) retrieved from /home/airflow/.local/lib/python3.7/site-packages/airflow/example_dags/example_sla_dag.py
[2026-01-22T11:02:38.715+0000] {logging_mixin.py:137} INFO - [2026-01-22T11:02:38.715+0000] {dag.py:2676} INFO - Sync 1 DAGs
[2026-01-22T11:02:38.740+0000] {logging_mixin.py:137} INFO - [2026-01-22T11:02:38.739+0000] {dag.py:3427} INFO - Setting next_dagrun for example_sla_dag to 2026-01-22T11:00:00+00:00, run_after=2026-01-22T11:02:00+00:00
[2026-01-22T11:02:38.756+0000] {processor.py:175} INFO - Processing /home/airflow/.local/lib/python3.7/site-packages/airflow/example_dags/example_sla_dag.py took 0.106 seconds
[2026-01-22T11:03:11.191+0000] {processor.py:153} INFO - Started process (PID=727) to work on /home/airflow/.local/lib/python3.7/site-packages/airflow/example_dags/example_sla_dag.py
[2026-01-22T11:03:11.192+0000] {processor.py:743} INFO - Processing file /home/airflow/.local/lib/python3.7/site-packages/airflow/example_dags/example_sla_dag.py for tasks to queue
[2026-01-22T11:03:11.192+0000] {logging_mixin.py:137} INFO - [2026-01-22T11:03:11.192+0000] {dagbag.py:538} INFO - Filling up the DagBag from /home/airflow/.local/lib/python3.7/site-packages/airflow/example_dags/example_sla_dag.py
[2026-01-22T11:03:11.211+0000] {processor.py:753} INFO - DAG(s) dict_keys(['example_sla_dag']) retrieved from /home/airflow/.local/lib/python3.7/site-packages/airflow/example_dags/example_sla_dag.py
[2026-01-22T11:03:11.240+0000] {logging_mixin.py:137} INFO - [2026-01-22T11:03:11.240+0000] {dag.py:2676} INFO - Sync 1 DAGs
[2026-01-22T11:03:11.261+0000] {logging_mixin.py:137} INFO - [2026-01-22T11:03:11.261+0000] {dag.py:3427} INFO - Setting next_dagrun for example_sla_dag to 2026-01-22T11:00:00+00:00, run_after=2026-01-22T11:02:00+00:00
[2026-01-22T11:03:11.276+0000] {processor.py:175} INFO - Processing /home/airflow/.local/lib/python3.7/site-packages/airflow/example_dags/example_sla_dag.py took 0.088 seconds
[2026-01-22T11:03:41.690+0000] {processor.py:153} INFO - Started process (PID=805) to work on /home/airflow/.local/lib/python3.7/site-packages/airflow/example_dags/example_sla_dag.py
[2026-01-22T11:03:41.691+0000] {processor.py:743} INFO - Processing file /home/airflow/.local/lib/python3.7/site-packages/airflow/example_dags/example_sla_dag.py for tasks to queue
[2026-01-22T11:03:41.691+0000] {logging_mixin.py:137} INFO - [2026-01-22T11:03:41.691+0000] {dagbag.py:538} INFO - Filling up the DagBag from /home/airflow/.local/lib/python3.7/site-packages/airflow/example_dags/example_sla_dag.py
[2026-01-22T11:03:41.711+0000] {processor.py:753} INFO - DAG(s) dict_keys(['example_sla_dag']) retrieved from /home/airflow/.local/lib/python3.7/site-packages/airflow/example_dags/example_sla_dag.py
[2026-01-22T11:03:41.738+0000] {logging_mixin.py:137} INFO - [2026-01-22T11:03:41.738+0000] {dag.py:2676} INFO - Sync 1 DAGs
[2026-01-22T11:03:41.761+0000] {logging_mixin.py:137} INFO - [2026-01-22T11:03:41.761+0000] {dag.py:3427} INFO - Setting next_dagrun for example_sla_dag to 2026-01-22T11:00:00+00:00, run_after=2026-01-22T11:02:00+00:00
[2026-01-22T11:03:41.775+0000] {processor.py:175} INFO - Processing /home/airflow/.local/lib/python3.7/site-packages/airflow/example_dags/example_sla_dag.py took 0.088 seconds
[2026-01-22T11:04:12.047+0000] {processor.py:153} INFO - Started process (PID=905) to work on /home/airflow/.local/lib/python3.7/site-packages/airflow/example_dags/example_sla_dag.py
[2026-01-22T11:04:12.048+0000] {processor.py:743} INFO - Processing file /home/airflow/.local/lib/python3.7/site-packages/airflow/example_dags/example_sla_dag.py for tasks to queue
[2026-01-22T11:04:12.049+0000] {logging_mixin.py:137} INFO - [2026-01-22T11:04:12.049+0000] {dagbag.py:538} INFO - Filling up the DagBag from /home/airflow/.local/lib/python3.7/site-packages/airflow/example_dags/example_sla_dag.py
[2026-01-22T11:04:12.066+0000] {processor.py:753} INFO - DAG(s) dict_keys(['example_sla_dag']) retrieved from /home/airflow/.local/lib/python3.7/site-packages/airflow/example_dags/example_sla_dag.py
[2026-01-22T11:04:12.094+0000] {logging_mixin.py:137} INFO - [2026-01-22T11:04:12.093+0000] {dag.py:2676} INFO - Sync 1 DAGs
[2026-01-22T11:04:12.114+0000] {logging_mixin.py:137} INFO - [2026-01-22T11:04:12.114+0000] {dag.py:3427} INFO - Setting next_dagrun for example_sla_dag to 2026-01-22T11:02:00+00:00, run_after=2026-01-22T11:04:00+00:00
[2026-01-22T11:04:12.128+0000] {processor.py:175} INFO - Processing /home/airflow/.local/lib/python3.7/site-packages/airflow/example_dags/example_sla_dag.py took 0.083 seconds
[2026-01-22T11:04:42.387+0000] {processor.py:153} INFO - Started process (PID=1003) to work on /home/airflow/.local/lib/python3.7/site-packages/airflow/example_dags/example_sla_dag.py
[2026-01-22T11:04:42.387+0000] {processor.py:743} INFO - Processing file /home/airflow/.local/lib/python3.7/site-packages/airflow/example_dags/example_sla_dag.py for tasks to queue
[2026-01-22T11:04:42.388+0000] {logging_mixin.py:137} INFO - [2026-01-22T11:04:42.388+0000] {dagbag.py:538} INFO - Filling up the DagBag from /home/airflow/.local/lib/python3.7/site-packages/airflow/example_dags/example_sla_dag.py
[2026-01-22T11:04:42.406+0000] {processor.py:753} INFO - DAG(s) dict_keys(['example_sla_dag']) retrieved from /home/airflow/.local/lib/python3.7/site-packages/airflow/example_dags/example_sla_dag.py
[2026-01-22T11:04:42.436+0000] {logging_mixin.py:137} INFO - [2026-01-22T11:04:42.436+0000] {dag.py:2676} INFO - Sync 1 DAGs
[2026-01-22T11:04:42.457+0000] {logging_mixin.py:137} INFO - [2026-01-22T11:04:42.457+0000] {dag.py:3427} INFO - Setting next_dagrun for example_sla_dag to 2026-01-22T11:02:00+00:00, run_after=2026-01-22T11:04:00+00:00
[2026-01-22T11:04:42.470+0000] {processor.py:175} INFO - Processing /home/airflow/.local/lib/python3.7/site-packages/airflow/example_dags/example_sla_dag.py took 0.086 seconds
[2026-01-22T11:05:12.779+0000] {processor.py:153} INFO - Started process (PID=1081) to work on /home/airflow/.local/lib/python3.7/site-packages/airflow/example_dags/example_sla_dag.py
[2026-01-22T11:05:12.780+0000] {processor.py:743} INFO - Processing file /home/airflow/.local/lib/python3.7/site-packages/airflow/example_dags/example_sla_dag.py for tasks to queue
[2026-01-22T11:05:12.781+0000] {logging_mixin.py:137} INFO - [2026-01-22T11:05:12.781+0000] {dagbag.py:538} INFO - Filling up the DagBag from /home/airflow/.local/lib/python3.7/site-packages/airflow/example_dags/example_sla_dag.py
[2026-01-22T11:05:12.799+0000] {processor.py:753} INFO - DAG(s) dict_keys(['example_sla_dag']) retrieved from /home/airflow/.local/lib/python3.7/site-packages/airflow/example_dags/example_sla_dag.py
[2026-01-22T11:05:12.829+0000] {logging_mixin.py:137} INFO - [2026-01-22T11:05:12.829+0000] {dag.py:2676} INFO - Sync 1 DAGs
[2026-01-22T11:05:12.851+0000] {logging_mixin.py:137} INFO - [2026-01-22T11:05:12.851+0000] {dag.py:3427} INFO - Setting next_dagrun for example_sla_dag to 2026-01-22T11:02:00+00:00, run_after=2026-01-22T11:04:00+00:00
[2026-01-22T11:05:12.866+0000] {processor.py:175} INFO - Processing /home/airflow/.local/lib/python3.7/site-packages/airflow/example_dags/example_sla_dag.py took 0.089 seconds
[2026-01-22T11:05:43.250+0000] {processor.py:153} INFO - Started process (PID=1179) to work on /home/airflow/.local/lib/python3.7/site-packages/airflow/example_dags/example_sla_dag.py
[2026-01-22T11:05:43.251+0000] {processor.py:743} INFO - Processing file /home/airflow/.local/lib/python3.7/site-packages/airflow/example_dags/example_sla_dag.py for tasks to queue
[2026-01-22T11:05:43.252+0000] {logging_mixin.py:137} INFO - [2026-01-22T11:05:43.252+0000] {dagbag.py:538} INFO - Filling up the DagBag from /home/airflow/.local/lib/python3.7/site-packages/airflow/example_dags/example_sla_dag.py
[2026-01-22T11:05:43.270+0000] {processor.py:753} INFO - DAG(s) dict_keys(['example_sla_dag']) retrieved from /home/airflow/.local/lib/python3.7/site-packages/airflow/example_dags/example_sla_dag.py
[2026-01-22T11:05:43.301+0000] {logging_mixin.py:137} INFO - [2026-01-22T11:05:43.301+0000] {dag.py:2676} INFO - Sync 1 DAGs
[2026-01-22T11:05:43.321+0000] {logging_mixin.py:137} INFO - [2026-01-22T11:05:43.321+0000] {dag.py:3427} INFO - Setting next_dagrun for example_sla_dag to 2026-01-22T11:02:00+00:00, run_after=2026-01-22T11:04:00+00:00
[2026-01-22T11:05:43.336+0000] {processor.py:175} INFO - Processing /home/airflow/.local/lib/python3.7/site-packages/airflow/example_dags/example_sla_dag.py took 0.089 seconds
[2026-01-22T11:06:13.465+0000] {processor.py:153} INFO - Started process (PID=1257) to work on /home/airflow/.local/lib/python3.7/site-packages/airflow/example_dags/example_sla_dag.py
[2026-01-22T11:06:13.466+0000] {processor.py:743} INFO - Processing file /home/airflow/.local/lib/python3.7/site-packages/airflow/example_dags/example_sla_dag.py for tasks to queue
[2026-01-22T11:06:13.466+0000] {logging_mixin.py:137} INFO - [2026-01-22T11:06:13.466+0000] {dagbag.py:538} INFO - Filling up the DagBag from /home/airflow/.local/lib/python3.7/site-packages/airflow/example_dags/example_sla_dag.py
[2026-01-22T11:06:13.486+0000] {processor.py:753} INFO - DAG(s) dict_keys(['example_sla_dag']) retrieved from /home/airflow/.local/lib/python3.7/site-packages/airflow/example_dags/example_sla_dag.py
[2026-01-22T11:06:13.515+0000] {logging_mixin.py:137} INFO - [2026-01-22T11:06:13.515+0000] {dag.py:2676} INFO - Sync 1 DAGs
[2026-01-22T11:06:13.540+0000] {logging_mixin.py:137} INFO - [2026-01-22T11:06:13.539+0000] {dag.py:3427} INFO - Setting next_dagrun for example_sla_dag to 2026-01-22T11:04:00+00:00, run_after=2026-01-22T11:06:00+00:00
[2026-01-22T11:06:13.554+0000] {processor.py:175} INFO - Processing /home/airflow/.local/lib/python3.7/site-packages/airflow/example_dags/example_sla_dag.py took 0.093 seconds
[2026-01-22T11:06:43.891+0000] {processor.py:153} INFO - Started process (PID=1356) to work on /home/airflow/.local/lib/python3.7/site-packages/airflow/example_dags/example_sla_dag.py
[2026-01-22T11:06:43.892+0000] {processor.py:743} INFO - Processing file /home/airflow/.local/lib/python3.7/site-packages/airflow/example_dags/example_sla_dag.py for tasks to queue
[2026-01-22T11:06:43.893+0000] {logging_mixin.py:137} INFO - [2026-01-22T11:06:43.893+0000] {dagbag.py:538} INFO - Filling up the DagBag from /home/airflow/.local/lib/python3.7/site-packages/airflow/example_dags/example_sla_dag.py
[2026-01-22T11:06:43.916+0000] {processor.py:753} INFO - DAG(s) dict_keys(['example_sla_dag']) retrieved from /home/airflow/.local/lib/python3.7/site-packages/airflow/example_dags/example_sla_dag.py
[2026-01-22T11:06:43.944+0000] {logging_mixin.py:137} INFO - [2026-01-22T11:06:43.944+0000] {dag.py:2676} INFO - Sync 1 DAGs
[2026-01-22T11:06:43.965+0000] {logging_mixin.py:137} INFO - [2026-01-22T11:06:43.965+0000] {dag.py:3427} INFO - Setting next_dagrun for example_sla_dag to 2026-01-22T11:04:00+00:00, run_after=2026-01-22T11:06:00+00:00
[2026-01-22T11:06:43.979+0000] {processor.py:175} INFO - Processing /home/airflow/.local/lib/python3.7/site-packages/airflow/example_dags/example_sla_dag.py took 0.091 seconds
[2026-01-22T11:07:14.962+0000] {processor.py:153} INFO - Started process (PID=1454) to work on /home/airflow/.local/lib/python3.7/site-packages/airflow/example_dags/example_sla_dag.py
[2026-01-22T11:07:14.963+0000] {processor.py:743} INFO - Processing file /home/airflow/.local/lib/python3.7/site-packages/airflow/example_dags/example_sla_dag.py for tasks to queue
[2026-01-22T11:07:14.964+0000] {logging_mixin.py:137} INFO - [2026-01-22T11:07:14.964+0000] {dagbag.py:538} INFO - Filling up the DagBag from /home/airflow/.local/lib/python3.7/site-packages/airflow/example_dags/example_sla_dag.py
[2026-01-22T11:07:14.982+0000] {processor.py:753} INFO - DAG(s) dict_keys(['example_sla_dag']) retrieved from /home/airflow/.local/lib/python3.7/site-packages/airflow/example_dags/example_sla_dag.py
[2026-01-22T11:07:15.009+0000] {logging_mixin.py:137} INFO - [2026-01-22T11:07:15.009+0000] {dag.py:2676} INFO - Sync 1 DAGs
[2026-01-22T11:07:15.030+0000] {logging_mixin.py:137} INFO - [2026-01-22T11:07:15.029+0000] {dag.py:3427} INFO - Setting next_dagrun for example_sla_dag to 2026-01-22T11:04:00+00:00, run_after=2026-01-22T11:06:00+00:00
[2026-01-22T11:07:15.044+0000] {processor.py:175} INFO - Processing /home/airflow/.local/lib/python3.7/site-packages/airflow/example_dags/example_sla_dag.py took 0.084 seconds
[2026-01-22T11:07:45.788+0000] {processor.py:153} INFO - Started process (PID=1532) to work on /home/airflow/.local/lib/python3.7/site-packages/airflow/example_dags/example_sla_dag.py
[2026-01-22T11:07:45.789+0000] {processor.py:743} INFO - Processing file /home/airflow/.local/lib/python3.7/site-packages/airflow/example_dags/example_sla_dag.py for tasks to queue
[2026-01-22T11:07:45.789+0000] {logging_mixin.py:137} INFO - [2026-01-22T11:07:45.789+0000] {dagbag.py:538} INFO - Filling up the DagBag from /home/airflow/.local/lib/python3.7/site-packages/airflow/example_dags/example_sla_dag.py
[2026-01-22T11:07:45.808+0000] {processor.py:753} INFO - DAG(s) dict_keys(['example_sla_dag']) retrieved from /home/airflow/.local/lib/python3.7/site-packages/airflow/example_dags/example_sla_dag.py
[2026-01-22T11:07:45.835+0000] {logging_mixin.py:137} INFO - [2026-01-22T11:07:45.835+0000] {dag.py:2676} INFO - Sync 1 DAGs
[2026-01-22T11:07:45.856+0000] {logging_mixin.py:137} INFO - [2026-01-22T11:07:45.856+0000] {dag.py:3427} INFO - Setting next_dagrun for example_sla_dag to 2026-01-22T11:04:00+00:00, run_after=2026-01-22T11:06:00+00:00
[2026-01-22T11:07:45.871+0000] {processor.py:175} INFO - Processing /home/airflow/.local/lib/python3.7/site-packages/airflow/example_dags/example_sla_dag.py took 0.086 seconds
[2026-01-22T11:08:15.972+0000] {processor.py:153} INFO - Started process (PID=1630) to work on /home/airflow/.local/lib/python3.7/site-packages/airflow/example_dags/example_sla_dag.py
[2026-01-22T11:08:15.973+0000] {processor.py:743} INFO - Processing file /home/airflow/.local/lib/python3.7/site-packages/airflow/example_dags/example_sla_dag.py for tasks to queue
[2026-01-22T11:08:15.973+0000] {logging_mixin.py:137} INFO - [2026-01-22T11:08:15.973+0000] {dagbag.py:538} INFO - Filling up the DagBag from /home/airflow/.local/lib/python3.7/site-packages/airflow/example_dags/example_sla_dag.py
[2026-01-22T11:08:15.992+0000] {processor.py:753} INFO - DAG(s) dict_keys(['example_sla_dag']) retrieved from /home/airflow/.local/lib/python3.7/site-packages/airflow/example_dags/example_sla_dag.py
[2026-01-22T11:08:16.020+0000] {logging_mixin.py:137} INFO - [2026-01-22T11:08:16.020+0000] {dag.py:2676} INFO - Sync 1 DAGs
[2026-01-22T11:08:16.042+0000] {logging_mixin.py:137} INFO - [2026-01-22T11:08:16.042+0000] {dag.py:3427} INFO - Setting next_dagrun for example_sla_dag to 2026-01-22T11:06:00+00:00, run_after=2026-01-22T11:08:00+00:00
[2026-01-22T11:08:16.058+0000] {processor.py:175} INFO - Processing /home/airflow/.local/lib/python3.7/site-packages/airflow/example_dags/example_sla_dag.py took 0.088 seconds
[2026-01-22T11:08:46.207+0000] {processor.py:153} INFO - Started process (PID=1729) to work on /home/airflow/.local/lib/python3.7/site-packages/airflow/example_dags/example_sla_dag.py
[2026-01-22T11:08:46.207+0000] {processor.py:743} INFO - Processing file /home/airflow/.local/lib/python3.7/site-packages/airflow/example_dags/example_sla_dag.py for tasks to queue
[2026-01-22T11:08:46.208+0000] {logging_mixin.py:137} INFO - [2026-01-22T11:08:46.208+0000] {dagbag.py:538} INFO - Filling up the DagBag from /home/airflow/.local/lib/python3.7/site-packages/airflow/example_dags/example_sla_dag.py
[2026-01-22T11:08:46.227+0000] {processor.py:753} INFO - DAG(s) dict_keys(['example_sla_dag']) retrieved from /home/airflow/.local/lib/python3.7/site-packages/airflow/example_dags/example_sla_dag.py
[2026-01-22T11:08:46.259+0000] {logging_mixin.py:137} INFO - [2026-01-22T11:08:46.259+0000] {dag.py:2676} INFO - Sync 1 DAGs
[2026-01-22T11:08:46.285+0000] {logging_mixin.py:137} INFO - [2026-01-22T11:08:46.285+0000] {dag.py:3427} INFO - Setting next_dagrun for example_sla_dag to 2026-01-22T11:06:00+00:00, run_after=2026-01-22T11:08:00+00:00
[2026-01-22T11:08:46.303+0000] {processor.py:175} INFO - Processing /home/airflow/.local/lib/python3.7/site-packages/airflow/example_dags/example_sla_dag.py took 0.099 seconds
[2026-01-22T11:09:16.502+0000] {processor.py:153} INFO - Started process (PID=1807) to work on /home/airflow/.local/lib/python3.7/site-packages/airflow/example_dags/example_sla_dag.py
[2026-01-22T11:09:16.503+0000] {processor.py:743} INFO - Processing file /home/airflow/.local/lib/python3.7/site-packages/airflow/example_dags/example_sla_dag.py for tasks to queue
[2026-01-22T11:09:16.504+0000] {logging_mixin.py:137} INFO - [2026-01-22T11:09:16.503+0000] {dagbag.py:538} INFO - Filling up the DagBag from /home/airflow/.local/lib/python3.7/site-packages/airflow/example_dags/example_sla_dag.py
[2026-01-22T11:09:16.521+0000] {processor.py:753} INFO - DAG(s) dict_keys(['example_sla_dag']) retrieved from /home/airflow/.local/lib/python3.7/site-packages/airflow/example_dags/example_sla_dag.py
[2026-01-22T11:09:16.548+0000] {logging_mixin.py:137} INFO - [2026-01-22T11:09:16.548+0000] {dag.py:2676} INFO - Sync 1 DAGs
[2026-01-22T11:09:16.569+0000] {logging_mixin.py:137} INFO - [2026-01-22T11:09:16.569+0000] {dag.py:3427} INFO - Setting next_dagrun for example_sla_dag to 2026-01-22T11:06:00+00:00, run_after=2026-01-22T11:08:00+00:00
[2026-01-22T11:09:16.582+0000] {processor.py:175} INFO - Processing /home/airflow/.local/lib/python3.7/site-packages/airflow/example_dags/example_sla_dag.py took 0.082 seconds
[2026-01-22T11:09:47.169+0000] {processor.py:153} INFO - Started process (PID=1905) to work on /home/airflow/.local/lib/python3.7/site-packages/airflow/example_dags/example_sla_dag.py
[2026-01-22T11:09:47.170+0000] {processor.py:743} INFO - Processing file /home/airflow/.local/lib/python3.7/site-packages/airflow/example_dags/example_sla_dag.py for tasks to queue
[2026-01-22T11:09:47.171+0000] {logging_mixin.py:137} INFO - [2026-01-22T11:09:47.170+0000] {dagbag.py:538} INFO - Filling up the DagBag from /home/airflow/.local/lib/python3.7/site-packages/airflow/example_dags/example_sla_dag.py
[2026-01-22T11:09:47.190+0000] {processor.py:753} INFO - DAG(s) dict_keys(['example_sla_dag']) retrieved from /home/airflow/.local/lib/python3.7/site-packages/airflow/example_dags/example_sla_dag.py
[2026-01-22T11:09:47.222+0000] {logging_mixin.py:137} INFO - [2026-01-22T11:09:47.221+0000] {dag.py:2676} INFO - Sync 1 DAGs
[2026-01-22T11:09:47.246+0000] {logging_mixin.py:137} INFO - [2026-01-22T11:09:47.246+0000] {dag.py:3427} INFO - Setting next_dagrun for example_sla_dag to 2026-01-22T11:06:00+00:00, run_after=2026-01-22T11:08:00+00:00
[2026-01-22T11:09:47.265+0000] {processor.py:175} INFO - Processing /home/airflow/.local/lib/python3.7/site-packages/airflow/example_dags/example_sla_dag.py took 0.099 seconds
[2026-01-22T11:10:17.649+0000] {processor.py:153} INFO - Started process (PID=1983) to work on /home/airflow/.local/lib/python3.7/site-packages/airflow/example_dags/example_sla_dag.py
[2026-01-22T11:10:17.650+0000] {processor.py:743} INFO - Processing file /home/airflow/.local/lib/python3.7/site-packages/airflow/example_dags/example_sla_dag.py for tasks to queue
[2026-01-22T11:10:17.651+0000] {logging_mixin.py:137} INFO - [2026-01-22T11:10:17.651+0000] {dagbag.py:538} INFO - Filling up the DagBag from /home/airflow/.local/lib/python3.7/site-packages/airflow/example_dags/example_sla_dag.py
[2026-01-22T11:10:17.671+0000] {processor.py:753} INFO - DAG(s) dict_keys(['example_sla_dag']) retrieved from /home/airflow/.local/lib/python3.7/site-packages/airflow/example_dags/example_sla_dag.py
[2026-01-22T11:10:17.704+0000] {logging_mixin.py:137} INFO - [2026-01-22T11:10:17.703+0000] {dag.py:2676} INFO - Sync 1 DAGs
[2026-01-22T11:10:17.730+0000] {logging_mixin.py:137} INFO - [2026-01-22T11:10:17.730+0000] {dag.py:3427} INFO - Setting next_dagrun for example_sla_dag to 2026-01-22T11:08:00+00:00, run_after=2026-01-22T11:10:00+00:00
[2026-01-22T11:10:17.746+0000] {processor.py:175} INFO - Processing /home/airflow/.local/lib/python3.7/site-packages/airflow/example_dags/example_sla_dag.py took 0.100 seconds
[2026-01-22T11:10:48.204+0000] {processor.py:153} INFO - Started process (PID=2081) to work on /home/airflow/.local/lib/python3.7/site-packages/airflow/example_dags/example_sla_dag.py
[2026-01-22T11:10:48.205+0000] {processor.py:743} INFO - Processing file /home/airflow/.local/lib/python3.7/site-packages/airflow/example_dags/example_sla_dag.py for tasks to queue
[2026-01-22T11:10:48.206+0000] {logging_mixin.py:137} INFO - [2026-01-22T11:10:48.206+0000] {dagbag.py:538} INFO - Filling up the DagBag from /home/airflow/.local/lib/python3.7/site-packages/airflow/example_dags/example_sla_dag.py
[2026-01-22T11:10:48.224+0000] {processor.py:753} INFO - DAG(s) dict_keys(['example_sla_dag']) retrieved from /home/airflow/.local/lib/python3.7/site-packages/airflow/example_dags/example_sla_dag.py
[2026-01-22T11:10:48.251+0000] {logging_mixin.py:137} INFO - [2026-01-22T11:10:48.251+0000] {dag.py:2676} INFO - Sync 1 DAGs
[2026-01-22T11:10:48.272+0000] {logging_mixin.py:137} INFO - [2026-01-22T11:10:48.272+0000] {dag.py:3427} INFO - Setting next_dagrun for example_sla_dag to 2026-01-22T11:08:00+00:00, run_after=2026-01-22T11:10:00+00:00
[2026-01-22T11:10:48.285+0000] {processor.py:175} INFO - Processing /home/airflow/.local/lib/python3.7/site-packages/airflow/example_dags/example_sla_dag.py took 0.083 seconds
[2026-01-22T11:11:18.415+0000] {processor.py:153} INFO - Started process (PID=2159) to work on /home/airflow/.local/lib/python3.7/site-packages/airflow/example_dags/example_sla_dag.py
[2026-01-22T11:11:18.416+0000] {processor.py:743} INFO - Processing file /home/airflow/.local/lib/python3.7/site-packages/airflow/example_dags/example_sla_dag.py for tasks to queue
[2026-01-22T11:11:18.417+0000] {logging_mixin.py:137} INFO - [2026-01-22T11:11:18.417+0000] {dagbag.py:538} INFO - Filling up the DagBag from /home/airflow/.local/lib/python3.7/site-packages/airflow/example_dags/example_sla_dag.py
[2026-01-22T11:11:18.440+0000] {processor.py:753} INFO - DAG(s) dict_keys(['example_sla_dag']) retrieved from /home/airflow/.local/lib/python3.7/site-packages/airflow/example_dags/example_sla_dag.py
[2026-01-22T11:11:18.469+0000] {logging_mixin.py:137} INFO - [2026-01-22T11:11:18.469+0000] {dag.py:2676} INFO - Sync 1 DAGs
[2026-01-22T11:11:18.492+0000] {logging_mixin.py:137} INFO - [2026-01-22T11:11:18.491+0000] {dag.py:3427} INFO - Setting next_dagrun for example_sla_dag to 2026-01-22T11:08:00+00:00, run_after=2026-01-22T11:10:00+00:00
[2026-01-22T11:11:18.506+0000] {processor.py:175} INFO - Processing /home/airflow/.local/lib/python3.7/site-packages/airflow/example_dags/example_sla_dag.py took 0.095 seconds
[2026-01-22T11:11:48.856+0000] {processor.py:153} INFO - Started process (PID=2256) to work on /home/airflow/.local/lib/python3.7/site-packages/airflow/example_dags/example_sla_dag.py
[2026-01-22T11:11:48.857+0000] {processor.py:743} INFO - Processing file /home/airflow/.local/lib/python3.7/site-packages/airflow/example_dags/example_sla_dag.py for tasks to queue
[2026-01-22T11:11:48.857+0000] {logging_mixin.py:137} INFO - [2026-01-22T11:11:48.857+0000] {dagbag.py:538} INFO - Filling up the DagBag from /home/airflow/.local/lib/python3.7/site-packages/airflow/example_dags/example_sla_dag.py
[2026-01-22T11:11:48.875+0000] {processor.py:753} INFO - DAG(s) dict_keys(['example_sla_dag']) retrieved from /home/airflow/.local/lib/python3.7/site-packages/airflow/example_dags/example_sla_dag.py
[2026-01-22T11:11:48.901+0000] {logging_mixin.py:137} INFO - [2026-01-22T11:11:48.901+0000] {dag.py:2676} INFO - Sync 1 DAGs
[2026-01-22T11:11:48.923+0000] {logging_mixin.py:137} INFO - [2026-01-22T11:11:48.923+0000] {dag.py:3427} INFO - Setting next_dagrun for example_sla_dag to 2026-01-22T11:08:00+00:00, run_after=2026-01-22T11:10:00+00:00
[2026-01-22T11:11:48.937+0000] {processor.py:175} INFO - Processing /home/airflow/.local/lib/python3.7/site-packages/airflow/example_dags/example_sla_dag.py took 0.083 seconds
[2026-01-22T11:12:19.204+0000] {processor.py:153} INFO - Started process (PID=2354) to work on /home/airflow/.local/lib/python3.7/site-packages/airflow/example_dags/example_sla_dag.py
[2026-01-22T11:12:19.205+0000] {processor.py:743} INFO - Processing file /home/airflow/.local/lib/python3.7/site-packages/airflow/example_dags/example_sla_dag.py for tasks to queue
[2026-01-22T11:12:19.205+0000] {logging_mixin.py:137} INFO - [2026-01-22T11:12:19.205+0000] {dagbag.py:538} INFO - Filling up the DagBag from /home/airflow/.local/lib/python3.7/site-packages/airflow/example_dags/example_sla_dag.py
[2026-01-22T11:12:19.224+0000] {processor.py:753} INFO - DAG(s) dict_keys(['example_sla_dag']) retrieved from /home/airflow/.local/lib/python3.7/site-packages/airflow/example_dags/example_sla_dag.py
[2026-01-22T11:12:19.251+0000] {logging_mixin.py:137} INFO - [2026-01-22T11:12:19.251+0000] {dag.py:2676} INFO - Sync 1 DAGs
[2026-01-22T11:12:19.273+0000] {logging_mixin.py:137} INFO - [2026-01-22T11:12:19.273+0000] {dag.py:3427} INFO - Setting next_dagrun for example_sla_dag to 2026-01-22T11:10:00+00:00, run_after=2026-01-22T11:12:00+00:00
[2026-01-22T11:12:19.287+0000] {processor.py:175} INFO - Processing /home/airflow/.local/lib/python3.7/site-packages/airflow/example_dags/example_sla_dag.py took 0.086 seconds
[2026-01-22T11:12:49.524+0000] {processor.py:153} INFO - Started process (PID=2432) to work on /home/airflow/.local/lib/python3.7/site-packages/airflow/example_dags/example_sla_dag.py
[2026-01-22T11:12:49.525+0000] {processor.py:743} INFO - Processing file /home/airflow/.local/lib/python3.7/site-packages/airflow/example_dags/example_sla_dag.py for tasks to queue
[2026-01-22T11:12:49.525+0000] {logging_mixin.py:137} INFO - [2026-01-22T11:12:49.525+0000] {dagbag.py:538} INFO - Filling up the DagBag from /home/airflow/.local/lib/python3.7/site-packages/airflow/example_dags/example_sla_dag.py
[2026-01-22T11:12:49.543+0000] {processor.py:753} INFO - DAG(s) dict_keys(['example_sla_dag']) retrieved from /home/airflow/.local/lib/python3.7/site-packages/airflow/example_dags/example_sla_dag.py
[2026-01-22T11:12:49.572+0000] {logging_mixin.py:137} INFO - [2026-01-22T11:12:49.572+0000] {dag.py:2676} INFO - Sync 1 DAGs
[2026-01-22T11:12:49.594+0000] {logging_mixin.py:137} INFO - [2026-01-22T11:12:49.594+0000] {dag.py:3427} INFO - Setting next_dagrun for example_sla_dag to 2026-01-22T11:10:00+00:00, run_after=2026-01-22T11:12:00+00:00
[2026-01-22T11:12:49.609+0000] {processor.py:175} INFO - Processing /home/airflow/.local/lib/python3.7/site-packages/airflow/example_dags/example_sla_dag.py took 0.087 seconds
[2026-01-22T11:13:19.732+0000] {processor.py:153} INFO - Started process (PID=2531) to work on /home/airflow/.local/lib/python3.7/site-packages/airflow/example_dags/example_sla_dag.py
[2026-01-22T11:13:19.733+0000] {processor.py:743} INFO - Processing file /home/airflow/.local/lib/python3.7/site-packages/airflow/example_dags/example_sla_dag.py for tasks to queue
[2026-01-22T11:13:19.733+0000] {logging_mixin.py:137} INFO - [2026-01-22T11:13:19.733+0000] {dagbag.py:538} INFO - Filling up the DagBag from /home/airflow/.local/lib/python3.7/site-packages/airflow/example_dags/example_sla_dag.py
[2026-01-22T11:13:19.751+0000] {processor.py:753} INFO - DAG(s) dict_keys(['example_sla_dag']) retrieved from /home/airflow/.local/lib/python3.7/site-packages/airflow/example_dags/example_sla_dag.py
[2026-01-22T11:13:19.778+0000] {logging_mixin.py:137} INFO - [2026-01-22T11:13:19.778+0000] {dag.py:2676} INFO - Sync 1 DAGs
[2026-01-22T11:13:19.798+0000] {logging_mixin.py:137} INFO - [2026-01-22T11:13:19.798+0000] {dag.py:3427} INFO - Setting next_dagrun for example_sla_dag to 2026-01-22T11:10:00+00:00, run_after=2026-01-22T11:12:00+00:00
[2026-01-22T11:13:19.812+0000] {processor.py:175} INFO - Processing /home/airflow/.local/lib/python3.7/site-packages/airflow/example_dags/example_sla_dag.py took 0.082 seconds
[2026-01-22T11:13:50.945+0000] {processor.py:153} INFO - Started process (PID=2618) to work on /home/airflow/.local/lib/python3.7/site-packages/airflow/example_dags/example_sla_dag.py
[2026-01-22T11:13:50.946+0000] {processor.py:743} INFO - Processing file /home/airflow/.local/lib/python3.7/site-packages/airflow/example_dags/example_sla_dag.py for tasks to queue
[2026-01-22T11:13:50.946+0000] {logging_mixin.py:137} INFO - [2026-01-22T11:13:50.946+0000] {dagbag.py:538} INFO - Filling up the DagBag from /home/airflow/.local/lib/python3.7/site-packages/airflow/example_dags/example_sla_dag.py
[2026-01-22T11:13:50.967+0000] {processor.py:753} INFO - DAG(s) dict_keys(['example_sla_dag']) retrieved from /home/airflow/.local/lib/python3.7/site-packages/airflow/example_dags/example_sla_dag.py
[2026-01-22T11:13:50.997+0000] {logging_mixin.py:137} INFO - [2026-01-22T11:13:50.997+0000] {dag.py:2676} INFO - Sync 1 DAGs
[2026-01-22T11:13:51.021+0000] {logging_mixin.py:137} INFO - [2026-01-22T11:13:51.021+0000] {dag.py:3427} INFO - Setting next_dagrun for example_sla_dag to 2026-01-22T11:10:00+00:00, run_after=2026-01-22T11:12:00+00:00
[2026-01-22T11:13:51.038+0000] {processor.py:175} INFO - Processing /home/airflow/.local/lib/python3.7/site-packages/airflow/example_dags/example_sla_dag.py took 0.096 seconds
[2026-01-22T11:14:21.432+0000] {processor.py:153} INFO - Started process (PID=2707) to work on /home/airflow/.local/lib/python3.7/site-packages/airflow/example_dags/example_sla_dag.py
[2026-01-22T11:14:21.433+0000] {processor.py:743} INFO - Processing file /home/airflow/.local/lib/python3.7/site-packages/airflow/example_dags/example_sla_dag.py for tasks to queue
[2026-01-22T11:14:21.433+0000] {logging_mixin.py:137} INFO - [2026-01-22T11:14:21.433+0000] {dagbag.py:538} INFO - Filling up the DagBag from /home/airflow/.local/lib/python3.7/site-packages/airflow/example_dags/example_sla_dag.py
[2026-01-22T11:14:21.454+0000] {processor.py:753} INFO - DAG(s) dict_keys(['example_sla_dag']) retrieved from /home/airflow/.local/lib/python3.7/site-packages/airflow/example_dags/example_sla_dag.py
[2026-01-22T11:14:21.483+0000] {logging_mixin.py:137} INFO - [2026-01-22T11:14:21.483+0000] {dag.py:2676} INFO - Sync 1 DAGs
[2026-01-22T11:14:21.506+0000] {logging_mixin.py:137} INFO - [2026-01-22T11:14:21.506+0000] {dag.py:3427} INFO - Setting next_dagrun for example_sla_dag to 2026-01-22T11:12:00+00:00, run_after=2026-01-22T11:14:00+00:00
[2026-01-22T11:14:21.520+0000] {processor.py:175} INFO - Processing /home/airflow/.local/lib/python3.7/site-packages/airflow/example_dags/example_sla_dag.py took 0.091 seconds
[2026-01-22T11:14:55.329+0000] {processor.py:153} INFO - Started process (PID=2805) to work on /home/airflow/.local/lib/python3.7/site-packages/airflow/example_dags/example_sla_dag.py
[2026-01-22T11:14:55.330+0000] {processor.py:743} INFO - Processing file /home/airflow/.local/lib/python3.7/site-packages/airflow/example_dags/example_sla_dag.py for tasks to queue
[2026-01-22T11:14:55.331+0000] {logging_mixin.py:137} INFO - [2026-01-22T11:14:55.331+0000] {dagbag.py:538} INFO - Filling up the DagBag from /home/airflow/.local/lib/python3.7/site-packages/airflow/example_dags/example_sla_dag.py
[2026-01-22T11:14:55.349+0000] {processor.py:753} INFO - DAG(s) dict_keys(['example_sla_dag']) retrieved from /home/airflow/.local/lib/python3.7/site-packages/airflow/example_dags/example_sla_dag.py
[2026-01-22T11:14:55.378+0000] {logging_mixin.py:137} INFO - [2026-01-22T11:14:55.378+0000] {dag.py:2676} INFO - Sync 1 DAGs
[2026-01-22T11:14:55.400+0000] {logging_mixin.py:137} INFO - [2026-01-22T11:14:55.400+0000] {dag.py:3427} INFO - Setting next_dagrun for example_sla_dag to 2026-01-22T11:12:00+00:00, run_after=2026-01-22T11:14:00+00:00
[2026-01-22T11:14:55.415+0000] {processor.py:175} INFO - Processing /home/airflow/.local/lib/python3.7/site-packages/airflow/example_dags/example_sla_dag.py took 0.088 seconds
[2026-01-22T11:15:25.495+0000] {processor.py:153} INFO - Started process (PID=2903) to work on /home/airflow/.local/lib/python3.7/site-packages/airflow/example_dags/example_sla_dag.py
[2026-01-22T11:15:25.496+0000] {processor.py:743} INFO - Processing file /home/airflow/.local/lib/python3.7/site-packages/airflow/example_dags/example_sla_dag.py for tasks to queue
[2026-01-22T11:15:25.497+0000] {logging_mixin.py:137} INFO - [2026-01-22T11:15:25.497+0000] {dagbag.py:538} INFO - Filling up the DagBag from /home/airflow/.local/lib/python3.7/site-packages/airflow/example_dags/example_sla_dag.py
[2026-01-22T11:15:25.516+0000] {processor.py:753} INFO - DAG(s) dict_keys(['example_sla_dag']) retrieved from /home/airflow/.local/lib/python3.7/site-packages/airflow/example_dags/example_sla_dag.py
[2026-01-22T11:15:25.547+0000] {logging_mixin.py:137} INFO - [2026-01-22T11:15:25.546+0000] {dag.py:2676} INFO - Sync 1 DAGs
[2026-01-22T11:15:25.570+0000] {logging_mixin.py:137} INFO - [2026-01-22T11:15:25.570+0000] {dag.py:3427} INFO - Setting next_dagrun for example_sla_dag to 2026-01-22T11:12:00+00:00, run_after=2026-01-22T11:14:00+00:00
[2026-01-22T11:15:25.588+0000] {processor.py:175} INFO - Processing /home/airflow/.local/lib/python3.7/site-packages/airflow/example_dags/example_sla_dag.py took 0.096 seconds
[2026-01-22T11:15:57.794+0000] {processor.py:153} INFO - Started process (PID=2981) to work on /home/airflow/.local/lib/python3.7/site-packages/airflow/example_dags/example_sla_dag.py
[2026-01-22T11:15:57.794+0000] {processor.py:743} INFO - Processing file /home/airflow/.local/lib/python3.7/site-packages/airflow/example_dags/example_sla_dag.py for tasks to queue
[2026-01-22T11:15:57.795+0000] {logging_mixin.py:137} INFO - [2026-01-22T11:15:57.795+0000] {dagbag.py:538} INFO - Filling up the DagBag from /home/airflow/.local/lib/python3.7/site-packages/airflow/example_dags/example_sla_dag.py
[2026-01-22T11:15:57.816+0000] {processor.py:753} INFO - DAG(s) dict_keys(['example_sla_dag']) retrieved from /home/airflow/.local/lib/python3.7/site-packages/airflow/example_dags/example_sla_dag.py
[2026-01-22T11:15:57.845+0000] {logging_mixin.py:137} INFO - [2026-01-22T11:15:57.844+0000] {dag.py:2676} INFO - Sync 1 DAGs
[2026-01-22T11:15:57.867+0000] {logging_mixin.py:137} INFO - [2026-01-22T11:15:57.867+0000] {dag.py:3427} INFO - Setting next_dagrun for example_sla_dag to 2026-01-22T11:12:00+00:00, run_after=2026-01-22T11:14:00+00:00
[2026-01-22T11:15:57.891+0000] {processor.py:175} INFO - Processing /home/airflow/.local/lib/python3.7/site-packages/airflow/example_dags/example_sla_dag.py took 0.101 seconds
[2026-01-22T11:16:28.203+0000] {processor.py:153} INFO - Started process (PID=3079) to work on /home/airflow/.local/lib/python3.7/site-packages/airflow/example_dags/example_sla_dag.py
[2026-01-22T11:16:28.204+0000] {processor.py:743} INFO - Processing file /home/airflow/.local/lib/python3.7/site-packages/airflow/example_dags/example_sla_dag.py for tasks to queue
[2026-01-22T11:16:28.205+0000] {logging_mixin.py:137} INFO - [2026-01-22T11:16:28.204+0000] {dagbag.py:538} INFO - Filling up the DagBag from /home/airflow/.local/lib/python3.7/site-packages/airflow/example_dags/example_sla_dag.py
[2026-01-22T11:16:28.222+0000] {processor.py:753} INFO - DAG(s) dict_keys(['example_sla_dag']) retrieved from /home/airflow/.local/lib/python3.7/site-packages/airflow/example_dags/example_sla_dag.py
[2026-01-22T11:16:28.250+0000] {logging_mixin.py:137} INFO - [2026-01-22T11:16:28.250+0000] {dag.py:2676} INFO - Sync 1 DAGs
[2026-01-22T11:16:28.271+0000] {logging_mixin.py:137} INFO - [2026-01-22T11:16:28.271+0000] {dag.py:3427} INFO - Setting next_dagrun for example_sla_dag to 2026-01-22T11:14:00+00:00, run_after=2026-01-22T11:16:00+00:00
[2026-01-22T11:16:28.285+0000] {processor.py:175} INFO - Processing /home/airflow/.local/lib/python3.7/site-packages/airflow/example_dags/example_sla_dag.py took 0.085 seconds
[2026-01-22T11:22:45.188+0000] {processor.py:153} INFO - Started process (PID=100) to work on /home/airflow/.local/lib/python3.7/site-packages/airflow/example_dags/example_sla_dag.py
[2026-01-22T11:22:45.189+0000] {processor.py:743} INFO - Processing file /home/airflow/.local/lib/python3.7/site-packages/airflow/example_dags/example_sla_dag.py for tasks to queue
[2026-01-22T11:22:45.190+0000] {logging_mixin.py:137} INFO - [2026-01-22T11:22:45.190+0000] {dagbag.py:538} INFO - Filling up the DagBag from /home/airflow/.local/lib/python3.7/site-packages/airflow/example_dags/example_sla_dag.py
[2026-01-22T11:22:45.218+0000] {processor.py:753} INFO - DAG(s) dict_keys(['example_sla_dag']) retrieved from /home/airflow/.local/lib/python3.7/site-packages/airflow/example_dags/example_sla_dag.py
[2026-01-22T11:22:45.253+0000] {logging_mixin.py:137} INFO - [2026-01-22T11:22:45.253+0000] {dag.py:2676} INFO - Sync 1 DAGs
[2026-01-22T11:22:45.283+0000] {logging_mixin.py:137} INFO - [2026-01-22T11:22:45.282+0000] {dag.py:3427} INFO - Setting next_dagrun for example_sla_dag to 2026-01-22T11:20:00+00:00, run_after=2026-01-22T11:22:00+00:00
[2026-01-22T11:22:45.304+0000] {processor.py:175} INFO - Processing /home/airflow/.local/lib/python3.7/site-packages/airflow/example_dags/example_sla_dag.py took 0.119 seconds
[2026-01-22T11:23:20.193+0000] {processor.py:153} INFO - Started process (PID=185) to work on /home/airflow/.local/lib/python3.7/site-packages/airflow/example_dags/example_sla_dag.py
[2026-01-22T11:23:20.194+0000] {processor.py:743} INFO - Processing file /home/airflow/.local/lib/python3.7/site-packages/airflow/example_dags/example_sla_dag.py for tasks to queue
[2026-01-22T11:23:20.194+0000] {logging_mixin.py:137} INFO - [2026-01-22T11:23:20.194+0000] {dagbag.py:538} INFO - Filling up the DagBag from /home/airflow/.local/lib/python3.7/site-packages/airflow/example_dags/example_sla_dag.py
[2026-01-22T11:23:20.214+0000] {processor.py:753} INFO - DAG(s) dict_keys(['example_sla_dag']) retrieved from /home/airflow/.local/lib/python3.7/site-packages/airflow/example_dags/example_sla_dag.py
[2026-01-22T11:23:20.251+0000] {logging_mixin.py:137} INFO - [2026-01-22T11:23:20.251+0000] {dag.py:2676} INFO - Sync 1 DAGs
[2026-01-22T11:23:20.272+0000] {logging_mixin.py:137} INFO - [2026-01-22T11:23:20.272+0000] {dag.py:3427} INFO - Setting next_dagrun for example_sla_dag to 2026-01-22T11:20:00+00:00, run_after=2026-01-22T11:22:00+00:00
[2026-01-22T11:23:20.378+0000] {processor.py:175} INFO - Processing /home/airflow/.local/lib/python3.7/site-packages/airflow/example_dags/example_sla_dag.py took 0.188 seconds
[2026-01-22T11:23:51.020+0000] {processor.py:153} INFO - Started process (PID=276) to work on /home/airflow/.local/lib/python3.7/site-packages/airflow/example_dags/example_sla_dag.py
[2026-01-22T11:23:51.021+0000] {processor.py:743} INFO - Processing file /home/airflow/.local/lib/python3.7/site-packages/airflow/example_dags/example_sla_dag.py for tasks to queue
[2026-01-22T11:23:51.022+0000] {logging_mixin.py:137} INFO - [2026-01-22T11:23:51.022+0000] {dagbag.py:538} INFO - Filling up the DagBag from /home/airflow/.local/lib/python3.7/site-packages/airflow/example_dags/example_sla_dag.py
[2026-01-22T11:23:51.043+0000] {processor.py:753} INFO - DAG(s) dict_keys(['example_sla_dag']) retrieved from /home/airflow/.local/lib/python3.7/site-packages/airflow/example_dags/example_sla_dag.py
[2026-01-22T11:23:51.071+0000] {logging_mixin.py:137} INFO - [2026-01-22T11:23:51.071+0000] {dag.py:2676} INFO - Sync 1 DAGs
[2026-01-22T11:23:51.092+0000] {logging_mixin.py:137} INFO - [2026-01-22T11:23:51.092+0000] {dag.py:3427} INFO - Setting next_dagrun for example_sla_dag to 2026-01-22T11:20:00+00:00, run_after=2026-01-22T11:22:00+00:00
[2026-01-22T11:23:51.107+0000] {processor.py:175} INFO - Processing /home/airflow/.local/lib/python3.7/site-packages/airflow/example_dags/example_sla_dag.py took 0.089 seconds
[2026-01-22T11:24:21.363+0000] {processor.py:153} INFO - Started process (PID=374) to work on /home/airflow/.local/lib/python3.7/site-packages/airflow/example_dags/example_sla_dag.py
[2026-01-22T11:24:21.364+0000] {processor.py:743} INFO - Processing file /home/airflow/.local/lib/python3.7/site-packages/airflow/example_dags/example_sla_dag.py for tasks to queue
[2026-01-22T11:24:21.365+0000] {logging_mixin.py:137} INFO - [2026-01-22T11:24:21.365+0000] {dagbag.py:538} INFO - Filling up the DagBag from /home/airflow/.local/lib/python3.7/site-packages/airflow/example_dags/example_sla_dag.py
[2026-01-22T11:24:21.383+0000] {processor.py:753} INFO - DAG(s) dict_keys(['example_sla_dag']) retrieved from /home/airflow/.local/lib/python3.7/site-packages/airflow/example_dags/example_sla_dag.py
[2026-01-22T11:24:21.411+0000] {logging_mixin.py:137} INFO - [2026-01-22T11:24:21.411+0000] {dag.py:2676} INFO - Sync 1 DAGs
[2026-01-22T11:24:21.433+0000] {logging_mixin.py:137} INFO - [2026-01-22T11:24:21.432+0000] {dag.py:3427} INFO - Setting next_dagrun for example_sla_dag to 2026-01-22T11:22:00+00:00, run_after=2026-01-22T11:24:00+00:00
[2026-01-22T11:24:21.446+0000] {processor.py:175} INFO - Processing /home/airflow/.local/lib/python3.7/site-packages/airflow/example_dags/example_sla_dag.py took 0.085 seconds
[2026-01-22T11:24:56.963+0000] {processor.py:153} INFO - Started process (PID=472) to work on /home/airflow/.local/lib/python3.7/site-packages/airflow/example_dags/example_sla_dag.py
[2026-01-22T11:24:56.966+0000] {processor.py:743} INFO - Processing file /home/airflow/.local/lib/python3.7/site-packages/airflow/example_dags/example_sla_dag.py for tasks to queue
[2026-01-22T11:24:56.967+0000] {logging_mixin.py:137} INFO - [2026-01-22T11:24:56.967+0000] {dagbag.py:538} INFO - Filling up the DagBag from /home/airflow/.local/lib/python3.7/site-packages/airflow/example_dags/example_sla_dag.py
[2026-01-22T11:24:56.986+0000] {processor.py:753} INFO - DAG(s) dict_keys(['example_sla_dag']) retrieved from /home/airflow/.local/lib/python3.7/site-packages/airflow/example_dags/example_sla_dag.py
[2026-01-22T11:24:57.017+0000] {logging_mixin.py:137} INFO - [2026-01-22T11:24:57.017+0000] {dag.py:2676} INFO - Sync 1 DAGs
[2026-01-22T11:24:57.039+0000] {logging_mixin.py:137} INFO - [2026-01-22T11:24:57.039+0000] {dag.py:3427} INFO - Setting next_dagrun for example_sla_dag to 2026-01-22T11:22:00+00:00, run_after=2026-01-22T11:24:00+00:00
[2026-01-22T11:24:57.053+0000] {processor.py:175} INFO - Processing /home/airflow/.local/lib/python3.7/site-packages/airflow/example_dags/example_sla_dag.py took 0.093 seconds
[2026-01-22T11:25:27.218+0000] {processor.py:153} INFO - Started process (PID=550) to work on /home/airflow/.local/lib/python3.7/site-packages/airflow/example_dags/example_sla_dag.py
[2026-01-22T11:25:27.219+0000] {processor.py:743} INFO - Processing file /home/airflow/.local/lib/python3.7/site-packages/airflow/example_dags/example_sla_dag.py for tasks to queue
[2026-01-22T11:25:27.220+0000] {logging_mixin.py:137} INFO - [2026-01-22T11:25:27.220+0000] {dagbag.py:538} INFO - Filling up the DagBag from /home/airflow/.local/lib/python3.7/site-packages/airflow/example_dags/example_sla_dag.py
[2026-01-22T11:25:27.243+0000] {processor.py:753} INFO - DAG(s) dict_keys(['example_sla_dag']) retrieved from /home/airflow/.local/lib/python3.7/site-packages/airflow/example_dags/example_sla_dag.py
[2026-01-22T11:25:27.273+0000] {logging_mixin.py:137} INFO - [2026-01-22T11:25:27.272+0000] {dag.py:2676} INFO - Sync 1 DAGs
[2026-01-22T11:25:27.295+0000] {logging_mixin.py:137} INFO - [2026-01-22T11:25:27.295+0000] {dag.py:3427} INFO - Setting next_dagrun for example_sla_dag to 2026-01-22T11:22:00+00:00, run_after=2026-01-22T11:24:00+00:00
[2026-01-22T11:25:27.309+0000] {processor.py:175} INFO - Processing /home/airflow/.local/lib/python3.7/site-packages/airflow/example_dags/example_sla_dag.py took 0.094 seconds
[2026-01-22T11:25:58.129+0000] {processor.py:153} INFO - Started process (PID=649) to work on /home/airflow/.local/lib/python3.7/site-packages/airflow/example_dags/example_sla_dag.py
[2026-01-22T11:25:58.130+0000] {processor.py:743} INFO - Processing file /home/airflow/.local/lib/python3.7/site-packages/airflow/example_dags/example_sla_dag.py for tasks to queue
[2026-01-22T11:25:58.131+0000] {logging_mixin.py:137} INFO - [2026-01-22T11:25:58.130+0000] {dagbag.py:538} INFO - Filling up the DagBag from /home/airflow/.local/lib/python3.7/site-packages/airflow/example_dags/example_sla_dag.py
[2026-01-22T11:25:58.149+0000] {processor.py:753} INFO - DAG(s) dict_keys(['example_sla_dag']) retrieved from /home/airflow/.local/lib/python3.7/site-packages/airflow/example_dags/example_sla_dag.py
[2026-01-22T11:25:58.177+0000] {logging_mixin.py:137} INFO - [2026-01-22T11:25:58.177+0000] {dag.py:2676} INFO - Sync 1 DAGs
[2026-01-22T11:25:58.198+0000] {logging_mixin.py:137} INFO - [2026-01-22T11:25:58.198+0000] {dag.py:3427} INFO - Setting next_dagrun for example_sla_dag to 2026-01-22T11:22:00+00:00, run_after=2026-01-22T11:24:00+00:00
[2026-01-22T11:25:58.211+0000] {processor.py:175} INFO - Processing /home/airflow/.local/lib/python3.7/site-packages/airflow/example_dags/example_sla_dag.py took 0.084 seconds
[2026-01-22T11:26:28.345+0000] {processor.py:153} INFO - Started process (PID=727) to work on /home/airflow/.local/lib/python3.7/site-packages/airflow/example_dags/example_sla_dag.py
[2026-01-22T11:26:28.346+0000] {processor.py:743} INFO - Processing file /home/airflow/.local/lib/python3.7/site-packages/airflow/example_dags/example_sla_dag.py for tasks to queue
[2026-01-22T11:26:28.347+0000] {logging_mixin.py:137} INFO - [2026-01-22T11:26:28.347+0000] {dagbag.py:538} INFO - Filling up the DagBag from /home/airflow/.local/lib/python3.7/site-packages/airflow/example_dags/example_sla_dag.py
[2026-01-22T11:26:28.365+0000] {processor.py:753} INFO - DAG(s) dict_keys(['example_sla_dag']) retrieved from /home/airflow/.local/lib/python3.7/site-packages/airflow/example_dags/example_sla_dag.py
[2026-01-22T11:26:28.392+0000] {logging_mixin.py:137} INFO - [2026-01-22T11:26:28.392+0000] {dag.py:2676} INFO - Sync 1 DAGs
[2026-01-22T11:26:28.413+0000] {logging_mixin.py:137} INFO - [2026-01-22T11:26:28.413+0000] {dag.py:3427} INFO - Setting next_dagrun for example_sla_dag to 2026-01-22T11:24:00+00:00, run_after=2026-01-22T11:26:00+00:00
[2026-01-22T11:26:28.426+0000] {processor.py:175} INFO - Processing /home/airflow/.local/lib/python3.7/site-packages/airflow/example_dags/example_sla_dag.py took 0.083 seconds
[2026-01-22T11:26:58.771+0000] {processor.py:153} INFO - Started process (PID=825) to work on /home/airflow/.local/lib/python3.7/site-packages/airflow/example_dags/example_sla_dag.py
[2026-01-22T11:26:58.772+0000] {processor.py:743} INFO - Processing file /home/airflow/.local/lib/python3.7/site-packages/airflow/example_dags/example_sla_dag.py for tasks to queue
[2026-01-22T11:26:58.772+0000] {logging_mixin.py:137} INFO - [2026-01-22T11:26:58.772+0000] {dagbag.py:538} INFO - Filling up the DagBag from /home/airflow/.local/lib/python3.7/site-packages/airflow/example_dags/example_sla_dag.py
[2026-01-22T11:26:58.793+0000] {processor.py:753} INFO - DAG(s) dict_keys(['example_sla_dag']) retrieved from /home/airflow/.local/lib/python3.7/site-packages/airflow/example_dags/example_sla_dag.py
[2026-01-22T11:26:58.822+0000] {logging_mixin.py:137} INFO - [2026-01-22T11:26:58.822+0000] {dag.py:2676} INFO - Sync 1 DAGs
[2026-01-22T11:26:58.846+0000] {logging_mixin.py:137} INFO - [2026-01-22T11:26:58.845+0000] {dag.py:3427} INFO - Setting next_dagrun for example_sla_dag to 2026-01-22T11:24:00+00:00, run_after=2026-01-22T11:26:00+00:00
[2026-01-22T11:26:58.860+0000] {processor.py:175} INFO - Processing /home/airflow/.local/lib/python3.7/site-packages/airflow/example_dags/example_sla_dag.py took 0.091 seconds
[2026-01-22T11:27:29.269+0000] {processor.py:153} INFO - Started process (PID=923) to work on /home/airflow/.local/lib/python3.7/site-packages/airflow/example_dags/example_sla_dag.py
[2026-01-22T11:27:29.269+0000] {processor.py:743} INFO - Processing file /home/airflow/.local/lib/python3.7/site-packages/airflow/example_dags/example_sla_dag.py for tasks to queue
[2026-01-22T11:27:29.270+0000] {logging_mixin.py:137} INFO - [2026-01-22T11:27:29.270+0000] {dagbag.py:538} INFO - Filling up the DagBag from /home/airflow/.local/lib/python3.7/site-packages/airflow/example_dags/example_sla_dag.py
[2026-01-22T11:27:29.289+0000] {processor.py:753} INFO - DAG(s) dict_keys(['example_sla_dag']) retrieved from /home/airflow/.local/lib/python3.7/site-packages/airflow/example_dags/example_sla_dag.py
[2026-01-22T11:27:29.321+0000] {logging_mixin.py:137} INFO - [2026-01-22T11:27:29.321+0000] {dag.py:2676} INFO - Sync 1 DAGs
[2026-01-22T11:27:29.343+0000] {logging_mixin.py:137} INFO - [2026-01-22T11:27:29.343+0000] {dag.py:3427} INFO - Setting next_dagrun for example_sla_dag to 2026-01-22T11:24:00+00:00, run_after=2026-01-22T11:26:00+00:00
[2026-01-22T11:27:29.441+0000] {processor.py:175} INFO - Processing /home/airflow/.local/lib/python3.7/site-packages/airflow/example_dags/example_sla_dag.py took 0.175 seconds
[2026-01-22T11:27:59.513+0000] {processor.py:153} INFO - Started process (PID=1002) to work on /home/airflow/.local/lib/python3.7/site-packages/airflow/example_dags/example_sla_dag.py
[2026-01-22T11:27:59.514+0000] {processor.py:743} INFO - Processing file /home/airflow/.local/lib/python3.7/site-packages/airflow/example_dags/example_sla_dag.py for tasks to queue
[2026-01-22T11:27:59.515+0000] {logging_mixin.py:137} INFO - [2026-01-22T11:27:59.515+0000] {dagbag.py:538} INFO - Filling up the DagBag from /home/airflow/.local/lib/python3.7/site-packages/airflow/example_dags/example_sla_dag.py
[2026-01-22T11:27:59.532+0000] {processor.py:753} INFO - DAG(s) dict_keys(['example_sla_dag']) retrieved from /home/airflow/.local/lib/python3.7/site-packages/airflow/example_dags/example_sla_dag.py
[2026-01-22T11:27:59.560+0000] {logging_mixin.py:137} INFO - [2026-01-22T11:27:59.559+0000] {dag.py:2676} INFO - Sync 1 DAGs
[2026-01-22T11:27:59.580+0000] {logging_mixin.py:137} INFO - [2026-01-22T11:27:59.580+0000] {dag.py:3427} INFO - Setting next_dagrun for example_sla_dag to 2026-01-22T11:24:00+00:00, run_after=2026-01-22T11:26:00+00:00
[2026-01-22T11:27:59.595+0000] {processor.py:175} INFO - Processing /home/airflow/.local/lib/python3.7/site-packages/airflow/example_dags/example_sla_dag.py took 0.084 seconds
[2026-01-22T11:28:29.680+0000] {processor.py:153} INFO - Started process (PID=1100) to work on /home/airflow/.local/lib/python3.7/site-packages/airflow/example_dags/example_sla_dag.py
[2026-01-22T11:28:29.681+0000] {processor.py:743} INFO - Processing file /home/airflow/.local/lib/python3.7/site-packages/airflow/example_dags/example_sla_dag.py for tasks to queue
[2026-01-22T11:28:29.682+0000] {logging_mixin.py:137} INFO - [2026-01-22T11:28:29.681+0000] {dagbag.py:538} INFO - Filling up the DagBag from /home/airflow/.local/lib/python3.7/site-packages/airflow/example_dags/example_sla_dag.py
[2026-01-22T11:28:29.700+0000] {processor.py:753} INFO - DAG(s) dict_keys(['example_sla_dag']) retrieved from /home/airflow/.local/lib/python3.7/site-packages/airflow/example_dags/example_sla_dag.py
[2026-01-22T11:28:29.727+0000] {logging_mixin.py:137} INFO - [2026-01-22T11:28:29.727+0000] {dag.py:2676} INFO - Sync 1 DAGs
[2026-01-22T11:28:29.747+0000] {logging_mixin.py:137} INFO - [2026-01-22T11:28:29.747+0000] {dag.py:3427} INFO - Setting next_dagrun for example_sla_dag to 2026-01-22T11:26:00+00:00, run_after=2026-01-22T11:28:00+00:00
[2026-01-22T11:28:29.761+0000] {processor.py:175} INFO - Processing /home/airflow/.local/lib/python3.7/site-packages/airflow/example_dags/example_sla_dag.py took 0.083 seconds
[2026-01-22T11:28:59.977+0000] {processor.py:153} INFO - Started process (PID=1179) to work on /home/airflow/.local/lib/python3.7/site-packages/airflow/example_dags/example_sla_dag.py
[2026-01-22T11:28:59.978+0000] {processor.py:743} INFO - Processing file /home/airflow/.local/lib/python3.7/site-packages/airflow/example_dags/example_sla_dag.py for tasks to queue
[2026-01-22T11:28:59.978+0000] {logging_mixin.py:137} INFO - [2026-01-22T11:28:59.978+0000] {dagbag.py:538} INFO - Filling up the DagBag from /home/airflow/.local/lib/python3.7/site-packages/airflow/example_dags/example_sla_dag.py
[2026-01-22T11:28:59.995+0000] {processor.py:753} INFO - DAG(s) dict_keys(['example_sla_dag']) retrieved from /home/airflow/.local/lib/python3.7/site-packages/airflow/example_dags/example_sla_dag.py
[2026-01-22T11:29:00.023+0000] {logging_mixin.py:137} INFO - [2026-01-22T11:29:00.023+0000] {dag.py:2676} INFO - Sync 1 DAGs
[2026-01-22T11:29:00.045+0000] {logging_mixin.py:137} INFO - [2026-01-22T11:29:00.045+0000] {dag.py:3427} INFO - Setting next_dagrun for example_sla_dag to 2026-01-22T11:26:00+00:00, run_after=2026-01-22T11:28:00+00:00
[2026-01-22T11:29:00.059+0000] {processor.py:175} INFO - Processing /home/airflow/.local/lib/python3.7/site-packages/airflow/example_dags/example_sla_dag.py took 0.085 seconds
[2026-01-22T11:29:30.114+0000] {processor.py:153} INFO - Started process (PID=1277) to work on /home/airflow/.local/lib/python3.7/site-packages/airflow/example_dags/example_sla_dag.py
[2026-01-22T11:29:30.114+0000] {processor.py:743} INFO - Processing file /home/airflow/.local/lib/python3.7/site-packages/airflow/example_dags/example_sla_dag.py for tasks to queue
[2026-01-22T11:29:30.115+0000] {logging_mixin.py:137} INFO - [2026-01-22T11:29:30.115+0000] {dagbag.py:538} INFO - Filling up the DagBag from /home/airflow/.local/lib/python3.7/site-packages/airflow/example_dags/example_sla_dag.py
[2026-01-22T11:29:30.132+0000] {processor.py:753} INFO - DAG(s) dict_keys(['example_sla_dag']) retrieved from /home/airflow/.local/lib/python3.7/site-packages/airflow/example_dags/example_sla_dag.py
[2026-01-22T11:29:30.159+0000] {logging_mixin.py:137} INFO - [2026-01-22T11:29:30.159+0000] {dag.py:2676} INFO - Sync 1 DAGs
[2026-01-22T11:29:30.180+0000] {logging_mixin.py:137} INFO - [2026-01-22T11:29:30.180+0000] {dag.py:3427} INFO - Setting next_dagrun for example_sla_dag to 2026-01-22T11:26:00+00:00, run_after=2026-01-22T11:28:00+00:00
[2026-01-22T11:29:30.193+0000] {processor.py:175} INFO - Processing /home/airflow/.local/lib/python3.7/site-packages/airflow/example_dags/example_sla_dag.py took 0.082 seconds
[2026-01-22T11:35:09.321+0000] {processor.py:153} INFO - Started process (PID=101) to work on /home/airflow/.local/lib/python3.7/site-packages/airflow/example_dags/example_sla_dag.py
[2026-01-22T11:35:09.322+0000] {processor.py:743} INFO - Processing file /home/airflow/.local/lib/python3.7/site-packages/airflow/example_dags/example_sla_dag.py for tasks to queue
[2026-01-22T11:35:09.323+0000] {logging_mixin.py:137} INFO - [2026-01-22T11:35:09.323+0000] {dagbag.py:538} INFO - Filling up the DagBag from /home/airflow/.local/lib/python3.7/site-packages/airflow/example_dags/example_sla_dag.py
[2026-01-22T11:35:09.353+0000] {processor.py:753} INFO - DAG(s) dict_keys(['example_sla_dag']) retrieved from /home/airflow/.local/lib/python3.7/site-packages/airflow/example_dags/example_sla_dag.py
[2026-01-22T11:35:09.392+0000] {logging_mixin.py:137} INFO - [2026-01-22T11:35:09.392+0000] {dag.py:2676} INFO - Sync 1 DAGs
[2026-01-22T11:35:09.424+0000] {logging_mixin.py:137} INFO - [2026-01-22T11:35:09.424+0000] {dag.py:3427} INFO - Setting next_dagrun for example_sla_dag to 2026-01-22T11:32:00+00:00, run_after=2026-01-22T11:34:00+00:00
[2026-01-22T11:35:09.455+0000] {processor.py:175} INFO - Processing /home/airflow/.local/lib/python3.7/site-packages/airflow/example_dags/example_sla_dag.py took 0.137 seconds
[2026-01-22T11:35:40.049+0000] {processor.py:153} INFO - Started process (PID=179) to work on /home/airflow/.local/lib/python3.7/site-packages/airflow/example_dags/example_sla_dag.py
[2026-01-22T11:35:40.050+0000] {processor.py:743} INFO - Processing file /home/airflow/.local/lib/python3.7/site-packages/airflow/example_dags/example_sla_dag.py for tasks to queue
[2026-01-22T11:35:40.051+0000] {logging_mixin.py:137} INFO - [2026-01-22T11:35:40.051+0000] {dagbag.py:538} INFO - Filling up the DagBag from /home/airflow/.local/lib/python3.7/site-packages/airflow/example_dags/example_sla_dag.py
[2026-01-22T11:35:40.070+0000] {processor.py:753} INFO - DAG(s) dict_keys(['example_sla_dag']) retrieved from /home/airflow/.local/lib/python3.7/site-packages/airflow/example_dags/example_sla_dag.py
[2026-01-22T11:35:40.097+0000] {logging_mixin.py:137} INFO - [2026-01-22T11:35:40.097+0000] {dag.py:2676} INFO - Sync 1 DAGs
[2026-01-22T11:35:40.119+0000] {logging_mixin.py:137} INFO - [2026-01-22T11:35:40.119+0000] {dag.py:3427} INFO - Setting next_dagrun for example_sla_dag to 2026-01-22T11:32:00+00:00, run_after=2026-01-22T11:34:00+00:00
[2026-01-22T11:35:40.133+0000] {processor.py:175} INFO - Processing /home/airflow/.local/lib/python3.7/site-packages/airflow/example_dags/example_sla_dag.py took 0.086 seconds
[2026-01-22T11:36:10.378+0000] {processor.py:153} INFO - Started process (PID=277) to work on /home/airflow/.local/lib/python3.7/site-packages/airflow/example_dags/example_sla_dag.py
[2026-01-22T11:36:10.379+0000] {processor.py:743} INFO - Processing file /home/airflow/.local/lib/python3.7/site-packages/airflow/example_dags/example_sla_dag.py for tasks to queue
[2026-01-22T11:36:10.379+0000] {logging_mixin.py:137} INFO - [2026-01-22T11:36:10.379+0000] {dagbag.py:538} INFO - Filling up the DagBag from /home/airflow/.local/lib/python3.7/site-packages/airflow/example_dags/example_sla_dag.py
[2026-01-22T11:36:10.397+0000] {processor.py:753} INFO - DAG(s) dict_keys(['example_sla_dag']) retrieved from /home/airflow/.local/lib/python3.7/site-packages/airflow/example_dags/example_sla_dag.py
[2026-01-22T11:36:10.424+0000] {logging_mixin.py:137} INFO - [2026-01-22T11:36:10.424+0000] {dag.py:2676} INFO - Sync 1 DAGs
[2026-01-22T11:36:10.445+0000] {logging_mixin.py:137} INFO - [2026-01-22T11:36:10.445+0000] {dag.py:3427} INFO - Setting next_dagrun for example_sla_dag to 2026-01-22T11:34:00+00:00, run_after=2026-01-22T11:36:00+00:00
[2026-01-22T11:36:10.459+0000] {processor.py:175} INFO - Processing /home/airflow/.local/lib/python3.7/site-packages/airflow/example_dags/example_sla_dag.py took 0.084 seconds
[2026-01-22T11:36:40.540+0000] {processor.py:153} INFO - Started process (PID=355) to work on /home/airflow/.local/lib/python3.7/site-packages/airflow/example_dags/example_sla_dag.py
[2026-01-22T11:36:40.541+0000] {processor.py:743} INFO - Processing file /home/airflow/.local/lib/python3.7/site-packages/airflow/example_dags/example_sla_dag.py for tasks to queue
[2026-01-22T11:36:40.541+0000] {logging_mixin.py:137} INFO - [2026-01-22T11:36:40.541+0000] {dagbag.py:538} INFO - Filling up the DagBag from /home/airflow/.local/lib/python3.7/site-packages/airflow/example_dags/example_sla_dag.py
[2026-01-22T11:36:40.560+0000] {processor.py:753} INFO - DAG(s) dict_keys(['example_sla_dag']) retrieved from /home/airflow/.local/lib/python3.7/site-packages/airflow/example_dags/example_sla_dag.py
[2026-01-22T11:36:40.588+0000] {logging_mixin.py:137} INFO - [2026-01-22T11:36:40.588+0000] {dag.py:2676} INFO - Sync 1 DAGs
[2026-01-22T11:36:40.609+0000] {logging_mixin.py:137} INFO - [2026-01-22T11:36:40.609+0000] {dag.py:3427} INFO - Setting next_dagrun for example_sla_dag to 2026-01-22T11:34:00+00:00, run_after=2026-01-22T11:36:00+00:00
[2026-01-22T11:36:40.624+0000] {processor.py:175} INFO - Processing /home/airflow/.local/lib/python3.7/site-packages/airflow/example_dags/example_sla_dag.py took 0.087 seconds
[2026-01-22T11:37:10.824+0000] {processor.py:153} INFO - Started process (PID=453) to work on /home/airflow/.local/lib/python3.7/site-packages/airflow/example_dags/example_sla_dag.py
[2026-01-22T11:37:10.824+0000] {processor.py:743} INFO - Processing file /home/airflow/.local/lib/python3.7/site-packages/airflow/example_dags/example_sla_dag.py for tasks to queue
[2026-01-22T11:37:10.825+0000] {logging_mixin.py:137} INFO - [2026-01-22T11:37:10.825+0000] {dagbag.py:538} INFO - Filling up the DagBag from /home/airflow/.local/lib/python3.7/site-packages/airflow/example_dags/example_sla_dag.py
[2026-01-22T11:37:10.842+0000] {processor.py:753} INFO - DAG(s) dict_keys(['example_sla_dag']) retrieved from /home/airflow/.local/lib/python3.7/site-packages/airflow/example_dags/example_sla_dag.py
[2026-01-22T11:37:10.871+0000] {logging_mixin.py:137} INFO - [2026-01-22T11:37:10.871+0000] {dag.py:2676} INFO - Sync 1 DAGs
[2026-01-22T11:37:10.895+0000] {logging_mixin.py:137} INFO - [2026-01-22T11:37:10.895+0000] {dag.py:3427} INFO - Setting next_dagrun for example_sla_dag to 2026-01-22T11:34:00+00:00, run_after=2026-01-22T11:36:00+00:00
[2026-01-22T11:37:10.910+0000] {processor.py:175} INFO - Processing /home/airflow/.local/lib/python3.7/site-packages/airflow/example_dags/example_sla_dag.py took 0.090 seconds
[2026-01-22T11:37:40.980+0000] {processor.py:153} INFO - Started process (PID=538) to work on /home/airflow/.local/lib/python3.7/site-packages/airflow/example_dags/example_sla_dag.py
[2026-01-22T11:37:40.981+0000] {processor.py:743} INFO - Processing file /home/airflow/.local/lib/python3.7/site-packages/airflow/example_dags/example_sla_dag.py for tasks to queue
[2026-01-22T11:37:40.981+0000] {logging_mixin.py:137} INFO - [2026-01-22T11:37:40.981+0000] {dagbag.py:538} INFO - Filling up the DagBag from /home/airflow/.local/lib/python3.7/site-packages/airflow/example_dags/example_sla_dag.py
[2026-01-22T11:37:41.000+0000] {processor.py:753} INFO - DAG(s) dict_keys(['example_sla_dag']) retrieved from /home/airflow/.local/lib/python3.7/site-packages/airflow/example_dags/example_sla_dag.py
[2026-01-22T11:37:41.027+0000] {logging_mixin.py:137} INFO - [2026-01-22T11:37:41.027+0000] {dag.py:2676} INFO - Sync 1 DAGs
[2026-01-22T11:37:41.051+0000] {logging_mixin.py:137} INFO - [2026-01-22T11:37:41.051+0000] {dag.py:3427} INFO - Setting next_dagrun for example_sla_dag to 2026-01-22T11:34:00+00:00, run_after=2026-01-22T11:36:00+00:00
[2026-01-22T11:37:41.068+0000] {processor.py:175} INFO - Processing /home/airflow/.local/lib/python3.7/site-packages/airflow/example_dags/example_sla_dag.py took 0.092 seconds
[2026-01-22T11:38:11.249+0000] {processor.py:153} INFO - Started process (PID=629) to work on /home/airflow/.local/lib/python3.7/site-packages/airflow/example_dags/example_sla_dag.py
[2026-01-22T11:38:11.250+0000] {processor.py:743} INFO - Processing file /home/airflow/.local/lib/python3.7/site-packages/airflow/example_dags/example_sla_dag.py for tasks to queue
[2026-01-22T11:38:11.251+0000] {logging_mixin.py:137} INFO - [2026-01-22T11:38:11.250+0000] {dagbag.py:538} INFO - Filling up the DagBag from /home/airflow/.local/lib/python3.7/site-packages/airflow/example_dags/example_sla_dag.py
[2026-01-22T11:38:11.269+0000] {processor.py:753} INFO - DAG(s) dict_keys(['example_sla_dag']) retrieved from /home/airflow/.local/lib/python3.7/site-packages/airflow/example_dags/example_sla_dag.py
[2026-01-22T11:38:11.299+0000] {logging_mixin.py:137} INFO - [2026-01-22T11:38:11.299+0000] {dag.py:2676} INFO - Sync 1 DAGs
[2026-01-22T11:38:11.322+0000] {logging_mixin.py:137} INFO - [2026-01-22T11:38:11.322+0000] {dag.py:3427} INFO - Setting next_dagrun for example_sla_dag to 2026-01-22T11:36:00+00:00, run_after=2026-01-22T11:38:00+00:00
[2026-01-22T11:38:11.339+0000] {processor.py:175} INFO - Processing /home/airflow/.local/lib/python3.7/site-packages/airflow/example_dags/example_sla_dag.py took 0.093 seconds
[2026-01-22T11:38:41.412+0000] {processor.py:153} INFO - Started process (PID=727) to work on /home/airflow/.local/lib/python3.7/site-packages/airflow/example_dags/example_sla_dag.py
[2026-01-22T11:38:41.413+0000] {processor.py:743} INFO - Processing file /home/airflow/.local/lib/python3.7/site-packages/airflow/example_dags/example_sla_dag.py for tasks to queue
[2026-01-22T11:38:41.414+0000] {logging_mixin.py:137} INFO - [2026-01-22T11:38:41.413+0000] {dagbag.py:538} INFO - Filling up the DagBag from /home/airflow/.local/lib/python3.7/site-packages/airflow/example_dags/example_sla_dag.py
[2026-01-22T11:38:41.431+0000] {processor.py:753} INFO - DAG(s) dict_keys(['example_sla_dag']) retrieved from /home/airflow/.local/lib/python3.7/site-packages/airflow/example_dags/example_sla_dag.py
[2026-01-22T11:38:41.461+0000] {logging_mixin.py:137} INFO - [2026-01-22T11:38:41.460+0000] {dag.py:2676} INFO - Sync 1 DAGs
[2026-01-22T11:38:41.482+0000] {logging_mixin.py:137} INFO - [2026-01-22T11:38:41.482+0000] {dag.py:3427} INFO - Setting next_dagrun for example_sla_dag to 2026-01-22T11:36:00+00:00, run_after=2026-01-22T11:38:00+00:00
[2026-01-22T11:38:41.498+0000] {processor.py:175} INFO - Processing /home/airflow/.local/lib/python3.7/site-packages/airflow/example_dags/example_sla_dag.py took 0.088 seconds
[2026-01-22T11:39:11.580+0000] {processor.py:153} INFO - Started process (PID=805) to work on /home/airflow/.local/lib/python3.7/site-packages/airflow/example_dags/example_sla_dag.py
[2026-01-22T11:39:11.581+0000] {processor.py:743} INFO - Processing file /home/airflow/.local/lib/python3.7/site-packages/airflow/example_dags/example_sla_dag.py for tasks to queue
[2026-01-22T11:39:11.581+0000] {logging_mixin.py:137} INFO - [2026-01-22T11:39:11.581+0000] {dagbag.py:538} INFO - Filling up the DagBag from /home/airflow/.local/lib/python3.7/site-packages/airflow/example_dags/example_sla_dag.py
[2026-01-22T11:39:11.599+0000] {processor.py:753} INFO - DAG(s) dict_keys(['example_sla_dag']) retrieved from /home/airflow/.local/lib/python3.7/site-packages/airflow/example_dags/example_sla_dag.py
[2026-01-22T11:39:11.626+0000] {logging_mixin.py:137} INFO - [2026-01-22T11:39:11.626+0000] {dag.py:2676} INFO - Sync 1 DAGs
[2026-01-22T11:39:11.648+0000] {logging_mixin.py:137} INFO - [2026-01-22T11:39:11.648+0000] {dag.py:3427} INFO - Setting next_dagrun for example_sla_dag to 2026-01-22T11:36:00+00:00, run_after=2026-01-22T11:38:00+00:00
[2026-01-22T11:39:11.662+0000] {processor.py:175} INFO - Processing /home/airflow/.local/lib/python3.7/site-packages/airflow/example_dags/example_sla_dag.py took 0.084 seconds
[2026-01-22T11:39:41.758+0000] {processor.py:153} INFO - Started process (PID=903) to work on /home/airflow/.local/lib/python3.7/site-packages/airflow/example_dags/example_sla_dag.py
[2026-01-22T11:39:41.759+0000] {processor.py:743} INFO - Processing file /home/airflow/.local/lib/python3.7/site-packages/airflow/example_dags/example_sla_dag.py for tasks to queue
[2026-01-22T11:39:41.759+0000] {logging_mixin.py:137} INFO - [2026-01-22T11:39:41.759+0000] {dagbag.py:538} INFO - Filling up the DagBag from /home/airflow/.local/lib/python3.7/site-packages/airflow/example_dags/example_sla_dag.py
[2026-01-22T11:39:41.777+0000] {processor.py:753} INFO - DAG(s) dict_keys(['example_sla_dag']) retrieved from /home/airflow/.local/lib/python3.7/site-packages/airflow/example_dags/example_sla_dag.py
[2026-01-22T11:39:41.804+0000] {logging_mixin.py:137} INFO - [2026-01-22T11:39:41.804+0000] {dag.py:2676} INFO - Sync 1 DAGs
[2026-01-22T11:39:41.825+0000] {logging_mixin.py:137} INFO - [2026-01-22T11:39:41.825+0000] {dag.py:3427} INFO - Setting next_dagrun for example_sla_dag to 2026-01-22T11:36:00+00:00, run_after=2026-01-22T11:38:00+00:00
[2026-01-22T11:39:41.838+0000] {processor.py:175} INFO - Processing /home/airflow/.local/lib/python3.7/site-packages/airflow/example_dags/example_sla_dag.py took 0.082 seconds
[2026-01-22T11:40:12.105+0000] {processor.py:153} INFO - Started process (PID=981) to work on /home/airflow/.local/lib/python3.7/site-packages/airflow/example_dags/example_sla_dag.py
[2026-01-22T11:40:12.105+0000] {processor.py:743} INFO - Processing file /home/airflow/.local/lib/python3.7/site-packages/airflow/example_dags/example_sla_dag.py for tasks to queue
[2026-01-22T11:40:12.106+0000] {logging_mixin.py:137} INFO - [2026-01-22T11:40:12.106+0000] {dagbag.py:538} INFO - Filling up the DagBag from /home/airflow/.local/lib/python3.7/site-packages/airflow/example_dags/example_sla_dag.py
[2026-01-22T11:40:12.124+0000] {processor.py:753} INFO - DAG(s) dict_keys(['example_sla_dag']) retrieved from /home/airflow/.local/lib/python3.7/site-packages/airflow/example_dags/example_sla_dag.py
[2026-01-22T11:40:12.154+0000] {logging_mixin.py:137} INFO - [2026-01-22T11:40:12.154+0000] {dag.py:2676} INFO - Sync 1 DAGs
[2026-01-22T11:40:12.183+0000] {logging_mixin.py:137} INFO - [2026-01-22T11:40:12.183+0000] {dag.py:3427} INFO - Setting next_dagrun for example_sla_dag to 2026-01-22T11:38:00+00:00, run_after=2026-01-22T11:40:00+00:00
[2026-01-22T11:40:12.205+0000] {processor.py:175} INFO - Processing /home/airflow/.local/lib/python3.7/site-packages/airflow/example_dags/example_sla_dag.py took 0.103 seconds
[2026-01-22T11:40:42.344+0000] {processor.py:153} INFO - Started process (PID=1080) to work on /home/airflow/.local/lib/python3.7/site-packages/airflow/example_dags/example_sla_dag.py
[2026-01-22T11:40:42.344+0000] {processor.py:743} INFO - Processing file /home/airflow/.local/lib/python3.7/site-packages/airflow/example_dags/example_sla_dag.py for tasks to queue
[2026-01-22T11:40:42.345+0000] {logging_mixin.py:137} INFO - [2026-01-22T11:40:42.345+0000] {dagbag.py:538} INFO - Filling up the DagBag from /home/airflow/.local/lib/python3.7/site-packages/airflow/example_dags/example_sla_dag.py
[2026-01-22T11:40:42.363+0000] {processor.py:753} INFO - DAG(s) dict_keys(['example_sla_dag']) retrieved from /home/airflow/.local/lib/python3.7/site-packages/airflow/example_dags/example_sla_dag.py
[2026-01-22T11:40:42.391+0000] {logging_mixin.py:137} INFO - [2026-01-22T11:40:42.391+0000] {dag.py:2676} INFO - Sync 1 DAGs
[2026-01-22T11:40:42.414+0000] {logging_mixin.py:137} INFO - [2026-01-22T11:40:42.413+0000] {dag.py:3427} INFO - Setting next_dagrun for example_sla_dag to 2026-01-22T11:38:00+00:00, run_after=2026-01-22T11:40:00+00:00
[2026-01-22T11:40:42.428+0000] {processor.py:175} INFO - Processing /home/airflow/.local/lib/python3.7/site-packages/airflow/example_dags/example_sla_dag.py took 0.087 seconds
[2026-01-22T11:41:12.648+0000] {processor.py:153} INFO - Started process (PID=1178) to work on /home/airflow/.local/lib/python3.7/site-packages/airflow/example_dags/example_sla_dag.py
[2026-01-22T11:41:12.649+0000] {processor.py:743} INFO - Processing file /home/airflow/.local/lib/python3.7/site-packages/airflow/example_dags/example_sla_dag.py for tasks to queue
[2026-01-22T11:41:12.649+0000] {logging_mixin.py:137} INFO - [2026-01-22T11:41:12.649+0000] {dagbag.py:538} INFO - Filling up the DagBag from /home/airflow/.local/lib/python3.7/site-packages/airflow/example_dags/example_sla_dag.py
[2026-01-22T11:41:12.669+0000] {processor.py:753} INFO - DAG(s) dict_keys(['example_sla_dag']) retrieved from /home/airflow/.local/lib/python3.7/site-packages/airflow/example_dags/example_sla_dag.py
[2026-01-22T11:41:12.697+0000] {logging_mixin.py:137} INFO - [2026-01-22T11:41:12.697+0000] {dag.py:2676} INFO - Sync 1 DAGs
[2026-01-22T11:41:12.725+0000] {logging_mixin.py:137} INFO - [2026-01-22T11:41:12.725+0000] {dag.py:3427} INFO - Setting next_dagrun for example_sla_dag to 2026-01-22T11:38:00+00:00, run_after=2026-01-22T11:40:00+00:00
[2026-01-22T11:41:12.742+0000] {processor.py:175} INFO - Processing /home/airflow/.local/lib/python3.7/site-packages/airflow/example_dags/example_sla_dag.py took 0.096 seconds
[2026-01-22T11:41:42.817+0000] {processor.py:153} INFO - Started process (PID=1256) to work on /home/airflow/.local/lib/python3.7/site-packages/airflow/example_dags/example_sla_dag.py
[2026-01-22T11:41:42.818+0000] {processor.py:743} INFO - Processing file /home/airflow/.local/lib/python3.7/site-packages/airflow/example_dags/example_sla_dag.py for tasks to queue
[2026-01-22T11:41:42.818+0000] {logging_mixin.py:137} INFO - [2026-01-22T11:41:42.818+0000] {dagbag.py:538} INFO - Filling up the DagBag from /home/airflow/.local/lib/python3.7/site-packages/airflow/example_dags/example_sla_dag.py
[2026-01-22T11:41:42.837+0000] {processor.py:753} INFO - DAG(s) dict_keys(['example_sla_dag']) retrieved from /home/airflow/.local/lib/python3.7/site-packages/airflow/example_dags/example_sla_dag.py
[2026-01-22T11:41:42.864+0000] {logging_mixin.py:137} INFO - [2026-01-22T11:41:42.864+0000] {dag.py:2676} INFO - Sync 1 DAGs
[2026-01-22T11:41:42.886+0000] {logging_mixin.py:137} INFO - [2026-01-22T11:41:42.886+0000] {dag.py:3427} INFO - Setting next_dagrun for example_sla_dag to 2026-01-22T11:38:00+00:00, run_after=2026-01-22T11:40:00+00:00
[2026-01-22T11:41:42.901+0000] {processor.py:175} INFO - Processing /home/airflow/.local/lib/python3.7/site-packages/airflow/example_dags/example_sla_dag.py took 0.086 seconds
[2026-01-22T11:42:13.259+0000] {processor.py:153} INFO - Started process (PID=1355) to work on /home/airflow/.local/lib/python3.7/site-packages/airflow/example_dags/example_sla_dag.py
[2026-01-22T11:42:13.260+0000] {processor.py:743} INFO - Processing file /home/airflow/.local/lib/python3.7/site-packages/airflow/example_dags/example_sla_dag.py for tasks to queue
[2026-01-22T11:42:13.261+0000] {logging_mixin.py:137} INFO - [2026-01-22T11:42:13.260+0000] {dagbag.py:538} INFO - Filling up the DagBag from /home/airflow/.local/lib/python3.7/site-packages/airflow/example_dags/example_sla_dag.py
[2026-01-22T11:42:13.278+0000] {processor.py:753} INFO - DAG(s) dict_keys(['example_sla_dag']) retrieved from /home/airflow/.local/lib/python3.7/site-packages/airflow/example_dags/example_sla_dag.py
[2026-01-22T11:42:13.305+0000] {logging_mixin.py:137} INFO - [2026-01-22T11:42:13.305+0000] {dag.py:2676} INFO - Sync 1 DAGs
[2026-01-22T11:42:13.326+0000] {logging_mixin.py:137} INFO - [2026-01-22T11:42:13.326+0000] {dag.py:3427} INFO - Setting next_dagrun for example_sla_dag to 2026-01-22T11:40:00+00:00, run_after=2026-01-22T11:42:00+00:00
[2026-01-22T11:42:13.339+0000] {processor.py:175} INFO - Processing /home/airflow/.local/lib/python3.7/site-packages/airflow/example_dags/example_sla_dag.py took 0.082 seconds
[2026-01-22T11:42:43.458+0000] {processor.py:153} INFO - Started process (PID=1433) to work on /home/airflow/.local/lib/python3.7/site-packages/airflow/example_dags/example_sla_dag.py
[2026-01-22T11:42:43.459+0000] {processor.py:743} INFO - Processing file /home/airflow/.local/lib/python3.7/site-packages/airflow/example_dags/example_sla_dag.py for tasks to queue
[2026-01-22T11:42:43.459+0000] {logging_mixin.py:137} INFO - [2026-01-22T11:42:43.459+0000] {dagbag.py:538} INFO - Filling up the DagBag from /home/airflow/.local/lib/python3.7/site-packages/airflow/example_dags/example_sla_dag.py
[2026-01-22T11:42:43.477+0000] {processor.py:753} INFO - DAG(s) dict_keys(['example_sla_dag']) retrieved from /home/airflow/.local/lib/python3.7/site-packages/airflow/example_dags/example_sla_dag.py
[2026-01-22T11:42:43.506+0000] {logging_mixin.py:137} INFO - [2026-01-22T11:42:43.505+0000] {dag.py:2676} INFO - Sync 1 DAGs
[2026-01-22T11:42:43.526+0000] {logging_mixin.py:137} INFO - [2026-01-22T11:42:43.526+0000] {dag.py:3427} INFO - Setting next_dagrun for example_sla_dag to 2026-01-22T11:40:00+00:00, run_after=2026-01-22T11:42:00+00:00
[2026-01-22T11:42:43.541+0000] {processor.py:175} INFO - Processing /home/airflow/.local/lib/python3.7/site-packages/airflow/example_dags/example_sla_dag.py took 0.086 seconds
[2026-01-22T11:43:14.532+0000] {processor.py:153} INFO - Started process (PID=1531) to work on /home/airflow/.local/lib/python3.7/site-packages/airflow/example_dags/example_sla_dag.py
[2026-01-22T11:43:14.533+0000] {processor.py:743} INFO - Processing file /home/airflow/.local/lib/python3.7/site-packages/airflow/example_dags/example_sla_dag.py for tasks to queue
[2026-01-22T11:43:14.533+0000] {logging_mixin.py:137} INFO - [2026-01-22T11:43:14.533+0000] {dagbag.py:538} INFO - Filling up the DagBag from /home/airflow/.local/lib/python3.7/site-packages/airflow/example_dags/example_sla_dag.py
[2026-01-22T11:43:14.551+0000] {processor.py:753} INFO - DAG(s) dict_keys(['example_sla_dag']) retrieved from /home/airflow/.local/lib/python3.7/site-packages/airflow/example_dags/example_sla_dag.py
[2026-01-22T11:43:14.577+0000] {logging_mixin.py:137} INFO - [2026-01-22T11:43:14.577+0000] {dag.py:2676} INFO - Sync 1 DAGs
[2026-01-22T11:43:14.599+0000] {logging_mixin.py:137} INFO - [2026-01-22T11:43:14.599+0000] {dag.py:3427} INFO - Setting next_dagrun for example_sla_dag to 2026-01-22T11:40:00+00:00, run_after=2026-01-22T11:42:00+00:00
[2026-01-22T11:43:14.612+0000] {processor.py:175} INFO - Processing /home/airflow/.local/lib/python3.7/site-packages/airflow/example_dags/example_sla_dag.py took 0.082 seconds
[2026-01-22T11:43:44.710+0000] {processor.py:153} INFO - Started process (PID=1629) to work on /home/airflow/.local/lib/python3.7/site-packages/airflow/example_dags/example_sla_dag.py
[2026-01-22T11:43:44.711+0000] {processor.py:743} INFO - Processing file /home/airflow/.local/lib/python3.7/site-packages/airflow/example_dags/example_sla_dag.py for tasks to queue
[2026-01-22T11:43:44.712+0000] {logging_mixin.py:137} INFO - [2026-01-22T11:43:44.712+0000] {dagbag.py:538} INFO - Filling up the DagBag from /home/airflow/.local/lib/python3.7/site-packages/airflow/example_dags/example_sla_dag.py
[2026-01-22T11:43:44.731+0000] {processor.py:753} INFO - DAG(s) dict_keys(['example_sla_dag']) retrieved from /home/airflow/.local/lib/python3.7/site-packages/airflow/example_dags/example_sla_dag.py
[2026-01-22T11:43:44.763+0000] {logging_mixin.py:137} INFO - [2026-01-22T11:43:44.763+0000] {dag.py:2676} INFO - Sync 1 DAGs
[2026-01-22T11:43:44.788+0000] {logging_mixin.py:137} INFO - [2026-01-22T11:43:44.787+0000] {dag.py:3427} INFO - Setting next_dagrun for example_sla_dag to 2026-01-22T11:40:00+00:00, run_after=2026-01-22T11:42:00+00:00
[2026-01-22T11:43:44.804+0000] {processor.py:175} INFO - Processing /home/airflow/.local/lib/python3.7/site-packages/airflow/example_dags/example_sla_dag.py took 0.096 seconds
[2026-01-22T11:44:14.908+0000] {processor.py:153} INFO - Started process (PID=1707) to work on /home/airflow/.local/lib/python3.7/site-packages/airflow/example_dags/example_sla_dag.py
[2026-01-22T11:44:14.909+0000] {processor.py:743} INFO - Processing file /home/airflow/.local/lib/python3.7/site-packages/airflow/example_dags/example_sla_dag.py for tasks to queue
[2026-01-22T11:44:14.910+0000] {logging_mixin.py:137} INFO - [2026-01-22T11:44:14.909+0000] {dagbag.py:538} INFO - Filling up the DagBag from /home/airflow/.local/lib/python3.7/site-packages/airflow/example_dags/example_sla_dag.py
[2026-01-22T11:44:14.927+0000] {processor.py:753} INFO - DAG(s) dict_keys(['example_sla_dag']) retrieved from /home/airflow/.local/lib/python3.7/site-packages/airflow/example_dags/example_sla_dag.py
[2026-01-22T11:44:14.955+0000] {logging_mixin.py:137} INFO - [2026-01-22T11:44:14.954+0000] {dag.py:2676} INFO - Sync 1 DAGs
[2026-01-22T11:44:14.975+0000] {logging_mixin.py:137} INFO - [2026-01-22T11:44:14.975+0000] {dag.py:3427} INFO - Setting next_dagrun for example_sla_dag to 2026-01-22T11:42:00+00:00, run_after=2026-01-22T11:44:00+00:00
[2026-01-22T11:44:14.989+0000] {processor.py:175} INFO - Processing /home/airflow/.local/lib/python3.7/site-packages/airflow/example_dags/example_sla_dag.py took 0.083 seconds
[2026-01-22T11:44:45.222+0000] {processor.py:153} INFO - Started process (PID=1805) to work on /home/airflow/.local/lib/python3.7/site-packages/airflow/example_dags/example_sla_dag.py
[2026-01-22T11:44:45.223+0000] {processor.py:743} INFO - Processing file /home/airflow/.local/lib/python3.7/site-packages/airflow/example_dags/example_sla_dag.py for tasks to queue
[2026-01-22T11:44:45.224+0000] {logging_mixin.py:137} INFO - [2026-01-22T11:44:45.223+0000] {dagbag.py:538} INFO - Filling up the DagBag from /home/airflow/.local/lib/python3.7/site-packages/airflow/example_dags/example_sla_dag.py
[2026-01-22T11:44:45.244+0000] {processor.py:753} INFO - DAG(s) dict_keys(['example_sla_dag']) retrieved from /home/airflow/.local/lib/python3.7/site-packages/airflow/example_dags/example_sla_dag.py
[2026-01-22T11:44:45.272+0000] {logging_mixin.py:137} INFO - [2026-01-22T11:44:45.272+0000] {dag.py:2676} INFO - Sync 1 DAGs
[2026-01-22T11:44:45.293+0000] {logging_mixin.py:137} INFO - [2026-01-22T11:44:45.293+0000] {dag.py:3427} INFO - Setting next_dagrun for example_sla_dag to 2026-01-22T11:42:00+00:00, run_after=2026-01-22T11:44:00+00:00
[2026-01-22T11:44:45.308+0000] {processor.py:175} INFO - Processing /home/airflow/.local/lib/python3.7/site-packages/airflow/example_dags/example_sla_dag.py took 0.088 seconds
[2026-01-22T11:45:15.394+0000] {processor.py:153} INFO - Started process (PID=1883) to work on /home/airflow/.local/lib/python3.7/site-packages/airflow/example_dags/example_sla_dag.py
[2026-01-22T11:45:15.395+0000] {processor.py:743} INFO - Processing file /home/airflow/.local/lib/python3.7/site-packages/airflow/example_dags/example_sla_dag.py for tasks to queue
[2026-01-22T11:45:15.396+0000] {logging_mixin.py:137} INFO - [2026-01-22T11:45:15.396+0000] {dagbag.py:538} INFO - Filling up the DagBag from /home/airflow/.local/lib/python3.7/site-packages/airflow/example_dags/example_sla_dag.py
[2026-01-22T11:45:15.414+0000] {processor.py:753} INFO - DAG(s) dict_keys(['example_sla_dag']) retrieved from /home/airflow/.local/lib/python3.7/site-packages/airflow/example_dags/example_sla_dag.py
[2026-01-22T11:45:15.442+0000] {logging_mixin.py:137} INFO - [2026-01-22T11:45:15.442+0000] {dag.py:2676} INFO - Sync 1 DAGs
[2026-01-22T11:45:15.465+0000] {logging_mixin.py:137} INFO - [2026-01-22T11:45:15.465+0000] {dag.py:3427} INFO - Setting next_dagrun for example_sla_dag to 2026-01-22T11:42:00+00:00, run_after=2026-01-22T11:44:00+00:00
[2026-01-22T11:45:15.480+0000] {processor.py:175} INFO - Processing /home/airflow/.local/lib/python3.7/site-packages/airflow/example_dags/example_sla_dag.py took 0.088 seconds
[2026-01-22T11:45:45.534+0000] {processor.py:153} INFO - Started process (PID=1981) to work on /home/airflow/.local/lib/python3.7/site-packages/airflow/example_dags/example_sla_dag.py
[2026-01-22T11:45:45.535+0000] {processor.py:743} INFO - Processing file /home/airflow/.local/lib/python3.7/site-packages/airflow/example_dags/example_sla_dag.py for tasks to queue
[2026-01-22T11:45:45.535+0000] {logging_mixin.py:137} INFO - [2026-01-22T11:45:45.535+0000] {dagbag.py:538} INFO - Filling up the DagBag from /home/airflow/.local/lib/python3.7/site-packages/airflow/example_dags/example_sla_dag.py
[2026-01-22T11:45:45.554+0000] {processor.py:753} INFO - DAG(s) dict_keys(['example_sla_dag']) retrieved from /home/airflow/.local/lib/python3.7/site-packages/airflow/example_dags/example_sla_dag.py
[2026-01-22T11:45:45.583+0000] {logging_mixin.py:137} INFO - [2026-01-22T11:45:45.583+0000] {dag.py:2676} INFO - Sync 1 DAGs
[2026-01-22T11:45:45.606+0000] {logging_mixin.py:137} INFO - [2026-01-22T11:45:45.606+0000] {dag.py:3427} INFO - Setting next_dagrun for example_sla_dag to 2026-01-22T11:42:00+00:00, run_after=2026-01-22T11:44:00+00:00
[2026-01-22T11:45:45.621+0000] {processor.py:175} INFO - Processing /home/airflow/.local/lib/python3.7/site-packages/airflow/example_dags/example_sla_dag.py took 0.089 seconds
[2026-01-22T11:46:15.768+0000] {processor.py:153} INFO - Started process (PID=2068) to work on /home/airflow/.local/lib/python3.7/site-packages/airflow/example_dags/example_sla_dag.py
[2026-01-22T11:46:15.769+0000] {processor.py:743} INFO - Processing file /home/airflow/.local/lib/python3.7/site-packages/airflow/example_dags/example_sla_dag.py for tasks to queue
[2026-01-22T11:46:15.769+0000] {logging_mixin.py:137} INFO - [2026-01-22T11:46:15.769+0000] {dagbag.py:538} INFO - Filling up the DagBag from /home/airflow/.local/lib/python3.7/site-packages/airflow/example_dags/example_sla_dag.py
[2026-01-22T11:46:15.787+0000] {processor.py:753} INFO - DAG(s) dict_keys(['example_sla_dag']) retrieved from /home/airflow/.local/lib/python3.7/site-packages/airflow/example_dags/example_sla_dag.py
[2026-01-22T11:46:15.816+0000] {logging_mixin.py:137} INFO - [2026-01-22T11:46:15.816+0000] {dag.py:2676} INFO - Sync 1 DAGs
[2026-01-22T11:46:15.837+0000] {logging_mixin.py:137} INFO - [2026-01-22T11:46:15.837+0000] {dag.py:3427} INFO - Setting next_dagrun for example_sla_dag to 2026-01-22T11:44:00+00:00, run_after=2026-01-22T11:46:00+00:00
[2026-01-22T11:46:15.852+0000] {processor.py:175} INFO - Processing /home/airflow/.local/lib/python3.7/site-packages/airflow/example_dags/example_sla_dag.py took 0.087 seconds
[2026-01-22T11:46:45.940+0000] {processor.py:153} INFO - Started process (PID=2157) to work on /home/airflow/.local/lib/python3.7/site-packages/airflow/example_dags/example_sla_dag.py
[2026-01-22T11:46:45.941+0000] {processor.py:743} INFO - Processing file /home/airflow/.local/lib/python3.7/site-packages/airflow/example_dags/example_sla_dag.py for tasks to queue
[2026-01-22T11:46:45.941+0000] {logging_mixin.py:137} INFO - [2026-01-22T11:46:45.941+0000] {dagbag.py:538} INFO - Filling up the DagBag from /home/airflow/.local/lib/python3.7/site-packages/airflow/example_dags/example_sla_dag.py
[2026-01-22T11:46:45.960+0000] {processor.py:753} INFO - DAG(s) dict_keys(['example_sla_dag']) retrieved from /home/airflow/.local/lib/python3.7/site-packages/airflow/example_dags/example_sla_dag.py
[2026-01-22T11:46:45.988+0000] {logging_mixin.py:137} INFO - [2026-01-22T11:46:45.988+0000] {dag.py:2676} INFO - Sync 1 DAGs
[2026-01-22T11:46:46.010+0000] {logging_mixin.py:137} INFO - [2026-01-22T11:46:46.009+0000] {dag.py:3427} INFO - Setting next_dagrun for example_sla_dag to 2026-01-22T11:44:00+00:00, run_after=2026-01-22T11:46:00+00:00
[2026-01-22T11:46:46.024+0000] {processor.py:175} INFO - Processing /home/airflow/.local/lib/python3.7/site-packages/airflow/example_dags/example_sla_dag.py took 0.087 seconds
[2026-01-22T11:47:16.343+0000] {processor.py:153} INFO - Started process (PID=2255) to work on /home/airflow/.local/lib/python3.7/site-packages/airflow/example_dags/example_sla_dag.py
[2026-01-22T11:47:16.343+0000] {processor.py:743} INFO - Processing file /home/airflow/.local/lib/python3.7/site-packages/airflow/example_dags/example_sla_dag.py for tasks to queue
[2026-01-22T11:47:16.344+0000] {logging_mixin.py:137} INFO - [2026-01-22T11:47:16.344+0000] {dagbag.py:538} INFO - Filling up the DagBag from /home/airflow/.local/lib/python3.7/site-packages/airflow/example_dags/example_sla_dag.py
[2026-01-22T11:47:16.362+0000] {processor.py:753} INFO - DAG(s) dict_keys(['example_sla_dag']) retrieved from /home/airflow/.local/lib/python3.7/site-packages/airflow/example_dags/example_sla_dag.py
[2026-01-22T11:47:16.389+0000] {logging_mixin.py:137} INFO - [2026-01-22T11:47:16.389+0000] {dag.py:2676} INFO - Sync 1 DAGs
[2026-01-22T11:47:16.411+0000] {logging_mixin.py:137} INFO - [2026-01-22T11:47:16.411+0000] {dag.py:3427} INFO - Setting next_dagrun for example_sla_dag to 2026-01-22T11:44:00+00:00, run_after=2026-01-22T11:46:00+00:00
[2026-01-22T11:47:16.424+0000] {processor.py:175} INFO - Processing /home/airflow/.local/lib/python3.7/site-packages/airflow/example_dags/example_sla_dag.py took 0.084 seconds
[2026-01-22T11:47:47.388+0000] {processor.py:153} INFO - Started process (PID=2333) to work on /home/airflow/.local/lib/python3.7/site-packages/airflow/example_dags/example_sla_dag.py
[2026-01-22T11:47:47.388+0000] {processor.py:743} INFO - Processing file /home/airflow/.local/lib/python3.7/site-packages/airflow/example_dags/example_sla_dag.py for tasks to queue
[2026-01-22T11:47:47.389+0000] {logging_mixin.py:137} INFO - [2026-01-22T11:47:47.389+0000] {dagbag.py:538} INFO - Filling up the DagBag from /home/airflow/.local/lib/python3.7/site-packages/airflow/example_dags/example_sla_dag.py
[2026-01-22T11:47:47.406+0000] {processor.py:753} INFO - DAG(s) dict_keys(['example_sla_dag']) retrieved from /home/airflow/.local/lib/python3.7/site-packages/airflow/example_dags/example_sla_dag.py
[2026-01-22T11:47:47.434+0000] {logging_mixin.py:137} INFO - [2026-01-22T11:47:47.434+0000] {dag.py:2676} INFO - Sync 1 DAGs
[2026-01-22T11:47:47.455+0000] {logging_mixin.py:137} INFO - [2026-01-22T11:47:47.455+0000] {dag.py:3427} INFO - Setting next_dagrun for example_sla_dag to 2026-01-22T11:44:00+00:00, run_after=2026-01-22T11:46:00+00:00
[2026-01-22T11:47:47.468+0000] {processor.py:175} INFO - Processing /home/airflow/.local/lib/python3.7/site-packages/airflow/example_dags/example_sla_dag.py took 0.083 seconds
[2026-01-22T11:48:17.597+0000] {processor.py:153} INFO - Started process (PID=2431) to work on /home/airflow/.local/lib/python3.7/site-packages/airflow/example_dags/example_sla_dag.py
[2026-01-22T11:48:17.598+0000] {processor.py:743} INFO - Processing file /home/airflow/.local/lib/python3.7/site-packages/airflow/example_dags/example_sla_dag.py for tasks to queue
[2026-01-22T11:48:17.599+0000] {logging_mixin.py:137} INFO - [2026-01-22T11:48:17.599+0000] {dagbag.py:538} INFO - Filling up the DagBag from /home/airflow/.local/lib/python3.7/site-packages/airflow/example_dags/example_sla_dag.py
[2026-01-22T11:48:17.627+0000] {processor.py:753} INFO - DAG(s) dict_keys(['example_sla_dag']) retrieved from /home/airflow/.local/lib/python3.7/site-packages/airflow/example_dags/example_sla_dag.py
[2026-01-22T11:48:17.686+0000] {logging_mixin.py:137} INFO - [2026-01-22T11:48:17.686+0000] {dag.py:2676} INFO - Sync 1 DAGs
[2026-01-22T11:48:17.712+0000] {logging_mixin.py:137} INFO - [2026-01-22T11:48:17.712+0000] {dag.py:3427} INFO - Setting next_dagrun for example_sla_dag to 2026-01-22T11:46:00+00:00, run_after=2026-01-22T11:48:00+00:00
[2026-01-22T11:48:17.729+0000] {processor.py:175} INFO - Processing /home/airflow/.local/lib/python3.7/site-packages/airflow/example_dags/example_sla_dag.py took 0.136 seconds
