Started process (PID=63) to work on /home/airflow/.local/lib/python3.12/site-packages/airflow/example_dags/example_kubernetes_executor.py
Processing file /home/airflow/.local/lib/python3.12/site-packages/airflow/example_dags/example_kubernetes_executor.py for tasks to queue
Filling up the DagBag from /home/airflow/.local/lib/python3.12/site-packages/airflow/example_dags/example_kubernetes_executor.py
DAG(s) 'example_kubernetes_executor' retrieved from /home/airflow/.local/lib/python3.12/site-packages/airflow/example_dags/example_kubernetes_executor.py
Sync 1 DAGs
Setting next_dagrun for example_kubernetes_executor to None, run_after=None
Processing /home/airflow/.local/lib/python3.12/site-packages/airflow/example_dags/example_kubernetes_executor.py took 0.176 seconds
Started process (PID=129) to work on /home/airflow/.local/lib/python3.12/site-packages/airflow/example_dags/example_kubernetes_executor.py
Processing file /home/airflow/.local/lib/python3.12/site-packages/airflow/example_dags/example_kubernetes_executor.py for tasks to queue
Filling up the DagBag from /home/airflow/.local/lib/python3.12/site-packages/airflow/example_dags/example_kubernetes_executor.py
DAG(s) 'example_kubernetes_executor' retrieved from /home/airflow/.local/lib/python3.12/site-packages/airflow/example_dags/example_kubernetes_executor.py
Sync 1 DAGs
Setting next_dagrun for example_kubernetes_executor to None, run_after=None
Processing /home/airflow/.local/lib/python3.12/site-packages/airflow/example_dags/example_kubernetes_executor.py took 0.067 seconds
Started process (PID=202) to work on /home/airflow/.local/lib/python3.12/site-packages/airflow/example_dags/example_kubernetes_executor.py
Processing file /home/airflow/.local/lib/python3.12/site-packages/airflow/example_dags/example_kubernetes_executor.py for tasks to queue
Filling up the DagBag from /home/airflow/.local/lib/python3.12/site-packages/airflow/example_dags/example_kubernetes_executor.py
DAG(s) 'example_kubernetes_executor' retrieved from /home/airflow/.local/lib/python3.12/site-packages/airflow/example_dags/example_kubernetes_executor.py
Sync 1 DAGs
Setting next_dagrun for example_kubernetes_executor to None, run_after=None
Processing /home/airflow/.local/lib/python3.12/site-packages/airflow/example_dags/example_kubernetes_executor.py took 0.078 seconds
Started process (PID=268) to work on /home/airflow/.local/lib/python3.12/site-packages/airflow/example_dags/example_kubernetes_executor.py
Processing file /home/airflow/.local/lib/python3.12/site-packages/airflow/example_dags/example_kubernetes_executor.py for tasks to queue
Filling up the DagBag from /home/airflow/.local/lib/python3.12/site-packages/airflow/example_dags/example_kubernetes_executor.py
DAG(s) 'example_kubernetes_executor' retrieved from /home/airflow/.local/lib/python3.12/site-packages/airflow/example_dags/example_kubernetes_executor.py
Sync 1 DAGs
Setting next_dagrun for example_kubernetes_executor to None, run_after=None
Processing /home/airflow/.local/lib/python3.12/site-packages/airflow/example_dags/example_kubernetes_executor.py took 0.065 seconds
Started process (PID=342) to work on /home/airflow/.local/lib/python3.12/site-packages/airflow/example_dags/example_kubernetes_executor.py
Processing file /home/airflow/.local/lib/python3.12/site-packages/airflow/example_dags/example_kubernetes_executor.py for tasks to queue
Filling up the DagBag from /home/airflow/.local/lib/python3.12/site-packages/airflow/example_dags/example_kubernetes_executor.py
DAG(s) 'example_kubernetes_executor' retrieved from /home/airflow/.local/lib/python3.12/site-packages/airflow/example_dags/example_kubernetes_executor.py
Sync 1 DAGs
Setting next_dagrun for example_kubernetes_executor to None, run_after=None
Processing /home/airflow/.local/lib/python3.12/site-packages/airflow/example_dags/example_kubernetes_executor.py took 0.074 seconds
Started process (PID=408) to work on /home/airflow/.local/lib/python3.12/site-packages/airflow/example_dags/example_kubernetes_executor.py
Processing file /home/airflow/.local/lib/python3.12/site-packages/airflow/example_dags/example_kubernetes_executor.py for tasks to queue
Filling up the DagBag from /home/airflow/.local/lib/python3.12/site-packages/airflow/example_dags/example_kubernetes_executor.py
DAG(s) 'example_kubernetes_executor' retrieved from /home/airflow/.local/lib/python3.12/site-packages/airflow/example_dags/example_kubernetes_executor.py
Sync 1 DAGs
Setting next_dagrun for example_kubernetes_executor to None, run_after=None
Processing /home/airflow/.local/lib/python3.12/site-packages/airflow/example_dags/example_kubernetes_executor.py took 0.071 seconds
Started process (PID=481) to work on /home/airflow/.local/lib/python3.12/site-packages/airflow/example_dags/example_kubernetes_executor.py
Processing file /home/airflow/.local/lib/python3.12/site-packages/airflow/example_dags/example_kubernetes_executor.py for tasks to queue
Filling up the DagBag from /home/airflow/.local/lib/python3.12/site-packages/airflow/example_dags/example_kubernetes_executor.py
DAG(s) 'example_kubernetes_executor' retrieved from /home/airflow/.local/lib/python3.12/site-packages/airflow/example_dags/example_kubernetes_executor.py
Sync 1 DAGs
Setting next_dagrun for example_kubernetes_executor to None, run_after=None
Processing /home/airflow/.local/lib/python3.12/site-packages/airflow/example_dags/example_kubernetes_executor.py took 0.074 seconds
Started process (PID=547) to work on /home/airflow/.local/lib/python3.12/site-packages/airflow/example_dags/example_kubernetes_executor.py
Processing file /home/airflow/.local/lib/python3.12/site-packages/airflow/example_dags/example_kubernetes_executor.py for tasks to queue
Filling up the DagBag from /home/airflow/.local/lib/python3.12/site-packages/airflow/example_dags/example_kubernetes_executor.py
DAG(s) 'example_kubernetes_executor' retrieved from /home/airflow/.local/lib/python3.12/site-packages/airflow/example_dags/example_kubernetes_executor.py
Sync 1 DAGs
Setting next_dagrun for example_kubernetes_executor to None, run_after=None
Processing /home/airflow/.local/lib/python3.12/site-packages/airflow/example_dags/example_kubernetes_executor.py took 0.067 seconds
Started process (PID=621) to work on /home/airflow/.local/lib/python3.12/site-packages/airflow/example_dags/example_kubernetes_executor.py
Processing file /home/airflow/.local/lib/python3.12/site-packages/airflow/example_dags/example_kubernetes_executor.py for tasks to queue
Filling up the DagBag from /home/airflow/.local/lib/python3.12/site-packages/airflow/example_dags/example_kubernetes_executor.py
DAG(s) 'example_kubernetes_executor' retrieved from /home/airflow/.local/lib/python3.12/site-packages/airflow/example_dags/example_kubernetes_executor.py
Sync 1 DAGs
Setting next_dagrun for example_kubernetes_executor to None, run_after=None
Processing /home/airflow/.local/lib/python3.12/site-packages/airflow/example_dags/example_kubernetes_executor.py took 0.073 seconds
Started process (PID=687) to work on /home/airflow/.local/lib/python3.12/site-packages/airflow/example_dags/example_kubernetes_executor.py
Processing file /home/airflow/.local/lib/python3.12/site-packages/airflow/example_dags/example_kubernetes_executor.py for tasks to queue
Filling up the DagBag from /home/airflow/.local/lib/python3.12/site-packages/airflow/example_dags/example_kubernetes_executor.py
DAG(s) 'example_kubernetes_executor' retrieved from /home/airflow/.local/lib/python3.12/site-packages/airflow/example_dags/example_kubernetes_executor.py
Sync 1 DAGs
Setting next_dagrun for example_kubernetes_executor to None, run_after=None
Processing /home/airflow/.local/lib/python3.12/site-packages/airflow/example_dags/example_kubernetes_executor.py took 1.550 seconds
Started process (PID=760) to work on /home/airflow/.local/lib/python3.12/site-packages/airflow/example_dags/example_kubernetes_executor.py
Processing file /home/airflow/.local/lib/python3.12/site-packages/airflow/example_dags/example_kubernetes_executor.py for tasks to queue
Filling up the DagBag from /home/airflow/.local/lib/python3.12/site-packages/airflow/example_dags/example_kubernetes_executor.py
DAG(s) 'example_kubernetes_executor' retrieved from /home/airflow/.local/lib/python3.12/site-packages/airflow/example_dags/example_kubernetes_executor.py
Sync 1 DAGs
Setting next_dagrun for example_kubernetes_executor to None, run_after=None
Processing /home/airflow/.local/lib/python3.12/site-packages/airflow/example_dags/example_kubernetes_executor.py took 0.081 seconds
Started process (PID=826) to work on /home/airflow/.local/lib/python3.12/site-packages/airflow/example_dags/example_kubernetes_executor.py
Processing file /home/airflow/.local/lib/python3.12/site-packages/airflow/example_dags/example_kubernetes_executor.py for tasks to queue
Filling up the DagBag from /home/airflow/.local/lib/python3.12/site-packages/airflow/example_dags/example_kubernetes_executor.py
DAG(s) 'example_kubernetes_executor' retrieved from /home/airflow/.local/lib/python3.12/site-packages/airflow/example_dags/example_kubernetes_executor.py
Sync 1 DAGs
Setting next_dagrun for example_kubernetes_executor to None, run_after=None
Processing /home/airflow/.local/lib/python3.12/site-packages/airflow/example_dags/example_kubernetes_executor.py took 2.140 seconds
Started process (PID=899) to work on /home/airflow/.local/lib/python3.12/site-packages/airflow/example_dags/example_kubernetes_executor.py
Processing file /home/airflow/.local/lib/python3.12/site-packages/airflow/example_dags/example_kubernetes_executor.py for tasks to queue
Filling up the DagBag from /home/airflow/.local/lib/python3.12/site-packages/airflow/example_dags/example_kubernetes_executor.py
DAG(s) 'example_kubernetes_executor' retrieved from /home/airflow/.local/lib/python3.12/site-packages/airflow/example_dags/example_kubernetes_executor.py
Sync 1 DAGs
Setting next_dagrun for example_kubernetes_executor to None, run_after=None
Processing /home/airflow/.local/lib/python3.12/site-packages/airflow/example_dags/example_kubernetes_executor.py took 0.751 seconds
Started process (PID=966) to work on /home/airflow/.local/lib/python3.12/site-packages/airflow/example_dags/example_kubernetes_executor.py
Processing file /home/airflow/.local/lib/python3.12/site-packages/airflow/example_dags/example_kubernetes_executor.py for tasks to queue
Filling up the DagBag from /home/airflow/.local/lib/python3.12/site-packages/airflow/example_dags/example_kubernetes_executor.py
DAG(s) 'example_kubernetes_executor' retrieved from /home/airflow/.local/lib/python3.12/site-packages/airflow/example_dags/example_kubernetes_executor.py
Sync 1 DAGs
Setting next_dagrun for example_kubernetes_executor to None, run_after=None
Processing /home/airflow/.local/lib/python3.12/site-packages/airflow/example_dags/example_kubernetes_executor.py took 3.294 seconds
Started process (PID=1038) to work on /home/airflow/.local/lib/python3.12/site-packages/airflow/example_dags/example_kubernetes_executor.py
Processing file /home/airflow/.local/lib/python3.12/site-packages/airflow/example_dags/example_kubernetes_executor.py for tasks to queue
Filling up the DagBag from /home/airflow/.local/lib/python3.12/site-packages/airflow/example_dags/example_kubernetes_executor.py
DAG(s) 'example_kubernetes_executor' retrieved from /home/airflow/.local/lib/python3.12/site-packages/airflow/example_dags/example_kubernetes_executor.py
Sync 1 DAGs
Setting next_dagrun for example_kubernetes_executor to None, run_after=None
Processing /home/airflow/.local/lib/python3.12/site-packages/airflow/example_dags/example_kubernetes_executor.py took 0.069 seconds
Started process (PID=1104) to work on /home/airflow/.local/lib/python3.12/site-packages/airflow/example_dags/example_kubernetes_executor.py
Processing file /home/airflow/.local/lib/python3.12/site-packages/airflow/example_dags/example_kubernetes_executor.py for tasks to queue
Filling up the DagBag from /home/airflow/.local/lib/python3.12/site-packages/airflow/example_dags/example_kubernetes_executor.py
DAG(s) 'example_kubernetes_executor' retrieved from /home/airflow/.local/lib/python3.12/site-packages/airflow/example_dags/example_kubernetes_executor.py
Sync 1 DAGs
Setting next_dagrun for example_kubernetes_executor to None, run_after=None
Processing /home/airflow/.local/lib/python3.12/site-packages/airflow/example_dags/example_kubernetes_executor.py took 0.070 seconds
Started process (PID=1177) to work on /home/airflow/.local/lib/python3.12/site-packages/airflow/example_dags/example_kubernetes_executor.py
Processing file /home/airflow/.local/lib/python3.12/site-packages/airflow/example_dags/example_kubernetes_executor.py for tasks to queue
Filling up the DagBag from /home/airflow/.local/lib/python3.12/site-packages/airflow/example_dags/example_kubernetes_executor.py
DAG(s) 'example_kubernetes_executor' retrieved from /home/airflow/.local/lib/python3.12/site-packages/airflow/example_dags/example_kubernetes_executor.py
Sync 1 DAGs
Setting next_dagrun for example_kubernetes_executor to None, run_after=None
Processing /home/airflow/.local/lib/python3.12/site-packages/airflow/example_dags/example_kubernetes_executor.py took 0.064 seconds
Started process (PID=1243) to work on /home/airflow/.local/lib/python3.12/site-packages/airflow/example_dags/example_kubernetes_executor.py
Processing file /home/airflow/.local/lib/python3.12/site-packages/airflow/example_dags/example_kubernetes_executor.py for tasks to queue
Filling up the DagBag from /home/airflow/.local/lib/python3.12/site-packages/airflow/example_dags/example_kubernetes_executor.py
DAG(s) 'example_kubernetes_executor' retrieved from /home/airflow/.local/lib/python3.12/site-packages/airflow/example_dags/example_kubernetes_executor.py
Sync 1 DAGs
Setting next_dagrun for example_kubernetes_executor to None, run_after=None
Processing /home/airflow/.local/lib/python3.12/site-packages/airflow/example_dags/example_kubernetes_executor.py took 0.066 seconds
Started process (PID=1316) to work on /home/airflow/.local/lib/python3.12/site-packages/airflow/example_dags/example_kubernetes_executor.py
Processing file /home/airflow/.local/lib/python3.12/site-packages/airflow/example_dags/example_kubernetes_executor.py for tasks to queue
Filling up the DagBag from /home/airflow/.local/lib/python3.12/site-packages/airflow/example_dags/example_kubernetes_executor.py
DAG(s) 'example_kubernetes_executor' retrieved from /home/airflow/.local/lib/python3.12/site-packages/airflow/example_dags/example_kubernetes_executor.py
Sync 1 DAGs
Setting next_dagrun for example_kubernetes_executor to None, run_after=None
Processing /home/airflow/.local/lib/python3.12/site-packages/airflow/example_dags/example_kubernetes_executor.py took 0.062 seconds
Started process (PID=1382) to work on /home/airflow/.local/lib/python3.12/site-packages/airflow/example_dags/example_kubernetes_executor.py
Processing file /home/airflow/.local/lib/python3.12/site-packages/airflow/example_dags/example_kubernetes_executor.py for tasks to queue
Filling up the DagBag from /home/airflow/.local/lib/python3.12/site-packages/airflow/example_dags/example_kubernetes_executor.py
DAG(s) 'example_kubernetes_executor' retrieved from /home/airflow/.local/lib/python3.12/site-packages/airflow/example_dags/example_kubernetes_executor.py
Sync 1 DAGs
Setting next_dagrun for example_kubernetes_executor to None, run_after=None
Processing /home/airflow/.local/lib/python3.12/site-packages/airflow/example_dags/example_kubernetes_executor.py took 0.068 seconds
Started process (PID=1455) to work on /home/airflow/.local/lib/python3.12/site-packages/airflow/example_dags/example_kubernetes_executor.py
Processing file /home/airflow/.local/lib/python3.12/site-packages/airflow/example_dags/example_kubernetes_executor.py for tasks to queue
Filling up the DagBag from /home/airflow/.local/lib/python3.12/site-packages/airflow/example_dags/example_kubernetes_executor.py
DAG(s) 'example_kubernetes_executor' retrieved from /home/airflow/.local/lib/python3.12/site-packages/airflow/example_dags/example_kubernetes_executor.py
Sync 1 DAGs
Setting next_dagrun for example_kubernetes_executor to None, run_after=None
Processing /home/airflow/.local/lib/python3.12/site-packages/airflow/example_dags/example_kubernetes_executor.py took 0.065 seconds
Started process (PID=1521) to work on /home/airflow/.local/lib/python3.12/site-packages/airflow/example_dags/example_kubernetes_executor.py
Processing file /home/airflow/.local/lib/python3.12/site-packages/airflow/example_dags/example_kubernetes_executor.py for tasks to queue
Filling up the DagBag from /home/airflow/.local/lib/python3.12/site-packages/airflow/example_dags/example_kubernetes_executor.py
DAG(s) 'example_kubernetes_executor' retrieved from /home/airflow/.local/lib/python3.12/site-packages/airflow/example_dags/example_kubernetes_executor.py
Sync 1 DAGs
Setting next_dagrun for example_kubernetes_executor to None, run_after=None
Processing /home/airflow/.local/lib/python3.12/site-packages/airflow/example_dags/example_kubernetes_executor.py took 0.656 seconds
Started process (PID=1594) to work on /home/airflow/.local/lib/python3.12/site-packages/airflow/example_dags/example_kubernetes_executor.py
Processing file /home/airflow/.local/lib/python3.12/site-packages/airflow/example_dags/example_kubernetes_executor.py for tasks to queue
Filling up the DagBag from /home/airflow/.local/lib/python3.12/site-packages/airflow/example_dags/example_kubernetes_executor.py
DAG(s) 'example_kubernetes_executor' retrieved from /home/airflow/.local/lib/python3.12/site-packages/airflow/example_dags/example_kubernetes_executor.py
Sync 1 DAGs
Setting next_dagrun for example_kubernetes_executor to None, run_after=None
Processing /home/airflow/.local/lib/python3.12/site-packages/airflow/example_dags/example_kubernetes_executor.py took 0.722 seconds
Started process (PID=1667) to work on /home/airflow/.local/lib/python3.12/site-packages/airflow/example_dags/example_kubernetes_executor.py
Processing file /home/airflow/.local/lib/python3.12/site-packages/airflow/example_dags/example_kubernetes_executor.py for tasks to queue
Filling up the DagBag from /home/airflow/.local/lib/python3.12/site-packages/airflow/example_dags/example_kubernetes_executor.py
DAG(s) 'example_kubernetes_executor' retrieved from /home/airflow/.local/lib/python3.12/site-packages/airflow/example_dags/example_kubernetes_executor.py
Sync 1 DAGs
Setting next_dagrun for example_kubernetes_executor to None, run_after=None
Processing /home/airflow/.local/lib/python3.12/site-packages/airflow/example_dags/example_kubernetes_executor.py took 0.071 seconds
Started process (PID=1733) to work on /home/airflow/.local/lib/python3.12/site-packages/airflow/example_dags/example_kubernetes_executor.py
Processing file /home/airflow/.local/lib/python3.12/site-packages/airflow/example_dags/example_kubernetes_executor.py for tasks to queue
Filling up the DagBag from /home/airflow/.local/lib/python3.12/site-packages/airflow/example_dags/example_kubernetes_executor.py
DAG(s) 'example_kubernetes_executor' retrieved from /home/airflow/.local/lib/python3.12/site-packages/airflow/example_dags/example_kubernetes_executor.py
Sync 1 DAGs
Setting next_dagrun for example_kubernetes_executor to None, run_after=None
Processing /home/airflow/.local/lib/python3.12/site-packages/airflow/example_dags/example_kubernetes_executor.py took 1.362 seconds
Started process (PID=1806) to work on /home/airflow/.local/lib/python3.12/site-packages/airflow/example_dags/example_kubernetes_executor.py
Processing file /home/airflow/.local/lib/python3.12/site-packages/airflow/example_dags/example_kubernetes_executor.py for tasks to queue
Filling up the DagBag from /home/airflow/.local/lib/python3.12/site-packages/airflow/example_dags/example_kubernetes_executor.py
DAG(s) 'example_kubernetes_executor' retrieved from /home/airflow/.local/lib/python3.12/site-packages/airflow/example_dags/example_kubernetes_executor.py
Sync 1 DAGs
Setting next_dagrun for example_kubernetes_executor to None, run_after=None
Processing /home/airflow/.local/lib/python3.12/site-packages/airflow/example_dags/example_kubernetes_executor.py took 0.066 seconds
Started process (PID=1872) to work on /home/airflow/.local/lib/python3.12/site-packages/airflow/example_dags/example_kubernetes_executor.py
Processing file /home/airflow/.local/lib/python3.12/site-packages/airflow/example_dags/example_kubernetes_executor.py for tasks to queue
Filling up the DagBag from /home/airflow/.local/lib/python3.12/site-packages/airflow/example_dags/example_kubernetes_executor.py
DAG(s) 'example_kubernetes_executor' retrieved from /home/airflow/.local/lib/python3.12/site-packages/airflow/example_dags/example_kubernetes_executor.py
Sync 1 DAGs
Setting next_dagrun for example_kubernetes_executor to None, run_after=None
Processing /home/airflow/.local/lib/python3.12/site-packages/airflow/example_dags/example_kubernetes_executor.py took 3.701 seconds
Started process (PID=1946) to work on /home/airflow/.local/lib/python3.12/site-packages/airflow/example_dags/example_kubernetes_executor.py
Processing file /home/airflow/.local/lib/python3.12/site-packages/airflow/example_dags/example_kubernetes_executor.py for tasks to queue
Filling up the DagBag from /home/airflow/.local/lib/python3.12/site-packages/airflow/example_dags/example_kubernetes_executor.py
DAG(s) 'example_kubernetes_executor' retrieved from /home/airflow/.local/lib/python3.12/site-packages/airflow/example_dags/example_kubernetes_executor.py
Sync 1 DAGs
Setting next_dagrun for example_kubernetes_executor to None, run_after=None
Processing /home/airflow/.local/lib/python3.12/site-packages/airflow/example_dags/example_kubernetes_executor.py took 0.141 seconds
Started process (PID=2019) to work on /home/airflow/.local/lib/python3.12/site-packages/airflow/example_dags/example_kubernetes_executor.py
Processing file /home/airflow/.local/lib/python3.12/site-packages/airflow/example_dags/example_kubernetes_executor.py for tasks to queue
Filling up the DagBag from /home/airflow/.local/lib/python3.12/site-packages/airflow/example_dags/example_kubernetes_executor.py
DAG(s) 'example_kubernetes_executor' retrieved from /home/airflow/.local/lib/python3.12/site-packages/airflow/example_dags/example_kubernetes_executor.py
Sync 1 DAGs
Setting next_dagrun for example_kubernetes_executor to None, run_after=None
Processing /home/airflow/.local/lib/python3.12/site-packages/airflow/example_dags/example_kubernetes_executor.py took 0.121 seconds
Started process (PID=2085) to work on /home/airflow/.local/lib/python3.12/site-packages/airflow/example_dags/example_kubernetes_executor.py
Processing file /home/airflow/.local/lib/python3.12/site-packages/airflow/example_dags/example_kubernetes_executor.py for tasks to queue
Filling up the DagBag from /home/airflow/.local/lib/python3.12/site-packages/airflow/example_dags/example_kubernetes_executor.py
DAG(s) 'example_kubernetes_executor' retrieved from /home/airflow/.local/lib/python3.12/site-packages/airflow/example_dags/example_kubernetes_executor.py
Sync 1 DAGs
Setting next_dagrun for example_kubernetes_executor to None, run_after=None
Processing /home/airflow/.local/lib/python3.12/site-packages/airflow/example_dags/example_kubernetes_executor.py took 0.060 seconds
Started process (PID=2158) to work on /home/airflow/.local/lib/python3.12/site-packages/airflow/example_dags/example_kubernetes_executor.py
Processing file /home/airflow/.local/lib/python3.12/site-packages/airflow/example_dags/example_kubernetes_executor.py for tasks to queue
Filling up the DagBag from /home/airflow/.local/lib/python3.12/site-packages/airflow/example_dags/example_kubernetes_executor.py
DAG(s) 'example_kubernetes_executor' retrieved from /home/airflow/.local/lib/python3.12/site-packages/airflow/example_dags/example_kubernetes_executor.py
Sync 1 DAGs
Setting next_dagrun for example_kubernetes_executor to None, run_after=None
Processing /home/airflow/.local/lib/python3.12/site-packages/airflow/example_dags/example_kubernetes_executor.py took 0.062 seconds
Started process (PID=2224) to work on /home/airflow/.local/lib/python3.12/site-packages/airflow/example_dags/example_kubernetes_executor.py
Processing file /home/airflow/.local/lib/python3.12/site-packages/airflow/example_dags/example_kubernetes_executor.py for tasks to queue
Filling up the DagBag from /home/airflow/.local/lib/python3.12/site-packages/airflow/example_dags/example_kubernetes_executor.py
DAG(s) 'example_kubernetes_executor' retrieved from /home/airflow/.local/lib/python3.12/site-packages/airflow/example_dags/example_kubernetes_executor.py
Sync 1 DAGs
Setting next_dagrun for example_kubernetes_executor to None, run_after=None
Processing /home/airflow/.local/lib/python3.12/site-packages/airflow/example_dags/example_kubernetes_executor.py took 0.069 seconds
Started process (PID=2298) to work on /home/airflow/.local/lib/python3.12/site-packages/airflow/example_dags/example_kubernetes_executor.py
Processing file /home/airflow/.local/lib/python3.12/site-packages/airflow/example_dags/example_kubernetes_executor.py for tasks to queue
Filling up the DagBag from /home/airflow/.local/lib/python3.12/site-packages/airflow/example_dags/example_kubernetes_executor.py
DAG(s) 'example_kubernetes_executor' retrieved from /home/airflow/.local/lib/python3.12/site-packages/airflow/example_dags/example_kubernetes_executor.py
Sync 1 DAGs
Setting next_dagrun for example_kubernetes_executor to None, run_after=None
Processing /home/airflow/.local/lib/python3.12/site-packages/airflow/example_dags/example_kubernetes_executor.py took 0.070 seconds
Started process (PID=2364) to work on /home/airflow/.local/lib/python3.12/site-packages/airflow/example_dags/example_kubernetes_executor.py
Processing file /home/airflow/.local/lib/python3.12/site-packages/airflow/example_dags/example_kubernetes_executor.py for tasks to queue
Filling up the DagBag from /home/airflow/.local/lib/python3.12/site-packages/airflow/example_dags/example_kubernetes_executor.py
DAG(s) 'example_kubernetes_executor' retrieved from /home/airflow/.local/lib/python3.12/site-packages/airflow/example_dags/example_kubernetes_executor.py
Sync 1 DAGs
Setting next_dagrun for example_kubernetes_executor to None, run_after=None
Processing /home/airflow/.local/lib/python3.12/site-packages/airflow/example_dags/example_kubernetes_executor.py took 0.065 seconds
Started process (PID=2437) to work on /home/airflow/.local/lib/python3.12/site-packages/airflow/example_dags/example_kubernetes_executor.py
Processing file /home/airflow/.local/lib/python3.12/site-packages/airflow/example_dags/example_kubernetes_executor.py for tasks to queue
Filling up the DagBag from /home/airflow/.local/lib/python3.12/site-packages/airflow/example_dags/example_kubernetes_executor.py
DAG(s) 'example_kubernetes_executor' retrieved from /home/airflow/.local/lib/python3.12/site-packages/airflow/example_dags/example_kubernetes_executor.py
Sync 1 DAGs
Setting next_dagrun for example_kubernetes_executor to None, run_after=None
Processing /home/airflow/.local/lib/python3.12/site-packages/airflow/example_dags/example_kubernetes_executor.py took 0.062 seconds
Started process (PID=2503) to work on /home/airflow/.local/lib/python3.12/site-packages/airflow/example_dags/example_kubernetes_executor.py
Processing file /home/airflow/.local/lib/python3.12/site-packages/airflow/example_dags/example_kubernetes_executor.py for tasks to queue
Filling up the DagBag from /home/airflow/.local/lib/python3.12/site-packages/airflow/example_dags/example_kubernetes_executor.py
DAG(s) 'example_kubernetes_executor' retrieved from /home/airflow/.local/lib/python3.12/site-packages/airflow/example_dags/example_kubernetes_executor.py
Sync 1 DAGs
Setting next_dagrun for example_kubernetes_executor to None, run_after=None
Processing /home/airflow/.local/lib/python3.12/site-packages/airflow/example_dags/example_kubernetes_executor.py took 0.060 seconds
Started process (PID=2576) to work on /home/airflow/.local/lib/python3.12/site-packages/airflow/example_dags/example_kubernetes_executor.py
Processing file /home/airflow/.local/lib/python3.12/site-packages/airflow/example_dags/example_kubernetes_executor.py for tasks to queue
Filling up the DagBag from /home/airflow/.local/lib/python3.12/site-packages/airflow/example_dags/example_kubernetes_executor.py
DAG(s) 'example_kubernetes_executor' retrieved from /home/airflow/.local/lib/python3.12/site-packages/airflow/example_dags/example_kubernetes_executor.py
Sync 1 DAGs
Setting next_dagrun for example_kubernetes_executor to None, run_after=None
Processing /home/airflow/.local/lib/python3.12/site-packages/airflow/example_dags/example_kubernetes_executor.py took 0.061 seconds
Started process (PID=2642) to work on /home/airflow/.local/lib/python3.12/site-packages/airflow/example_dags/example_kubernetes_executor.py
Processing file /home/airflow/.local/lib/python3.12/site-packages/airflow/example_dags/example_kubernetes_executor.py for tasks to queue
Filling up the DagBag from /home/airflow/.local/lib/python3.12/site-packages/airflow/example_dags/example_kubernetes_executor.py
DAG(s) 'example_kubernetes_executor' retrieved from /home/airflow/.local/lib/python3.12/site-packages/airflow/example_dags/example_kubernetes_executor.py
Sync 1 DAGs
Setting next_dagrun for example_kubernetes_executor to None, run_after=None
Processing /home/airflow/.local/lib/python3.12/site-packages/airflow/example_dags/example_kubernetes_executor.py took 0.060 seconds
Started process (PID=2715) to work on /home/airflow/.local/lib/python3.12/site-packages/airflow/example_dags/example_kubernetes_executor.py
Processing file /home/airflow/.local/lib/python3.12/site-packages/airflow/example_dags/example_kubernetes_executor.py for tasks to queue
Filling up the DagBag from /home/airflow/.local/lib/python3.12/site-packages/airflow/example_dags/example_kubernetes_executor.py
DAG(s) 'example_kubernetes_executor' retrieved from /home/airflow/.local/lib/python3.12/site-packages/airflow/example_dags/example_kubernetes_executor.py
Sync 1 DAGs
Setting next_dagrun for example_kubernetes_executor to None, run_after=None
Processing /home/airflow/.local/lib/python3.12/site-packages/airflow/example_dags/example_kubernetes_executor.py took 0.061 seconds
Started process (PID=2781) to work on /home/airflow/.local/lib/python3.12/site-packages/airflow/example_dags/example_kubernetes_executor.py
Processing file /home/airflow/.local/lib/python3.12/site-packages/airflow/example_dags/example_kubernetes_executor.py for tasks to queue
Filling up the DagBag from /home/airflow/.local/lib/python3.12/site-packages/airflow/example_dags/example_kubernetes_executor.py
DAG(s) 'example_kubernetes_executor' retrieved from /home/airflow/.local/lib/python3.12/site-packages/airflow/example_dags/example_kubernetes_executor.py
Sync 1 DAGs
Setting next_dagrun for example_kubernetes_executor to None, run_after=None
Processing /home/airflow/.local/lib/python3.12/site-packages/airflow/example_dags/example_kubernetes_executor.py took 0.066 seconds
Started process (PID=2854) to work on /home/airflow/.local/lib/python3.12/site-packages/airflow/example_dags/example_kubernetes_executor.py
Processing file /home/airflow/.local/lib/python3.12/site-packages/airflow/example_dags/example_kubernetes_executor.py for tasks to queue
Filling up the DagBag from /home/airflow/.local/lib/python3.12/site-packages/airflow/example_dags/example_kubernetes_executor.py
DAG(s) 'example_kubernetes_executor' retrieved from /home/airflow/.local/lib/python3.12/site-packages/airflow/example_dags/example_kubernetes_executor.py
Sync 1 DAGs
Setting next_dagrun for example_kubernetes_executor to None, run_after=None
Processing /home/airflow/.local/lib/python3.12/site-packages/airflow/example_dags/example_kubernetes_executor.py took 0.060 seconds
Started process (PID=2920) to work on /home/airflow/.local/lib/python3.12/site-packages/airflow/example_dags/example_kubernetes_executor.py
Processing file /home/airflow/.local/lib/python3.12/site-packages/airflow/example_dags/example_kubernetes_executor.py for tasks to queue
Filling up the DagBag from /home/airflow/.local/lib/python3.12/site-packages/airflow/example_dags/example_kubernetes_executor.py
DAG(s) 'example_kubernetes_executor' retrieved from /home/airflow/.local/lib/python3.12/site-packages/airflow/example_dags/example_kubernetes_executor.py
Sync 1 DAGs
Setting next_dagrun for example_kubernetes_executor to None, run_after=None
Processing /home/airflow/.local/lib/python3.12/site-packages/airflow/example_dags/example_kubernetes_executor.py took 0.063 seconds
Started process (PID=2993) to work on /home/airflow/.local/lib/python3.12/site-packages/airflow/example_dags/example_kubernetes_executor.py
Processing file /home/airflow/.local/lib/python3.12/site-packages/airflow/example_dags/example_kubernetes_executor.py for tasks to queue
Filling up the DagBag from /home/airflow/.local/lib/python3.12/site-packages/airflow/example_dags/example_kubernetes_executor.py
DAG(s) 'example_kubernetes_executor' retrieved from /home/airflow/.local/lib/python3.12/site-packages/airflow/example_dags/example_kubernetes_executor.py
Sync 1 DAGs
Setting next_dagrun for example_kubernetes_executor to None, run_after=None
Processing /home/airflow/.local/lib/python3.12/site-packages/airflow/example_dags/example_kubernetes_executor.py took 0.063 seconds
Started process (PID=3059) to work on /home/airflow/.local/lib/python3.12/site-packages/airflow/example_dags/example_kubernetes_executor.py
Processing file /home/airflow/.local/lib/python3.12/site-packages/airflow/example_dags/example_kubernetes_executor.py for tasks to queue
Filling up the DagBag from /home/airflow/.local/lib/python3.12/site-packages/airflow/example_dags/example_kubernetes_executor.py
DAG(s) 'example_kubernetes_executor' retrieved from /home/airflow/.local/lib/python3.12/site-packages/airflow/example_dags/example_kubernetes_executor.py
Sync 1 DAGs
Setting next_dagrun for example_kubernetes_executor to None, run_after=None
Processing /home/airflow/.local/lib/python3.12/site-packages/airflow/example_dags/example_kubernetes_executor.py took 0.268 seconds
Started process (PID=3132) to work on /home/airflow/.local/lib/python3.12/site-packages/airflow/example_dags/example_kubernetes_executor.py
Processing file /home/airflow/.local/lib/python3.12/site-packages/airflow/example_dags/example_kubernetes_executor.py for tasks to queue
Filling up the DagBag from /home/airflow/.local/lib/python3.12/site-packages/airflow/example_dags/example_kubernetes_executor.py
DAG(s) 'example_kubernetes_executor' retrieved from /home/airflow/.local/lib/python3.12/site-packages/airflow/example_dags/example_kubernetes_executor.py
Sync 1 DAGs
Setting next_dagrun for example_kubernetes_executor to None, run_after=None
Processing /home/airflow/.local/lib/python3.12/site-packages/airflow/example_dags/example_kubernetes_executor.py took 0.062 seconds
Started process (PID=3198) to work on /home/airflow/.local/lib/python3.12/site-packages/airflow/example_dags/example_kubernetes_executor.py
Processing file /home/airflow/.local/lib/python3.12/site-packages/airflow/example_dags/example_kubernetes_executor.py for tasks to queue
Filling up the DagBag from /home/airflow/.local/lib/python3.12/site-packages/airflow/example_dags/example_kubernetes_executor.py
DAG(s) 'example_kubernetes_executor' retrieved from /home/airflow/.local/lib/python3.12/site-packages/airflow/example_dags/example_kubernetes_executor.py
Sync 1 DAGs
Setting next_dagrun for example_kubernetes_executor to None, run_after=None
Processing /home/airflow/.local/lib/python3.12/site-packages/airflow/example_dags/example_kubernetes_executor.py took 0.061 seconds
Started process (PID=3271) to work on /home/airflow/.local/lib/python3.12/site-packages/airflow/example_dags/example_kubernetes_executor.py
Processing file /home/airflow/.local/lib/python3.12/site-packages/airflow/example_dags/example_kubernetes_executor.py for tasks to queue
Filling up the DagBag from /home/airflow/.local/lib/python3.12/site-packages/airflow/example_dags/example_kubernetes_executor.py
DAG(s) 'example_kubernetes_executor' retrieved from /home/airflow/.local/lib/python3.12/site-packages/airflow/example_dags/example_kubernetes_executor.py
Sync 1 DAGs
Setting next_dagrun for example_kubernetes_executor to None, run_after=None
Processing /home/airflow/.local/lib/python3.12/site-packages/airflow/example_dags/example_kubernetes_executor.py took 0.069 seconds
Started process (PID=3337) to work on /home/airflow/.local/lib/python3.12/site-packages/airflow/example_dags/example_kubernetes_executor.py
Processing file /home/airflow/.local/lib/python3.12/site-packages/airflow/example_dags/example_kubernetes_executor.py for tasks to queue
Filling up the DagBag from /home/airflow/.local/lib/python3.12/site-packages/airflow/example_dags/example_kubernetes_executor.py
DAG(s) 'example_kubernetes_executor' retrieved from /home/airflow/.local/lib/python3.12/site-packages/airflow/example_dags/example_kubernetes_executor.py
Sync 1 DAGs
Setting next_dagrun for example_kubernetes_executor to None, run_after=None
Processing /home/airflow/.local/lib/python3.12/site-packages/airflow/example_dags/example_kubernetes_executor.py took 0.164 seconds
Started process (PID=3410) to work on /home/airflow/.local/lib/python3.12/site-packages/airflow/example_dags/example_kubernetes_executor.py
Processing file /home/airflow/.local/lib/python3.12/site-packages/airflow/example_dags/example_kubernetes_executor.py for tasks to queue
Filling up the DagBag from /home/airflow/.local/lib/python3.12/site-packages/airflow/example_dags/example_kubernetes_executor.py
DAG(s) 'example_kubernetes_executor' retrieved from /home/airflow/.local/lib/python3.12/site-packages/airflow/example_dags/example_kubernetes_executor.py
Sync 1 DAGs
Setting next_dagrun for example_kubernetes_executor to None, run_after=None
Processing /home/airflow/.local/lib/python3.12/site-packages/airflow/example_dags/example_kubernetes_executor.py took 0.063 seconds
Started process (PID=3483) to work on /home/airflow/.local/lib/python3.12/site-packages/airflow/example_dags/example_kubernetes_executor.py
Processing file /home/airflow/.local/lib/python3.12/site-packages/airflow/example_dags/example_kubernetes_executor.py for tasks to queue
Filling up the DagBag from /home/airflow/.local/lib/python3.12/site-packages/airflow/example_dags/example_kubernetes_executor.py
DAG(s) 'example_kubernetes_executor' retrieved from /home/airflow/.local/lib/python3.12/site-packages/airflow/example_dags/example_kubernetes_executor.py
Sync 1 DAGs
Setting next_dagrun for example_kubernetes_executor to None, run_after=None
Processing /home/airflow/.local/lib/python3.12/site-packages/airflow/example_dags/example_kubernetes_executor.py took 0.067 seconds
Started process (PID=3549) to work on /home/airflow/.local/lib/python3.12/site-packages/airflow/example_dags/example_kubernetes_executor.py
Processing file /home/airflow/.local/lib/python3.12/site-packages/airflow/example_dags/example_kubernetes_executor.py for tasks to queue
Filling up the DagBag from /home/airflow/.local/lib/python3.12/site-packages/airflow/example_dags/example_kubernetes_executor.py
DAG(s) 'example_kubernetes_executor' retrieved from /home/airflow/.local/lib/python3.12/site-packages/airflow/example_dags/example_kubernetes_executor.py
Sync 1 DAGs
Setting next_dagrun for example_kubernetes_executor to None, run_after=None
Processing /home/airflow/.local/lib/python3.12/site-packages/airflow/example_dags/example_kubernetes_executor.py took 0.071 seconds
Started process (PID=3622) to work on /home/airflow/.local/lib/python3.12/site-packages/airflow/example_dags/example_kubernetes_executor.py
Processing file /home/airflow/.local/lib/python3.12/site-packages/airflow/example_dags/example_kubernetes_executor.py for tasks to queue
Filling up the DagBag from /home/airflow/.local/lib/python3.12/site-packages/airflow/example_dags/example_kubernetes_executor.py
DAG(s) 'example_kubernetes_executor' retrieved from /home/airflow/.local/lib/python3.12/site-packages/airflow/example_dags/example_kubernetes_executor.py
Sync 1 DAGs
Setting next_dagrun for example_kubernetes_executor to None, run_after=None
Processing /home/airflow/.local/lib/python3.12/site-packages/airflow/example_dags/example_kubernetes_executor.py took 2.274 seconds
Started process (PID=3688) to work on /home/airflow/.local/lib/python3.12/site-packages/airflow/example_dags/example_kubernetes_executor.py
Processing file /home/airflow/.local/lib/python3.12/site-packages/airflow/example_dags/example_kubernetes_executor.py for tasks to queue
Filling up the DagBag from /home/airflow/.local/lib/python3.12/site-packages/airflow/example_dags/example_kubernetes_executor.py
DAG(s) 'example_kubernetes_executor' retrieved from /home/airflow/.local/lib/python3.12/site-packages/airflow/example_dags/example_kubernetes_executor.py
Sync 1 DAGs
Setting next_dagrun for example_kubernetes_executor to None, run_after=None
Processing /home/airflow/.local/lib/python3.12/site-packages/airflow/example_dags/example_kubernetes_executor.py took 0.060 seconds
Started process (PID=3761) to work on /home/airflow/.local/lib/python3.12/site-packages/airflow/example_dags/example_kubernetes_executor.py
Processing file /home/airflow/.local/lib/python3.12/site-packages/airflow/example_dags/example_kubernetes_executor.py for tasks to queue
Filling up the DagBag from /home/airflow/.local/lib/python3.12/site-packages/airflow/example_dags/example_kubernetes_executor.py
DAG(s) 'example_kubernetes_executor' retrieved from /home/airflow/.local/lib/python3.12/site-packages/airflow/example_dags/example_kubernetes_executor.py
Sync 1 DAGs
Setting next_dagrun for example_kubernetes_executor to None, run_after=None
Processing /home/airflow/.local/lib/python3.12/site-packages/airflow/example_dags/example_kubernetes_executor.py took 0.068 seconds
Started process (PID=3827) to work on /home/airflow/.local/lib/python3.12/site-packages/airflow/example_dags/example_kubernetes_executor.py
Processing file /home/airflow/.local/lib/python3.12/site-packages/airflow/example_dags/example_kubernetes_executor.py for tasks to queue
Filling up the DagBag from /home/airflow/.local/lib/python3.12/site-packages/airflow/example_dags/example_kubernetes_executor.py
DAG(s) 'example_kubernetes_executor' retrieved from /home/airflow/.local/lib/python3.12/site-packages/airflow/example_dags/example_kubernetes_executor.py
Sync 1 DAGs
Setting next_dagrun for example_kubernetes_executor to None, run_after=None
Processing /home/airflow/.local/lib/python3.12/site-packages/airflow/example_dags/example_kubernetes_executor.py took 0.063 seconds
Started process (PID=3900) to work on /home/airflow/.local/lib/python3.12/site-packages/airflow/example_dags/example_kubernetes_executor.py
Processing file /home/airflow/.local/lib/python3.12/site-packages/airflow/example_dags/example_kubernetes_executor.py for tasks to queue
Filling up the DagBag from /home/airflow/.local/lib/python3.12/site-packages/airflow/example_dags/example_kubernetes_executor.py
DAG(s) 'example_kubernetes_executor' retrieved from /home/airflow/.local/lib/python3.12/site-packages/airflow/example_dags/example_kubernetes_executor.py
Sync 1 DAGs
Setting next_dagrun for example_kubernetes_executor to None, run_after=None
Processing /home/airflow/.local/lib/python3.12/site-packages/airflow/example_dags/example_kubernetes_executor.py took 0.062 seconds
Started process (PID=3966) to work on /home/airflow/.local/lib/python3.12/site-packages/airflow/example_dags/example_kubernetes_executor.py
Processing file /home/airflow/.local/lib/python3.12/site-packages/airflow/example_dags/example_kubernetes_executor.py for tasks to queue
Filling up the DagBag from /home/airflow/.local/lib/python3.12/site-packages/airflow/example_dags/example_kubernetes_executor.py
DAG(s) 'example_kubernetes_executor' retrieved from /home/airflow/.local/lib/python3.12/site-packages/airflow/example_dags/example_kubernetes_executor.py
Sync 1 DAGs
Setting next_dagrun for example_kubernetes_executor to None, run_after=None
Processing /home/airflow/.local/lib/python3.12/site-packages/airflow/example_dags/example_kubernetes_executor.py took 0.062 seconds
Started process (PID=4039) to work on /home/airflow/.local/lib/python3.12/site-packages/airflow/example_dags/example_kubernetes_executor.py
Processing file /home/airflow/.local/lib/python3.12/site-packages/airflow/example_dags/example_kubernetes_executor.py for tasks to queue
Filling up the DagBag from /home/airflow/.local/lib/python3.12/site-packages/airflow/example_dags/example_kubernetes_executor.py
DAG(s) 'example_kubernetes_executor' retrieved from /home/airflow/.local/lib/python3.12/site-packages/airflow/example_dags/example_kubernetes_executor.py
Sync 1 DAGs
Setting next_dagrun for example_kubernetes_executor to None, run_after=None
Processing /home/airflow/.local/lib/python3.12/site-packages/airflow/example_dags/example_kubernetes_executor.py took 0.063 seconds
Started process (PID=4105) to work on /home/airflow/.local/lib/python3.12/site-packages/airflow/example_dags/example_kubernetes_executor.py
Processing file /home/airflow/.local/lib/python3.12/site-packages/airflow/example_dags/example_kubernetes_executor.py for tasks to queue
Filling up the DagBag from /home/airflow/.local/lib/python3.12/site-packages/airflow/example_dags/example_kubernetes_executor.py
DAG(s) 'example_kubernetes_executor' retrieved from /home/airflow/.local/lib/python3.12/site-packages/airflow/example_dags/example_kubernetes_executor.py
Sync 1 DAGs
Setting next_dagrun for example_kubernetes_executor to None, run_after=None
Processing /home/airflow/.local/lib/python3.12/site-packages/airflow/example_dags/example_kubernetes_executor.py took 0.061 seconds
Started process (PID=4179) to work on /home/airflow/.local/lib/python3.12/site-packages/airflow/example_dags/example_kubernetes_executor.py
Processing file /home/airflow/.local/lib/python3.12/site-packages/airflow/example_dags/example_kubernetes_executor.py for tasks to queue
Filling up the DagBag from /home/airflow/.local/lib/python3.12/site-packages/airflow/example_dags/example_kubernetes_executor.py
DAG(s) 'example_kubernetes_executor' retrieved from /home/airflow/.local/lib/python3.12/site-packages/airflow/example_dags/example_kubernetes_executor.py
Sync 1 DAGs
Setting next_dagrun for example_kubernetes_executor to None, run_after=None
Processing /home/airflow/.local/lib/python3.12/site-packages/airflow/example_dags/example_kubernetes_executor.py took 0.065 seconds
Started process (PID=4245) to work on /home/airflow/.local/lib/python3.12/site-packages/airflow/example_dags/example_kubernetes_executor.py
Processing file /home/airflow/.local/lib/python3.12/site-packages/airflow/example_dags/example_kubernetes_executor.py for tasks to queue
Filling up the DagBag from /home/airflow/.local/lib/python3.12/site-packages/airflow/example_dags/example_kubernetes_executor.py
DAG(s) 'example_kubernetes_executor' retrieved from /home/airflow/.local/lib/python3.12/site-packages/airflow/example_dags/example_kubernetes_executor.py
Sync 1 DAGs
Setting next_dagrun for example_kubernetes_executor to None, run_after=None
Processing /home/airflow/.local/lib/python3.12/site-packages/airflow/example_dags/example_kubernetes_executor.py took 0.064 seconds
Started process (PID=4318) to work on /home/airflow/.local/lib/python3.12/site-packages/airflow/example_dags/example_kubernetes_executor.py
Processing file /home/airflow/.local/lib/python3.12/site-packages/airflow/example_dags/example_kubernetes_executor.py for tasks to queue
Filling up the DagBag from /home/airflow/.local/lib/python3.12/site-packages/airflow/example_dags/example_kubernetes_executor.py
DAG(s) 'example_kubernetes_executor' retrieved from /home/airflow/.local/lib/python3.12/site-packages/airflow/example_dags/example_kubernetes_executor.py
Sync 1 DAGs
Setting next_dagrun for example_kubernetes_executor to None, run_after=None
Processing /home/airflow/.local/lib/python3.12/site-packages/airflow/example_dags/example_kubernetes_executor.py took 0.062 seconds
Started process (PID=4384) to work on /home/airflow/.local/lib/python3.12/site-packages/airflow/example_dags/example_kubernetes_executor.py
Processing file /home/airflow/.local/lib/python3.12/site-packages/airflow/example_dags/example_kubernetes_executor.py for tasks to queue
Filling up the DagBag from /home/airflow/.local/lib/python3.12/site-packages/airflow/example_dags/example_kubernetes_executor.py
DAG(s) 'example_kubernetes_executor' retrieved from /home/airflow/.local/lib/python3.12/site-packages/airflow/example_dags/example_kubernetes_executor.py
Sync 1 DAGs
Setting next_dagrun for example_kubernetes_executor to None, run_after=None
Processing /home/airflow/.local/lib/python3.12/site-packages/airflow/example_dags/example_kubernetes_executor.py took 0.067 seconds
Started process (PID=4457) to work on /home/airflow/.local/lib/python3.12/site-packages/airflow/example_dags/example_kubernetes_executor.py
Processing file /home/airflow/.local/lib/python3.12/site-packages/airflow/example_dags/example_kubernetes_executor.py for tasks to queue
Filling up the DagBag from /home/airflow/.local/lib/python3.12/site-packages/airflow/example_dags/example_kubernetes_executor.py
DAG(s) 'example_kubernetes_executor' retrieved from /home/airflow/.local/lib/python3.12/site-packages/airflow/example_dags/example_kubernetes_executor.py
Sync 1 DAGs
Setting next_dagrun for example_kubernetes_executor to None, run_after=None
Processing /home/airflow/.local/lib/python3.12/site-packages/airflow/example_dags/example_kubernetes_executor.py took 0.066 seconds
Started process (PID=4523) to work on /home/airflow/.local/lib/python3.12/site-packages/airflow/example_dags/example_kubernetes_executor.py
Processing file /home/airflow/.local/lib/python3.12/site-packages/airflow/example_dags/example_kubernetes_executor.py for tasks to queue
Filling up the DagBag from /home/airflow/.local/lib/python3.12/site-packages/airflow/example_dags/example_kubernetes_executor.py
DAG(s) 'example_kubernetes_executor' retrieved from /home/airflow/.local/lib/python3.12/site-packages/airflow/example_dags/example_kubernetes_executor.py
Sync 1 DAGs
Setting next_dagrun for example_kubernetes_executor to None, run_after=None
Processing /home/airflow/.local/lib/python3.12/site-packages/airflow/example_dags/example_kubernetes_executor.py took 0.062 seconds
Started process (PID=4596) to work on /home/airflow/.local/lib/python3.12/site-packages/airflow/example_dags/example_kubernetes_executor.py
Processing file /home/airflow/.local/lib/python3.12/site-packages/airflow/example_dags/example_kubernetes_executor.py for tasks to queue
Filling up the DagBag from /home/airflow/.local/lib/python3.12/site-packages/airflow/example_dags/example_kubernetes_executor.py
DAG(s) 'example_kubernetes_executor' retrieved from /home/airflow/.local/lib/python3.12/site-packages/airflow/example_dags/example_kubernetes_executor.py
Sync 1 DAGs
Setting next_dagrun for example_kubernetes_executor to None, run_after=None
Processing /home/airflow/.local/lib/python3.12/site-packages/airflow/example_dags/example_kubernetes_executor.py took 0.070 seconds
Started process (PID=4662) to work on /home/airflow/.local/lib/python3.12/site-packages/airflow/example_dags/example_kubernetes_executor.py
Processing file /home/airflow/.local/lib/python3.12/site-packages/airflow/example_dags/example_kubernetes_executor.py for tasks to queue
Filling up the DagBag from /home/airflow/.local/lib/python3.12/site-packages/airflow/example_dags/example_kubernetes_executor.py
DAG(s) 'example_kubernetes_executor' retrieved from /home/airflow/.local/lib/python3.12/site-packages/airflow/example_dags/example_kubernetes_executor.py
Sync 1 DAGs
Setting next_dagrun for example_kubernetes_executor to None, run_after=None
Processing /home/airflow/.local/lib/python3.12/site-packages/airflow/example_dags/example_kubernetes_executor.py took 0.067 seconds
Started process (PID=4735) to work on /home/airflow/.local/lib/python3.12/site-packages/airflow/example_dags/example_kubernetes_executor.py
Processing file /home/airflow/.local/lib/python3.12/site-packages/airflow/example_dags/example_kubernetes_executor.py for tasks to queue
Filling up the DagBag from /home/airflow/.local/lib/python3.12/site-packages/airflow/example_dags/example_kubernetes_executor.py
DAG(s) 'example_kubernetes_executor' retrieved from /home/airflow/.local/lib/python3.12/site-packages/airflow/example_dags/example_kubernetes_executor.py
Sync 1 DAGs
Setting next_dagrun for example_kubernetes_executor to None, run_after=None
Processing /home/airflow/.local/lib/python3.12/site-packages/airflow/example_dags/example_kubernetes_executor.py took 0.069 seconds
Started process (PID=4801) to work on /home/airflow/.local/lib/python3.12/site-packages/airflow/example_dags/example_kubernetes_executor.py
Processing file /home/airflow/.local/lib/python3.12/site-packages/airflow/example_dags/example_kubernetes_executor.py for tasks to queue
Filling up the DagBag from /home/airflow/.local/lib/python3.12/site-packages/airflow/example_dags/example_kubernetes_executor.py
DAG(s) 'example_kubernetes_executor' retrieved from /home/airflow/.local/lib/python3.12/site-packages/airflow/example_dags/example_kubernetes_executor.py
Sync 1 DAGs
Setting next_dagrun for example_kubernetes_executor to None, run_after=None
Processing /home/airflow/.local/lib/python3.12/site-packages/airflow/example_dags/example_kubernetes_executor.py took 0.072 seconds
Started process (PID=4874) to work on /home/airflow/.local/lib/python3.12/site-packages/airflow/example_dags/example_kubernetes_executor.py
Processing file /home/airflow/.local/lib/python3.12/site-packages/airflow/example_dags/example_kubernetes_executor.py for tasks to queue
Filling up the DagBag from /home/airflow/.local/lib/python3.12/site-packages/airflow/example_dags/example_kubernetes_executor.py
DAG(s) 'example_kubernetes_executor' retrieved from /home/airflow/.local/lib/python3.12/site-packages/airflow/example_dags/example_kubernetes_executor.py
Sync 1 DAGs
Setting next_dagrun for example_kubernetes_executor to None, run_after=None
Processing /home/airflow/.local/lib/python3.12/site-packages/airflow/example_dags/example_kubernetes_executor.py took 0.068 seconds
Started process (PID=4940) to work on /home/airflow/.local/lib/python3.12/site-packages/airflow/example_dags/example_kubernetes_executor.py
Processing file /home/airflow/.local/lib/python3.12/site-packages/airflow/example_dags/example_kubernetes_executor.py for tasks to queue
Filling up the DagBag from /home/airflow/.local/lib/python3.12/site-packages/airflow/example_dags/example_kubernetes_executor.py
DAG(s) 'example_kubernetes_executor' retrieved from /home/airflow/.local/lib/python3.12/site-packages/airflow/example_dags/example_kubernetes_executor.py
Sync 1 DAGs
Setting next_dagrun for example_kubernetes_executor to None, run_after=None
Processing /home/airflow/.local/lib/python3.12/site-packages/airflow/example_dags/example_kubernetes_executor.py took 0.066 seconds
Started process (PID=5013) to work on /home/airflow/.local/lib/python3.12/site-packages/airflow/example_dags/example_kubernetes_executor.py
Processing file /home/airflow/.local/lib/python3.12/site-packages/airflow/example_dags/example_kubernetes_executor.py for tasks to queue
Filling up the DagBag from /home/airflow/.local/lib/python3.12/site-packages/airflow/example_dags/example_kubernetes_executor.py
DAG(s) 'example_kubernetes_executor' retrieved from /home/airflow/.local/lib/python3.12/site-packages/airflow/example_dags/example_kubernetes_executor.py
Sync 1 DAGs
Setting next_dagrun for example_kubernetes_executor to None, run_after=None
Processing /home/airflow/.local/lib/python3.12/site-packages/airflow/example_dags/example_kubernetes_executor.py took 0.072 seconds
Started process (PID=5079) to work on /home/airflow/.local/lib/python3.12/site-packages/airflow/example_dags/example_kubernetes_executor.py
Processing file /home/airflow/.local/lib/python3.12/site-packages/airflow/example_dags/example_kubernetes_executor.py for tasks to queue
Filling up the DagBag from /home/airflow/.local/lib/python3.12/site-packages/airflow/example_dags/example_kubernetes_executor.py
DAG(s) 'example_kubernetes_executor' retrieved from /home/airflow/.local/lib/python3.12/site-packages/airflow/example_dags/example_kubernetes_executor.py
Sync 1 DAGs
Setting next_dagrun for example_kubernetes_executor to None, run_after=None
Processing /home/airflow/.local/lib/python3.12/site-packages/airflow/example_dags/example_kubernetes_executor.py took 0.060 seconds
Started process (PID=5152) to work on /home/airflow/.local/lib/python3.12/site-packages/airflow/example_dags/example_kubernetes_executor.py
Processing file /home/airflow/.local/lib/python3.12/site-packages/airflow/example_dags/example_kubernetes_executor.py for tasks to queue
Filling up the DagBag from /home/airflow/.local/lib/python3.12/site-packages/airflow/example_dags/example_kubernetes_executor.py
DAG(s) 'example_kubernetes_executor' retrieved from /home/airflow/.local/lib/python3.12/site-packages/airflow/example_dags/example_kubernetes_executor.py
Sync 1 DAGs
Setting next_dagrun for example_kubernetes_executor to None, run_after=None
Processing /home/airflow/.local/lib/python3.12/site-packages/airflow/example_dags/example_kubernetes_executor.py took 0.061 seconds
Started process (PID=5218) to work on /home/airflow/.local/lib/python3.12/site-packages/airflow/example_dags/example_kubernetes_executor.py
Processing file /home/airflow/.local/lib/python3.12/site-packages/airflow/example_dags/example_kubernetes_executor.py for tasks to queue
Filling up the DagBag from /home/airflow/.local/lib/python3.12/site-packages/airflow/example_dags/example_kubernetes_executor.py
DAG(s) 'example_kubernetes_executor' retrieved from /home/airflow/.local/lib/python3.12/site-packages/airflow/example_dags/example_kubernetes_executor.py
Sync 1 DAGs
Setting next_dagrun for example_kubernetes_executor to None, run_after=None
Processing /home/airflow/.local/lib/python3.12/site-packages/airflow/example_dags/example_kubernetes_executor.py took 0.061 seconds
Started process (PID=5292) to work on /home/airflow/.local/lib/python3.12/site-packages/airflow/example_dags/example_kubernetes_executor.py
Processing file /home/airflow/.local/lib/python3.12/site-packages/airflow/example_dags/example_kubernetes_executor.py for tasks to queue
Filling up the DagBag from /home/airflow/.local/lib/python3.12/site-packages/airflow/example_dags/example_kubernetes_executor.py
DAG(s) 'example_kubernetes_executor' retrieved from /home/airflow/.local/lib/python3.12/site-packages/airflow/example_dags/example_kubernetes_executor.py
Sync 1 DAGs
Setting next_dagrun for example_kubernetes_executor to None, run_after=None
Processing /home/airflow/.local/lib/python3.12/site-packages/airflow/example_dags/example_kubernetes_executor.py took 0.063 seconds
Started process (PID=5365) to work on /home/airflow/.local/lib/python3.12/site-packages/airflow/example_dags/example_kubernetes_executor.py
Processing file /home/airflow/.local/lib/python3.12/site-packages/airflow/example_dags/example_kubernetes_executor.py for tasks to queue
Filling up the DagBag from /home/airflow/.local/lib/python3.12/site-packages/airflow/example_dags/example_kubernetes_executor.py
DAG(s) 'example_kubernetes_executor' retrieved from /home/airflow/.local/lib/python3.12/site-packages/airflow/example_dags/example_kubernetes_executor.py
Sync 1 DAGs
Setting next_dagrun for example_kubernetes_executor to None, run_after=None
Processing /home/airflow/.local/lib/python3.12/site-packages/airflow/example_dags/example_kubernetes_executor.py took 0.073 seconds
Started process (PID=5431) to work on /home/airflow/.local/lib/python3.12/site-packages/airflow/example_dags/example_kubernetes_executor.py
Processing file /home/airflow/.local/lib/python3.12/site-packages/airflow/example_dags/example_kubernetes_executor.py for tasks to queue
Filling up the DagBag from /home/airflow/.local/lib/python3.12/site-packages/airflow/example_dags/example_kubernetes_executor.py
DAG(s) 'example_kubernetes_executor' retrieved from /home/airflow/.local/lib/python3.12/site-packages/airflow/example_dags/example_kubernetes_executor.py
Sync 1 DAGs
Setting next_dagrun for example_kubernetes_executor to None, run_after=None
Processing /home/airflow/.local/lib/python3.12/site-packages/airflow/example_dags/example_kubernetes_executor.py took 0.060 seconds
Started process (PID=5504) to work on /home/airflow/.local/lib/python3.12/site-packages/airflow/example_dags/example_kubernetes_executor.py
Processing file /home/airflow/.local/lib/python3.12/site-packages/airflow/example_dags/example_kubernetes_executor.py for tasks to queue
Filling up the DagBag from /home/airflow/.local/lib/python3.12/site-packages/airflow/example_dags/example_kubernetes_executor.py
DAG(s) 'example_kubernetes_executor' retrieved from /home/airflow/.local/lib/python3.12/site-packages/airflow/example_dags/example_kubernetes_executor.py
Sync 1 DAGs
Setting next_dagrun for example_kubernetes_executor to None, run_after=None
Processing /home/airflow/.local/lib/python3.12/site-packages/airflow/example_dags/example_kubernetes_executor.py took 0.063 seconds
Started process (PID=5570) to work on /home/airflow/.local/lib/python3.12/site-packages/airflow/example_dags/example_kubernetes_executor.py
Processing file /home/airflow/.local/lib/python3.12/site-packages/airflow/example_dags/example_kubernetes_executor.py for tasks to queue
Filling up the DagBag from /home/airflow/.local/lib/python3.12/site-packages/airflow/example_dags/example_kubernetes_executor.py
DAG(s) 'example_kubernetes_executor' retrieved from /home/airflow/.local/lib/python3.12/site-packages/airflow/example_dags/example_kubernetes_executor.py
Sync 1 DAGs
Setting next_dagrun for example_kubernetes_executor to None, run_after=None
Processing /home/airflow/.local/lib/python3.12/site-packages/airflow/example_dags/example_kubernetes_executor.py took 0.060 seconds
Started process (PID=5643) to work on /home/airflow/.local/lib/python3.12/site-packages/airflow/example_dags/example_kubernetes_executor.py
Processing file /home/airflow/.local/lib/python3.12/site-packages/airflow/example_dags/example_kubernetes_executor.py for tasks to queue
Filling up the DagBag from /home/airflow/.local/lib/python3.12/site-packages/airflow/example_dags/example_kubernetes_executor.py
DAG(s) 'example_kubernetes_executor' retrieved from /home/airflow/.local/lib/python3.12/site-packages/airflow/example_dags/example_kubernetes_executor.py
Sync 1 DAGs
Setting next_dagrun for example_kubernetes_executor to None, run_after=None
Processing /home/airflow/.local/lib/python3.12/site-packages/airflow/example_dags/example_kubernetes_executor.py took 0.064 seconds
Started process (PID=5709) to work on /home/airflow/.local/lib/python3.12/site-packages/airflow/example_dags/example_kubernetes_executor.py
Processing file /home/airflow/.local/lib/python3.12/site-packages/airflow/example_dags/example_kubernetes_executor.py for tasks to queue
Filling up the DagBag from /home/airflow/.local/lib/python3.12/site-packages/airflow/example_dags/example_kubernetes_executor.py
DAG(s) 'example_kubernetes_executor' retrieved from /home/airflow/.local/lib/python3.12/site-packages/airflow/example_dags/example_kubernetes_executor.py
Sync 1 DAGs
Setting next_dagrun for example_kubernetes_executor to None, run_after=None
Processing /home/airflow/.local/lib/python3.12/site-packages/airflow/example_dags/example_kubernetes_executor.py took 0.061 seconds
Started process (PID=5782) to work on /home/airflow/.local/lib/python3.12/site-packages/airflow/example_dags/example_kubernetes_executor.py
Processing file /home/airflow/.local/lib/python3.12/site-packages/airflow/example_dags/example_kubernetes_executor.py for tasks to queue
Filling up the DagBag from /home/airflow/.local/lib/python3.12/site-packages/airflow/example_dags/example_kubernetes_executor.py
DAG(s) 'example_kubernetes_executor' retrieved from /home/airflow/.local/lib/python3.12/site-packages/airflow/example_dags/example_kubernetes_executor.py
Sync 1 DAGs
Setting next_dagrun for example_kubernetes_executor to None, run_after=None
Processing /home/airflow/.local/lib/python3.12/site-packages/airflow/example_dags/example_kubernetes_executor.py took 0.062 seconds
Started process (PID=5848) to work on /home/airflow/.local/lib/python3.12/site-packages/airflow/example_dags/example_kubernetes_executor.py
Processing file /home/airflow/.local/lib/python3.12/site-packages/airflow/example_dags/example_kubernetes_executor.py for tasks to queue
Filling up the DagBag from /home/airflow/.local/lib/python3.12/site-packages/airflow/example_dags/example_kubernetes_executor.py
DAG(s) 'example_kubernetes_executor' retrieved from /home/airflow/.local/lib/python3.12/site-packages/airflow/example_dags/example_kubernetes_executor.py
Sync 1 DAGs
Setting next_dagrun for example_kubernetes_executor to None, run_after=None
Processing /home/airflow/.local/lib/python3.12/site-packages/airflow/example_dags/example_kubernetes_executor.py took 0.060 seconds
Started process (PID=5921) to work on /home/airflow/.local/lib/python3.12/site-packages/airflow/example_dags/example_kubernetes_executor.py
Processing file /home/airflow/.local/lib/python3.12/site-packages/airflow/example_dags/example_kubernetes_executor.py for tasks to queue
Filling up the DagBag from /home/airflow/.local/lib/python3.12/site-packages/airflow/example_dags/example_kubernetes_executor.py
DAG(s) 'example_kubernetes_executor' retrieved from /home/airflow/.local/lib/python3.12/site-packages/airflow/example_dags/example_kubernetes_executor.py
Sync 1 DAGs
Setting next_dagrun for example_kubernetes_executor to None, run_after=None
Processing /home/airflow/.local/lib/python3.12/site-packages/airflow/example_dags/example_kubernetes_executor.py took 0.063 seconds
Started process (PID=5987) to work on /home/airflow/.local/lib/python3.12/site-packages/airflow/example_dags/example_kubernetes_executor.py
Processing file /home/airflow/.local/lib/python3.12/site-packages/airflow/example_dags/example_kubernetes_executor.py for tasks to queue
Filling up the DagBag from /home/airflow/.local/lib/python3.12/site-packages/airflow/example_dags/example_kubernetes_executor.py
DAG(s) 'example_kubernetes_executor' retrieved from /home/airflow/.local/lib/python3.12/site-packages/airflow/example_dags/example_kubernetes_executor.py
Sync 1 DAGs
Setting next_dagrun for example_kubernetes_executor to None, run_after=None
Processing /home/airflow/.local/lib/python3.12/site-packages/airflow/example_dags/example_kubernetes_executor.py took 0.063 seconds
Started process (PID=6060) to work on /home/airflow/.local/lib/python3.12/site-packages/airflow/example_dags/example_kubernetes_executor.py
Processing file /home/airflow/.local/lib/python3.12/site-packages/airflow/example_dags/example_kubernetes_executor.py for tasks to queue
Filling up the DagBag from /home/airflow/.local/lib/python3.12/site-packages/airflow/example_dags/example_kubernetes_executor.py
DAG(s) 'example_kubernetes_executor' retrieved from /home/airflow/.local/lib/python3.12/site-packages/airflow/example_dags/example_kubernetes_executor.py
Sync 1 DAGs
Setting next_dagrun for example_kubernetes_executor to None, run_after=None
Processing /home/airflow/.local/lib/python3.12/site-packages/airflow/example_dags/example_kubernetes_executor.py took 0.061 seconds
Started process (PID=6133) to work on /home/airflow/.local/lib/python3.12/site-packages/airflow/example_dags/example_kubernetes_executor.py
Processing file /home/airflow/.local/lib/python3.12/site-packages/airflow/example_dags/example_kubernetes_executor.py for tasks to queue
Filling up the DagBag from /home/airflow/.local/lib/python3.12/site-packages/airflow/example_dags/example_kubernetes_executor.py
DAG(s) 'example_kubernetes_executor' retrieved from /home/airflow/.local/lib/python3.12/site-packages/airflow/example_dags/example_kubernetes_executor.py
Sync 1 DAGs
Setting next_dagrun for example_kubernetes_executor to None, run_after=None
Processing /home/airflow/.local/lib/python3.12/site-packages/airflow/example_dags/example_kubernetes_executor.py took 0.068 seconds
Started process (PID=6199) to work on /home/airflow/.local/lib/python3.12/site-packages/airflow/example_dags/example_kubernetes_executor.py
Processing file /home/airflow/.local/lib/python3.12/site-packages/airflow/example_dags/example_kubernetes_executor.py for tasks to queue
Filling up the DagBag from /home/airflow/.local/lib/python3.12/site-packages/airflow/example_dags/example_kubernetes_executor.py
DAG(s) 'example_kubernetes_executor' retrieved from /home/airflow/.local/lib/python3.12/site-packages/airflow/example_dags/example_kubernetes_executor.py
Sync 1 DAGs
Setting next_dagrun for example_kubernetes_executor to None, run_after=None
Processing /home/airflow/.local/lib/python3.12/site-packages/airflow/example_dags/example_kubernetes_executor.py took 0.062 seconds
Started process (PID=6272) to work on /home/airflow/.local/lib/python3.12/site-packages/airflow/example_dags/example_kubernetes_executor.py
Processing file /home/airflow/.local/lib/python3.12/site-packages/airflow/example_dags/example_kubernetes_executor.py for tasks to queue
Filling up the DagBag from /home/airflow/.local/lib/python3.12/site-packages/airflow/example_dags/example_kubernetes_executor.py
DAG(s) 'example_kubernetes_executor' retrieved from /home/airflow/.local/lib/python3.12/site-packages/airflow/example_dags/example_kubernetes_executor.py
Sync 1 DAGs
Setting next_dagrun for example_kubernetes_executor to None, run_after=None
Processing /home/airflow/.local/lib/python3.12/site-packages/airflow/example_dags/example_kubernetes_executor.py took 0.065 seconds
Started process (PID=6338) to work on /home/airflow/.local/lib/python3.12/site-packages/airflow/example_dags/example_kubernetes_executor.py
Processing file /home/airflow/.local/lib/python3.12/site-packages/airflow/example_dags/example_kubernetes_executor.py for tasks to queue
Filling up the DagBag from /home/airflow/.local/lib/python3.12/site-packages/airflow/example_dags/example_kubernetes_executor.py
DAG(s) 'example_kubernetes_executor' retrieved from /home/airflow/.local/lib/python3.12/site-packages/airflow/example_dags/example_kubernetes_executor.py
Sync 1 DAGs
Setting next_dagrun for example_kubernetes_executor to None, run_after=None
Processing /home/airflow/.local/lib/python3.12/site-packages/airflow/example_dags/example_kubernetes_executor.py took 0.061 seconds
Started process (PID=6411) to work on /home/airflow/.local/lib/python3.12/site-packages/airflow/example_dags/example_kubernetes_executor.py
Processing file /home/airflow/.local/lib/python3.12/site-packages/airflow/example_dags/example_kubernetes_executor.py for tasks to queue
Filling up the DagBag from /home/airflow/.local/lib/python3.12/site-packages/airflow/example_dags/example_kubernetes_executor.py
DAG(s) 'example_kubernetes_executor' retrieved from /home/airflow/.local/lib/python3.12/site-packages/airflow/example_dags/example_kubernetes_executor.py
Sync 1 DAGs
Setting next_dagrun for example_kubernetes_executor to None, run_after=None
Processing /home/airflow/.local/lib/python3.12/site-packages/airflow/example_dags/example_kubernetes_executor.py took 0.062 seconds
Started process (PID=6477) to work on /home/airflow/.local/lib/python3.12/site-packages/airflow/example_dags/example_kubernetes_executor.py
Processing file /home/airflow/.local/lib/python3.12/site-packages/airflow/example_dags/example_kubernetes_executor.py for tasks to queue
Filling up the DagBag from /home/airflow/.local/lib/python3.12/site-packages/airflow/example_dags/example_kubernetes_executor.py
DAG(s) 'example_kubernetes_executor' retrieved from /home/airflow/.local/lib/python3.12/site-packages/airflow/example_dags/example_kubernetes_executor.py
Sync 1 DAGs
Setting next_dagrun for example_kubernetes_executor to None, run_after=None
Processing /home/airflow/.local/lib/python3.12/site-packages/airflow/example_dags/example_kubernetes_executor.py took 0.061 seconds
Started process (PID=6550) to work on /home/airflow/.local/lib/python3.12/site-packages/airflow/example_dags/example_kubernetes_executor.py
Processing file /home/airflow/.local/lib/python3.12/site-packages/airflow/example_dags/example_kubernetes_executor.py for tasks to queue
Filling up the DagBag from /home/airflow/.local/lib/python3.12/site-packages/airflow/example_dags/example_kubernetes_executor.py
DAG(s) 'example_kubernetes_executor' retrieved from /home/airflow/.local/lib/python3.12/site-packages/airflow/example_dags/example_kubernetes_executor.py
Sync 1 DAGs
Setting next_dagrun for example_kubernetes_executor to None, run_after=None
Processing /home/airflow/.local/lib/python3.12/site-packages/airflow/example_dags/example_kubernetes_executor.py took 0.061 seconds
Started process (PID=6616) to work on /home/airflow/.local/lib/python3.12/site-packages/airflow/example_dags/example_kubernetes_executor.py
Processing file /home/airflow/.local/lib/python3.12/site-packages/airflow/example_dags/example_kubernetes_executor.py for tasks to queue
Filling up the DagBag from /home/airflow/.local/lib/python3.12/site-packages/airflow/example_dags/example_kubernetes_executor.py
DAG(s) 'example_kubernetes_executor' retrieved from /home/airflow/.local/lib/python3.12/site-packages/airflow/example_dags/example_kubernetes_executor.py
Sync 1 DAGs
Setting next_dagrun for example_kubernetes_executor to None, run_after=None
Processing /home/airflow/.local/lib/python3.12/site-packages/airflow/example_dags/example_kubernetes_executor.py took 0.061 seconds
Started process (PID=6689) to work on /home/airflow/.local/lib/python3.12/site-packages/airflow/example_dags/example_kubernetes_executor.py
Processing file /home/airflow/.local/lib/python3.12/site-packages/airflow/example_dags/example_kubernetes_executor.py for tasks to queue
Filling up the DagBag from /home/airflow/.local/lib/python3.12/site-packages/airflow/example_dags/example_kubernetes_executor.py
DAG(s) 'example_kubernetes_executor' retrieved from /home/airflow/.local/lib/python3.12/site-packages/airflow/example_dags/example_kubernetes_executor.py
Sync 1 DAGs
Setting next_dagrun for example_kubernetes_executor to None, run_after=None
Processing /home/airflow/.local/lib/python3.12/site-packages/airflow/example_dags/example_kubernetes_executor.py took 0.062 seconds
Started process (PID=6756) to work on /home/airflow/.local/lib/python3.12/site-packages/airflow/example_dags/example_kubernetes_executor.py
Processing file /home/airflow/.local/lib/python3.12/site-packages/airflow/example_dags/example_kubernetes_executor.py for tasks to queue
Filling up the DagBag from /home/airflow/.local/lib/python3.12/site-packages/airflow/example_dags/example_kubernetes_executor.py
DAG(s) 'example_kubernetes_executor' retrieved from /home/airflow/.local/lib/python3.12/site-packages/airflow/example_dags/example_kubernetes_executor.py
Sync 1 DAGs
Setting next_dagrun for example_kubernetes_executor to None, run_after=None
Processing /home/airflow/.local/lib/python3.12/site-packages/airflow/example_dags/example_kubernetes_executor.py took 0.061 seconds
Started process (PID=6827) to work on /home/airflow/.local/lib/python3.12/site-packages/airflow/example_dags/example_kubernetes_executor.py
Processing file /home/airflow/.local/lib/python3.12/site-packages/airflow/example_dags/example_kubernetes_executor.py for tasks to queue
Filling up the DagBag from /home/airflow/.local/lib/python3.12/site-packages/airflow/example_dags/example_kubernetes_executor.py
DAG(s) 'example_kubernetes_executor' retrieved from /home/airflow/.local/lib/python3.12/site-packages/airflow/example_dags/example_kubernetes_executor.py
Sync 1 DAGs
Setting next_dagrun for example_kubernetes_executor to None, run_after=None
Processing /home/airflow/.local/lib/python3.12/site-packages/airflow/example_dags/example_kubernetes_executor.py took 0.062 seconds
Started process (PID=6893) to work on /home/airflow/.local/lib/python3.12/site-packages/airflow/example_dags/example_kubernetes_executor.py
Processing file /home/airflow/.local/lib/python3.12/site-packages/airflow/example_dags/example_kubernetes_executor.py for tasks to queue
Filling up the DagBag from /home/airflow/.local/lib/python3.12/site-packages/airflow/example_dags/example_kubernetes_executor.py
DAG(s) 'example_kubernetes_executor' retrieved from /home/airflow/.local/lib/python3.12/site-packages/airflow/example_dags/example_kubernetes_executor.py
Sync 1 DAGs
Setting next_dagrun for example_kubernetes_executor to None, run_after=None
Processing /home/airflow/.local/lib/python3.12/site-packages/airflow/example_dags/example_kubernetes_executor.py took 0.064 seconds
Started process (PID=6966) to work on /home/airflow/.local/lib/python3.12/site-packages/airflow/example_dags/example_kubernetes_executor.py
Processing file /home/airflow/.local/lib/python3.12/site-packages/airflow/example_dags/example_kubernetes_executor.py for tasks to queue
Filling up the DagBag from /home/airflow/.local/lib/python3.12/site-packages/airflow/example_dags/example_kubernetes_executor.py
DAG(s) 'example_kubernetes_executor' retrieved from /home/airflow/.local/lib/python3.12/site-packages/airflow/example_dags/example_kubernetes_executor.py
Sync 1 DAGs
Setting next_dagrun for example_kubernetes_executor to None, run_after=None
Processing /home/airflow/.local/lib/python3.12/site-packages/airflow/example_dags/example_kubernetes_executor.py took 0.060 seconds
Started process (PID=7032) to work on /home/airflow/.local/lib/python3.12/site-packages/airflow/example_dags/example_kubernetes_executor.py
Processing file /home/airflow/.local/lib/python3.12/site-packages/airflow/example_dags/example_kubernetes_executor.py for tasks to queue
Filling up the DagBag from /home/airflow/.local/lib/python3.12/site-packages/airflow/example_dags/example_kubernetes_executor.py
DAG(s) 'example_kubernetes_executor' retrieved from /home/airflow/.local/lib/python3.12/site-packages/airflow/example_dags/example_kubernetes_executor.py
Sync 1 DAGs
Setting next_dagrun for example_kubernetes_executor to None, run_after=None
Processing /home/airflow/.local/lib/python3.12/site-packages/airflow/example_dags/example_kubernetes_executor.py took 0.064 seconds
Started process (PID=7105) to work on /home/airflow/.local/lib/python3.12/site-packages/airflow/example_dags/example_kubernetes_executor.py
Processing file /home/airflow/.local/lib/python3.12/site-packages/airflow/example_dags/example_kubernetes_executor.py for tasks to queue
Filling up the DagBag from /home/airflow/.local/lib/python3.12/site-packages/airflow/example_dags/example_kubernetes_executor.py
DAG(s) 'example_kubernetes_executor' retrieved from /home/airflow/.local/lib/python3.12/site-packages/airflow/example_dags/example_kubernetes_executor.py
Sync 1 DAGs
Setting next_dagrun for example_kubernetes_executor to None, run_after=None
Processing /home/airflow/.local/lib/python3.12/site-packages/airflow/example_dags/example_kubernetes_executor.py took 0.061 seconds
Started process (PID=7178) to work on /home/airflow/.local/lib/python3.12/site-packages/airflow/example_dags/example_kubernetes_executor.py
Processing file /home/airflow/.local/lib/python3.12/site-packages/airflow/example_dags/example_kubernetes_executor.py for tasks to queue
Filling up the DagBag from /home/airflow/.local/lib/python3.12/site-packages/airflow/example_dags/example_kubernetes_executor.py
DAG(s) 'example_kubernetes_executor' retrieved from /home/airflow/.local/lib/python3.12/site-packages/airflow/example_dags/example_kubernetes_executor.py
Sync 1 DAGs
Setting next_dagrun for example_kubernetes_executor to None, run_after=None
Processing /home/airflow/.local/lib/python3.12/site-packages/airflow/example_dags/example_kubernetes_executor.py took 0.065 seconds
Started process (PID=7245) to work on /home/airflow/.local/lib/python3.12/site-packages/airflow/example_dags/example_kubernetes_executor.py
Processing file /home/airflow/.local/lib/python3.12/site-packages/airflow/example_dags/example_kubernetes_executor.py for tasks to queue
Filling up the DagBag from /home/airflow/.local/lib/python3.12/site-packages/airflow/example_dags/example_kubernetes_executor.py
DAG(s) 'example_kubernetes_executor' retrieved from /home/airflow/.local/lib/python3.12/site-packages/airflow/example_dags/example_kubernetes_executor.py
Sync 1 DAGs
Setting next_dagrun for example_kubernetes_executor to None, run_after=None
Processing /home/airflow/.local/lib/python3.12/site-packages/airflow/example_dags/example_kubernetes_executor.py took 0.062 seconds
Started process (PID=7318) to work on /home/airflow/.local/lib/python3.12/site-packages/airflow/example_dags/example_kubernetes_executor.py
Processing file /home/airflow/.local/lib/python3.12/site-packages/airflow/example_dags/example_kubernetes_executor.py for tasks to queue
Filling up the DagBag from /home/airflow/.local/lib/python3.12/site-packages/airflow/example_dags/example_kubernetes_executor.py
DAG(s) 'example_kubernetes_executor' retrieved from /home/airflow/.local/lib/python3.12/site-packages/airflow/example_dags/example_kubernetes_executor.py
Sync 1 DAGs
Setting next_dagrun for example_kubernetes_executor to None, run_after=None
Processing /home/airflow/.local/lib/python3.12/site-packages/airflow/example_dags/example_kubernetes_executor.py took 0.066 seconds
Started process (PID=7384) to work on /home/airflow/.local/lib/python3.12/site-packages/airflow/example_dags/example_kubernetes_executor.py
Processing file /home/airflow/.local/lib/python3.12/site-packages/airflow/example_dags/example_kubernetes_executor.py for tasks to queue
Filling up the DagBag from /home/airflow/.local/lib/python3.12/site-packages/airflow/example_dags/example_kubernetes_executor.py
DAG(s) 'example_kubernetes_executor' retrieved from /home/airflow/.local/lib/python3.12/site-packages/airflow/example_dags/example_kubernetes_executor.py
Sync 1 DAGs
Setting next_dagrun for example_kubernetes_executor to None, run_after=None
Processing /home/airflow/.local/lib/python3.12/site-packages/airflow/example_dags/example_kubernetes_executor.py took 0.061 seconds
Started process (PID=7457) to work on /home/airflow/.local/lib/python3.12/site-packages/airflow/example_dags/example_kubernetes_executor.py
Processing file /home/airflow/.local/lib/python3.12/site-packages/airflow/example_dags/example_kubernetes_executor.py for tasks to queue
Filling up the DagBag from /home/airflow/.local/lib/python3.12/site-packages/airflow/example_dags/example_kubernetes_executor.py
DAG(s) 'example_kubernetes_executor' retrieved from /home/airflow/.local/lib/python3.12/site-packages/airflow/example_dags/example_kubernetes_executor.py
Sync 1 DAGs
Setting next_dagrun for example_kubernetes_executor to None, run_after=None
Processing /home/airflow/.local/lib/python3.12/site-packages/airflow/example_dags/example_kubernetes_executor.py took 0.073 seconds
Started process (PID=7523) to work on /home/airflow/.local/lib/python3.12/site-packages/airflow/example_dags/example_kubernetes_executor.py
Processing file /home/airflow/.local/lib/python3.12/site-packages/airflow/example_dags/example_kubernetes_executor.py for tasks to queue
Filling up the DagBag from /home/airflow/.local/lib/python3.12/site-packages/airflow/example_dags/example_kubernetes_executor.py
DAG(s) 'example_kubernetes_executor' retrieved from /home/airflow/.local/lib/python3.12/site-packages/airflow/example_dags/example_kubernetes_executor.py
Sync 1 DAGs
Setting next_dagrun for example_kubernetes_executor to None, run_after=None
Processing /home/airflow/.local/lib/python3.12/site-packages/airflow/example_dags/example_kubernetes_executor.py took 0.061 seconds
Started process (PID=7596) to work on /home/airflow/.local/lib/python3.12/site-packages/airflow/example_dags/example_kubernetes_executor.py
Processing file /home/airflow/.local/lib/python3.12/site-packages/airflow/example_dags/example_kubernetes_executor.py for tasks to queue
Filling up the DagBag from /home/airflow/.local/lib/python3.12/site-packages/airflow/example_dags/example_kubernetes_executor.py
DAG(s) 'example_kubernetes_executor' retrieved from /home/airflow/.local/lib/python3.12/site-packages/airflow/example_dags/example_kubernetes_executor.py
Sync 1 DAGs
Setting next_dagrun for example_kubernetes_executor to None, run_after=None
Processing /home/airflow/.local/lib/python3.12/site-packages/airflow/example_dags/example_kubernetes_executor.py took 0.060 seconds
Started process (PID=7662) to work on /home/airflow/.local/lib/python3.12/site-packages/airflow/example_dags/example_kubernetes_executor.py
Processing file /home/airflow/.local/lib/python3.12/site-packages/airflow/example_dags/example_kubernetes_executor.py for tasks to queue
Filling up the DagBag from /home/airflow/.local/lib/python3.12/site-packages/airflow/example_dags/example_kubernetes_executor.py
DAG(s) 'example_kubernetes_executor' retrieved from /home/airflow/.local/lib/python3.12/site-packages/airflow/example_dags/example_kubernetes_executor.py
Sync 1 DAGs
Setting next_dagrun for example_kubernetes_executor to None, run_after=None
Processing /home/airflow/.local/lib/python3.12/site-packages/airflow/example_dags/example_kubernetes_executor.py took 0.060 seconds
Started process (PID=7735) to work on /home/airflow/.local/lib/python3.12/site-packages/airflow/example_dags/example_kubernetes_executor.py
Processing file /home/airflow/.local/lib/python3.12/site-packages/airflow/example_dags/example_kubernetes_executor.py for tasks to queue
Filling up the DagBag from /home/airflow/.local/lib/python3.12/site-packages/airflow/example_dags/example_kubernetes_executor.py
DAG(s) 'example_kubernetes_executor' retrieved from /home/airflow/.local/lib/python3.12/site-packages/airflow/example_dags/example_kubernetes_executor.py
Sync 1 DAGs
Setting next_dagrun for example_kubernetes_executor to None, run_after=None
Processing /home/airflow/.local/lib/python3.12/site-packages/airflow/example_dags/example_kubernetes_executor.py took 0.065 seconds
Started process (PID=7801) to work on /home/airflow/.local/lib/python3.12/site-packages/airflow/example_dags/example_kubernetes_executor.py
Processing file /home/airflow/.local/lib/python3.12/site-packages/airflow/example_dags/example_kubernetes_executor.py for tasks to queue
Filling up the DagBag from /home/airflow/.local/lib/python3.12/site-packages/airflow/example_dags/example_kubernetes_executor.py
DAG(s) 'example_kubernetes_executor' retrieved from /home/airflow/.local/lib/python3.12/site-packages/airflow/example_dags/example_kubernetes_executor.py
Sync 1 DAGs
Setting next_dagrun for example_kubernetes_executor to None, run_after=None
Processing /home/airflow/.local/lib/python3.12/site-packages/airflow/example_dags/example_kubernetes_executor.py took 0.060 seconds
Started process (PID=7874) to work on /home/airflow/.local/lib/python3.12/site-packages/airflow/example_dags/example_kubernetes_executor.py
Processing file /home/airflow/.local/lib/python3.12/site-packages/airflow/example_dags/example_kubernetes_executor.py for tasks to queue
Filling up the DagBag from /home/airflow/.local/lib/python3.12/site-packages/airflow/example_dags/example_kubernetes_executor.py
DAG(s) 'example_kubernetes_executor' retrieved from /home/airflow/.local/lib/python3.12/site-packages/airflow/example_dags/example_kubernetes_executor.py
Sync 1 DAGs
Setting next_dagrun for example_kubernetes_executor to None, run_after=None
Processing /home/airflow/.local/lib/python3.12/site-packages/airflow/example_dags/example_kubernetes_executor.py took 0.075 seconds
Started process (PID=7940) to work on /home/airflow/.local/lib/python3.12/site-packages/airflow/example_dags/example_kubernetes_executor.py
Processing file /home/airflow/.local/lib/python3.12/site-packages/airflow/example_dags/example_kubernetes_executor.py for tasks to queue
Filling up the DagBag from /home/airflow/.local/lib/python3.12/site-packages/airflow/example_dags/example_kubernetes_executor.py
DAG(s) 'example_kubernetes_executor' retrieved from /home/airflow/.local/lib/python3.12/site-packages/airflow/example_dags/example_kubernetes_executor.py
Sync 1 DAGs
Setting next_dagrun for example_kubernetes_executor to None, run_after=None
Processing /home/airflow/.local/lib/python3.12/site-packages/airflow/example_dags/example_kubernetes_executor.py took 0.061 seconds
Started process (PID=8013) to work on /home/airflow/.local/lib/python3.12/site-packages/airflow/example_dags/example_kubernetes_executor.py
Processing file /home/airflow/.local/lib/python3.12/site-packages/airflow/example_dags/example_kubernetes_executor.py for tasks to queue
Filling up the DagBag from /home/airflow/.local/lib/python3.12/site-packages/airflow/example_dags/example_kubernetes_executor.py
DAG(s) 'example_kubernetes_executor' retrieved from /home/airflow/.local/lib/python3.12/site-packages/airflow/example_dags/example_kubernetes_executor.py
Sync 1 DAGs
Setting next_dagrun for example_kubernetes_executor to None, run_after=None
Processing /home/airflow/.local/lib/python3.12/site-packages/airflow/example_dags/example_kubernetes_executor.py took 0.061 seconds
Started process (PID=8080) to work on /home/airflow/.local/lib/python3.12/site-packages/airflow/example_dags/example_kubernetes_executor.py
Processing file /home/airflow/.local/lib/python3.12/site-packages/airflow/example_dags/example_kubernetes_executor.py for tasks to queue
Filling up the DagBag from /home/airflow/.local/lib/python3.12/site-packages/airflow/example_dags/example_kubernetes_executor.py
DAG(s) 'example_kubernetes_executor' retrieved from /home/airflow/.local/lib/python3.12/site-packages/airflow/example_dags/example_kubernetes_executor.py
Sync 1 DAGs
Setting next_dagrun for example_kubernetes_executor to None, run_after=None
Processing /home/airflow/.local/lib/python3.12/site-packages/airflow/example_dags/example_kubernetes_executor.py took 0.061 seconds
Started process (PID=8153) to work on /home/airflow/.local/lib/python3.12/site-packages/airflow/example_dags/example_kubernetes_executor.py
Processing file /home/airflow/.local/lib/python3.12/site-packages/airflow/example_dags/example_kubernetes_executor.py for tasks to queue
Filling up the DagBag from /home/airflow/.local/lib/python3.12/site-packages/airflow/example_dags/example_kubernetes_executor.py
DAG(s) 'example_kubernetes_executor' retrieved from /home/airflow/.local/lib/python3.12/site-packages/airflow/example_dags/example_kubernetes_executor.py
Sync 1 DAGs
Setting next_dagrun for example_kubernetes_executor to None, run_after=None
Processing /home/airflow/.local/lib/python3.12/site-packages/airflow/example_dags/example_kubernetes_executor.py took 0.062 seconds
Started process (PID=8225) to work on /home/airflow/.local/lib/python3.12/site-packages/airflow/example_dags/example_kubernetes_executor.py
Processing file /home/airflow/.local/lib/python3.12/site-packages/airflow/example_dags/example_kubernetes_executor.py for tasks to queue
Filling up the DagBag from /home/airflow/.local/lib/python3.12/site-packages/airflow/example_dags/example_kubernetes_executor.py
DAG(s) 'example_kubernetes_executor' retrieved from /home/airflow/.local/lib/python3.12/site-packages/airflow/example_dags/example_kubernetes_executor.py
Sync 1 DAGs
Setting next_dagrun for example_kubernetes_executor to None, run_after=None
Processing /home/airflow/.local/lib/python3.12/site-packages/airflow/example_dags/example_kubernetes_executor.py took 0.065 seconds
Started process (PID=8291) to work on /home/airflow/.local/lib/python3.12/site-packages/airflow/example_dags/example_kubernetes_executor.py
Processing file /home/airflow/.local/lib/python3.12/site-packages/airflow/example_dags/example_kubernetes_executor.py for tasks to queue
Filling up the DagBag from /home/airflow/.local/lib/python3.12/site-packages/airflow/example_dags/example_kubernetes_executor.py
DAG(s) 'example_kubernetes_executor' retrieved from /home/airflow/.local/lib/python3.12/site-packages/airflow/example_dags/example_kubernetes_executor.py
Sync 1 DAGs
Setting next_dagrun for example_kubernetes_executor to None, run_after=None
Processing /home/airflow/.local/lib/python3.12/site-packages/airflow/example_dags/example_kubernetes_executor.py took 0.062 seconds
Started process (PID=8364) to work on /home/airflow/.local/lib/python3.12/site-packages/airflow/example_dags/example_kubernetes_executor.py
Processing file /home/airflow/.local/lib/python3.12/site-packages/airflow/example_dags/example_kubernetes_executor.py for tasks to queue
Filling up the DagBag from /home/airflow/.local/lib/python3.12/site-packages/airflow/example_dags/example_kubernetes_executor.py
DAG(s) 'example_kubernetes_executor' retrieved from /home/airflow/.local/lib/python3.12/site-packages/airflow/example_dags/example_kubernetes_executor.py
Sync 1 DAGs
Setting next_dagrun for example_kubernetes_executor to None, run_after=None
Processing /home/airflow/.local/lib/python3.12/site-packages/airflow/example_dags/example_kubernetes_executor.py took 0.065 seconds
Started process (PID=8430) to work on /home/airflow/.local/lib/python3.12/site-packages/airflow/example_dags/example_kubernetes_executor.py
Processing file /home/airflow/.local/lib/python3.12/site-packages/airflow/example_dags/example_kubernetes_executor.py for tasks to queue
Filling up the DagBag from /home/airflow/.local/lib/python3.12/site-packages/airflow/example_dags/example_kubernetes_executor.py
DAG(s) 'example_kubernetes_executor' retrieved from /home/airflow/.local/lib/python3.12/site-packages/airflow/example_dags/example_kubernetes_executor.py
Sync 1 DAGs
Setting next_dagrun for example_kubernetes_executor to None, run_after=None
Processing /home/airflow/.local/lib/python3.12/site-packages/airflow/example_dags/example_kubernetes_executor.py took 0.160 seconds
Started process (PID=8503) to work on /home/airflow/.local/lib/python3.12/site-packages/airflow/example_dags/example_kubernetes_executor.py
Processing file /home/airflow/.local/lib/python3.12/site-packages/airflow/example_dags/example_kubernetes_executor.py for tasks to queue
Filling up the DagBag from /home/airflow/.local/lib/python3.12/site-packages/airflow/example_dags/example_kubernetes_executor.py
DAG(s) 'example_kubernetes_executor' retrieved from /home/airflow/.local/lib/python3.12/site-packages/airflow/example_dags/example_kubernetes_executor.py
Sync 1 DAGs
Setting next_dagrun for example_kubernetes_executor to None, run_after=None
Processing /home/airflow/.local/lib/python3.12/site-packages/airflow/example_dags/example_kubernetes_executor.py took 0.069 seconds
Started process (PID=8569) to work on /home/airflow/.local/lib/python3.12/site-packages/airflow/example_dags/example_kubernetes_executor.py
Processing file /home/airflow/.local/lib/python3.12/site-packages/airflow/example_dags/example_kubernetes_executor.py for tasks to queue
Filling up the DagBag from /home/airflow/.local/lib/python3.12/site-packages/airflow/example_dags/example_kubernetes_executor.py
DAG(s) 'example_kubernetes_executor' retrieved from /home/airflow/.local/lib/python3.12/site-packages/airflow/example_dags/example_kubernetes_executor.py
Sync 1 DAGs
Setting next_dagrun for example_kubernetes_executor to None, run_after=None
Processing /home/airflow/.local/lib/python3.12/site-packages/airflow/example_dags/example_kubernetes_executor.py took 0.062 seconds
Started process (PID=8642) to work on /home/airflow/.local/lib/python3.12/site-packages/airflow/example_dags/example_kubernetes_executor.py
Processing file /home/airflow/.local/lib/python3.12/site-packages/airflow/example_dags/example_kubernetes_executor.py for tasks to queue
Filling up the DagBag from /home/airflow/.local/lib/python3.12/site-packages/airflow/example_dags/example_kubernetes_executor.py
DAG(s) 'example_kubernetes_executor' retrieved from /home/airflow/.local/lib/python3.12/site-packages/airflow/example_dags/example_kubernetes_executor.py
Sync 1 DAGs
Setting next_dagrun for example_kubernetes_executor to None, run_after=None
Processing /home/airflow/.local/lib/python3.12/site-packages/airflow/example_dags/example_kubernetes_executor.py took 0.991 seconds
Started process (PID=8708) to work on /home/airflow/.local/lib/python3.12/site-packages/airflow/example_dags/example_kubernetes_executor.py
Processing file /home/airflow/.local/lib/python3.12/site-packages/airflow/example_dags/example_kubernetes_executor.py for tasks to queue
Filling up the DagBag from /home/airflow/.local/lib/python3.12/site-packages/airflow/example_dags/example_kubernetes_executor.py
DAG(s) 'example_kubernetes_executor' retrieved from /home/airflow/.local/lib/python3.12/site-packages/airflow/example_dags/example_kubernetes_executor.py
Sync 1 DAGs
Setting next_dagrun for example_kubernetes_executor to None, run_after=None
Processing /home/airflow/.local/lib/python3.12/site-packages/airflow/example_dags/example_kubernetes_executor.py took 0.171 seconds
Started process (PID=8781) to work on /home/airflow/.local/lib/python3.12/site-packages/airflow/example_dags/example_kubernetes_executor.py
Processing file /home/airflow/.local/lib/python3.12/site-packages/airflow/example_dags/example_kubernetes_executor.py for tasks to queue
Filling up the DagBag from /home/airflow/.local/lib/python3.12/site-packages/airflow/example_dags/example_kubernetes_executor.py
DAG(s) 'example_kubernetes_executor' retrieved from /home/airflow/.local/lib/python3.12/site-packages/airflow/example_dags/example_kubernetes_executor.py
Sync 1 DAGs
Setting next_dagrun for example_kubernetes_executor to None, run_after=None
Processing /home/airflow/.local/lib/python3.12/site-packages/airflow/example_dags/example_kubernetes_executor.py took 0.061 seconds
Started process (PID=8847) to work on /home/airflow/.local/lib/python3.12/site-packages/airflow/example_dags/example_kubernetes_executor.py
Processing file /home/airflow/.local/lib/python3.12/site-packages/airflow/example_dags/example_kubernetes_executor.py for tasks to queue
Filling up the DagBag from /home/airflow/.local/lib/python3.12/site-packages/airflow/example_dags/example_kubernetes_executor.py
DAG(s) 'example_kubernetes_executor' retrieved from /home/airflow/.local/lib/python3.12/site-packages/airflow/example_dags/example_kubernetes_executor.py
Sync 1 DAGs
Setting next_dagrun for example_kubernetes_executor to None, run_after=None
Processing /home/airflow/.local/lib/python3.12/site-packages/airflow/example_dags/example_kubernetes_executor.py took 0.061 seconds
Started process (PID=8920) to work on /home/airflow/.local/lib/python3.12/site-packages/airflow/example_dags/example_kubernetes_executor.py
Processing file /home/airflow/.local/lib/python3.12/site-packages/airflow/example_dags/example_kubernetes_executor.py for tasks to queue
Filling up the DagBag from /home/airflow/.local/lib/python3.12/site-packages/airflow/example_dags/example_kubernetes_executor.py
DAG(s) 'example_kubernetes_executor' retrieved from /home/airflow/.local/lib/python3.12/site-packages/airflow/example_dags/example_kubernetes_executor.py
Sync 1 DAGs
Setting next_dagrun for example_kubernetes_executor to None, run_after=None
Processing /home/airflow/.local/lib/python3.12/site-packages/airflow/example_dags/example_kubernetes_executor.py took 0.914 seconds
Started process (PID=8986) to work on /home/airflow/.local/lib/python3.12/site-packages/airflow/example_dags/example_kubernetes_executor.py
Processing file /home/airflow/.local/lib/python3.12/site-packages/airflow/example_dags/example_kubernetes_executor.py for tasks to queue
Filling up the DagBag from /home/airflow/.local/lib/python3.12/site-packages/airflow/example_dags/example_kubernetes_executor.py
DAG(s) 'example_kubernetes_executor' retrieved from /home/airflow/.local/lib/python3.12/site-packages/airflow/example_dags/example_kubernetes_executor.py
Sync 1 DAGs
Setting next_dagrun for example_kubernetes_executor to None, run_after=None
Processing /home/airflow/.local/lib/python3.12/site-packages/airflow/example_dags/example_kubernetes_executor.py took 0.063 seconds
Started process (PID=9059) to work on /home/airflow/.local/lib/python3.12/site-packages/airflow/example_dags/example_kubernetes_executor.py
Processing file /home/airflow/.local/lib/python3.12/site-packages/airflow/example_dags/example_kubernetes_executor.py for tasks to queue
Filling up the DagBag from /home/airflow/.local/lib/python3.12/site-packages/airflow/example_dags/example_kubernetes_executor.py
DAG(s) 'example_kubernetes_executor' retrieved from /home/airflow/.local/lib/python3.12/site-packages/airflow/example_dags/example_kubernetes_executor.py
Sync 1 DAGs
Setting next_dagrun for example_kubernetes_executor to None, run_after=None
Processing /home/airflow/.local/lib/python3.12/site-packages/airflow/example_dags/example_kubernetes_executor.py took 0.065 seconds
Started process (PID=9133) to work on /home/airflow/.local/lib/python3.12/site-packages/airflow/example_dags/example_kubernetes_executor.py
Processing file /home/airflow/.local/lib/python3.12/site-packages/airflow/example_dags/example_kubernetes_executor.py for tasks to queue
Filling up the DagBag from /home/airflow/.local/lib/python3.12/site-packages/airflow/example_dags/example_kubernetes_executor.py
DAG(s) 'example_kubernetes_executor' retrieved from /home/airflow/.local/lib/python3.12/site-packages/airflow/example_dags/example_kubernetes_executor.py
Sync 1 DAGs
Setting next_dagrun for example_kubernetes_executor to None, run_after=None
Processing /home/airflow/.local/lib/python3.12/site-packages/airflow/example_dags/example_kubernetes_executor.py took 0.083 seconds
Started process (PID=9198) to work on /home/airflow/.local/lib/python3.12/site-packages/airflow/example_dags/example_kubernetes_executor.py
Processing file /home/airflow/.local/lib/python3.12/site-packages/airflow/example_dags/example_kubernetes_executor.py for tasks to queue
Filling up the DagBag from /home/airflow/.local/lib/python3.12/site-packages/airflow/example_dags/example_kubernetes_executor.py
DAG(s) 'example_kubernetes_executor' retrieved from /home/airflow/.local/lib/python3.12/site-packages/airflow/example_dags/example_kubernetes_executor.py
Sync 1 DAGs
Setting next_dagrun for example_kubernetes_executor to None, run_after=None
Processing /home/airflow/.local/lib/python3.12/site-packages/airflow/example_dags/example_kubernetes_executor.py took 0.068 seconds
Started process (PID=9264) to work on /home/airflow/.local/lib/python3.12/site-packages/airflow/example_dags/example_kubernetes_executor.py
Processing file /home/airflow/.local/lib/python3.12/site-packages/airflow/example_dags/example_kubernetes_executor.py for tasks to queue
Filling up the DagBag from /home/airflow/.local/lib/python3.12/site-packages/airflow/example_dags/example_kubernetes_executor.py
DAG(s) 'example_kubernetes_executor' retrieved from /home/airflow/.local/lib/python3.12/site-packages/airflow/example_dags/example_kubernetes_executor.py
Sync 1 DAGs
Setting next_dagrun for example_kubernetes_executor to None, run_after=None
Processing /home/airflow/.local/lib/python3.12/site-packages/airflow/example_dags/example_kubernetes_executor.py took 0.068 seconds
Started process (PID=9337) to work on /home/airflow/.local/lib/python3.12/site-packages/airflow/example_dags/example_kubernetes_executor.py
Processing file /home/airflow/.local/lib/python3.12/site-packages/airflow/example_dags/example_kubernetes_executor.py for tasks to queue
Filling up the DagBag from /home/airflow/.local/lib/python3.12/site-packages/airflow/example_dags/example_kubernetes_executor.py
DAG(s) 'example_kubernetes_executor' retrieved from /home/airflow/.local/lib/python3.12/site-packages/airflow/example_dags/example_kubernetes_executor.py
Sync 1 DAGs
Setting next_dagrun for example_kubernetes_executor to None, run_after=None
Processing /home/airflow/.local/lib/python3.12/site-packages/airflow/example_dags/example_kubernetes_executor.py took 0.061 seconds
Started process (PID=9403) to work on /home/airflow/.local/lib/python3.12/site-packages/airflow/example_dags/example_kubernetes_executor.py
Processing file /home/airflow/.local/lib/python3.12/site-packages/airflow/example_dags/example_kubernetes_executor.py for tasks to queue
Filling up the DagBag from /home/airflow/.local/lib/python3.12/site-packages/airflow/example_dags/example_kubernetes_executor.py
DAG(s) 'example_kubernetes_executor' retrieved from /home/airflow/.local/lib/python3.12/site-packages/airflow/example_dags/example_kubernetes_executor.py
Sync 1 DAGs
Setting next_dagrun for example_kubernetes_executor to None, run_after=None
Processing /home/airflow/.local/lib/python3.12/site-packages/airflow/example_dags/example_kubernetes_executor.py took 0.061 seconds
Started process (PID=9476) to work on /home/airflow/.local/lib/python3.12/site-packages/airflow/example_dags/example_kubernetes_executor.py
Processing file /home/airflow/.local/lib/python3.12/site-packages/airflow/example_dags/example_kubernetes_executor.py for tasks to queue
Filling up the DagBag from /home/airflow/.local/lib/python3.12/site-packages/airflow/example_dags/example_kubernetes_executor.py
DAG(s) 'example_kubernetes_executor' retrieved from /home/airflow/.local/lib/python3.12/site-packages/airflow/example_dags/example_kubernetes_executor.py
Sync 1 DAGs
Setting next_dagrun for example_kubernetes_executor to None, run_after=None
Processing /home/airflow/.local/lib/python3.12/site-packages/airflow/example_dags/example_kubernetes_executor.py took 0.061 seconds
Started process (PID=9549) to work on /home/airflow/.local/lib/python3.12/site-packages/airflow/example_dags/example_kubernetes_executor.py
Processing file /home/airflow/.local/lib/python3.12/site-packages/airflow/example_dags/example_kubernetes_executor.py for tasks to queue
Filling up the DagBag from /home/airflow/.local/lib/python3.12/site-packages/airflow/example_dags/example_kubernetes_executor.py
DAG(s) 'example_kubernetes_executor' retrieved from /home/airflow/.local/lib/python3.12/site-packages/airflow/example_dags/example_kubernetes_executor.py
Sync 1 DAGs
Setting next_dagrun for example_kubernetes_executor to None, run_after=None
Processing /home/airflow/.local/lib/python3.12/site-packages/airflow/example_dags/example_kubernetes_executor.py took 0.063 seconds
Started process (PID=9615) to work on /home/airflow/.local/lib/python3.12/site-packages/airflow/example_dags/example_kubernetes_executor.py
Processing file /home/airflow/.local/lib/python3.12/site-packages/airflow/example_dags/example_kubernetes_executor.py for tasks to queue
Filling up the DagBag from /home/airflow/.local/lib/python3.12/site-packages/airflow/example_dags/example_kubernetes_executor.py
DAG(s) 'example_kubernetes_executor' retrieved from /home/airflow/.local/lib/python3.12/site-packages/airflow/example_dags/example_kubernetes_executor.py
Sync 1 DAGs
Setting next_dagrun for example_kubernetes_executor to None, run_after=None
Processing /home/airflow/.local/lib/python3.12/site-packages/airflow/example_dags/example_kubernetes_executor.py took 0.061 seconds
Started process (PID=9688) to work on /home/airflow/.local/lib/python3.12/site-packages/airflow/example_dags/example_kubernetes_executor.py
Processing file /home/airflow/.local/lib/python3.12/site-packages/airflow/example_dags/example_kubernetes_executor.py for tasks to queue
Filling up the DagBag from /home/airflow/.local/lib/python3.12/site-packages/airflow/example_dags/example_kubernetes_executor.py
DAG(s) 'example_kubernetes_executor' retrieved from /home/airflow/.local/lib/python3.12/site-packages/airflow/example_dags/example_kubernetes_executor.py
Sync 1 DAGs
Setting next_dagrun for example_kubernetes_executor to None, run_after=None
Processing /home/airflow/.local/lib/python3.12/site-packages/airflow/example_dags/example_kubernetes_executor.py took 0.068 seconds
Started process (PID=9754) to work on /home/airflow/.local/lib/python3.12/site-packages/airflow/example_dags/example_kubernetes_executor.py
Processing file /home/airflow/.local/lib/python3.12/site-packages/airflow/example_dags/example_kubernetes_executor.py for tasks to queue
Filling up the DagBag from /home/airflow/.local/lib/python3.12/site-packages/airflow/example_dags/example_kubernetes_executor.py
DAG(s) 'example_kubernetes_executor' retrieved from /home/airflow/.local/lib/python3.12/site-packages/airflow/example_dags/example_kubernetes_executor.py
Sync 1 DAGs
Setting next_dagrun for example_kubernetes_executor to None, run_after=None
Processing /home/airflow/.local/lib/python3.12/site-packages/airflow/example_dags/example_kubernetes_executor.py took 0.073 seconds
Started process (PID=9827) to work on /home/airflow/.local/lib/python3.12/site-packages/airflow/example_dags/example_kubernetes_executor.py
Processing file /home/airflow/.local/lib/python3.12/site-packages/airflow/example_dags/example_kubernetes_executor.py for tasks to queue
Filling up the DagBag from /home/airflow/.local/lib/python3.12/site-packages/airflow/example_dags/example_kubernetes_executor.py
DAG(s) 'example_kubernetes_executor' retrieved from /home/airflow/.local/lib/python3.12/site-packages/airflow/example_dags/example_kubernetes_executor.py
Sync 1 DAGs
Setting next_dagrun for example_kubernetes_executor to None, run_after=None
Processing /home/airflow/.local/lib/python3.12/site-packages/airflow/example_dags/example_kubernetes_executor.py took 0.067 seconds
Started process (PID=9893) to work on /home/airflow/.local/lib/python3.12/site-packages/airflow/example_dags/example_kubernetes_executor.py
Processing file /home/airflow/.local/lib/python3.12/site-packages/airflow/example_dags/example_kubernetes_executor.py for tasks to queue
Filling up the DagBag from /home/airflow/.local/lib/python3.12/site-packages/airflow/example_dags/example_kubernetes_executor.py
DAG(s) 'example_kubernetes_executor' retrieved from /home/airflow/.local/lib/python3.12/site-packages/airflow/example_dags/example_kubernetes_executor.py
Sync 1 DAGs
Setting next_dagrun for example_kubernetes_executor to None, run_after=None
Processing /home/airflow/.local/lib/python3.12/site-packages/airflow/example_dags/example_kubernetes_executor.py took 0.077 seconds
Started process (PID=9966) to work on /home/airflow/.local/lib/python3.12/site-packages/airflow/example_dags/example_kubernetes_executor.py
Processing file /home/airflow/.local/lib/python3.12/site-packages/airflow/example_dags/example_kubernetes_executor.py for tasks to queue
Filling up the DagBag from /home/airflow/.local/lib/python3.12/site-packages/airflow/example_dags/example_kubernetes_executor.py
DAG(s) 'example_kubernetes_executor' retrieved from /home/airflow/.local/lib/python3.12/site-packages/airflow/example_dags/example_kubernetes_executor.py
Sync 1 DAGs
Setting next_dagrun for example_kubernetes_executor to None, run_after=None
Processing /home/airflow/.local/lib/python3.12/site-packages/airflow/example_dags/example_kubernetes_executor.py took 0.065 seconds
Started process (PID=10032) to work on /home/airflow/.local/lib/python3.12/site-packages/airflow/example_dags/example_kubernetes_executor.py
Processing file /home/airflow/.local/lib/python3.12/site-packages/airflow/example_dags/example_kubernetes_executor.py for tasks to queue
Filling up the DagBag from /home/airflow/.local/lib/python3.12/site-packages/airflow/example_dags/example_kubernetes_executor.py
DAG(s) 'example_kubernetes_executor' retrieved from /home/airflow/.local/lib/python3.12/site-packages/airflow/example_dags/example_kubernetes_executor.py
Sync 1 DAGs
Setting next_dagrun for example_kubernetes_executor to None, run_after=None
Processing /home/airflow/.local/lib/python3.12/site-packages/airflow/example_dags/example_kubernetes_executor.py took 0.065 seconds
Started process (PID=10105) to work on /home/airflow/.local/lib/python3.12/site-packages/airflow/example_dags/example_kubernetes_executor.py
Processing file /home/airflow/.local/lib/python3.12/site-packages/airflow/example_dags/example_kubernetes_executor.py for tasks to queue
Filling up the DagBag from /home/airflow/.local/lib/python3.12/site-packages/airflow/example_dags/example_kubernetes_executor.py
DAG(s) 'example_kubernetes_executor' retrieved from /home/airflow/.local/lib/python3.12/site-packages/airflow/example_dags/example_kubernetes_executor.py
Sync 1 DAGs
Setting next_dagrun for example_kubernetes_executor to None, run_after=None
Processing /home/airflow/.local/lib/python3.12/site-packages/airflow/example_dags/example_kubernetes_executor.py took 0.069 seconds
Started process (PID=10171) to work on /home/airflow/.local/lib/python3.12/site-packages/airflow/example_dags/example_kubernetes_executor.py
Processing file /home/airflow/.local/lib/python3.12/site-packages/airflow/example_dags/example_kubernetes_executor.py for tasks to queue
Filling up the DagBag from /home/airflow/.local/lib/python3.12/site-packages/airflow/example_dags/example_kubernetes_executor.py
DAG(s) 'example_kubernetes_executor' retrieved from /home/airflow/.local/lib/python3.12/site-packages/airflow/example_dags/example_kubernetes_executor.py
Sync 1 DAGs
Setting next_dagrun for example_kubernetes_executor to None, run_after=None
Processing /home/airflow/.local/lib/python3.12/site-packages/airflow/example_dags/example_kubernetes_executor.py took 0.073 seconds
Started process (PID=10244) to work on /home/airflow/.local/lib/python3.12/site-packages/airflow/example_dags/example_kubernetes_executor.py
Processing file /home/airflow/.local/lib/python3.12/site-packages/airflow/example_dags/example_kubernetes_executor.py for tasks to queue
Filling up the DagBag from /home/airflow/.local/lib/python3.12/site-packages/airflow/example_dags/example_kubernetes_executor.py
DAG(s) 'example_kubernetes_executor' retrieved from /home/airflow/.local/lib/python3.12/site-packages/airflow/example_dags/example_kubernetes_executor.py
Sync 1 DAGs
Setting next_dagrun for example_kubernetes_executor to None, run_after=None
Processing /home/airflow/.local/lib/python3.12/site-packages/airflow/example_dags/example_kubernetes_executor.py took 0.066 seconds
Started process (PID=10317) to work on /home/airflow/.local/lib/python3.12/site-packages/airflow/example_dags/example_kubernetes_executor.py
Processing file /home/airflow/.local/lib/python3.12/site-packages/airflow/example_dags/example_kubernetes_executor.py for tasks to queue
Filling up the DagBag from /home/airflow/.local/lib/python3.12/site-packages/airflow/example_dags/example_kubernetes_executor.py
DAG(s) 'example_kubernetes_executor' retrieved from /home/airflow/.local/lib/python3.12/site-packages/airflow/example_dags/example_kubernetes_executor.py
Sync 1 DAGs
Setting next_dagrun for example_kubernetes_executor to None, run_after=None
Processing /home/airflow/.local/lib/python3.12/site-packages/airflow/example_dags/example_kubernetes_executor.py took 0.064 seconds
Started process (PID=10383) to work on /home/airflow/.local/lib/python3.12/site-packages/airflow/example_dags/example_kubernetes_executor.py
Processing file /home/airflow/.local/lib/python3.12/site-packages/airflow/example_dags/example_kubernetes_executor.py for tasks to queue
Filling up the DagBag from /home/airflow/.local/lib/python3.12/site-packages/airflow/example_dags/example_kubernetes_executor.py
DAG(s) 'example_kubernetes_executor' retrieved from /home/airflow/.local/lib/python3.12/site-packages/airflow/example_dags/example_kubernetes_executor.py
Sync 1 DAGs
Setting next_dagrun for example_kubernetes_executor to None, run_after=None
Processing /home/airflow/.local/lib/python3.12/site-packages/airflow/example_dags/example_kubernetes_executor.py took 0.070 seconds
Started process (PID=10456) to work on /home/airflow/.local/lib/python3.12/site-packages/airflow/example_dags/example_kubernetes_executor.py
Processing file /home/airflow/.local/lib/python3.12/site-packages/airflow/example_dags/example_kubernetes_executor.py for tasks to queue
Filling up the DagBag from /home/airflow/.local/lib/python3.12/site-packages/airflow/example_dags/example_kubernetes_executor.py
DAG(s) 'example_kubernetes_executor' retrieved from /home/airflow/.local/lib/python3.12/site-packages/airflow/example_dags/example_kubernetes_executor.py
Sync 1 DAGs
Setting next_dagrun for example_kubernetes_executor to None, run_after=None
Processing /home/airflow/.local/lib/python3.12/site-packages/airflow/example_dags/example_kubernetes_executor.py took 0.064 seconds
Started process (PID=10522) to work on /home/airflow/.local/lib/python3.12/site-packages/airflow/example_dags/example_kubernetes_executor.py
Processing file /home/airflow/.local/lib/python3.12/site-packages/airflow/example_dags/example_kubernetes_executor.py for tasks to queue
Filling up the DagBag from /home/airflow/.local/lib/python3.12/site-packages/airflow/example_dags/example_kubernetes_executor.py
DAG(s) 'example_kubernetes_executor' retrieved from /home/airflow/.local/lib/python3.12/site-packages/airflow/example_dags/example_kubernetes_executor.py
Sync 1 DAGs
Setting next_dagrun for example_kubernetes_executor to None, run_after=None
Processing /home/airflow/.local/lib/python3.12/site-packages/airflow/example_dags/example_kubernetes_executor.py took 0.067 seconds
Started process (PID=10595) to work on /home/airflow/.local/lib/python3.12/site-packages/airflow/example_dags/example_kubernetes_executor.py
Processing file /home/airflow/.local/lib/python3.12/site-packages/airflow/example_dags/example_kubernetes_executor.py for tasks to queue
Filling up the DagBag from /home/airflow/.local/lib/python3.12/site-packages/airflow/example_dags/example_kubernetes_executor.py
DAG(s) 'example_kubernetes_executor' retrieved from /home/airflow/.local/lib/python3.12/site-packages/airflow/example_dags/example_kubernetes_executor.py
Sync 1 DAGs
Setting next_dagrun for example_kubernetes_executor to None, run_after=None
Processing /home/airflow/.local/lib/python3.12/site-packages/airflow/example_dags/example_kubernetes_executor.py took 0.064 seconds
Started process (PID=10661) to work on /home/airflow/.local/lib/python3.12/site-packages/airflow/example_dags/example_kubernetes_executor.py
Processing file /home/airflow/.local/lib/python3.12/site-packages/airflow/example_dags/example_kubernetes_executor.py for tasks to queue
Filling up the DagBag from /home/airflow/.local/lib/python3.12/site-packages/airflow/example_dags/example_kubernetes_executor.py
DAG(s) 'example_kubernetes_executor' retrieved from /home/airflow/.local/lib/python3.12/site-packages/airflow/example_dags/example_kubernetes_executor.py
Sync 1 DAGs
Setting next_dagrun for example_kubernetes_executor to None, run_after=None
Processing /home/airflow/.local/lib/python3.12/site-packages/airflow/example_dags/example_kubernetes_executor.py took 0.065 seconds
Started process (PID=10734) to work on /home/airflow/.local/lib/python3.12/site-packages/airflow/example_dags/example_kubernetes_executor.py
Processing file /home/airflow/.local/lib/python3.12/site-packages/airflow/example_dags/example_kubernetes_executor.py for tasks to queue
Filling up the DagBag from /home/airflow/.local/lib/python3.12/site-packages/airflow/example_dags/example_kubernetes_executor.py
DAG(s) 'example_kubernetes_executor' retrieved from /home/airflow/.local/lib/python3.12/site-packages/airflow/example_dags/example_kubernetes_executor.py
Sync 1 DAGs
Setting next_dagrun for example_kubernetes_executor to None, run_after=None
Processing /home/airflow/.local/lib/python3.12/site-packages/airflow/example_dags/example_kubernetes_executor.py took 0.070 seconds
Started process (PID=10800) to work on /home/airflow/.local/lib/python3.12/site-packages/airflow/example_dags/example_kubernetes_executor.py
Processing file /home/airflow/.local/lib/python3.12/site-packages/airflow/example_dags/example_kubernetes_executor.py for tasks to queue
Filling up the DagBag from /home/airflow/.local/lib/python3.12/site-packages/airflow/example_dags/example_kubernetes_executor.py
DAG(s) 'example_kubernetes_executor' retrieved from /home/airflow/.local/lib/python3.12/site-packages/airflow/example_dags/example_kubernetes_executor.py
Sync 1 DAGs
Setting next_dagrun for example_kubernetes_executor to None, run_after=None
Processing /home/airflow/.local/lib/python3.12/site-packages/airflow/example_dags/example_kubernetes_executor.py took 0.065 seconds
Started process (PID=10873) to work on /home/airflow/.local/lib/python3.12/site-packages/airflow/example_dags/example_kubernetes_executor.py
Processing file /home/airflow/.local/lib/python3.12/site-packages/airflow/example_dags/example_kubernetes_executor.py for tasks to queue
Filling up the DagBag from /home/airflow/.local/lib/python3.12/site-packages/airflow/example_dags/example_kubernetes_executor.py
DAG(s) 'example_kubernetes_executor' retrieved from /home/airflow/.local/lib/python3.12/site-packages/airflow/example_dags/example_kubernetes_executor.py
Sync 1 DAGs
Setting next_dagrun for example_kubernetes_executor to None, run_after=None
Processing /home/airflow/.local/lib/python3.12/site-packages/airflow/example_dags/example_kubernetes_executor.py took 0.067 seconds
Started process (PID=10939) to work on /home/airflow/.local/lib/python3.12/site-packages/airflow/example_dags/example_kubernetes_executor.py
Processing file /home/airflow/.local/lib/python3.12/site-packages/airflow/example_dags/example_kubernetes_executor.py for tasks to queue
Filling up the DagBag from /home/airflow/.local/lib/python3.12/site-packages/airflow/example_dags/example_kubernetes_executor.py
DAG(s) 'example_kubernetes_executor' retrieved from /home/airflow/.local/lib/python3.12/site-packages/airflow/example_dags/example_kubernetes_executor.py
Sync 1 DAGs
Setting next_dagrun for example_kubernetes_executor to None, run_after=None
Processing /home/airflow/.local/lib/python3.12/site-packages/airflow/example_dags/example_kubernetes_executor.py took 0.067 seconds
Started process (PID=11012) to work on /home/airflow/.local/lib/python3.12/site-packages/airflow/example_dags/example_kubernetes_executor.py
Processing file /home/airflow/.local/lib/python3.12/site-packages/airflow/example_dags/example_kubernetes_executor.py for tasks to queue
Filling up the DagBag from /home/airflow/.local/lib/python3.12/site-packages/airflow/example_dags/example_kubernetes_executor.py
DAG(s) 'example_kubernetes_executor' retrieved from /home/airflow/.local/lib/python3.12/site-packages/airflow/example_dags/example_kubernetes_executor.py
Sync 1 DAGs
Setting next_dagrun for example_kubernetes_executor to None, run_after=None
Processing /home/airflow/.local/lib/python3.12/site-packages/airflow/example_dags/example_kubernetes_executor.py took 0.064 seconds
Started process (PID=11078) to work on /home/airflow/.local/lib/python3.12/site-packages/airflow/example_dags/example_kubernetes_executor.py
Processing file /home/airflow/.local/lib/python3.12/site-packages/airflow/example_dags/example_kubernetes_executor.py for tasks to queue
Filling up the DagBag from /home/airflow/.local/lib/python3.12/site-packages/airflow/example_dags/example_kubernetes_executor.py
DAG(s) 'example_kubernetes_executor' retrieved from /home/airflow/.local/lib/python3.12/site-packages/airflow/example_dags/example_kubernetes_executor.py
Sync 1 DAGs
Setting next_dagrun for example_kubernetes_executor to None, run_after=None
Processing /home/airflow/.local/lib/python3.12/site-packages/airflow/example_dags/example_kubernetes_executor.py took 0.063 seconds
Started process (PID=11151) to work on /home/airflow/.local/lib/python3.12/site-packages/airflow/example_dags/example_kubernetes_executor.py
Processing file /home/airflow/.local/lib/python3.12/site-packages/airflow/example_dags/example_kubernetes_executor.py for tasks to queue
Filling up the DagBag from /home/airflow/.local/lib/python3.12/site-packages/airflow/example_dags/example_kubernetes_executor.py
DAG(s) 'example_kubernetes_executor' retrieved from /home/airflow/.local/lib/python3.12/site-packages/airflow/example_dags/example_kubernetes_executor.py
Sync 1 DAGs
Setting next_dagrun for example_kubernetes_executor to None, run_after=None
Processing /home/airflow/.local/lib/python3.12/site-packages/airflow/example_dags/example_kubernetes_executor.py took 0.063 seconds
Started process (PID=11217) to work on /home/airflow/.local/lib/python3.12/site-packages/airflow/example_dags/example_kubernetes_executor.py
Processing file /home/airflow/.local/lib/python3.12/site-packages/airflow/example_dags/example_kubernetes_executor.py for tasks to queue
Filling up the DagBag from /home/airflow/.local/lib/python3.12/site-packages/airflow/example_dags/example_kubernetes_executor.py
DAG(s) 'example_kubernetes_executor' retrieved from /home/airflow/.local/lib/python3.12/site-packages/airflow/example_dags/example_kubernetes_executor.py
Sync 1 DAGs
Setting next_dagrun for example_kubernetes_executor to None, run_after=None
Processing /home/airflow/.local/lib/python3.12/site-packages/airflow/example_dags/example_kubernetes_executor.py took 0.065 seconds
Started process (PID=11290) to work on /home/airflow/.local/lib/python3.12/site-packages/airflow/example_dags/example_kubernetes_executor.py
Processing file /home/airflow/.local/lib/python3.12/site-packages/airflow/example_dags/example_kubernetes_executor.py for tasks to queue
Filling up the DagBag from /home/airflow/.local/lib/python3.12/site-packages/airflow/example_dags/example_kubernetes_executor.py
DAG(s) 'example_kubernetes_executor' retrieved from /home/airflow/.local/lib/python3.12/site-packages/airflow/example_dags/example_kubernetes_executor.py
Sync 1 DAGs
Setting next_dagrun for example_kubernetes_executor to None, run_after=None
Processing /home/airflow/.local/lib/python3.12/site-packages/airflow/example_dags/example_kubernetes_executor.py took 0.060 seconds
Started process (PID=11363) to work on /home/airflow/.local/lib/python3.12/site-packages/airflow/example_dags/example_kubernetes_executor.py
Processing file /home/airflow/.local/lib/python3.12/site-packages/airflow/example_dags/example_kubernetes_executor.py for tasks to queue
Filling up the DagBag from /home/airflow/.local/lib/python3.12/site-packages/airflow/example_dags/example_kubernetes_executor.py
DAG(s) 'example_kubernetes_executor' retrieved from /home/airflow/.local/lib/python3.12/site-packages/airflow/example_dags/example_kubernetes_executor.py
Sync 1 DAGs
Setting next_dagrun for example_kubernetes_executor to None, run_after=None
Processing /home/airflow/.local/lib/python3.12/site-packages/airflow/example_dags/example_kubernetes_executor.py took 0.067 seconds
Started process (PID=11430) to work on /home/airflow/.local/lib/python3.12/site-packages/airflow/example_dags/example_kubernetes_executor.py
Processing file /home/airflow/.local/lib/python3.12/site-packages/airflow/example_dags/example_kubernetes_executor.py for tasks to queue
Filling up the DagBag from /home/airflow/.local/lib/python3.12/site-packages/airflow/example_dags/example_kubernetes_executor.py
DAG(s) 'example_kubernetes_executor' retrieved from /home/airflow/.local/lib/python3.12/site-packages/airflow/example_dags/example_kubernetes_executor.py
Sync 1 DAGs
Setting next_dagrun for example_kubernetes_executor to None, run_after=None
Processing /home/airflow/.local/lib/python3.12/site-packages/airflow/example_dags/example_kubernetes_executor.py took 0.061 seconds
Started process (PID=11503) to work on /home/airflow/.local/lib/python3.12/site-packages/airflow/example_dags/example_kubernetes_executor.py
Processing file /home/airflow/.local/lib/python3.12/site-packages/airflow/example_dags/example_kubernetes_executor.py for tasks to queue
Filling up the DagBag from /home/airflow/.local/lib/python3.12/site-packages/airflow/example_dags/example_kubernetes_executor.py
DAG(s) 'example_kubernetes_executor' retrieved from /home/airflow/.local/lib/python3.12/site-packages/airflow/example_dags/example_kubernetes_executor.py
Sync 1 DAGs
Setting next_dagrun for example_kubernetes_executor to None, run_after=None
Processing /home/airflow/.local/lib/python3.12/site-packages/airflow/example_dags/example_kubernetes_executor.py took 0.064 seconds
Started process (PID=11569) to work on /home/airflow/.local/lib/python3.12/site-packages/airflow/example_dags/example_kubernetes_executor.py
Processing file /home/airflow/.local/lib/python3.12/site-packages/airflow/example_dags/example_kubernetes_executor.py for tasks to queue
Filling up the DagBag from /home/airflow/.local/lib/python3.12/site-packages/airflow/example_dags/example_kubernetes_executor.py
DAG(s) 'example_kubernetes_executor' retrieved from /home/airflow/.local/lib/python3.12/site-packages/airflow/example_dags/example_kubernetes_executor.py
Sync 1 DAGs
Setting next_dagrun for example_kubernetes_executor to None, run_after=None
Processing /home/airflow/.local/lib/python3.12/site-packages/airflow/example_dags/example_kubernetes_executor.py took 0.060 seconds
Started process (PID=11642) to work on /home/airflow/.local/lib/python3.12/site-packages/airflow/example_dags/example_kubernetes_executor.py
Processing file /home/airflow/.local/lib/python3.12/site-packages/airflow/example_dags/example_kubernetes_executor.py for tasks to queue
Filling up the DagBag from /home/airflow/.local/lib/python3.12/site-packages/airflow/example_dags/example_kubernetes_executor.py
DAG(s) 'example_kubernetes_executor' retrieved from /home/airflow/.local/lib/python3.12/site-packages/airflow/example_dags/example_kubernetes_executor.py
Sync 1 DAGs
Setting next_dagrun for example_kubernetes_executor to None, run_after=None
Processing /home/airflow/.local/lib/python3.12/site-packages/airflow/example_dags/example_kubernetes_executor.py took 0.067 seconds
Started process (PID=11707) to work on /home/airflow/.local/lib/python3.12/site-packages/airflow/example_dags/example_kubernetes_executor.py
Processing file /home/airflow/.local/lib/python3.12/site-packages/airflow/example_dags/example_kubernetes_executor.py for tasks to queue
Filling up the DagBag from /home/airflow/.local/lib/python3.12/site-packages/airflow/example_dags/example_kubernetes_executor.py
DAG(s) 'example_kubernetes_executor' retrieved from /home/airflow/.local/lib/python3.12/site-packages/airflow/example_dags/example_kubernetes_executor.py
Sync 1 DAGs
Setting next_dagrun for example_kubernetes_executor to None, run_after=None
Processing /home/airflow/.local/lib/python3.12/site-packages/airflow/example_dags/example_kubernetes_executor.py took 0.062 seconds
Started process (PID=11780) to work on /home/airflow/.local/lib/python3.12/site-packages/airflow/example_dags/example_kubernetes_executor.py
Processing file /home/airflow/.local/lib/python3.12/site-packages/airflow/example_dags/example_kubernetes_executor.py for tasks to queue
Filling up the DagBag from /home/airflow/.local/lib/python3.12/site-packages/airflow/example_dags/example_kubernetes_executor.py
DAG(s) 'example_kubernetes_executor' retrieved from /home/airflow/.local/lib/python3.12/site-packages/airflow/example_dags/example_kubernetes_executor.py
Sync 1 DAGs
Setting next_dagrun for example_kubernetes_executor to None, run_after=None
Processing /home/airflow/.local/lib/python3.12/site-packages/airflow/example_dags/example_kubernetes_executor.py took 0.065 seconds
Started process (PID=11846) to work on /home/airflow/.local/lib/python3.12/site-packages/airflow/example_dags/example_kubernetes_executor.py
Processing file /home/airflow/.local/lib/python3.12/site-packages/airflow/example_dags/example_kubernetes_executor.py for tasks to queue
Filling up the DagBag from /home/airflow/.local/lib/python3.12/site-packages/airflow/example_dags/example_kubernetes_executor.py
DAG(s) 'example_kubernetes_executor' retrieved from /home/airflow/.local/lib/python3.12/site-packages/airflow/example_dags/example_kubernetes_executor.py
Sync 1 DAGs
Setting next_dagrun for example_kubernetes_executor to None, run_after=None
Processing /home/airflow/.local/lib/python3.12/site-packages/airflow/example_dags/example_kubernetes_executor.py took 0.064 seconds
Started process (PID=11919) to work on /home/airflow/.local/lib/python3.12/site-packages/airflow/example_dags/example_kubernetes_executor.py
Processing file /home/airflow/.local/lib/python3.12/site-packages/airflow/example_dags/example_kubernetes_executor.py for tasks to queue
Filling up the DagBag from /home/airflow/.local/lib/python3.12/site-packages/airflow/example_dags/example_kubernetes_executor.py
DAG(s) 'example_kubernetes_executor' retrieved from /home/airflow/.local/lib/python3.12/site-packages/airflow/example_dags/example_kubernetes_executor.py
Sync 1 DAGs
Setting next_dagrun for example_kubernetes_executor to None, run_after=None
Processing /home/airflow/.local/lib/python3.12/site-packages/airflow/example_dags/example_kubernetes_executor.py took 0.062 seconds
Started process (PID=11985) to work on /home/airflow/.local/lib/python3.12/site-packages/airflow/example_dags/example_kubernetes_executor.py
Processing file /home/airflow/.local/lib/python3.12/site-packages/airflow/example_dags/example_kubernetes_executor.py for tasks to queue
Filling up the DagBag from /home/airflow/.local/lib/python3.12/site-packages/airflow/example_dags/example_kubernetes_executor.py
DAG(s) 'example_kubernetes_executor' retrieved from /home/airflow/.local/lib/python3.12/site-packages/airflow/example_dags/example_kubernetes_executor.py
Sync 1 DAGs
Setting next_dagrun for example_kubernetes_executor to None, run_after=None
Processing /home/airflow/.local/lib/python3.12/site-packages/airflow/example_dags/example_kubernetes_executor.py took 0.063 seconds
Started process (PID=12058) to work on /home/airflow/.local/lib/python3.12/site-packages/airflow/example_dags/example_kubernetes_executor.py
Processing file /home/airflow/.local/lib/python3.12/site-packages/airflow/example_dags/example_kubernetes_executor.py for tasks to queue
Filling up the DagBag from /home/airflow/.local/lib/python3.12/site-packages/airflow/example_dags/example_kubernetes_executor.py
DAG(s) 'example_kubernetes_executor' retrieved from /home/airflow/.local/lib/python3.12/site-packages/airflow/example_dags/example_kubernetes_executor.py
Sync 1 DAGs
Setting next_dagrun for example_kubernetes_executor to None, run_after=None
Processing /home/airflow/.local/lib/python3.12/site-packages/airflow/example_dags/example_kubernetes_executor.py took 0.069 seconds
Started process (PID=12124) to work on /home/airflow/.local/lib/python3.12/site-packages/airflow/example_dags/example_kubernetes_executor.py
Processing file /home/airflow/.local/lib/python3.12/site-packages/airflow/example_dags/example_kubernetes_executor.py for tasks to queue
Filling up the DagBag from /home/airflow/.local/lib/python3.12/site-packages/airflow/example_dags/example_kubernetes_executor.py
DAG(s) 'example_kubernetes_executor' retrieved from /home/airflow/.local/lib/python3.12/site-packages/airflow/example_dags/example_kubernetes_executor.py
Sync 1 DAGs
Setting next_dagrun for example_kubernetes_executor to None, run_after=None
Processing /home/airflow/.local/lib/python3.12/site-packages/airflow/example_dags/example_kubernetes_executor.py took 0.063 seconds
Started process (PID=12197) to work on /home/airflow/.local/lib/python3.12/site-packages/airflow/example_dags/example_kubernetes_executor.py
Processing file /home/airflow/.local/lib/python3.12/site-packages/airflow/example_dags/example_kubernetes_executor.py for tasks to queue
Filling up the DagBag from /home/airflow/.local/lib/python3.12/site-packages/airflow/example_dags/example_kubernetes_executor.py
DAG(s) 'example_kubernetes_executor' retrieved from /home/airflow/.local/lib/python3.12/site-packages/airflow/example_dags/example_kubernetes_executor.py
Sync 1 DAGs
Setting next_dagrun for example_kubernetes_executor to None, run_after=None
Processing /home/airflow/.local/lib/python3.12/site-packages/airflow/example_dags/example_kubernetes_executor.py took 0.062 seconds
Started process (PID=12263) to work on /home/airflow/.local/lib/python3.12/site-packages/airflow/example_dags/example_kubernetes_executor.py
Processing file /home/airflow/.local/lib/python3.12/site-packages/airflow/example_dags/example_kubernetes_executor.py for tasks to queue
Filling up the DagBag from /home/airflow/.local/lib/python3.12/site-packages/airflow/example_dags/example_kubernetes_executor.py
DAG(s) 'example_kubernetes_executor' retrieved from /home/airflow/.local/lib/python3.12/site-packages/airflow/example_dags/example_kubernetes_executor.py
Sync 1 DAGs
Setting next_dagrun for example_kubernetes_executor to None, run_after=None
Processing /home/airflow/.local/lib/python3.12/site-packages/airflow/example_dags/example_kubernetes_executor.py took 0.063 seconds
Started process (PID=12336) to work on /home/airflow/.local/lib/python3.12/site-packages/airflow/example_dags/example_kubernetes_executor.py
Processing file /home/airflow/.local/lib/python3.12/site-packages/airflow/example_dags/example_kubernetes_executor.py for tasks to queue
Filling up the DagBag from /home/airflow/.local/lib/python3.12/site-packages/airflow/example_dags/example_kubernetes_executor.py
DAG(s) 'example_kubernetes_executor' retrieved from /home/airflow/.local/lib/python3.12/site-packages/airflow/example_dags/example_kubernetes_executor.py
Sync 1 DAGs
Setting next_dagrun for example_kubernetes_executor to None, run_after=None
Processing /home/airflow/.local/lib/python3.12/site-packages/airflow/example_dags/example_kubernetes_executor.py took 0.063 seconds
Started process (PID=12400) to work on /home/airflow/.local/lib/python3.12/site-packages/airflow/example_dags/example_kubernetes_executor.py
Processing file /home/airflow/.local/lib/python3.12/site-packages/airflow/example_dags/example_kubernetes_executor.py for tasks to queue
Filling up the DagBag from /home/airflow/.local/lib/python3.12/site-packages/airflow/example_dags/example_kubernetes_executor.py
DAG(s) 'example_kubernetes_executor' retrieved from /home/airflow/.local/lib/python3.12/site-packages/airflow/example_dags/example_kubernetes_executor.py
Sync 1 DAGs
Setting next_dagrun for example_kubernetes_executor to None, run_after=None
Processing /home/airflow/.local/lib/python3.12/site-packages/airflow/example_dags/example_kubernetes_executor.py took 0.066 seconds
Started process (PID=12473) to work on /home/airflow/.local/lib/python3.12/site-packages/airflow/example_dags/example_kubernetes_executor.py
Processing file /home/airflow/.local/lib/python3.12/site-packages/airflow/example_dags/example_kubernetes_executor.py for tasks to queue
Filling up the DagBag from /home/airflow/.local/lib/python3.12/site-packages/airflow/example_dags/example_kubernetes_executor.py
DAG(s) 'example_kubernetes_executor' retrieved from /home/airflow/.local/lib/python3.12/site-packages/airflow/example_dags/example_kubernetes_executor.py
Sync 1 DAGs
Setting next_dagrun for example_kubernetes_executor to None, run_after=None
Processing /home/airflow/.local/lib/python3.12/site-packages/airflow/example_dags/example_kubernetes_executor.py took 0.066 seconds
Started process (PID=12539) to work on /home/airflow/.local/lib/python3.12/site-packages/airflow/example_dags/example_kubernetes_executor.py
Processing file /home/airflow/.local/lib/python3.12/site-packages/airflow/example_dags/example_kubernetes_executor.py for tasks to queue
Filling up the DagBag from /home/airflow/.local/lib/python3.12/site-packages/airflow/example_dags/example_kubernetes_executor.py
DAG(s) 'example_kubernetes_executor' retrieved from /home/airflow/.local/lib/python3.12/site-packages/airflow/example_dags/example_kubernetes_executor.py
Sync 1 DAGs
Setting next_dagrun for example_kubernetes_executor to None, run_after=None
Processing /home/airflow/.local/lib/python3.12/site-packages/airflow/example_dags/example_kubernetes_executor.py took 0.069 seconds
Started process (PID=12611) to work on /home/airflow/.local/lib/python3.12/site-packages/airflow/example_dags/example_kubernetes_executor.py
Processing file /home/airflow/.local/lib/python3.12/site-packages/airflow/example_dags/example_kubernetes_executor.py for tasks to queue
Filling up the DagBag from /home/airflow/.local/lib/python3.12/site-packages/airflow/example_dags/example_kubernetes_executor.py
DAG(s) 'example_kubernetes_executor' retrieved from /home/airflow/.local/lib/python3.12/site-packages/airflow/example_dags/example_kubernetes_executor.py
Sync 1 DAGs
Setting next_dagrun for example_kubernetes_executor to None, run_after=None
Processing /home/airflow/.local/lib/python3.12/site-packages/airflow/example_dags/example_kubernetes_executor.py took 0.069 seconds
Started process (PID=12677) to work on /home/airflow/.local/lib/python3.12/site-packages/airflow/example_dags/example_kubernetes_executor.py
Processing file /home/airflow/.local/lib/python3.12/site-packages/airflow/example_dags/example_kubernetes_executor.py for tasks to queue
Filling up the DagBag from /home/airflow/.local/lib/python3.12/site-packages/airflow/example_dags/example_kubernetes_executor.py
DAG(s) 'example_kubernetes_executor' retrieved from /home/airflow/.local/lib/python3.12/site-packages/airflow/example_dags/example_kubernetes_executor.py
Sync 1 DAGs
Setting next_dagrun for example_kubernetes_executor to None, run_after=None
Processing /home/airflow/.local/lib/python3.12/site-packages/airflow/example_dags/example_kubernetes_executor.py took 0.062 seconds
Started process (PID=12751) to work on /home/airflow/.local/lib/python3.12/site-packages/airflow/example_dags/example_kubernetes_executor.py
Processing file /home/airflow/.local/lib/python3.12/site-packages/airflow/example_dags/example_kubernetes_executor.py for tasks to queue
Filling up the DagBag from /home/airflow/.local/lib/python3.12/site-packages/airflow/example_dags/example_kubernetes_executor.py
DAG(s) 'example_kubernetes_executor' retrieved from /home/airflow/.local/lib/python3.12/site-packages/airflow/example_dags/example_kubernetes_executor.py
Sync 1 DAGs
Setting next_dagrun for example_kubernetes_executor to None, run_after=None
Processing /home/airflow/.local/lib/python3.12/site-packages/airflow/example_dags/example_kubernetes_executor.py took 0.070 seconds
Started process (PID=12817) to work on /home/airflow/.local/lib/python3.12/site-packages/airflow/example_dags/example_kubernetes_executor.py
Processing file /home/airflow/.local/lib/python3.12/site-packages/airflow/example_dags/example_kubernetes_executor.py for tasks to queue
Filling up the DagBag from /home/airflow/.local/lib/python3.12/site-packages/airflow/example_dags/example_kubernetes_executor.py
DAG(s) 'example_kubernetes_executor' retrieved from /home/airflow/.local/lib/python3.12/site-packages/airflow/example_dags/example_kubernetes_executor.py
Sync 1 DAGs
Setting next_dagrun for example_kubernetes_executor to None, run_after=None
Processing /home/airflow/.local/lib/python3.12/site-packages/airflow/example_dags/example_kubernetes_executor.py took 0.061 seconds
Started process (PID=12890) to work on /home/airflow/.local/lib/python3.12/site-packages/airflow/example_dags/example_kubernetes_executor.py
Processing file /home/airflow/.local/lib/python3.12/site-packages/airflow/example_dags/example_kubernetes_executor.py for tasks to queue
Filling up the DagBag from /home/airflow/.local/lib/python3.12/site-packages/airflow/example_dags/example_kubernetes_executor.py
DAG(s) 'example_kubernetes_executor' retrieved from /home/airflow/.local/lib/python3.12/site-packages/airflow/example_dags/example_kubernetes_executor.py
Sync 1 DAGs
Setting next_dagrun for example_kubernetes_executor to None, run_after=None
Processing /home/airflow/.local/lib/python3.12/site-packages/airflow/example_dags/example_kubernetes_executor.py took 0.067 seconds
Started process (PID=12956) to work on /home/airflow/.local/lib/python3.12/site-packages/airflow/example_dags/example_kubernetes_executor.py
Processing file /home/airflow/.local/lib/python3.12/site-packages/airflow/example_dags/example_kubernetes_executor.py for tasks to queue
Filling up the DagBag from /home/airflow/.local/lib/python3.12/site-packages/airflow/example_dags/example_kubernetes_executor.py
DAG(s) 'example_kubernetes_executor' retrieved from /home/airflow/.local/lib/python3.12/site-packages/airflow/example_dags/example_kubernetes_executor.py
Sync 1 DAGs
Setting next_dagrun for example_kubernetes_executor to None, run_after=None
Processing /home/airflow/.local/lib/python3.12/site-packages/airflow/example_dags/example_kubernetes_executor.py took 0.076 seconds
Started process (PID=13029) to work on /home/airflow/.local/lib/python3.12/site-packages/airflow/example_dags/example_kubernetes_executor.py
Processing file /home/airflow/.local/lib/python3.12/site-packages/airflow/example_dags/example_kubernetes_executor.py for tasks to queue
Filling up the DagBag from /home/airflow/.local/lib/python3.12/site-packages/airflow/example_dags/example_kubernetes_executor.py
DAG(s) 'example_kubernetes_executor' retrieved from /home/airflow/.local/lib/python3.12/site-packages/airflow/example_dags/example_kubernetes_executor.py
Sync 1 DAGs
Setting next_dagrun for example_kubernetes_executor to None, run_after=None
Processing /home/airflow/.local/lib/python3.12/site-packages/airflow/example_dags/example_kubernetes_executor.py took 0.064 seconds
Started process (PID=13095) to work on /home/airflow/.local/lib/python3.12/site-packages/airflow/example_dags/example_kubernetes_executor.py
Processing file /home/airflow/.local/lib/python3.12/site-packages/airflow/example_dags/example_kubernetes_executor.py for tasks to queue
Filling up the DagBag from /home/airflow/.local/lib/python3.12/site-packages/airflow/example_dags/example_kubernetes_executor.py
DAG(s) 'example_kubernetes_executor' retrieved from /home/airflow/.local/lib/python3.12/site-packages/airflow/example_dags/example_kubernetes_executor.py
Sync 1 DAGs
Setting next_dagrun for example_kubernetes_executor to None, run_after=None
Processing /home/airflow/.local/lib/python3.12/site-packages/airflow/example_dags/example_kubernetes_executor.py took 0.064 seconds
Started process (PID=13168) to work on /home/airflow/.local/lib/python3.12/site-packages/airflow/example_dags/example_kubernetes_executor.py
Processing file /home/airflow/.local/lib/python3.12/site-packages/airflow/example_dags/example_kubernetes_executor.py for tasks to queue
Filling up the DagBag from /home/airflow/.local/lib/python3.12/site-packages/airflow/example_dags/example_kubernetes_executor.py
DAG(s) 'example_kubernetes_executor' retrieved from /home/airflow/.local/lib/python3.12/site-packages/airflow/example_dags/example_kubernetes_executor.py
Sync 1 DAGs
Setting next_dagrun for example_kubernetes_executor to None, run_after=None
Processing /home/airflow/.local/lib/python3.12/site-packages/airflow/example_dags/example_kubernetes_executor.py took 0.066 seconds
Started process (PID=13234) to work on /home/airflow/.local/lib/python3.12/site-packages/airflow/example_dags/example_kubernetes_executor.py
Processing file /home/airflow/.local/lib/python3.12/site-packages/airflow/example_dags/example_kubernetes_executor.py for tasks to queue
Filling up the DagBag from /home/airflow/.local/lib/python3.12/site-packages/airflow/example_dags/example_kubernetes_executor.py
DAG(s) 'example_kubernetes_executor' retrieved from /home/airflow/.local/lib/python3.12/site-packages/airflow/example_dags/example_kubernetes_executor.py
Sync 1 DAGs
Setting next_dagrun for example_kubernetes_executor to None, run_after=None
Processing /home/airflow/.local/lib/python3.12/site-packages/airflow/example_dags/example_kubernetes_executor.py took 0.070 seconds
Started process (PID=13307) to work on /home/airflow/.local/lib/python3.12/site-packages/airflow/example_dags/example_kubernetes_executor.py
Processing file /home/airflow/.local/lib/python3.12/site-packages/airflow/example_dags/example_kubernetes_executor.py for tasks to queue
Filling up the DagBag from /home/airflow/.local/lib/python3.12/site-packages/airflow/example_dags/example_kubernetes_executor.py
DAG(s) 'example_kubernetes_executor' retrieved from /home/airflow/.local/lib/python3.12/site-packages/airflow/example_dags/example_kubernetes_executor.py
Sync 1 DAGs
Setting next_dagrun for example_kubernetes_executor to None, run_after=None
Processing /home/airflow/.local/lib/python3.12/site-packages/airflow/example_dags/example_kubernetes_executor.py took 0.063 seconds
Started process (PID=13373) to work on /home/airflow/.local/lib/python3.12/site-packages/airflow/example_dags/example_kubernetes_executor.py
Processing file /home/airflow/.local/lib/python3.12/site-packages/airflow/example_dags/example_kubernetes_executor.py for tasks to queue
Filling up the DagBag from /home/airflow/.local/lib/python3.12/site-packages/airflow/example_dags/example_kubernetes_executor.py
DAG(s) 'example_kubernetes_executor' retrieved from /home/airflow/.local/lib/python3.12/site-packages/airflow/example_dags/example_kubernetes_executor.py
Sync 1 DAGs
Setting next_dagrun for example_kubernetes_executor to None, run_after=None
Processing /home/airflow/.local/lib/python3.12/site-packages/airflow/example_dags/example_kubernetes_executor.py took 0.064 seconds
Started process (PID=13446) to work on /home/airflow/.local/lib/python3.12/site-packages/airflow/example_dags/example_kubernetes_executor.py
Processing file /home/airflow/.local/lib/python3.12/site-packages/airflow/example_dags/example_kubernetes_executor.py for tasks to queue
Filling up the DagBag from /home/airflow/.local/lib/python3.12/site-packages/airflow/example_dags/example_kubernetes_executor.py
DAG(s) 'example_kubernetes_executor' retrieved from /home/airflow/.local/lib/python3.12/site-packages/airflow/example_dags/example_kubernetes_executor.py
Sync 1 DAGs
Setting next_dagrun for example_kubernetes_executor to None, run_after=None
Processing /home/airflow/.local/lib/python3.12/site-packages/airflow/example_dags/example_kubernetes_executor.py took 0.075 seconds
Started process (PID=13512) to work on /home/airflow/.local/lib/python3.12/site-packages/airflow/example_dags/example_kubernetes_executor.py
Processing file /home/airflow/.local/lib/python3.12/site-packages/airflow/example_dags/example_kubernetes_executor.py for tasks to queue
Filling up the DagBag from /home/airflow/.local/lib/python3.12/site-packages/airflow/example_dags/example_kubernetes_executor.py
DAG(s) 'example_kubernetes_executor' retrieved from /home/airflow/.local/lib/python3.12/site-packages/airflow/example_dags/example_kubernetes_executor.py
Sync 1 DAGs
Setting next_dagrun for example_kubernetes_executor to None, run_after=None
Processing /home/airflow/.local/lib/python3.12/site-packages/airflow/example_dags/example_kubernetes_executor.py took 0.063 seconds
Started process (PID=13585) to work on /home/airflow/.local/lib/python3.12/site-packages/airflow/example_dags/example_kubernetes_executor.py
Processing file /home/airflow/.local/lib/python3.12/site-packages/airflow/example_dags/example_kubernetes_executor.py for tasks to queue
Filling up the DagBag from /home/airflow/.local/lib/python3.12/site-packages/airflow/example_dags/example_kubernetes_executor.py
DAG(s) 'example_kubernetes_executor' retrieved from /home/airflow/.local/lib/python3.12/site-packages/airflow/example_dags/example_kubernetes_executor.py
Sync 1 DAGs
Setting next_dagrun for example_kubernetes_executor to None, run_after=None
Processing /home/airflow/.local/lib/python3.12/site-packages/airflow/example_dags/example_kubernetes_executor.py took 0.062 seconds
Started process (PID=13651) to work on /home/airflow/.local/lib/python3.12/site-packages/airflow/example_dags/example_kubernetes_executor.py
Processing file /home/airflow/.local/lib/python3.12/site-packages/airflow/example_dags/example_kubernetes_executor.py for tasks to queue
Filling up the DagBag from /home/airflow/.local/lib/python3.12/site-packages/airflow/example_dags/example_kubernetes_executor.py
DAG(s) 'example_kubernetes_executor' retrieved from /home/airflow/.local/lib/python3.12/site-packages/airflow/example_dags/example_kubernetes_executor.py
Sync 1 DAGs
Setting next_dagrun for example_kubernetes_executor to None, run_after=None
Processing /home/airflow/.local/lib/python3.12/site-packages/airflow/example_dags/example_kubernetes_executor.py took 0.063 seconds
Started process (PID=13724) to work on /home/airflow/.local/lib/python3.12/site-packages/airflow/example_dags/example_kubernetes_executor.py
Processing file /home/airflow/.local/lib/python3.12/site-packages/airflow/example_dags/example_kubernetes_executor.py for tasks to queue
Filling up the DagBag from /home/airflow/.local/lib/python3.12/site-packages/airflow/example_dags/example_kubernetes_executor.py
DAG(s) 'example_kubernetes_executor' retrieved from /home/airflow/.local/lib/python3.12/site-packages/airflow/example_dags/example_kubernetes_executor.py
Sync 1 DAGs
Setting next_dagrun for example_kubernetes_executor to None, run_after=None
Processing /home/airflow/.local/lib/python3.12/site-packages/airflow/example_dags/example_kubernetes_executor.py took 0.063 seconds
Started process (PID=13791) to work on /home/airflow/.local/lib/python3.12/site-packages/airflow/example_dags/example_kubernetes_executor.py
Processing file /home/airflow/.local/lib/python3.12/site-packages/airflow/example_dags/example_kubernetes_executor.py for tasks to queue
Filling up the DagBag from /home/airflow/.local/lib/python3.12/site-packages/airflow/example_dags/example_kubernetes_executor.py
DAG(s) 'example_kubernetes_executor' retrieved from /home/airflow/.local/lib/python3.12/site-packages/airflow/example_dags/example_kubernetes_executor.py
Sync 1 DAGs
Setting next_dagrun for example_kubernetes_executor to None, run_after=None
Processing /home/airflow/.local/lib/python3.12/site-packages/airflow/example_dags/example_kubernetes_executor.py took 0.065 seconds
Started process (PID=13864) to work on /home/airflow/.local/lib/python3.12/site-packages/airflow/example_dags/example_kubernetes_executor.py
Processing file /home/airflow/.local/lib/python3.12/site-packages/airflow/example_dags/example_kubernetes_executor.py for tasks to queue
Filling up the DagBag from /home/airflow/.local/lib/python3.12/site-packages/airflow/example_dags/example_kubernetes_executor.py
DAG(s) 'example_kubernetes_executor' retrieved from /home/airflow/.local/lib/python3.12/site-packages/airflow/example_dags/example_kubernetes_executor.py
Sync 1 DAGs
Setting next_dagrun for example_kubernetes_executor to None, run_after=None
Processing /home/airflow/.local/lib/python3.12/site-packages/airflow/example_dags/example_kubernetes_executor.py took 0.067 seconds
Started process (PID=13930) to work on /home/airflow/.local/lib/python3.12/site-packages/airflow/example_dags/example_kubernetes_executor.py
Processing file /home/airflow/.local/lib/python3.12/site-packages/airflow/example_dags/example_kubernetes_executor.py for tasks to queue
Filling up the DagBag from /home/airflow/.local/lib/python3.12/site-packages/airflow/example_dags/example_kubernetes_executor.py
DAG(s) 'example_kubernetes_executor' retrieved from /home/airflow/.local/lib/python3.12/site-packages/airflow/example_dags/example_kubernetes_executor.py
Sync 1 DAGs
Setting next_dagrun for example_kubernetes_executor to None, run_after=None
Processing /home/airflow/.local/lib/python3.12/site-packages/airflow/example_dags/example_kubernetes_executor.py took 0.065 seconds
Started process (PID=14003) to work on /home/airflow/.local/lib/python3.12/site-packages/airflow/example_dags/example_kubernetes_executor.py
Processing file /home/airflow/.local/lib/python3.12/site-packages/airflow/example_dags/example_kubernetes_executor.py for tasks to queue
Filling up the DagBag from /home/airflow/.local/lib/python3.12/site-packages/airflow/example_dags/example_kubernetes_executor.py
DAG(s) 'example_kubernetes_executor' retrieved from /home/airflow/.local/lib/python3.12/site-packages/airflow/example_dags/example_kubernetes_executor.py
Sync 1 DAGs
Setting next_dagrun for example_kubernetes_executor to None, run_after=None
Processing /home/airflow/.local/lib/python3.12/site-packages/airflow/example_dags/example_kubernetes_executor.py took 0.062 seconds
Started process (PID=14069) to work on /home/airflow/.local/lib/python3.12/site-packages/airflow/example_dags/example_kubernetes_executor.py
Processing file /home/airflow/.local/lib/python3.12/site-packages/airflow/example_dags/example_kubernetes_executor.py for tasks to queue
Filling up the DagBag from /home/airflow/.local/lib/python3.12/site-packages/airflow/example_dags/example_kubernetes_executor.py
DAG(s) 'example_kubernetes_executor' retrieved from /home/airflow/.local/lib/python3.12/site-packages/airflow/example_dags/example_kubernetes_executor.py
Sync 1 DAGs
Setting next_dagrun for example_kubernetes_executor to None, run_after=None
Processing /home/airflow/.local/lib/python3.12/site-packages/airflow/example_dags/example_kubernetes_executor.py took 0.062 seconds
Started process (PID=14142) to work on /home/airflow/.local/lib/python3.12/site-packages/airflow/example_dags/example_kubernetes_executor.py
Processing file /home/airflow/.local/lib/python3.12/site-packages/airflow/example_dags/example_kubernetes_executor.py for tasks to queue
Filling up the DagBag from /home/airflow/.local/lib/python3.12/site-packages/airflow/example_dags/example_kubernetes_executor.py
DAG(s) 'example_kubernetes_executor' retrieved from /home/airflow/.local/lib/python3.12/site-packages/airflow/example_dags/example_kubernetes_executor.py
Sync 1 DAGs
Setting next_dagrun for example_kubernetes_executor to None, run_after=None
Processing /home/airflow/.local/lib/python3.12/site-packages/airflow/example_dags/example_kubernetes_executor.py took 0.063 seconds
Started process (PID=14208) to work on /home/airflow/.local/lib/python3.12/site-packages/airflow/example_dags/example_kubernetes_executor.py
Processing file /home/airflow/.local/lib/python3.12/site-packages/airflow/example_dags/example_kubernetes_executor.py for tasks to queue
Filling up the DagBag from /home/airflow/.local/lib/python3.12/site-packages/airflow/example_dags/example_kubernetes_executor.py
DAG(s) 'example_kubernetes_executor' retrieved from /home/airflow/.local/lib/python3.12/site-packages/airflow/example_dags/example_kubernetes_executor.py
Sync 1 DAGs
Setting next_dagrun for example_kubernetes_executor to None, run_after=None
Processing /home/airflow/.local/lib/python3.12/site-packages/airflow/example_dags/example_kubernetes_executor.py took 1.138 seconds
Started process (PID=14281) to work on /home/airflow/.local/lib/python3.12/site-packages/airflow/example_dags/example_kubernetes_executor.py
Processing file /home/airflow/.local/lib/python3.12/site-packages/airflow/example_dags/example_kubernetes_executor.py for tasks to queue
Filling up the DagBag from /home/airflow/.local/lib/python3.12/site-packages/airflow/example_dags/example_kubernetes_executor.py
DAG(s) 'example_kubernetes_executor' retrieved from /home/airflow/.local/lib/python3.12/site-packages/airflow/example_dags/example_kubernetes_executor.py
Sync 1 DAGs
Setting next_dagrun for example_kubernetes_executor to None, run_after=None
Processing /home/airflow/.local/lib/python3.12/site-packages/airflow/example_dags/example_kubernetes_executor.py took 0.061 seconds
Started process (PID=14354) to work on /home/airflow/.local/lib/python3.12/site-packages/airflow/example_dags/example_kubernetes_executor.py
Processing file /home/airflow/.local/lib/python3.12/site-packages/airflow/example_dags/example_kubernetes_executor.py for tasks to queue
Filling up the DagBag from /home/airflow/.local/lib/python3.12/site-packages/airflow/example_dags/example_kubernetes_executor.py
DAG(s) 'example_kubernetes_executor' retrieved from /home/airflow/.local/lib/python3.12/site-packages/airflow/example_dags/example_kubernetes_executor.py
Sync 1 DAGs
Setting next_dagrun for example_kubernetes_executor to None, run_after=None
Processing /home/airflow/.local/lib/python3.12/site-packages/airflow/example_dags/example_kubernetes_executor.py took 0.075 seconds
Started process (PID=76) to work on /home/airflow/.local/lib/python3.12/site-packages/airflow/example_dags/example_kubernetes_executor.py
Processing file /home/airflow/.local/lib/python3.12/site-packages/airflow/example_dags/example_kubernetes_executor.py for tasks to queue
Filling up the DagBag from /home/airflow/.local/lib/python3.12/site-packages/airflow/example_dags/example_kubernetes_executor.py
DAG(s) 'example_kubernetes_executor' retrieved from /home/airflow/.local/lib/python3.12/site-packages/airflow/example_dags/example_kubernetes_executor.py
Sync 1 DAGs
Setting next_dagrun for example_kubernetes_executor to None, run_after=None
Processing /home/airflow/.local/lib/python3.12/site-packages/airflow/example_dags/example_kubernetes_executor.py took 0.220 seconds
Started process (PID=142) to work on /home/airflow/.local/lib/python3.12/site-packages/airflow/example_dags/example_kubernetes_executor.py
Processing file /home/airflow/.local/lib/python3.12/site-packages/airflow/example_dags/example_kubernetes_executor.py for tasks to queue
Filling up the DagBag from /home/airflow/.local/lib/python3.12/site-packages/airflow/example_dags/example_kubernetes_executor.py
DAG(s) 'example_kubernetes_executor' retrieved from /home/airflow/.local/lib/python3.12/site-packages/airflow/example_dags/example_kubernetes_executor.py
Sync 1 DAGs
Setting next_dagrun for example_kubernetes_executor to None, run_after=None
Processing /home/airflow/.local/lib/python3.12/site-packages/airflow/example_dags/example_kubernetes_executor.py took 0.067 seconds
Started process (PID=77) to work on /home/airflow/.local/lib/python3.12/site-packages/airflow/example_dags/example_kubernetes_executor.py
Processing file /home/airflow/.local/lib/python3.12/site-packages/airflow/example_dags/example_kubernetes_executor.py for tasks to queue
Filling up the DagBag from /home/airflow/.local/lib/python3.12/site-packages/airflow/example_dags/example_kubernetes_executor.py
DAG(s) 'example_kubernetes_executor' retrieved from /home/airflow/.local/lib/python3.12/site-packages/airflow/example_dags/example_kubernetes_executor.py
Created Permission View: can delete on DAG:example_kubernetes_executor
Created Permission View: can edit on DAG:example_kubernetes_executor
Created Permission View: can read on DAG:example_kubernetes_executor
Sync 1 DAGs
Creating ORM DAG for example_kubernetes_executor
Setting next_dagrun for example_kubernetes_executor to None, run_after=None
Processing /home/airflow/.local/lib/python3.12/site-packages/airflow/example_dags/example_kubernetes_executor.py took 0.176 seconds
Started process (PID=143) to work on /home/airflow/.local/lib/python3.12/site-packages/airflow/example_dags/example_kubernetes_executor.py
Processing file /home/airflow/.local/lib/python3.12/site-packages/airflow/example_dags/example_kubernetes_executor.py for tasks to queue
Filling up the DagBag from /home/airflow/.local/lib/python3.12/site-packages/airflow/example_dags/example_kubernetes_executor.py
DAG(s) 'example_kubernetes_executor' retrieved from /home/airflow/.local/lib/python3.12/site-packages/airflow/example_dags/example_kubernetes_executor.py
Sync 1 DAGs
Setting next_dagrun for example_kubernetes_executor to None, run_after=None
Processing /home/airflow/.local/lib/python3.12/site-packages/airflow/example_dags/example_kubernetes_executor.py took 0.079 seconds
Started process (PID=210) to work on /home/airflow/.local/lib/python3.12/site-packages/airflow/example_dags/example_kubernetes_executor.py
Processing file /home/airflow/.local/lib/python3.12/site-packages/airflow/example_dags/example_kubernetes_executor.py for tasks to queue
Filling up the DagBag from /home/airflow/.local/lib/python3.12/site-packages/airflow/example_dags/example_kubernetes_executor.py
DAG(s) 'example_kubernetes_executor' retrieved from /home/airflow/.local/lib/python3.12/site-packages/airflow/example_dags/example_kubernetes_executor.py
Sync 1 DAGs
Setting next_dagrun for example_kubernetes_executor to None, run_after=None
Processing /home/airflow/.local/lib/python3.12/site-packages/airflow/example_dags/example_kubernetes_executor.py took 0.074 seconds
Started process (PID=283) to work on /home/airflow/.local/lib/python3.12/site-packages/airflow/example_dags/example_kubernetes_executor.py
Processing file /home/airflow/.local/lib/python3.12/site-packages/airflow/example_dags/example_kubernetes_executor.py for tasks to queue
Filling up the DagBag from /home/airflow/.local/lib/python3.12/site-packages/airflow/example_dags/example_kubernetes_executor.py
DAG(s) 'example_kubernetes_executor' retrieved from /home/airflow/.local/lib/python3.12/site-packages/airflow/example_dags/example_kubernetes_executor.py
Sync 1 DAGs
Setting next_dagrun for example_kubernetes_executor to None, run_after=None
Processing /home/airflow/.local/lib/python3.12/site-packages/airflow/example_dags/example_kubernetes_executor.py took 0.067 seconds
Started process (PID=349) to work on /home/airflow/.local/lib/python3.12/site-packages/airflow/example_dags/example_kubernetes_executor.py
Processing file /home/airflow/.local/lib/python3.12/site-packages/airflow/example_dags/example_kubernetes_executor.py for tasks to queue
Filling up the DagBag from /home/airflow/.local/lib/python3.12/site-packages/airflow/example_dags/example_kubernetes_executor.py
DAG(s) 'example_kubernetes_executor' retrieved from /home/airflow/.local/lib/python3.12/site-packages/airflow/example_dags/example_kubernetes_executor.py
Sync 1 DAGs
Setting next_dagrun for example_kubernetes_executor to None, run_after=None
Processing /home/airflow/.local/lib/python3.12/site-packages/airflow/example_dags/example_kubernetes_executor.py took 0.061 seconds
Started process (PID=423) to work on /home/airflow/.local/lib/python3.12/site-packages/airflow/example_dags/example_kubernetes_executor.py
Processing file /home/airflow/.local/lib/python3.12/site-packages/airflow/example_dags/example_kubernetes_executor.py for tasks to queue
Filling up the DagBag from /home/airflow/.local/lib/python3.12/site-packages/airflow/example_dags/example_kubernetes_executor.py
DAG(s) 'example_kubernetes_executor' retrieved from /home/airflow/.local/lib/python3.12/site-packages/airflow/example_dags/example_kubernetes_executor.py
Sync 1 DAGs
Setting next_dagrun for example_kubernetes_executor to None, run_after=None
Processing /home/airflow/.local/lib/python3.12/site-packages/airflow/example_dags/example_kubernetes_executor.py took 0.063 seconds
Started process (PID=489) to work on /home/airflow/.local/lib/python3.12/site-packages/airflow/example_dags/example_kubernetes_executor.py
Processing file /home/airflow/.local/lib/python3.12/site-packages/airflow/example_dags/example_kubernetes_executor.py for tasks to queue
Filling up the DagBag from /home/airflow/.local/lib/python3.12/site-packages/airflow/example_dags/example_kubernetes_executor.py
DAG(s) 'example_kubernetes_executor' retrieved from /home/airflow/.local/lib/python3.12/site-packages/airflow/example_dags/example_kubernetes_executor.py
Sync 1 DAGs
Setting next_dagrun for example_kubernetes_executor to None, run_after=None
Processing /home/airflow/.local/lib/python3.12/site-packages/airflow/example_dags/example_kubernetes_executor.py took 0.069 seconds
Started process (PID=562) to work on /home/airflow/.local/lib/python3.12/site-packages/airflow/example_dags/example_kubernetes_executor.py
Processing file /home/airflow/.local/lib/python3.12/site-packages/airflow/example_dags/example_kubernetes_executor.py for tasks to queue
Filling up the DagBag from /home/airflow/.local/lib/python3.12/site-packages/airflow/example_dags/example_kubernetes_executor.py
DAG(s) 'example_kubernetes_executor' retrieved from /home/airflow/.local/lib/python3.12/site-packages/airflow/example_dags/example_kubernetes_executor.py
Sync 1 DAGs
Setting next_dagrun for example_kubernetes_executor to None, run_after=None
Processing /home/airflow/.local/lib/python3.12/site-packages/airflow/example_dags/example_kubernetes_executor.py took 0.064 seconds
Started process (PID=628) to work on /home/airflow/.local/lib/python3.12/site-packages/airflow/example_dags/example_kubernetes_executor.py
Processing file /home/airflow/.local/lib/python3.12/site-packages/airflow/example_dags/example_kubernetes_executor.py for tasks to queue
Filling up the DagBag from /home/airflow/.local/lib/python3.12/site-packages/airflow/example_dags/example_kubernetes_executor.py
DAG(s) 'example_kubernetes_executor' retrieved from /home/airflow/.local/lib/python3.12/site-packages/airflow/example_dags/example_kubernetes_executor.py
Sync 1 DAGs
Setting next_dagrun for example_kubernetes_executor to None, run_after=None
Processing /home/airflow/.local/lib/python3.12/site-packages/airflow/example_dags/example_kubernetes_executor.py took 0.067 seconds
Started process (PID=77) to work on /home/airflow/.local/lib/python3.12/site-packages/airflow/example_dags/example_kubernetes_executor.py
Processing file /home/airflow/.local/lib/python3.12/site-packages/airflow/example_dags/example_kubernetes_executor.py for tasks to queue
Filling up the DagBag from /home/airflow/.local/lib/python3.12/site-packages/airflow/example_dags/example_kubernetes_executor.py
DAG(s) 'example_kubernetes_executor' retrieved from /home/airflow/.local/lib/python3.12/site-packages/airflow/example_dags/example_kubernetes_executor.py
Created Permission View: can delete on DAG:example_kubernetes_executor
Created Permission View: can edit on DAG:example_kubernetes_executor
Created Permission View: can read on DAG:example_kubernetes_executor
Sync 1 DAGs
Creating ORM DAG for example_kubernetes_executor
Setting next_dagrun for example_kubernetes_executor to None, run_after=None
Processing /home/airflow/.local/lib/python3.12/site-packages/airflow/example_dags/example_kubernetes_executor.py took 1.308 seconds
Started process (PID=144) to work on /home/airflow/.local/lib/python3.12/site-packages/airflow/example_dags/example_kubernetes_executor.py
Processing file /home/airflow/.local/lib/python3.12/site-packages/airflow/example_dags/example_kubernetes_executor.py for tasks to queue
Filling up the DagBag from /home/airflow/.local/lib/python3.12/site-packages/airflow/example_dags/example_kubernetes_executor.py
DAG(s) 'example_kubernetes_executor' retrieved from /home/airflow/.local/lib/python3.12/site-packages/airflow/example_dags/example_kubernetes_executor.py
Sync 1 DAGs
Setting next_dagrun for example_kubernetes_executor to None, run_after=None
Processing /home/airflow/.local/lib/python3.12/site-packages/airflow/example_dags/example_kubernetes_executor.py took 0.063 seconds
Started process (PID=217) to work on /home/airflow/.local/lib/python3.12/site-packages/airflow/example_dags/example_kubernetes_executor.py
Processing file /home/airflow/.local/lib/python3.12/site-packages/airflow/example_dags/example_kubernetes_executor.py for tasks to queue
Filling up the DagBag from /home/airflow/.local/lib/python3.12/site-packages/airflow/example_dags/example_kubernetes_executor.py
DAG(s) 'example_kubernetes_executor' retrieved from /home/airflow/.local/lib/python3.12/site-packages/airflow/example_dags/example_kubernetes_executor.py
Sync 1 DAGs
Setting next_dagrun for example_kubernetes_executor to None, run_after=None
Processing /home/airflow/.local/lib/python3.12/site-packages/airflow/example_dags/example_kubernetes_executor.py took 0.059 seconds
Started process (PID=283) to work on /home/airflow/.local/lib/python3.12/site-packages/airflow/example_dags/example_kubernetes_executor.py
Processing file /home/airflow/.local/lib/python3.12/site-packages/airflow/example_dags/example_kubernetes_executor.py for tasks to queue
Filling up the DagBag from /home/airflow/.local/lib/python3.12/site-packages/airflow/example_dags/example_kubernetes_executor.py
DAG(s) 'example_kubernetes_executor' retrieved from /home/airflow/.local/lib/python3.12/site-packages/airflow/example_dags/example_kubernetes_executor.py
Sync 1 DAGs
Setting next_dagrun for example_kubernetes_executor to None, run_after=None
Processing /home/airflow/.local/lib/python3.12/site-packages/airflow/example_dags/example_kubernetes_executor.py took 0.065 seconds
Started process (PID=349) to work on /home/airflow/.local/lib/python3.12/site-packages/airflow/example_dags/example_kubernetes_executor.py
Processing file /home/airflow/.local/lib/python3.12/site-packages/airflow/example_dags/example_kubernetes_executor.py for tasks to queue
Filling up the DagBag from /home/airflow/.local/lib/python3.12/site-packages/airflow/example_dags/example_kubernetes_executor.py
DAG(s) 'example_kubernetes_executor' retrieved from /home/airflow/.local/lib/python3.12/site-packages/airflow/example_dags/example_kubernetes_executor.py
Sync 1 DAGs
Setting next_dagrun for example_kubernetes_executor to None, run_after=None
Processing /home/airflow/.local/lib/python3.12/site-packages/airflow/example_dags/example_kubernetes_executor.py took 0.061 seconds
Started process (PID=422) to work on /home/airflow/.local/lib/python3.12/site-packages/airflow/example_dags/example_kubernetes_executor.py
Processing file /home/airflow/.local/lib/python3.12/site-packages/airflow/example_dags/example_kubernetes_executor.py for tasks to queue
Filling up the DagBag from /home/airflow/.local/lib/python3.12/site-packages/airflow/example_dags/example_kubernetes_executor.py
DAG(s) 'example_kubernetes_executor' retrieved from /home/airflow/.local/lib/python3.12/site-packages/airflow/example_dags/example_kubernetes_executor.py
Sync 1 DAGs
Setting next_dagrun for example_kubernetes_executor to None, run_after=None
Processing /home/airflow/.local/lib/python3.12/site-packages/airflow/example_dags/example_kubernetes_executor.py took 0.063 seconds
Started process (PID=495) to work on /home/airflow/.local/lib/python3.12/site-packages/airflow/example_dags/example_kubernetes_executor.py
Processing file /home/airflow/.local/lib/python3.12/site-packages/airflow/example_dags/example_kubernetes_executor.py for tasks to queue
Filling up the DagBag from /home/airflow/.local/lib/python3.12/site-packages/airflow/example_dags/example_kubernetes_executor.py
DAG(s) 'example_kubernetes_executor' retrieved from /home/airflow/.local/lib/python3.12/site-packages/airflow/example_dags/example_kubernetes_executor.py
Sync 1 DAGs
Setting next_dagrun for example_kubernetes_executor to None, run_after=None
Processing /home/airflow/.local/lib/python3.12/site-packages/airflow/example_dags/example_kubernetes_executor.py took 0.072 seconds
Started process (PID=561) to work on /home/airflow/.local/lib/python3.12/site-packages/airflow/example_dags/example_kubernetes_executor.py
Processing file /home/airflow/.local/lib/python3.12/site-packages/airflow/example_dags/example_kubernetes_executor.py for tasks to queue
Filling up the DagBag from /home/airflow/.local/lib/python3.12/site-packages/airflow/example_dags/example_kubernetes_executor.py
DAG(s) 'example_kubernetes_executor' retrieved from /home/airflow/.local/lib/python3.12/site-packages/airflow/example_dags/example_kubernetes_executor.py
Sync 1 DAGs
Setting next_dagrun for example_kubernetes_executor to None, run_after=None
Processing /home/airflow/.local/lib/python3.12/site-packages/airflow/example_dags/example_kubernetes_executor.py took 0.068 seconds
Started process (PID=634) to work on /home/airflow/.local/lib/python3.12/site-packages/airflow/example_dags/example_kubernetes_executor.py
Processing file /home/airflow/.local/lib/python3.12/site-packages/airflow/example_dags/example_kubernetes_executor.py for tasks to queue
Filling up the DagBag from /home/airflow/.local/lib/python3.12/site-packages/airflow/example_dags/example_kubernetes_executor.py
DAG(s) 'example_kubernetes_executor' retrieved from /home/airflow/.local/lib/python3.12/site-packages/airflow/example_dags/example_kubernetes_executor.py
Sync 1 DAGs
Setting next_dagrun for example_kubernetes_executor to None, run_after=None
Processing /home/airflow/.local/lib/python3.12/site-packages/airflow/example_dags/example_kubernetes_executor.py took 0.068 seconds
Started process (PID=701) to work on /home/airflow/.local/lib/python3.12/site-packages/airflow/example_dags/example_kubernetes_executor.py
Processing file /home/airflow/.local/lib/python3.12/site-packages/airflow/example_dags/example_kubernetes_executor.py for tasks to queue
Filling up the DagBag from /home/airflow/.local/lib/python3.12/site-packages/airflow/example_dags/example_kubernetes_executor.py
DAG(s) 'example_kubernetes_executor' retrieved from /home/airflow/.local/lib/python3.12/site-packages/airflow/example_dags/example_kubernetes_executor.py
Sync 1 DAGs
Setting next_dagrun for example_kubernetes_executor to None, run_after=None
Processing /home/airflow/.local/lib/python3.12/site-packages/airflow/example_dags/example_kubernetes_executor.py took 0.063 seconds
Started process (PID=774) to work on /home/airflow/.local/lib/python3.12/site-packages/airflow/example_dags/example_kubernetes_executor.py
Processing file /home/airflow/.local/lib/python3.12/site-packages/airflow/example_dags/example_kubernetes_executor.py for tasks to queue
Filling up the DagBag from /home/airflow/.local/lib/python3.12/site-packages/airflow/example_dags/example_kubernetes_executor.py
DAG(s) 'example_kubernetes_executor' retrieved from /home/airflow/.local/lib/python3.12/site-packages/airflow/example_dags/example_kubernetes_executor.py
Sync 1 DAGs
Setting next_dagrun for example_kubernetes_executor to None, run_after=None
Processing /home/airflow/.local/lib/python3.12/site-packages/airflow/example_dags/example_kubernetes_executor.py took 0.064 seconds
Started process (PID=840) to work on /home/airflow/.local/lib/python3.12/site-packages/airflow/example_dags/example_kubernetes_executor.py
Processing file /home/airflow/.local/lib/python3.12/site-packages/airflow/example_dags/example_kubernetes_executor.py for tasks to queue
Filling up the DagBag from /home/airflow/.local/lib/python3.12/site-packages/airflow/example_dags/example_kubernetes_executor.py
DAG(s) 'example_kubernetes_executor' retrieved from /home/airflow/.local/lib/python3.12/site-packages/airflow/example_dags/example_kubernetes_executor.py
Sync 1 DAGs
Setting next_dagrun for example_kubernetes_executor to None, run_after=None
Processing /home/airflow/.local/lib/python3.12/site-packages/airflow/example_dags/example_kubernetes_executor.py took 0.064 seconds
Started process (PID=913) to work on /home/airflow/.local/lib/python3.12/site-packages/airflow/example_dags/example_kubernetes_executor.py
Processing file /home/airflow/.local/lib/python3.12/site-packages/airflow/example_dags/example_kubernetes_executor.py for tasks to queue
Filling up the DagBag from /home/airflow/.local/lib/python3.12/site-packages/airflow/example_dags/example_kubernetes_executor.py
DAG(s) 'example_kubernetes_executor' retrieved from /home/airflow/.local/lib/python3.12/site-packages/airflow/example_dags/example_kubernetes_executor.py
Sync 1 DAGs
Setting next_dagrun for example_kubernetes_executor to None, run_after=None
Processing /home/airflow/.local/lib/python3.12/site-packages/airflow/example_dags/example_kubernetes_executor.py took 0.078 seconds
Started process (PID=979) to work on /home/airflow/.local/lib/python3.12/site-packages/airflow/example_dags/example_kubernetes_executor.py
Processing file /home/airflow/.local/lib/python3.12/site-packages/airflow/example_dags/example_kubernetes_executor.py for tasks to queue
Filling up the DagBag from /home/airflow/.local/lib/python3.12/site-packages/airflow/example_dags/example_kubernetes_executor.py
DAG(s) 'example_kubernetes_executor' retrieved from /home/airflow/.local/lib/python3.12/site-packages/airflow/example_dags/example_kubernetes_executor.py
Sync 1 DAGs
Setting next_dagrun for example_kubernetes_executor to None, run_after=None
Processing /home/airflow/.local/lib/python3.12/site-packages/airflow/example_dags/example_kubernetes_executor.py took 0.062 seconds
Started process (PID=1052) to work on /home/airflow/.local/lib/python3.12/site-packages/airflow/example_dags/example_kubernetes_executor.py
Processing file /home/airflow/.local/lib/python3.12/site-packages/airflow/example_dags/example_kubernetes_executor.py for tasks to queue
Filling up the DagBag from /home/airflow/.local/lib/python3.12/site-packages/airflow/example_dags/example_kubernetes_executor.py
DAG(s) 'example_kubernetes_executor' retrieved from /home/airflow/.local/lib/python3.12/site-packages/airflow/example_dags/example_kubernetes_executor.py
Sync 1 DAGs
Setting next_dagrun for example_kubernetes_executor to None, run_after=None
Processing /home/airflow/.local/lib/python3.12/site-packages/airflow/example_dags/example_kubernetes_executor.py took 0.068 seconds
Started process (PID=1118) to work on /home/airflow/.local/lib/python3.12/site-packages/airflow/example_dags/example_kubernetes_executor.py
Processing file /home/airflow/.local/lib/python3.12/site-packages/airflow/example_dags/example_kubernetes_executor.py for tasks to queue
Filling up the DagBag from /home/airflow/.local/lib/python3.12/site-packages/airflow/example_dags/example_kubernetes_executor.py
DAG(s) 'example_kubernetes_executor' retrieved from /home/airflow/.local/lib/python3.12/site-packages/airflow/example_dags/example_kubernetes_executor.py
Sync 1 DAGs
Setting next_dagrun for example_kubernetes_executor to None, run_after=None
Processing /home/airflow/.local/lib/python3.12/site-packages/airflow/example_dags/example_kubernetes_executor.py took 0.060 seconds
Started process (PID=1192) to work on /home/airflow/.local/lib/python3.12/site-packages/airflow/example_dags/example_kubernetes_executor.py
Processing file /home/airflow/.local/lib/python3.12/site-packages/airflow/example_dags/example_kubernetes_executor.py for tasks to queue
Filling up the DagBag from /home/airflow/.local/lib/python3.12/site-packages/airflow/example_dags/example_kubernetes_executor.py
DAG(s) 'example_kubernetes_executor' retrieved from /home/airflow/.local/lib/python3.12/site-packages/airflow/example_dags/example_kubernetes_executor.py
Sync 1 DAGs
Setting next_dagrun for example_kubernetes_executor to None, run_after=None
Processing /home/airflow/.local/lib/python3.12/site-packages/airflow/example_dags/example_kubernetes_executor.py took 0.062 seconds
Started process (PID=1258) to work on /home/airflow/.local/lib/python3.12/site-packages/airflow/example_dags/example_kubernetes_executor.py
Processing file /home/airflow/.local/lib/python3.12/site-packages/airflow/example_dags/example_kubernetes_executor.py for tasks to queue
Filling up the DagBag from /home/airflow/.local/lib/python3.12/site-packages/airflow/example_dags/example_kubernetes_executor.py
DAG(s) 'example_kubernetes_executor' retrieved from /home/airflow/.local/lib/python3.12/site-packages/airflow/example_dags/example_kubernetes_executor.py
Sync 1 DAGs
Setting next_dagrun for example_kubernetes_executor to None, run_after=None
Processing /home/airflow/.local/lib/python3.12/site-packages/airflow/example_dags/example_kubernetes_executor.py took 0.062 seconds
Started process (PID=1331) to work on /home/airflow/.local/lib/python3.12/site-packages/airflow/example_dags/example_kubernetes_executor.py
Processing file /home/airflow/.local/lib/python3.12/site-packages/airflow/example_dags/example_kubernetes_executor.py for tasks to queue
Filling up the DagBag from /home/airflow/.local/lib/python3.12/site-packages/airflow/example_dags/example_kubernetes_executor.py
DAG(s) 'example_kubernetes_executor' retrieved from /home/airflow/.local/lib/python3.12/site-packages/airflow/example_dags/example_kubernetes_executor.py
Sync 1 DAGs
Setting next_dagrun for example_kubernetes_executor to None, run_after=None
Processing /home/airflow/.local/lib/python3.12/site-packages/airflow/example_dags/example_kubernetes_executor.py took 0.063 seconds
Started process (PID=1397) to work on /home/airflow/.local/lib/python3.12/site-packages/airflow/example_dags/example_kubernetes_executor.py
Processing file /home/airflow/.local/lib/python3.12/site-packages/airflow/example_dags/example_kubernetes_executor.py for tasks to queue
Filling up the DagBag from /home/airflow/.local/lib/python3.12/site-packages/airflow/example_dags/example_kubernetes_executor.py
DAG(s) 'example_kubernetes_executor' retrieved from /home/airflow/.local/lib/python3.12/site-packages/airflow/example_dags/example_kubernetes_executor.py
Sync 1 DAGs
Setting next_dagrun for example_kubernetes_executor to None, run_after=None
Processing /home/airflow/.local/lib/python3.12/site-packages/airflow/example_dags/example_kubernetes_executor.py took 0.060 seconds
Started process (PID=1470) to work on /home/airflow/.local/lib/python3.12/site-packages/airflow/example_dags/example_kubernetes_executor.py
Processing file /home/airflow/.local/lib/python3.12/site-packages/airflow/example_dags/example_kubernetes_executor.py for tasks to queue
Filling up the DagBag from /home/airflow/.local/lib/python3.12/site-packages/airflow/example_dags/example_kubernetes_executor.py
DAG(s) 'example_kubernetes_executor' retrieved from /home/airflow/.local/lib/python3.12/site-packages/airflow/example_dags/example_kubernetes_executor.py
Sync 1 DAGs
Setting next_dagrun for example_kubernetes_executor to None, run_after=None
Processing /home/airflow/.local/lib/python3.12/site-packages/airflow/example_dags/example_kubernetes_executor.py took 0.081 seconds
Started process (PID=1536) to work on /home/airflow/.local/lib/python3.12/site-packages/airflow/example_dags/example_kubernetes_executor.py
Processing file /home/airflow/.local/lib/python3.12/site-packages/airflow/example_dags/example_kubernetes_executor.py for tasks to queue
Filling up the DagBag from /home/airflow/.local/lib/python3.12/site-packages/airflow/example_dags/example_kubernetes_executor.py
DAG(s) 'example_kubernetes_executor' retrieved from /home/airflow/.local/lib/python3.12/site-packages/airflow/example_dags/example_kubernetes_executor.py
Sync 1 DAGs
Setting next_dagrun for example_kubernetes_executor to None, run_after=None
Processing /home/airflow/.local/lib/python3.12/site-packages/airflow/example_dags/example_kubernetes_executor.py took 0.068 seconds
Started process (PID=1609) to work on /home/airflow/.local/lib/python3.12/site-packages/airflow/example_dags/example_kubernetes_executor.py
Processing file /home/airflow/.local/lib/python3.12/site-packages/airflow/example_dags/example_kubernetes_executor.py for tasks to queue
Filling up the DagBag from /home/airflow/.local/lib/python3.12/site-packages/airflow/example_dags/example_kubernetes_executor.py
DAG(s) 'example_kubernetes_executor' retrieved from /home/airflow/.local/lib/python3.12/site-packages/airflow/example_dags/example_kubernetes_executor.py
Sync 1 DAGs
Setting next_dagrun for example_kubernetes_executor to None, run_after=None
Processing /home/airflow/.local/lib/python3.12/site-packages/airflow/example_dags/example_kubernetes_executor.py took 0.065 seconds
Started process (PID=1675) to work on /home/airflow/.local/lib/python3.12/site-packages/airflow/example_dags/example_kubernetes_executor.py
Processing file /home/airflow/.local/lib/python3.12/site-packages/airflow/example_dags/example_kubernetes_executor.py for tasks to queue
Filling up the DagBag from /home/airflow/.local/lib/python3.12/site-packages/airflow/example_dags/example_kubernetes_executor.py
DAG(s) 'example_kubernetes_executor' retrieved from /home/airflow/.local/lib/python3.12/site-packages/airflow/example_dags/example_kubernetes_executor.py
Sync 1 DAGs
Setting next_dagrun for example_kubernetes_executor to None, run_after=None
Processing /home/airflow/.local/lib/python3.12/site-packages/airflow/example_dags/example_kubernetes_executor.py took 0.059 seconds
Started process (PID=1748) to work on /home/airflow/.local/lib/python3.12/site-packages/airflow/example_dags/example_kubernetes_executor.py
Processing file /home/airflow/.local/lib/python3.12/site-packages/airflow/example_dags/example_kubernetes_executor.py for tasks to queue
Filling up the DagBag from /home/airflow/.local/lib/python3.12/site-packages/airflow/example_dags/example_kubernetes_executor.py
DAG(s) 'example_kubernetes_executor' retrieved from /home/airflow/.local/lib/python3.12/site-packages/airflow/example_dags/example_kubernetes_executor.py
Sync 1 DAGs
Setting next_dagrun for example_kubernetes_executor to None, run_after=None
Processing /home/airflow/.local/lib/python3.12/site-packages/airflow/example_dags/example_kubernetes_executor.py took 0.075 seconds
Started process (PID=1814) to work on /home/airflow/.local/lib/python3.12/site-packages/airflow/example_dags/example_kubernetes_executor.py
Processing file /home/airflow/.local/lib/python3.12/site-packages/airflow/example_dags/example_kubernetes_executor.py for tasks to queue
Filling up the DagBag from /home/airflow/.local/lib/python3.12/site-packages/airflow/example_dags/example_kubernetes_executor.py
DAG(s) 'example_kubernetes_executor' retrieved from /home/airflow/.local/lib/python3.12/site-packages/airflow/example_dags/example_kubernetes_executor.py
Sync 1 DAGs
Setting next_dagrun for example_kubernetes_executor to None, run_after=None
Processing /home/airflow/.local/lib/python3.12/site-packages/airflow/example_dags/example_kubernetes_executor.py took 0.065 seconds
Started process (PID=1887) to work on /home/airflow/.local/lib/python3.12/site-packages/airflow/example_dags/example_kubernetes_executor.py
Processing file /home/airflow/.local/lib/python3.12/site-packages/airflow/example_dags/example_kubernetes_executor.py for tasks to queue
Filling up the DagBag from /home/airflow/.local/lib/python3.12/site-packages/airflow/example_dags/example_kubernetes_executor.py
DAG(s) 'example_kubernetes_executor' retrieved from /home/airflow/.local/lib/python3.12/site-packages/airflow/example_dags/example_kubernetes_executor.py
Sync 1 DAGs
Setting next_dagrun for example_kubernetes_executor to None, run_after=None
Processing /home/airflow/.local/lib/python3.12/site-packages/airflow/example_dags/example_kubernetes_executor.py took 0.073 seconds
Started process (PID=1953) to work on /home/airflow/.local/lib/python3.12/site-packages/airflow/example_dags/example_kubernetes_executor.py
Processing file /home/airflow/.local/lib/python3.12/site-packages/airflow/example_dags/example_kubernetes_executor.py for tasks to queue
Filling up the DagBag from /home/airflow/.local/lib/python3.12/site-packages/airflow/example_dags/example_kubernetes_executor.py
DAG(s) 'example_kubernetes_executor' retrieved from /home/airflow/.local/lib/python3.12/site-packages/airflow/example_dags/example_kubernetes_executor.py
Sync 1 DAGs
Setting next_dagrun for example_kubernetes_executor to None, run_after=None
Processing /home/airflow/.local/lib/python3.12/site-packages/airflow/example_dags/example_kubernetes_executor.py took 0.063 seconds
Started process (PID=2026) to work on /home/airflow/.local/lib/python3.12/site-packages/airflow/example_dags/example_kubernetes_executor.py
Processing file /home/airflow/.local/lib/python3.12/site-packages/airflow/example_dags/example_kubernetes_executor.py for tasks to queue
Filling up the DagBag from /home/airflow/.local/lib/python3.12/site-packages/airflow/example_dags/example_kubernetes_executor.py
DAG(s) 'example_kubernetes_executor' retrieved from /home/airflow/.local/lib/python3.12/site-packages/airflow/example_dags/example_kubernetes_executor.py
Sync 1 DAGs
Setting next_dagrun for example_kubernetes_executor to None, run_after=None
Processing /home/airflow/.local/lib/python3.12/site-packages/airflow/example_dags/example_kubernetes_executor.py took 0.060 seconds
Started process (PID=2092) to work on /home/airflow/.local/lib/python3.12/site-packages/airflow/example_dags/example_kubernetes_executor.py
Processing file /home/airflow/.local/lib/python3.12/site-packages/airflow/example_dags/example_kubernetes_executor.py for tasks to queue
Filling up the DagBag from /home/airflow/.local/lib/python3.12/site-packages/airflow/example_dags/example_kubernetes_executor.py
DAG(s) 'example_kubernetes_executor' retrieved from /home/airflow/.local/lib/python3.12/site-packages/airflow/example_dags/example_kubernetes_executor.py
Sync 1 DAGs
Setting next_dagrun for example_kubernetes_executor to None, run_after=None
Processing /home/airflow/.local/lib/python3.12/site-packages/airflow/example_dags/example_kubernetes_executor.py took 0.063 seconds
Started process (PID=2165) to work on /home/airflow/.local/lib/python3.12/site-packages/airflow/example_dags/example_kubernetes_executor.py
Processing file /home/airflow/.local/lib/python3.12/site-packages/airflow/example_dags/example_kubernetes_executor.py for tasks to queue
Filling up the DagBag from /home/airflow/.local/lib/python3.12/site-packages/airflow/example_dags/example_kubernetes_executor.py
DAG(s) 'example_kubernetes_executor' retrieved from /home/airflow/.local/lib/python3.12/site-packages/airflow/example_dags/example_kubernetes_executor.py
Sync 1 DAGs
Setting next_dagrun for example_kubernetes_executor to None, run_after=None
Processing /home/airflow/.local/lib/python3.12/site-packages/airflow/example_dags/example_kubernetes_executor.py took 0.064 seconds
Started process (PID=2231) to work on /home/airflow/.local/lib/python3.12/site-packages/airflow/example_dags/example_kubernetes_executor.py
Processing file /home/airflow/.local/lib/python3.12/site-packages/airflow/example_dags/example_kubernetes_executor.py for tasks to queue
Filling up the DagBag from /home/airflow/.local/lib/python3.12/site-packages/airflow/example_dags/example_kubernetes_executor.py
DAG(s) 'example_kubernetes_executor' retrieved from /home/airflow/.local/lib/python3.12/site-packages/airflow/example_dags/example_kubernetes_executor.py
Sync 1 DAGs
Setting next_dagrun for example_kubernetes_executor to None, run_after=None
Processing /home/airflow/.local/lib/python3.12/site-packages/airflow/example_dags/example_kubernetes_executor.py took 0.061 seconds
Started process (PID=2304) to work on /home/airflow/.local/lib/python3.12/site-packages/airflow/example_dags/example_kubernetes_executor.py
Processing file /home/airflow/.local/lib/python3.12/site-packages/airflow/example_dags/example_kubernetes_executor.py for tasks to queue
Filling up the DagBag from /home/airflow/.local/lib/python3.12/site-packages/airflow/example_dags/example_kubernetes_executor.py
DAG(s) 'example_kubernetes_executor' retrieved from /home/airflow/.local/lib/python3.12/site-packages/airflow/example_dags/example_kubernetes_executor.py
Sync 1 DAGs
Setting next_dagrun for example_kubernetes_executor to None, run_after=None
Processing /home/airflow/.local/lib/python3.12/site-packages/airflow/example_dags/example_kubernetes_executor.py took 0.060 seconds
Started process (PID=2368) to work on /home/airflow/.local/lib/python3.12/site-packages/airflow/example_dags/example_kubernetes_executor.py
Processing file /home/airflow/.local/lib/python3.12/site-packages/airflow/example_dags/example_kubernetes_executor.py for tasks to queue
Filling up the DagBag from /home/airflow/.local/lib/python3.12/site-packages/airflow/example_dags/example_kubernetes_executor.py
DAG(s) 'example_kubernetes_executor' retrieved from /home/airflow/.local/lib/python3.12/site-packages/airflow/example_dags/example_kubernetes_executor.py
Sync 1 DAGs
Setting next_dagrun for example_kubernetes_executor to None, run_after=None
Processing /home/airflow/.local/lib/python3.12/site-packages/airflow/example_dags/example_kubernetes_executor.py took 0.063 seconds
Started process (PID=2441) to work on /home/airflow/.local/lib/python3.12/site-packages/airflow/example_dags/example_kubernetes_executor.py
Processing file /home/airflow/.local/lib/python3.12/site-packages/airflow/example_dags/example_kubernetes_executor.py for tasks to queue
Filling up the DagBag from /home/airflow/.local/lib/python3.12/site-packages/airflow/example_dags/example_kubernetes_executor.py
DAG(s) 'example_kubernetes_executor' retrieved from /home/airflow/.local/lib/python3.12/site-packages/airflow/example_dags/example_kubernetes_executor.py
Sync 1 DAGs
Setting next_dagrun for example_kubernetes_executor to None, run_after=None
Processing /home/airflow/.local/lib/python3.12/site-packages/airflow/example_dags/example_kubernetes_executor.py took 0.064 seconds
Started process (PID=2507) to work on /home/airflow/.local/lib/python3.12/site-packages/airflow/example_dags/example_kubernetes_executor.py
Processing file /home/airflow/.local/lib/python3.12/site-packages/airflow/example_dags/example_kubernetes_executor.py for tasks to queue
Filling up the DagBag from /home/airflow/.local/lib/python3.12/site-packages/airflow/example_dags/example_kubernetes_executor.py
DAG(s) 'example_kubernetes_executor' retrieved from /home/airflow/.local/lib/python3.12/site-packages/airflow/example_dags/example_kubernetes_executor.py
Sync 1 DAGs
Setting next_dagrun for example_kubernetes_executor to None, run_after=None
Processing /home/airflow/.local/lib/python3.12/site-packages/airflow/example_dags/example_kubernetes_executor.py took 0.073 seconds
Started process (PID=2580) to work on /home/airflow/.local/lib/python3.12/site-packages/airflow/example_dags/example_kubernetes_executor.py
Processing file /home/airflow/.local/lib/python3.12/site-packages/airflow/example_dags/example_kubernetes_executor.py for tasks to queue
Filling up the DagBag from /home/airflow/.local/lib/python3.12/site-packages/airflow/example_dags/example_kubernetes_executor.py
DAG(s) 'example_kubernetes_executor' retrieved from /home/airflow/.local/lib/python3.12/site-packages/airflow/example_dags/example_kubernetes_executor.py
Sync 1 DAGs
Setting next_dagrun for example_kubernetes_executor to None, run_after=None
Processing /home/airflow/.local/lib/python3.12/site-packages/airflow/example_dags/example_kubernetes_executor.py took 0.062 seconds
Started process (PID=2646) to work on /home/airflow/.local/lib/python3.12/site-packages/airflow/example_dags/example_kubernetes_executor.py
Processing file /home/airflow/.local/lib/python3.12/site-packages/airflow/example_dags/example_kubernetes_executor.py for tasks to queue
Filling up the DagBag from /home/airflow/.local/lib/python3.12/site-packages/airflow/example_dags/example_kubernetes_executor.py
DAG(s) 'example_kubernetes_executor' retrieved from /home/airflow/.local/lib/python3.12/site-packages/airflow/example_dags/example_kubernetes_executor.py
Sync 1 DAGs
Setting next_dagrun for example_kubernetes_executor to None, run_after=None
Processing /home/airflow/.local/lib/python3.12/site-packages/airflow/example_dags/example_kubernetes_executor.py took 0.061 seconds
Started process (PID=2719) to work on /home/airflow/.local/lib/python3.12/site-packages/airflow/example_dags/example_kubernetes_executor.py
Processing file /home/airflow/.local/lib/python3.12/site-packages/airflow/example_dags/example_kubernetes_executor.py for tasks to queue
Filling up the DagBag from /home/airflow/.local/lib/python3.12/site-packages/airflow/example_dags/example_kubernetes_executor.py
DAG(s) 'example_kubernetes_executor' retrieved from /home/airflow/.local/lib/python3.12/site-packages/airflow/example_dags/example_kubernetes_executor.py
Sync 1 DAGs
Setting next_dagrun for example_kubernetes_executor to None, run_after=None
Processing /home/airflow/.local/lib/python3.12/site-packages/airflow/example_dags/example_kubernetes_executor.py took 0.061 seconds
Started process (PID=2785) to work on /home/airflow/.local/lib/python3.12/site-packages/airflow/example_dags/example_kubernetes_executor.py
Processing file /home/airflow/.local/lib/python3.12/site-packages/airflow/example_dags/example_kubernetes_executor.py for tasks to queue
Filling up the DagBag from /home/airflow/.local/lib/python3.12/site-packages/airflow/example_dags/example_kubernetes_executor.py
DAG(s) 'example_kubernetes_executor' retrieved from /home/airflow/.local/lib/python3.12/site-packages/airflow/example_dags/example_kubernetes_executor.py
Sync 1 DAGs
Setting next_dagrun for example_kubernetes_executor to None, run_after=None
Processing /home/airflow/.local/lib/python3.12/site-packages/airflow/example_dags/example_kubernetes_executor.py took 0.062 seconds
Started process (PID=2857) to work on /home/airflow/.local/lib/python3.12/site-packages/airflow/example_dags/example_kubernetes_executor.py
Processing file /home/airflow/.local/lib/python3.12/site-packages/airflow/example_dags/example_kubernetes_executor.py for tasks to queue
Filling up the DagBag from /home/airflow/.local/lib/python3.12/site-packages/airflow/example_dags/example_kubernetes_executor.py
DAG(s) 'example_kubernetes_executor' retrieved from /home/airflow/.local/lib/python3.12/site-packages/airflow/example_dags/example_kubernetes_executor.py
Sync 1 DAGs
Setting next_dagrun for example_kubernetes_executor to None, run_after=None
Processing /home/airflow/.local/lib/python3.12/site-packages/airflow/example_dags/example_kubernetes_executor.py took 0.069 seconds
Started process (PID=2923) to work on /home/airflow/.local/lib/python3.12/site-packages/airflow/example_dags/example_kubernetes_executor.py
Processing file /home/airflow/.local/lib/python3.12/site-packages/airflow/example_dags/example_kubernetes_executor.py for tasks to queue
Filling up the DagBag from /home/airflow/.local/lib/python3.12/site-packages/airflow/example_dags/example_kubernetes_executor.py
DAG(s) 'example_kubernetes_executor' retrieved from /home/airflow/.local/lib/python3.12/site-packages/airflow/example_dags/example_kubernetes_executor.py
Sync 1 DAGs
Setting next_dagrun for example_kubernetes_executor to None, run_after=None
Processing /home/airflow/.local/lib/python3.12/site-packages/airflow/example_dags/example_kubernetes_executor.py took 0.071 seconds
Started process (PID=2996) to work on /home/airflow/.local/lib/python3.12/site-packages/airflow/example_dags/example_kubernetes_executor.py
Processing file /home/airflow/.local/lib/python3.12/site-packages/airflow/example_dags/example_kubernetes_executor.py for tasks to queue
Filling up the DagBag from /home/airflow/.local/lib/python3.12/site-packages/airflow/example_dags/example_kubernetes_executor.py
DAG(s) 'example_kubernetes_executor' retrieved from /home/airflow/.local/lib/python3.12/site-packages/airflow/example_dags/example_kubernetes_executor.py
Sync 1 DAGs
Setting next_dagrun for example_kubernetes_executor to None, run_after=None
Processing /home/airflow/.local/lib/python3.12/site-packages/airflow/example_dags/example_kubernetes_executor.py took 0.061 seconds
Started process (PID=3062) to work on /home/airflow/.local/lib/python3.12/site-packages/airflow/example_dags/example_kubernetes_executor.py
Processing file /home/airflow/.local/lib/python3.12/site-packages/airflow/example_dags/example_kubernetes_executor.py for tasks to queue
Filling up the DagBag from /home/airflow/.local/lib/python3.12/site-packages/airflow/example_dags/example_kubernetes_executor.py
DAG(s) 'example_kubernetes_executor' retrieved from /home/airflow/.local/lib/python3.12/site-packages/airflow/example_dags/example_kubernetes_executor.py
Sync 1 DAGs
Setting next_dagrun for example_kubernetes_executor to None, run_after=None
Processing /home/airflow/.local/lib/python3.12/site-packages/airflow/example_dags/example_kubernetes_executor.py took 0.064 seconds
Started process (PID=3135) to work on /home/airflow/.local/lib/python3.12/site-packages/airflow/example_dags/example_kubernetes_executor.py
Processing file /home/airflow/.local/lib/python3.12/site-packages/airflow/example_dags/example_kubernetes_executor.py for tasks to queue
Filling up the DagBag from /home/airflow/.local/lib/python3.12/site-packages/airflow/example_dags/example_kubernetes_executor.py
DAG(s) 'example_kubernetes_executor' retrieved from /home/airflow/.local/lib/python3.12/site-packages/airflow/example_dags/example_kubernetes_executor.py
Sync 1 DAGs
Setting next_dagrun for example_kubernetes_executor to None, run_after=None
Processing /home/airflow/.local/lib/python3.12/site-packages/airflow/example_dags/example_kubernetes_executor.py took 0.067 seconds
Started process (PID=3201) to work on /home/airflow/.local/lib/python3.12/site-packages/airflow/example_dags/example_kubernetes_executor.py
Processing file /home/airflow/.local/lib/python3.12/site-packages/airflow/example_dags/example_kubernetes_executor.py for tasks to queue
Filling up the DagBag from /home/airflow/.local/lib/python3.12/site-packages/airflow/example_dags/example_kubernetes_executor.py
DAG(s) 'example_kubernetes_executor' retrieved from /home/airflow/.local/lib/python3.12/site-packages/airflow/example_dags/example_kubernetes_executor.py
Sync 1 DAGs
Setting next_dagrun for example_kubernetes_executor to None, run_after=None
Processing /home/airflow/.local/lib/python3.12/site-packages/airflow/example_dags/example_kubernetes_executor.py took 0.064 seconds
Started process (PID=3274) to work on /home/airflow/.local/lib/python3.12/site-packages/airflow/example_dags/example_kubernetes_executor.py
Processing file /home/airflow/.local/lib/python3.12/site-packages/airflow/example_dags/example_kubernetes_executor.py for tasks to queue
Filling up the DagBag from /home/airflow/.local/lib/python3.12/site-packages/airflow/example_dags/example_kubernetes_executor.py
DAG(s) 'example_kubernetes_executor' retrieved from /home/airflow/.local/lib/python3.12/site-packages/airflow/example_dags/example_kubernetes_executor.py
Sync 1 DAGs
Setting next_dagrun for example_kubernetes_executor to None, run_after=None
Processing /home/airflow/.local/lib/python3.12/site-packages/airflow/example_dags/example_kubernetes_executor.py took 0.180 seconds
Started process (PID=3339) to work on /home/airflow/.local/lib/python3.12/site-packages/airflow/example_dags/example_kubernetes_executor.py
Processing file /home/airflow/.local/lib/python3.12/site-packages/airflow/example_dags/example_kubernetes_executor.py for tasks to queue
Filling up the DagBag from /home/airflow/.local/lib/python3.12/site-packages/airflow/example_dags/example_kubernetes_executor.py
DAG(s) 'example_kubernetes_executor' retrieved from /home/airflow/.local/lib/python3.12/site-packages/airflow/example_dags/example_kubernetes_executor.py
Sync 1 DAGs
Setting next_dagrun for example_kubernetes_executor to None, run_after=None
Processing /home/airflow/.local/lib/python3.12/site-packages/airflow/example_dags/example_kubernetes_executor.py took 0.062 seconds
Started process (PID=3412) to work on /home/airflow/.local/lib/python3.12/site-packages/airflow/example_dags/example_kubernetes_executor.py
Processing file /home/airflow/.local/lib/python3.12/site-packages/airflow/example_dags/example_kubernetes_executor.py for tasks to queue
Filling up the DagBag from /home/airflow/.local/lib/python3.12/site-packages/airflow/example_dags/example_kubernetes_executor.py
DAG(s) 'example_kubernetes_executor' retrieved from /home/airflow/.local/lib/python3.12/site-packages/airflow/example_dags/example_kubernetes_executor.py
Sync 1 DAGs
Setting next_dagrun for example_kubernetes_executor to None, run_after=None
Processing /home/airflow/.local/lib/python3.12/site-packages/airflow/example_dags/example_kubernetes_executor.py took 0.066 seconds
Started process (PID=3479) to work on /home/airflow/.local/lib/python3.12/site-packages/airflow/example_dags/example_kubernetes_executor.py
Processing file /home/airflow/.local/lib/python3.12/site-packages/airflow/example_dags/example_kubernetes_executor.py for tasks to queue
Filling up the DagBag from /home/airflow/.local/lib/python3.12/site-packages/airflow/example_dags/example_kubernetes_executor.py
DAG(s) 'example_kubernetes_executor' retrieved from /home/airflow/.local/lib/python3.12/site-packages/airflow/example_dags/example_kubernetes_executor.py
Sync 1 DAGs
Setting next_dagrun for example_kubernetes_executor to None, run_after=None
Processing /home/airflow/.local/lib/python3.12/site-packages/airflow/example_dags/example_kubernetes_executor.py took 0.066 seconds
Started process (PID=3552) to work on /home/airflow/.local/lib/python3.12/site-packages/airflow/example_dags/example_kubernetes_executor.py
Processing file /home/airflow/.local/lib/python3.12/site-packages/airflow/example_dags/example_kubernetes_executor.py for tasks to queue
Filling up the DagBag from /home/airflow/.local/lib/python3.12/site-packages/airflow/example_dags/example_kubernetes_executor.py
DAG(s) 'example_kubernetes_executor' retrieved from /home/airflow/.local/lib/python3.12/site-packages/airflow/example_dags/example_kubernetes_executor.py
Sync 1 DAGs
Setting next_dagrun for example_kubernetes_executor to None, run_after=None
Processing /home/airflow/.local/lib/python3.12/site-packages/airflow/example_dags/example_kubernetes_executor.py took 0.245 seconds
Started process (PID=3617) to work on /home/airflow/.local/lib/python3.12/site-packages/airflow/example_dags/example_kubernetes_executor.py
Processing file /home/airflow/.local/lib/python3.12/site-packages/airflow/example_dags/example_kubernetes_executor.py for tasks to queue
Filling up the DagBag from /home/airflow/.local/lib/python3.12/site-packages/airflow/example_dags/example_kubernetes_executor.py
DAG(s) 'example_kubernetes_executor' retrieved from /home/airflow/.local/lib/python3.12/site-packages/airflow/example_dags/example_kubernetes_executor.py
Sync 1 DAGs
Setting next_dagrun for example_kubernetes_executor to None, run_after=None
Processing /home/airflow/.local/lib/python3.12/site-packages/airflow/example_dags/example_kubernetes_executor.py took 0.063 seconds
Started process (PID=3691) to work on /home/airflow/.local/lib/python3.12/site-packages/airflow/example_dags/example_kubernetes_executor.py
Processing file /home/airflow/.local/lib/python3.12/site-packages/airflow/example_dags/example_kubernetes_executor.py for tasks to queue
Filling up the DagBag from /home/airflow/.local/lib/python3.12/site-packages/airflow/example_dags/example_kubernetes_executor.py
DAG(s) 'example_kubernetes_executor' retrieved from /home/airflow/.local/lib/python3.12/site-packages/airflow/example_dags/example_kubernetes_executor.py
Sync 1 DAGs
Setting next_dagrun for example_kubernetes_executor to None, run_after=None
Processing /home/airflow/.local/lib/python3.12/site-packages/airflow/example_dags/example_kubernetes_executor.py took 0.065 seconds
Started process (PID=3757) to work on /home/airflow/.local/lib/python3.12/site-packages/airflow/example_dags/example_kubernetes_executor.py
Processing file /home/airflow/.local/lib/python3.12/site-packages/airflow/example_dags/example_kubernetes_executor.py for tasks to queue
Filling up the DagBag from /home/airflow/.local/lib/python3.12/site-packages/airflow/example_dags/example_kubernetes_executor.py
DAG(s) 'example_kubernetes_executor' retrieved from /home/airflow/.local/lib/python3.12/site-packages/airflow/example_dags/example_kubernetes_executor.py
Sync 1 DAGs
Setting next_dagrun for example_kubernetes_executor to None, run_after=None
Processing /home/airflow/.local/lib/python3.12/site-packages/airflow/example_dags/example_kubernetes_executor.py took 0.062 seconds
Started process (PID=3830) to work on /home/airflow/.local/lib/python3.12/site-packages/airflow/example_dags/example_kubernetes_executor.py
Processing file /home/airflow/.local/lib/python3.12/site-packages/airflow/example_dags/example_kubernetes_executor.py for tasks to queue
Filling up the DagBag from /home/airflow/.local/lib/python3.12/site-packages/airflow/example_dags/example_kubernetes_executor.py
DAG(s) 'example_kubernetes_executor' retrieved from /home/airflow/.local/lib/python3.12/site-packages/airflow/example_dags/example_kubernetes_executor.py
Sync 1 DAGs
Setting next_dagrun for example_kubernetes_executor to None, run_after=None
Processing /home/airflow/.local/lib/python3.12/site-packages/airflow/example_dags/example_kubernetes_executor.py took 0.063 seconds
Started process (PID=3896) to work on /home/airflow/.local/lib/python3.12/site-packages/airflow/example_dags/example_kubernetes_executor.py
Processing file /home/airflow/.local/lib/python3.12/site-packages/airflow/example_dags/example_kubernetes_executor.py for tasks to queue
Filling up the DagBag from /home/airflow/.local/lib/python3.12/site-packages/airflow/example_dags/example_kubernetes_executor.py
DAG(s) 'example_kubernetes_executor' retrieved from /home/airflow/.local/lib/python3.12/site-packages/airflow/example_dags/example_kubernetes_executor.py
Sync 1 DAGs
Setting next_dagrun for example_kubernetes_executor to None, run_after=None
Processing /home/airflow/.local/lib/python3.12/site-packages/airflow/example_dags/example_kubernetes_executor.py took 0.063 seconds
Started process (PID=3969) to work on /home/airflow/.local/lib/python3.12/site-packages/airflow/example_dags/example_kubernetes_executor.py
Processing file /home/airflow/.local/lib/python3.12/site-packages/airflow/example_dags/example_kubernetes_executor.py for tasks to queue
Filling up the DagBag from /home/airflow/.local/lib/python3.12/site-packages/airflow/example_dags/example_kubernetes_executor.py
DAG(s) 'example_kubernetes_executor' retrieved from /home/airflow/.local/lib/python3.12/site-packages/airflow/example_dags/example_kubernetes_executor.py
Sync 1 DAGs
Setting next_dagrun for example_kubernetes_executor to None, run_after=None
Processing /home/airflow/.local/lib/python3.12/site-packages/airflow/example_dags/example_kubernetes_executor.py took 0.065 seconds
Started process (PID=4035) to work on /home/airflow/.local/lib/python3.12/site-packages/airflow/example_dags/example_kubernetes_executor.py
Processing file /home/airflow/.local/lib/python3.12/site-packages/airflow/example_dags/example_kubernetes_executor.py for tasks to queue
Filling up the DagBag from /home/airflow/.local/lib/python3.12/site-packages/airflow/example_dags/example_kubernetes_executor.py
DAG(s) 'example_kubernetes_executor' retrieved from /home/airflow/.local/lib/python3.12/site-packages/airflow/example_dags/example_kubernetes_executor.py
Sync 1 DAGs
Setting next_dagrun for example_kubernetes_executor to None, run_after=None
Processing /home/airflow/.local/lib/python3.12/site-packages/airflow/example_dags/example_kubernetes_executor.py took 0.062 seconds
Started process (PID=4108) to work on /home/airflow/.local/lib/python3.12/site-packages/airflow/example_dags/example_kubernetes_executor.py
Processing file /home/airflow/.local/lib/python3.12/site-packages/airflow/example_dags/example_kubernetes_executor.py for tasks to queue
Filling up the DagBag from /home/airflow/.local/lib/python3.12/site-packages/airflow/example_dags/example_kubernetes_executor.py
DAG(s) 'example_kubernetes_executor' retrieved from /home/airflow/.local/lib/python3.12/site-packages/airflow/example_dags/example_kubernetes_executor.py
Sync 1 DAGs
Setting next_dagrun for example_kubernetes_executor to None, run_after=None
Processing /home/airflow/.local/lib/python3.12/site-packages/airflow/example_dags/example_kubernetes_executor.py took 0.061 seconds
Started process (PID=4173) to work on /home/airflow/.local/lib/python3.12/site-packages/airflow/example_dags/example_kubernetes_executor.py
Processing file /home/airflow/.local/lib/python3.12/site-packages/airflow/example_dags/example_kubernetes_executor.py for tasks to queue
Filling up the DagBag from /home/airflow/.local/lib/python3.12/site-packages/airflow/example_dags/example_kubernetes_executor.py
DAG(s) 'example_kubernetes_executor' retrieved from /home/airflow/.local/lib/python3.12/site-packages/airflow/example_dags/example_kubernetes_executor.py
Sync 1 DAGs
Setting next_dagrun for example_kubernetes_executor to None, run_after=None
Processing /home/airflow/.local/lib/python3.12/site-packages/airflow/example_dags/example_kubernetes_executor.py took 0.061 seconds
Started process (PID=4247) to work on /home/airflow/.local/lib/python3.12/site-packages/airflow/example_dags/example_kubernetes_executor.py
Processing file /home/airflow/.local/lib/python3.12/site-packages/airflow/example_dags/example_kubernetes_executor.py for tasks to queue
Filling up the DagBag from /home/airflow/.local/lib/python3.12/site-packages/airflow/example_dags/example_kubernetes_executor.py
DAG(s) 'example_kubernetes_executor' retrieved from /home/airflow/.local/lib/python3.12/site-packages/airflow/example_dags/example_kubernetes_executor.py
Sync 1 DAGs
Setting next_dagrun for example_kubernetes_executor to None, run_after=None
Processing /home/airflow/.local/lib/python3.12/site-packages/airflow/example_dags/example_kubernetes_executor.py took 0.061 seconds
Started process (PID=4312) to work on /home/airflow/.local/lib/python3.12/site-packages/airflow/example_dags/example_kubernetes_executor.py
Processing file /home/airflow/.local/lib/python3.12/site-packages/airflow/example_dags/example_kubernetes_executor.py for tasks to queue
Filling up the DagBag from /home/airflow/.local/lib/python3.12/site-packages/airflow/example_dags/example_kubernetes_executor.py
DAG(s) 'example_kubernetes_executor' retrieved from /home/airflow/.local/lib/python3.12/site-packages/airflow/example_dags/example_kubernetes_executor.py
Sync 1 DAGs
Setting next_dagrun for example_kubernetes_executor to None, run_after=None
Processing /home/airflow/.local/lib/python3.12/site-packages/airflow/example_dags/example_kubernetes_executor.py took 0.060 seconds
Started process (PID=4386) to work on /home/airflow/.local/lib/python3.12/site-packages/airflow/example_dags/example_kubernetes_executor.py
Processing file /home/airflow/.local/lib/python3.12/site-packages/airflow/example_dags/example_kubernetes_executor.py for tasks to queue
Filling up the DagBag from /home/airflow/.local/lib/python3.12/site-packages/airflow/example_dags/example_kubernetes_executor.py
DAG(s) 'example_kubernetes_executor' retrieved from /home/airflow/.local/lib/python3.12/site-packages/airflow/example_dags/example_kubernetes_executor.py
Sync 1 DAGs
Setting next_dagrun for example_kubernetes_executor to None, run_after=None
Processing /home/airflow/.local/lib/python3.12/site-packages/airflow/example_dags/example_kubernetes_executor.py took 0.062 seconds
Started process (PID=4459) to work on /home/airflow/.local/lib/python3.12/site-packages/airflow/example_dags/example_kubernetes_executor.py
Processing file /home/airflow/.local/lib/python3.12/site-packages/airflow/example_dags/example_kubernetes_executor.py for tasks to queue
Filling up the DagBag from /home/airflow/.local/lib/python3.12/site-packages/airflow/example_dags/example_kubernetes_executor.py
DAG(s) 'example_kubernetes_executor' retrieved from /home/airflow/.local/lib/python3.12/site-packages/airflow/example_dags/example_kubernetes_executor.py
Sync 1 DAGs
Setting next_dagrun for example_kubernetes_executor to None, run_after=None
Processing /home/airflow/.local/lib/python3.12/site-packages/airflow/example_dags/example_kubernetes_executor.py took 0.064 seconds
Started process (PID=4526) to work on /home/airflow/.local/lib/python3.12/site-packages/airflow/example_dags/example_kubernetes_executor.py
Processing file /home/airflow/.local/lib/python3.12/site-packages/airflow/example_dags/example_kubernetes_executor.py for tasks to queue
Filling up the DagBag from /home/airflow/.local/lib/python3.12/site-packages/airflow/example_dags/example_kubernetes_executor.py
DAG(s) 'example_kubernetes_executor' retrieved from /home/airflow/.local/lib/python3.12/site-packages/airflow/example_dags/example_kubernetes_executor.py
Sync 1 DAGs
Setting next_dagrun for example_kubernetes_executor to None, run_after=None
Processing /home/airflow/.local/lib/python3.12/site-packages/airflow/example_dags/example_kubernetes_executor.py took 0.062 seconds
Started process (PID=4599) to work on /home/airflow/.local/lib/python3.12/site-packages/airflow/example_dags/example_kubernetes_executor.py
Processing file /home/airflow/.local/lib/python3.12/site-packages/airflow/example_dags/example_kubernetes_executor.py for tasks to queue
Filling up the DagBag from /home/airflow/.local/lib/python3.12/site-packages/airflow/example_dags/example_kubernetes_executor.py
DAG(s) 'example_kubernetes_executor' retrieved from /home/airflow/.local/lib/python3.12/site-packages/airflow/example_dags/example_kubernetes_executor.py
Sync 1 DAGs
Setting next_dagrun for example_kubernetes_executor to None, run_after=None
Processing /home/airflow/.local/lib/python3.12/site-packages/airflow/example_dags/example_kubernetes_executor.py took 0.066 seconds
Started process (PID=4665) to work on /home/airflow/.local/lib/python3.12/site-packages/airflow/example_dags/example_kubernetes_executor.py
Processing file /home/airflow/.local/lib/python3.12/site-packages/airflow/example_dags/example_kubernetes_executor.py for tasks to queue
Filling up the DagBag from /home/airflow/.local/lib/python3.12/site-packages/airflow/example_dags/example_kubernetes_executor.py
DAG(s) 'example_kubernetes_executor' retrieved from /home/airflow/.local/lib/python3.12/site-packages/airflow/example_dags/example_kubernetes_executor.py
Sync 1 DAGs
Setting next_dagrun for example_kubernetes_executor to None, run_after=None
Processing /home/airflow/.local/lib/python3.12/site-packages/airflow/example_dags/example_kubernetes_executor.py took 0.066 seconds
Started process (PID=4738) to work on /home/airflow/.local/lib/python3.12/site-packages/airflow/example_dags/example_kubernetes_executor.py
Processing file /home/airflow/.local/lib/python3.12/site-packages/airflow/example_dags/example_kubernetes_executor.py for tasks to queue
Filling up the DagBag from /home/airflow/.local/lib/python3.12/site-packages/airflow/example_dags/example_kubernetes_executor.py
DAG(s) 'example_kubernetes_executor' retrieved from /home/airflow/.local/lib/python3.12/site-packages/airflow/example_dags/example_kubernetes_executor.py
Sync 1 DAGs
Setting next_dagrun for example_kubernetes_executor to None, run_after=None
Processing /home/airflow/.local/lib/python3.12/site-packages/airflow/example_dags/example_kubernetes_executor.py took 0.063 seconds
Started process (PID=4804) to work on /home/airflow/.local/lib/python3.12/site-packages/airflow/example_dags/example_kubernetes_executor.py
Processing file /home/airflow/.local/lib/python3.12/site-packages/airflow/example_dags/example_kubernetes_executor.py for tasks to queue
Filling up the DagBag from /home/airflow/.local/lib/python3.12/site-packages/airflow/example_dags/example_kubernetes_executor.py
DAG(s) 'example_kubernetes_executor' retrieved from /home/airflow/.local/lib/python3.12/site-packages/airflow/example_dags/example_kubernetes_executor.py
Sync 1 DAGs
Setting next_dagrun for example_kubernetes_executor to None, run_after=None
Processing /home/airflow/.local/lib/python3.12/site-packages/airflow/example_dags/example_kubernetes_executor.py took 0.073 seconds
Started process (PID=4877) to work on /home/airflow/.local/lib/python3.12/site-packages/airflow/example_dags/example_kubernetes_executor.py
Processing file /home/airflow/.local/lib/python3.12/site-packages/airflow/example_dags/example_kubernetes_executor.py for tasks to queue
Filling up the DagBag from /home/airflow/.local/lib/python3.12/site-packages/airflow/example_dags/example_kubernetes_executor.py
DAG(s) 'example_kubernetes_executor' retrieved from /home/airflow/.local/lib/python3.12/site-packages/airflow/example_dags/example_kubernetes_executor.py
Sync 1 DAGs
Setting next_dagrun for example_kubernetes_executor to None, run_after=None
Processing /home/airflow/.local/lib/python3.12/site-packages/airflow/example_dags/example_kubernetes_executor.py took 0.067 seconds
Started process (PID=4950) to work on /home/airflow/.local/lib/python3.12/site-packages/airflow/example_dags/example_kubernetes_executor.py
Processing file /home/airflow/.local/lib/python3.12/site-packages/airflow/example_dags/example_kubernetes_executor.py for tasks to queue
Filling up the DagBag from /home/airflow/.local/lib/python3.12/site-packages/airflow/example_dags/example_kubernetes_executor.py
DAG(s) 'example_kubernetes_executor' retrieved from /home/airflow/.local/lib/python3.12/site-packages/airflow/example_dags/example_kubernetes_executor.py
Sync 1 DAGs
Setting next_dagrun for example_kubernetes_executor to None, run_after=None
Processing /home/airflow/.local/lib/python3.12/site-packages/airflow/example_dags/example_kubernetes_executor.py took 0.066 seconds
Started process (PID=5016) to work on /home/airflow/.local/lib/python3.12/site-packages/airflow/example_dags/example_kubernetes_executor.py
Processing file /home/airflow/.local/lib/python3.12/site-packages/airflow/example_dags/example_kubernetes_executor.py for tasks to queue
Filling up the DagBag from /home/airflow/.local/lib/python3.12/site-packages/airflow/example_dags/example_kubernetes_executor.py
DAG(s) 'example_kubernetes_executor' retrieved from /home/airflow/.local/lib/python3.12/site-packages/airflow/example_dags/example_kubernetes_executor.py
Sync 1 DAGs
Setting next_dagrun for example_kubernetes_executor to None, run_after=None
Processing /home/airflow/.local/lib/python3.12/site-packages/airflow/example_dags/example_kubernetes_executor.py took 0.062 seconds
Started process (PID=5089) to work on /home/airflow/.local/lib/python3.12/site-packages/airflow/example_dags/example_kubernetes_executor.py
Processing file /home/airflow/.local/lib/python3.12/site-packages/airflow/example_dags/example_kubernetes_executor.py for tasks to queue
Filling up the DagBag from /home/airflow/.local/lib/python3.12/site-packages/airflow/example_dags/example_kubernetes_executor.py
DAG(s) 'example_kubernetes_executor' retrieved from /home/airflow/.local/lib/python3.12/site-packages/airflow/example_dags/example_kubernetes_executor.py
Sync 1 DAGs
Setting next_dagrun for example_kubernetes_executor to None, run_after=None
Processing /home/airflow/.local/lib/python3.12/site-packages/airflow/example_dags/example_kubernetes_executor.py took 0.065 seconds
Started process (PID=5155) to work on /home/airflow/.local/lib/python3.12/site-packages/airflow/example_dags/example_kubernetes_executor.py
Processing file /home/airflow/.local/lib/python3.12/site-packages/airflow/example_dags/example_kubernetes_executor.py for tasks to queue
Filling up the DagBag from /home/airflow/.local/lib/python3.12/site-packages/airflow/example_dags/example_kubernetes_executor.py
DAG(s) 'example_kubernetes_executor' retrieved from /home/airflow/.local/lib/python3.12/site-packages/airflow/example_dags/example_kubernetes_executor.py
Sync 1 DAGs
Setting next_dagrun for example_kubernetes_executor to None, run_after=None
Processing /home/airflow/.local/lib/python3.12/site-packages/airflow/example_dags/example_kubernetes_executor.py took 0.069 seconds
Started process (PID=5228) to work on /home/airflow/.local/lib/python3.12/site-packages/airflow/example_dags/example_kubernetes_executor.py
Processing file /home/airflow/.local/lib/python3.12/site-packages/airflow/example_dags/example_kubernetes_executor.py for tasks to queue
Filling up the DagBag from /home/airflow/.local/lib/python3.12/site-packages/airflow/example_dags/example_kubernetes_executor.py
DAG(s) 'example_kubernetes_executor' retrieved from /home/airflow/.local/lib/python3.12/site-packages/airflow/example_dags/example_kubernetes_executor.py
Sync 1 DAGs
Setting next_dagrun for example_kubernetes_executor to None, run_after=None
Processing /home/airflow/.local/lib/python3.12/site-packages/airflow/example_dags/example_kubernetes_executor.py took 0.060 seconds
Started process (PID=5301) to work on /home/airflow/.local/lib/python3.12/site-packages/airflow/example_dags/example_kubernetes_executor.py
Processing file /home/airflow/.local/lib/python3.12/site-packages/airflow/example_dags/example_kubernetes_executor.py for tasks to queue
Filling up the DagBag from /home/airflow/.local/lib/python3.12/site-packages/airflow/example_dags/example_kubernetes_executor.py
DAG(s) 'example_kubernetes_executor' retrieved from /home/airflow/.local/lib/python3.12/site-packages/airflow/example_dags/example_kubernetes_executor.py
Sync 1 DAGs
Setting next_dagrun for example_kubernetes_executor to None, run_after=None
Processing /home/airflow/.local/lib/python3.12/site-packages/airflow/example_dags/example_kubernetes_executor.py took 0.065 seconds
Started process (PID=5367) to work on /home/airflow/.local/lib/python3.12/site-packages/airflow/example_dags/example_kubernetes_executor.py
Processing file /home/airflow/.local/lib/python3.12/site-packages/airflow/example_dags/example_kubernetes_executor.py for tasks to queue
Filling up the DagBag from /home/airflow/.local/lib/python3.12/site-packages/airflow/example_dags/example_kubernetes_executor.py
DAG(s) 'example_kubernetes_executor' retrieved from /home/airflow/.local/lib/python3.12/site-packages/airflow/example_dags/example_kubernetes_executor.py
Sync 1 DAGs
Setting next_dagrun for example_kubernetes_executor to None, run_after=None
Processing /home/airflow/.local/lib/python3.12/site-packages/airflow/example_dags/example_kubernetes_executor.py took 0.063 seconds
Started process (PID=5440) to work on /home/airflow/.local/lib/python3.12/site-packages/airflow/example_dags/example_kubernetes_executor.py
Processing file /home/airflow/.local/lib/python3.12/site-packages/airflow/example_dags/example_kubernetes_executor.py for tasks to queue
Filling up the DagBag from /home/airflow/.local/lib/python3.12/site-packages/airflow/example_dags/example_kubernetes_executor.py
DAG(s) 'example_kubernetes_executor' retrieved from /home/airflow/.local/lib/python3.12/site-packages/airflow/example_dags/example_kubernetes_executor.py
Sync 1 DAGs
Setting next_dagrun for example_kubernetes_executor to None, run_after=None
Processing /home/airflow/.local/lib/python3.12/site-packages/airflow/example_dags/example_kubernetes_executor.py took 0.064 seconds
Started process (PID=5506) to work on /home/airflow/.local/lib/python3.12/site-packages/airflow/example_dags/example_kubernetes_executor.py
Processing file /home/airflow/.local/lib/python3.12/site-packages/airflow/example_dags/example_kubernetes_executor.py for tasks to queue
Filling up the DagBag from /home/airflow/.local/lib/python3.12/site-packages/airflow/example_dags/example_kubernetes_executor.py
DAG(s) 'example_kubernetes_executor' retrieved from /home/airflow/.local/lib/python3.12/site-packages/airflow/example_dags/example_kubernetes_executor.py
Sync 1 DAGs
Setting next_dagrun for example_kubernetes_executor to None, run_after=None
Processing /home/airflow/.local/lib/python3.12/site-packages/airflow/example_dags/example_kubernetes_executor.py took 0.062 seconds
Started process (PID=5579) to work on /home/airflow/.local/lib/python3.12/site-packages/airflow/example_dags/example_kubernetes_executor.py
Processing file /home/airflow/.local/lib/python3.12/site-packages/airflow/example_dags/example_kubernetes_executor.py for tasks to queue
Filling up the DagBag from /home/airflow/.local/lib/python3.12/site-packages/airflow/example_dags/example_kubernetes_executor.py
DAG(s) 'example_kubernetes_executor' retrieved from /home/airflow/.local/lib/python3.12/site-packages/airflow/example_dags/example_kubernetes_executor.py
Sync 1 DAGs
Setting next_dagrun for example_kubernetes_executor to None, run_after=None
Processing /home/airflow/.local/lib/python3.12/site-packages/airflow/example_dags/example_kubernetes_executor.py took 0.065 seconds
Started process (PID=5645) to work on /home/airflow/.local/lib/python3.12/site-packages/airflow/example_dags/example_kubernetes_executor.py
Processing file /home/airflow/.local/lib/python3.12/site-packages/airflow/example_dags/example_kubernetes_executor.py for tasks to queue
Filling up the DagBag from /home/airflow/.local/lib/python3.12/site-packages/airflow/example_dags/example_kubernetes_executor.py
DAG(s) 'example_kubernetes_executor' retrieved from /home/airflow/.local/lib/python3.12/site-packages/airflow/example_dags/example_kubernetes_executor.py
Sync 1 DAGs
Setting next_dagrun for example_kubernetes_executor to None, run_after=None
Processing /home/airflow/.local/lib/python3.12/site-packages/airflow/example_dags/example_kubernetes_executor.py took 0.061 seconds
Started process (PID=5718) to work on /home/airflow/.local/lib/python3.12/site-packages/airflow/example_dags/example_kubernetes_executor.py
Processing file /home/airflow/.local/lib/python3.12/site-packages/airflow/example_dags/example_kubernetes_executor.py for tasks to queue
Filling up the DagBag from /home/airflow/.local/lib/python3.12/site-packages/airflow/example_dags/example_kubernetes_executor.py
DAG(s) 'example_kubernetes_executor' retrieved from /home/airflow/.local/lib/python3.12/site-packages/airflow/example_dags/example_kubernetes_executor.py
Sync 1 DAGs
Setting next_dagrun for example_kubernetes_executor to None, run_after=None
Processing /home/airflow/.local/lib/python3.12/site-packages/airflow/example_dags/example_kubernetes_executor.py took 0.065 seconds
Started process (PID=5784) to work on /home/airflow/.local/lib/python3.12/site-packages/airflow/example_dags/example_kubernetes_executor.py
Processing file /home/airflow/.local/lib/python3.12/site-packages/airflow/example_dags/example_kubernetes_executor.py for tasks to queue
Filling up the DagBag from /home/airflow/.local/lib/python3.12/site-packages/airflow/example_dags/example_kubernetes_executor.py
DAG(s) 'example_kubernetes_executor' retrieved from /home/airflow/.local/lib/python3.12/site-packages/airflow/example_dags/example_kubernetes_executor.py
Sync 1 DAGs
Setting next_dagrun for example_kubernetes_executor to None, run_after=None
Processing /home/airflow/.local/lib/python3.12/site-packages/airflow/example_dags/example_kubernetes_executor.py took 0.061 seconds
Started process (PID=5857) to work on /home/airflow/.local/lib/python3.12/site-packages/airflow/example_dags/example_kubernetes_executor.py
Processing file /home/airflow/.local/lib/python3.12/site-packages/airflow/example_dags/example_kubernetes_executor.py for tasks to queue
Filling up the DagBag from /home/airflow/.local/lib/python3.12/site-packages/airflow/example_dags/example_kubernetes_executor.py
DAG(s) 'example_kubernetes_executor' retrieved from /home/airflow/.local/lib/python3.12/site-packages/airflow/example_dags/example_kubernetes_executor.py
Sync 1 DAGs
Setting next_dagrun for example_kubernetes_executor to None, run_after=None
Processing /home/airflow/.local/lib/python3.12/site-packages/airflow/example_dags/example_kubernetes_executor.py took 0.063 seconds
Started process (PID=5923) to work on /home/airflow/.local/lib/python3.12/site-packages/airflow/example_dags/example_kubernetes_executor.py
Processing file /home/airflow/.local/lib/python3.12/site-packages/airflow/example_dags/example_kubernetes_executor.py for tasks to queue
Filling up the DagBag from /home/airflow/.local/lib/python3.12/site-packages/airflow/example_dags/example_kubernetes_executor.py
DAG(s) 'example_kubernetes_executor' retrieved from /home/airflow/.local/lib/python3.12/site-packages/airflow/example_dags/example_kubernetes_executor.py
Sync 1 DAGs
Setting next_dagrun for example_kubernetes_executor to None, run_after=None
Processing /home/airflow/.local/lib/python3.12/site-packages/airflow/example_dags/example_kubernetes_executor.py took 0.061 seconds
Started process (PID=5996) to work on /home/airflow/.local/lib/python3.12/site-packages/airflow/example_dags/example_kubernetes_executor.py
Processing file /home/airflow/.local/lib/python3.12/site-packages/airflow/example_dags/example_kubernetes_executor.py for tasks to queue
Filling up the DagBag from /home/airflow/.local/lib/python3.12/site-packages/airflow/example_dags/example_kubernetes_executor.py
DAG(s) 'example_kubernetes_executor' retrieved from /home/airflow/.local/lib/python3.12/site-packages/airflow/example_dags/example_kubernetes_executor.py
Sync 1 DAGs
Setting next_dagrun for example_kubernetes_executor to None, run_after=None
Processing /home/airflow/.local/lib/python3.12/site-packages/airflow/example_dags/example_kubernetes_executor.py took 0.064 seconds
Started process (PID=6069) to work on /home/airflow/.local/lib/python3.12/site-packages/airflow/example_dags/example_kubernetes_executor.py
Processing file /home/airflow/.local/lib/python3.12/site-packages/airflow/example_dags/example_kubernetes_executor.py for tasks to queue
Filling up the DagBag from /home/airflow/.local/lib/python3.12/site-packages/airflow/example_dags/example_kubernetes_executor.py
DAG(s) 'example_kubernetes_executor' retrieved from /home/airflow/.local/lib/python3.12/site-packages/airflow/example_dags/example_kubernetes_executor.py
Sync 1 DAGs
Setting next_dagrun for example_kubernetes_executor to None, run_after=None
Processing /home/airflow/.local/lib/python3.12/site-packages/airflow/example_dags/example_kubernetes_executor.py took 0.072 seconds
Started process (PID=6135) to work on /home/airflow/.local/lib/python3.12/site-packages/airflow/example_dags/example_kubernetes_executor.py
Processing file /home/airflow/.local/lib/python3.12/site-packages/airflow/example_dags/example_kubernetes_executor.py for tasks to queue
Filling up the DagBag from /home/airflow/.local/lib/python3.12/site-packages/airflow/example_dags/example_kubernetes_executor.py
DAG(s) 'example_kubernetes_executor' retrieved from /home/airflow/.local/lib/python3.12/site-packages/airflow/example_dags/example_kubernetes_executor.py
Sync 1 DAGs
Setting next_dagrun for example_kubernetes_executor to None, run_after=None
Processing /home/airflow/.local/lib/python3.12/site-packages/airflow/example_dags/example_kubernetes_executor.py took 0.069 seconds
Started process (PID=6209) to work on /home/airflow/.local/lib/python3.12/site-packages/airflow/example_dags/example_kubernetes_executor.py
Processing file /home/airflow/.local/lib/python3.12/site-packages/airflow/example_dags/example_kubernetes_executor.py for tasks to queue
Filling up the DagBag from /home/airflow/.local/lib/python3.12/site-packages/airflow/example_dags/example_kubernetes_executor.py
DAG(s) 'example_kubernetes_executor' retrieved from /home/airflow/.local/lib/python3.12/site-packages/airflow/example_dags/example_kubernetes_executor.py
Sync 1 DAGs
Setting next_dagrun for example_kubernetes_executor to None, run_after=None
Processing /home/airflow/.local/lib/python3.12/site-packages/airflow/example_dags/example_kubernetes_executor.py took 0.064 seconds
Started process (PID=6275) to work on /home/airflow/.local/lib/python3.12/site-packages/airflow/example_dags/example_kubernetes_executor.py
Processing file /home/airflow/.local/lib/python3.12/site-packages/airflow/example_dags/example_kubernetes_executor.py for tasks to queue
Filling up the DagBag from /home/airflow/.local/lib/python3.12/site-packages/airflow/example_dags/example_kubernetes_executor.py
DAG(s) 'example_kubernetes_executor' retrieved from /home/airflow/.local/lib/python3.12/site-packages/airflow/example_dags/example_kubernetes_executor.py
Sync 1 DAGs
Setting next_dagrun for example_kubernetes_executor to None, run_after=None
Processing /home/airflow/.local/lib/python3.12/site-packages/airflow/example_dags/example_kubernetes_executor.py took 0.064 seconds
Started process (PID=6348) to work on /home/airflow/.local/lib/python3.12/site-packages/airflow/example_dags/example_kubernetes_executor.py
Processing file /home/airflow/.local/lib/python3.12/site-packages/airflow/example_dags/example_kubernetes_executor.py for tasks to queue
Filling up the DagBag from /home/airflow/.local/lib/python3.12/site-packages/airflow/example_dags/example_kubernetes_executor.py
DAG(s) 'example_kubernetes_executor' retrieved from /home/airflow/.local/lib/python3.12/site-packages/airflow/example_dags/example_kubernetes_executor.py
Sync 1 DAGs
Setting next_dagrun for example_kubernetes_executor to None, run_after=None
Processing /home/airflow/.local/lib/python3.12/site-packages/airflow/example_dags/example_kubernetes_executor.py took 0.065 seconds
Started process (PID=6414) to work on /home/airflow/.local/lib/python3.12/site-packages/airflow/example_dags/example_kubernetes_executor.py
Processing file /home/airflow/.local/lib/python3.12/site-packages/airflow/example_dags/example_kubernetes_executor.py for tasks to queue
Filling up the DagBag from /home/airflow/.local/lib/python3.12/site-packages/airflow/example_dags/example_kubernetes_executor.py
DAG(s) 'example_kubernetes_executor' retrieved from /home/airflow/.local/lib/python3.12/site-packages/airflow/example_dags/example_kubernetes_executor.py
Sync 1 DAGs
Setting next_dagrun for example_kubernetes_executor to None, run_after=None
Processing /home/airflow/.local/lib/python3.12/site-packages/airflow/example_dags/example_kubernetes_executor.py took 0.064 seconds
Started process (PID=6487) to work on /home/airflow/.local/lib/python3.12/site-packages/airflow/example_dags/example_kubernetes_executor.py
Processing file /home/airflow/.local/lib/python3.12/site-packages/airflow/example_dags/example_kubernetes_executor.py for tasks to queue
Filling up the DagBag from /home/airflow/.local/lib/python3.12/site-packages/airflow/example_dags/example_kubernetes_executor.py
DAG(s) 'example_kubernetes_executor' retrieved from /home/airflow/.local/lib/python3.12/site-packages/airflow/example_dags/example_kubernetes_executor.py
Sync 1 DAGs
Setting next_dagrun for example_kubernetes_executor to None, run_after=None
Processing /home/airflow/.local/lib/python3.12/site-packages/airflow/example_dags/example_kubernetes_executor.py took 0.063 seconds
Started process (PID=6553) to work on /home/airflow/.local/lib/python3.12/site-packages/airflow/example_dags/example_kubernetes_executor.py
Processing file /home/airflow/.local/lib/python3.12/site-packages/airflow/example_dags/example_kubernetes_executor.py for tasks to queue
Filling up the DagBag from /home/airflow/.local/lib/python3.12/site-packages/airflow/example_dags/example_kubernetes_executor.py
DAG(s) 'example_kubernetes_executor' retrieved from /home/airflow/.local/lib/python3.12/site-packages/airflow/example_dags/example_kubernetes_executor.py
Sync 1 DAGs
Setting next_dagrun for example_kubernetes_executor to None, run_after=None
Processing /home/airflow/.local/lib/python3.12/site-packages/airflow/example_dags/example_kubernetes_executor.py took 0.064 seconds
Started process (PID=6626) to work on /home/airflow/.local/lib/python3.12/site-packages/airflow/example_dags/example_kubernetes_executor.py
Processing file /home/airflow/.local/lib/python3.12/site-packages/airflow/example_dags/example_kubernetes_executor.py for tasks to queue
Filling up the DagBag from /home/airflow/.local/lib/python3.12/site-packages/airflow/example_dags/example_kubernetes_executor.py
DAG(s) 'example_kubernetes_executor' retrieved from /home/airflow/.local/lib/python3.12/site-packages/airflow/example_dags/example_kubernetes_executor.py
Sync 1 DAGs
Setting next_dagrun for example_kubernetes_executor to None, run_after=None
Processing /home/airflow/.local/lib/python3.12/site-packages/airflow/example_dags/example_kubernetes_executor.py took 0.063 seconds
Started process (PID=6692) to work on /home/airflow/.local/lib/python3.12/site-packages/airflow/example_dags/example_kubernetes_executor.py
Processing file /home/airflow/.local/lib/python3.12/site-packages/airflow/example_dags/example_kubernetes_executor.py for tasks to queue
Filling up the DagBag from /home/airflow/.local/lib/python3.12/site-packages/airflow/example_dags/example_kubernetes_executor.py
DAG(s) 'example_kubernetes_executor' retrieved from /home/airflow/.local/lib/python3.12/site-packages/airflow/example_dags/example_kubernetes_executor.py
Sync 1 DAGs
Setting next_dagrun for example_kubernetes_executor to None, run_after=None
Processing /home/airflow/.local/lib/python3.12/site-packages/airflow/example_dags/example_kubernetes_executor.py took 0.063 seconds
Started process (PID=6765) to work on /home/airflow/.local/lib/python3.12/site-packages/airflow/example_dags/example_kubernetes_executor.py
Processing file /home/airflow/.local/lib/python3.12/site-packages/airflow/example_dags/example_kubernetes_executor.py for tasks to queue
Filling up the DagBag from /home/airflow/.local/lib/python3.12/site-packages/airflow/example_dags/example_kubernetes_executor.py
DAG(s) 'example_kubernetes_executor' retrieved from /home/airflow/.local/lib/python3.12/site-packages/airflow/example_dags/example_kubernetes_executor.py
Sync 1 DAGs
Setting next_dagrun for example_kubernetes_executor to None, run_after=None
Processing /home/airflow/.local/lib/python3.12/site-packages/airflow/example_dags/example_kubernetes_executor.py took 0.062 seconds
Started process (PID=6831) to work on /home/airflow/.local/lib/python3.12/site-packages/airflow/example_dags/example_kubernetes_executor.py
Processing file /home/airflow/.local/lib/python3.12/site-packages/airflow/example_dags/example_kubernetes_executor.py for tasks to queue
Filling up the DagBag from /home/airflow/.local/lib/python3.12/site-packages/airflow/example_dags/example_kubernetes_executor.py
DAG(s) 'example_kubernetes_executor' retrieved from /home/airflow/.local/lib/python3.12/site-packages/airflow/example_dags/example_kubernetes_executor.py
Sync 1 DAGs
Setting next_dagrun for example_kubernetes_executor to None, run_after=None
Processing /home/airflow/.local/lib/python3.12/site-packages/airflow/example_dags/example_kubernetes_executor.py took 0.067 seconds
Started process (PID=6904) to work on /home/airflow/.local/lib/python3.12/site-packages/airflow/example_dags/example_kubernetes_executor.py
Processing file /home/airflow/.local/lib/python3.12/site-packages/airflow/example_dags/example_kubernetes_executor.py for tasks to queue
Filling up the DagBag from /home/airflow/.local/lib/python3.12/site-packages/airflow/example_dags/example_kubernetes_executor.py
DAG(s) 'example_kubernetes_executor' retrieved from /home/airflow/.local/lib/python3.12/site-packages/airflow/example_dags/example_kubernetes_executor.py
Sync 1 DAGs
Setting next_dagrun for example_kubernetes_executor to None, run_after=None
Processing /home/airflow/.local/lib/python3.12/site-packages/airflow/example_dags/example_kubernetes_executor.py took 0.061 seconds
Started process (PID=6970) to work on /home/airflow/.local/lib/python3.12/site-packages/airflow/example_dags/example_kubernetes_executor.py
Processing file /home/airflow/.local/lib/python3.12/site-packages/airflow/example_dags/example_kubernetes_executor.py for tasks to queue
Filling up the DagBag from /home/airflow/.local/lib/python3.12/site-packages/airflow/example_dags/example_kubernetes_executor.py
DAG(s) 'example_kubernetes_executor' retrieved from /home/airflow/.local/lib/python3.12/site-packages/airflow/example_dags/example_kubernetes_executor.py
Sync 1 DAGs
Setting next_dagrun for example_kubernetes_executor to None, run_after=None
Processing /home/airflow/.local/lib/python3.12/site-packages/airflow/example_dags/example_kubernetes_executor.py took 0.061 seconds
Started process (PID=7043) to work on /home/airflow/.local/lib/python3.12/site-packages/airflow/example_dags/example_kubernetes_executor.py
Processing file /home/airflow/.local/lib/python3.12/site-packages/airflow/example_dags/example_kubernetes_executor.py for tasks to queue
Filling up the DagBag from /home/airflow/.local/lib/python3.12/site-packages/airflow/example_dags/example_kubernetes_executor.py
DAG(s) 'example_kubernetes_executor' retrieved from /home/airflow/.local/lib/python3.12/site-packages/airflow/example_dags/example_kubernetes_executor.py
Sync 1 DAGs
Setting next_dagrun for example_kubernetes_executor to None, run_after=None
Processing /home/airflow/.local/lib/python3.12/site-packages/airflow/example_dags/example_kubernetes_executor.py took 0.064 seconds
Started process (PID=7109) to work on /home/airflow/.local/lib/python3.12/site-packages/airflow/example_dags/example_kubernetes_executor.py
Processing file /home/airflow/.local/lib/python3.12/site-packages/airflow/example_dags/example_kubernetes_executor.py for tasks to queue
Filling up the DagBag from /home/airflow/.local/lib/python3.12/site-packages/airflow/example_dags/example_kubernetes_executor.py
DAG(s) 'example_kubernetes_executor' retrieved from /home/airflow/.local/lib/python3.12/site-packages/airflow/example_dags/example_kubernetes_executor.py
Sync 1 DAGs
Setting next_dagrun for example_kubernetes_executor to None, run_after=None
Processing /home/airflow/.local/lib/python3.12/site-packages/airflow/example_dags/example_kubernetes_executor.py took 0.062 seconds
Started process (PID=7182) to work on /home/airflow/.local/lib/python3.12/site-packages/airflow/example_dags/example_kubernetes_executor.py
Processing file /home/airflow/.local/lib/python3.12/site-packages/airflow/example_dags/example_kubernetes_executor.py for tasks to queue
Filling up the DagBag from /home/airflow/.local/lib/python3.12/site-packages/airflow/example_dags/example_kubernetes_executor.py
DAG(s) 'example_kubernetes_executor' retrieved from /home/airflow/.local/lib/python3.12/site-packages/airflow/example_dags/example_kubernetes_executor.py
Sync 1 DAGs
Setting next_dagrun for example_kubernetes_executor to None, run_after=None
Processing /home/airflow/.local/lib/python3.12/site-packages/airflow/example_dags/example_kubernetes_executor.py took 0.068 seconds
Started process (PID=7249) to work on /home/airflow/.local/lib/python3.12/site-packages/airflow/example_dags/example_kubernetes_executor.py
Processing file /home/airflow/.local/lib/python3.12/site-packages/airflow/example_dags/example_kubernetes_executor.py for tasks to queue
Filling up the DagBag from /home/airflow/.local/lib/python3.12/site-packages/airflow/example_dags/example_kubernetes_executor.py
DAG(s) 'example_kubernetes_executor' retrieved from /home/airflow/.local/lib/python3.12/site-packages/airflow/example_dags/example_kubernetes_executor.py
Sync 1 DAGs
Setting next_dagrun for example_kubernetes_executor to None, run_after=None
Processing /home/airflow/.local/lib/python3.12/site-packages/airflow/example_dags/example_kubernetes_executor.py took 0.060 seconds
Started process (PID=7322) to work on /home/airflow/.local/lib/python3.12/site-packages/airflow/example_dags/example_kubernetes_executor.py
Processing file /home/airflow/.local/lib/python3.12/site-packages/airflow/example_dags/example_kubernetes_executor.py for tasks to queue
Filling up the DagBag from /home/airflow/.local/lib/python3.12/site-packages/airflow/example_dags/example_kubernetes_executor.py
DAG(s) 'example_kubernetes_executor' retrieved from /home/airflow/.local/lib/python3.12/site-packages/airflow/example_dags/example_kubernetes_executor.py
Sync 1 DAGs
Setting next_dagrun for example_kubernetes_executor to None, run_after=None
Processing /home/airflow/.local/lib/python3.12/site-packages/airflow/example_dags/example_kubernetes_executor.py took 0.073 seconds
Started process (PID=7388) to work on /home/airflow/.local/lib/python3.12/site-packages/airflow/example_dags/example_kubernetes_executor.py
Processing file /home/airflow/.local/lib/python3.12/site-packages/airflow/example_dags/example_kubernetes_executor.py for tasks to queue
Filling up the DagBag from /home/airflow/.local/lib/python3.12/site-packages/airflow/example_dags/example_kubernetes_executor.py
DAG(s) 'example_kubernetes_executor' retrieved from /home/airflow/.local/lib/python3.12/site-packages/airflow/example_dags/example_kubernetes_executor.py
Sync 1 DAGs
Setting next_dagrun for example_kubernetes_executor to None, run_after=None
Processing /home/airflow/.local/lib/python3.12/site-packages/airflow/example_dags/example_kubernetes_executor.py took 0.062 seconds
Started process (PID=7461) to work on /home/airflow/.local/lib/python3.12/site-packages/airflow/example_dags/example_kubernetes_executor.py
Processing file /home/airflow/.local/lib/python3.12/site-packages/airflow/example_dags/example_kubernetes_executor.py for tasks to queue
Filling up the DagBag from /home/airflow/.local/lib/python3.12/site-packages/airflow/example_dags/example_kubernetes_executor.py
DAG(s) 'example_kubernetes_executor' retrieved from /home/airflow/.local/lib/python3.12/site-packages/airflow/example_dags/example_kubernetes_executor.py
Sync 1 DAGs
Setting next_dagrun for example_kubernetes_executor to None, run_after=None
Processing /home/airflow/.local/lib/python3.12/site-packages/airflow/example_dags/example_kubernetes_executor.py took 0.068 seconds
Started process (PID=7527) to work on /home/airflow/.local/lib/python3.12/site-packages/airflow/example_dags/example_kubernetes_executor.py
Processing file /home/airflow/.local/lib/python3.12/site-packages/airflow/example_dags/example_kubernetes_executor.py for tasks to queue
Filling up the DagBag from /home/airflow/.local/lib/python3.12/site-packages/airflow/example_dags/example_kubernetes_executor.py
DAG(s) 'example_kubernetes_executor' retrieved from /home/airflow/.local/lib/python3.12/site-packages/airflow/example_dags/example_kubernetes_executor.py
Sync 1 DAGs
Setting next_dagrun for example_kubernetes_executor to None, run_after=None
Processing /home/airflow/.local/lib/python3.12/site-packages/airflow/example_dags/example_kubernetes_executor.py took 0.063 seconds
Started process (PID=7600) to work on /home/airflow/.local/lib/python3.12/site-packages/airflow/example_dags/example_kubernetes_executor.py
Processing file /home/airflow/.local/lib/python3.12/site-packages/airflow/example_dags/example_kubernetes_executor.py for tasks to queue
Filling up the DagBag from /home/airflow/.local/lib/python3.12/site-packages/airflow/example_dags/example_kubernetes_executor.py
DAG(s) 'example_kubernetes_executor' retrieved from /home/airflow/.local/lib/python3.12/site-packages/airflow/example_dags/example_kubernetes_executor.py
Sync 1 DAGs
Setting next_dagrun for example_kubernetes_executor to None, run_after=None
Processing /home/airflow/.local/lib/python3.12/site-packages/airflow/example_dags/example_kubernetes_executor.py took 0.067 seconds
Started process (PID=7666) to work on /home/airflow/.local/lib/python3.12/site-packages/airflow/example_dags/example_kubernetes_executor.py
Processing file /home/airflow/.local/lib/python3.12/site-packages/airflow/example_dags/example_kubernetes_executor.py for tasks to queue
Filling up the DagBag from /home/airflow/.local/lib/python3.12/site-packages/airflow/example_dags/example_kubernetes_executor.py
DAG(s) 'example_kubernetes_executor' retrieved from /home/airflow/.local/lib/python3.12/site-packages/airflow/example_dags/example_kubernetes_executor.py
Sync 1 DAGs
Setting next_dagrun for example_kubernetes_executor to None, run_after=None
Processing /home/airflow/.local/lib/python3.12/site-packages/airflow/example_dags/example_kubernetes_executor.py took 0.066 seconds
Started process (PID=7739) to work on /home/airflow/.local/lib/python3.12/site-packages/airflow/example_dags/example_kubernetes_executor.py
Processing file /home/airflow/.local/lib/python3.12/site-packages/airflow/example_dags/example_kubernetes_executor.py for tasks to queue
Filling up the DagBag from /home/airflow/.local/lib/python3.12/site-packages/airflow/example_dags/example_kubernetes_executor.py
DAG(s) 'example_kubernetes_executor' retrieved from /home/airflow/.local/lib/python3.12/site-packages/airflow/example_dags/example_kubernetes_executor.py
Sync 1 DAGs
Setting next_dagrun for example_kubernetes_executor to None, run_after=None
Processing /home/airflow/.local/lib/python3.12/site-packages/airflow/example_dags/example_kubernetes_executor.py took 0.063 seconds
Started process (PID=7805) to work on /home/airflow/.local/lib/python3.12/site-packages/airflow/example_dags/example_kubernetes_executor.py
Processing file /home/airflow/.local/lib/python3.12/site-packages/airflow/example_dags/example_kubernetes_executor.py for tasks to queue
Filling up the DagBag from /home/airflow/.local/lib/python3.12/site-packages/airflow/example_dags/example_kubernetes_executor.py
DAG(s) 'example_kubernetes_executor' retrieved from /home/airflow/.local/lib/python3.12/site-packages/airflow/example_dags/example_kubernetes_executor.py
Sync 1 DAGs
Setting next_dagrun for example_kubernetes_executor to None, run_after=None
Processing /home/airflow/.local/lib/python3.12/site-packages/airflow/example_dags/example_kubernetes_executor.py took 0.065 seconds
Started process (PID=7879) to work on /home/airflow/.local/lib/python3.12/site-packages/airflow/example_dags/example_kubernetes_executor.py
Processing file /home/airflow/.local/lib/python3.12/site-packages/airflow/example_dags/example_kubernetes_executor.py for tasks to queue
Filling up the DagBag from /home/airflow/.local/lib/python3.12/site-packages/airflow/example_dags/example_kubernetes_executor.py
DAG(s) 'example_kubernetes_executor' retrieved from /home/airflow/.local/lib/python3.12/site-packages/airflow/example_dags/example_kubernetes_executor.py
Sync 1 DAGs
Setting next_dagrun for example_kubernetes_executor to None, run_after=None
Processing /home/airflow/.local/lib/python3.12/site-packages/airflow/example_dags/example_kubernetes_executor.py took 0.065 seconds
Started process (PID=7945) to work on /home/airflow/.local/lib/python3.12/site-packages/airflow/example_dags/example_kubernetes_executor.py
Processing file /home/airflow/.local/lib/python3.12/site-packages/airflow/example_dags/example_kubernetes_executor.py for tasks to queue
Filling up the DagBag from /home/airflow/.local/lib/python3.12/site-packages/airflow/example_dags/example_kubernetes_executor.py
DAG(s) 'example_kubernetes_executor' retrieved from /home/airflow/.local/lib/python3.12/site-packages/airflow/example_dags/example_kubernetes_executor.py
Sync 1 DAGs
Setting next_dagrun for example_kubernetes_executor to None, run_after=None
Processing /home/airflow/.local/lib/python3.12/site-packages/airflow/example_dags/example_kubernetes_executor.py took 0.079 seconds
Started process (PID=8019) to work on /home/airflow/.local/lib/python3.12/site-packages/airflow/example_dags/example_kubernetes_executor.py
Processing file /home/airflow/.local/lib/python3.12/site-packages/airflow/example_dags/example_kubernetes_executor.py for tasks to queue
Filling up the DagBag from /home/airflow/.local/lib/python3.12/site-packages/airflow/example_dags/example_kubernetes_executor.py
DAG(s) 'example_kubernetes_executor' retrieved from /home/airflow/.local/lib/python3.12/site-packages/airflow/example_dags/example_kubernetes_executor.py
Sync 1 DAGs
Setting next_dagrun for example_kubernetes_executor to None, run_after=None
Processing /home/airflow/.local/lib/python3.12/site-packages/airflow/example_dags/example_kubernetes_executor.py took 0.068 seconds
Started process (PID=8085) to work on /home/airflow/.local/lib/python3.12/site-packages/airflow/example_dags/example_kubernetes_executor.py
Processing file /home/airflow/.local/lib/python3.12/site-packages/airflow/example_dags/example_kubernetes_executor.py for tasks to queue
Filling up the DagBag from /home/airflow/.local/lib/python3.12/site-packages/airflow/example_dags/example_kubernetes_executor.py
DAG(s) 'example_kubernetes_executor' retrieved from /home/airflow/.local/lib/python3.12/site-packages/airflow/example_dags/example_kubernetes_executor.py
Sync 1 DAGs
Setting next_dagrun for example_kubernetes_executor to None, run_after=None
Processing /home/airflow/.local/lib/python3.12/site-packages/airflow/example_dags/example_kubernetes_executor.py took 0.074 seconds
Started process (PID=8158) to work on /home/airflow/.local/lib/python3.12/site-packages/airflow/example_dags/example_kubernetes_executor.py
Processing file /home/airflow/.local/lib/python3.12/site-packages/airflow/example_dags/example_kubernetes_executor.py for tasks to queue
Filling up the DagBag from /home/airflow/.local/lib/python3.12/site-packages/airflow/example_dags/example_kubernetes_executor.py
DAG(s) 'example_kubernetes_executor' retrieved from /home/airflow/.local/lib/python3.12/site-packages/airflow/example_dags/example_kubernetes_executor.py
Sync 1 DAGs
Setting next_dagrun for example_kubernetes_executor to None, run_after=None
Processing /home/airflow/.local/lib/python3.12/site-packages/airflow/example_dags/example_kubernetes_executor.py took 0.063 seconds
Started process (PID=8224) to work on /home/airflow/.local/lib/python3.12/site-packages/airflow/example_dags/example_kubernetes_executor.py
Processing file /home/airflow/.local/lib/python3.12/site-packages/airflow/example_dags/example_kubernetes_executor.py for tasks to queue
Filling up the DagBag from /home/airflow/.local/lib/python3.12/site-packages/airflow/example_dags/example_kubernetes_executor.py
DAG(s) 'example_kubernetes_executor' retrieved from /home/airflow/.local/lib/python3.12/site-packages/airflow/example_dags/example_kubernetes_executor.py
Sync 1 DAGs
Setting next_dagrun for example_kubernetes_executor to None, run_after=None
Processing /home/airflow/.local/lib/python3.12/site-packages/airflow/example_dags/example_kubernetes_executor.py took 0.064 seconds
Started process (PID=8297) to work on /home/airflow/.local/lib/python3.12/site-packages/airflow/example_dags/example_kubernetes_executor.py
Processing file /home/airflow/.local/lib/python3.12/site-packages/airflow/example_dags/example_kubernetes_executor.py for tasks to queue
Filling up the DagBag from /home/airflow/.local/lib/python3.12/site-packages/airflow/example_dags/example_kubernetes_executor.py
DAG(s) 'example_kubernetes_executor' retrieved from /home/airflow/.local/lib/python3.12/site-packages/airflow/example_dags/example_kubernetes_executor.py
Sync 1 DAGs
Setting next_dagrun for example_kubernetes_executor to None, run_after=None
Processing /home/airflow/.local/lib/python3.12/site-packages/airflow/example_dags/example_kubernetes_executor.py took 0.067 seconds
Started process (PID=8363) to work on /home/airflow/.local/lib/python3.12/site-packages/airflow/example_dags/example_kubernetes_executor.py
Processing file /home/airflow/.local/lib/python3.12/site-packages/airflow/example_dags/example_kubernetes_executor.py for tasks to queue
Filling up the DagBag from /home/airflow/.local/lib/python3.12/site-packages/airflow/example_dags/example_kubernetes_executor.py
DAG(s) 'example_kubernetes_executor' retrieved from /home/airflow/.local/lib/python3.12/site-packages/airflow/example_dags/example_kubernetes_executor.py
Sync 1 DAGs
Setting next_dagrun for example_kubernetes_executor to None, run_after=None
Processing /home/airflow/.local/lib/python3.12/site-packages/airflow/example_dags/example_kubernetes_executor.py took 0.110 seconds
Started process (PID=8436) to work on /home/airflow/.local/lib/python3.12/site-packages/airflow/example_dags/example_kubernetes_executor.py
Processing file /home/airflow/.local/lib/python3.12/site-packages/airflow/example_dags/example_kubernetes_executor.py for tasks to queue
Filling up the DagBag from /home/airflow/.local/lib/python3.12/site-packages/airflow/example_dags/example_kubernetes_executor.py
DAG(s) 'example_kubernetes_executor' retrieved from /home/airflow/.local/lib/python3.12/site-packages/airflow/example_dags/example_kubernetes_executor.py
Sync 1 DAGs
Setting next_dagrun for example_kubernetes_executor to None, run_after=None
Processing /home/airflow/.local/lib/python3.12/site-packages/airflow/example_dags/example_kubernetes_executor.py took 0.114 seconds
Started process (PID=8502) to work on /home/airflow/.local/lib/python3.12/site-packages/airflow/example_dags/example_kubernetes_executor.py
Processing file /home/airflow/.local/lib/python3.12/site-packages/airflow/example_dags/example_kubernetes_executor.py for tasks to queue
Filling up the DagBag from /home/airflow/.local/lib/python3.12/site-packages/airflow/example_dags/example_kubernetes_executor.py
DAG(s) 'example_kubernetes_executor' retrieved from /home/airflow/.local/lib/python3.12/site-packages/airflow/example_dags/example_kubernetes_executor.py
Sync 1 DAGs
Setting next_dagrun for example_kubernetes_executor to None, run_after=None
Processing /home/airflow/.local/lib/python3.12/site-packages/airflow/example_dags/example_kubernetes_executor.py took 0.063 seconds
Started process (PID=8575) to work on /home/airflow/.local/lib/python3.12/site-packages/airflow/example_dags/example_kubernetes_executor.py
Processing file /home/airflow/.local/lib/python3.12/site-packages/airflow/example_dags/example_kubernetes_executor.py for tasks to queue
Filling up the DagBag from /home/airflow/.local/lib/python3.12/site-packages/airflow/example_dags/example_kubernetes_executor.py
DAG(s) 'example_kubernetes_executor' retrieved from /home/airflow/.local/lib/python3.12/site-packages/airflow/example_dags/example_kubernetes_executor.py
Sync 1 DAGs
Setting next_dagrun for example_kubernetes_executor to None, run_after=None
Processing /home/airflow/.local/lib/python3.12/site-packages/airflow/example_dags/example_kubernetes_executor.py took 0.069 seconds
Started process (PID=8641) to work on /home/airflow/.local/lib/python3.12/site-packages/airflow/example_dags/example_kubernetes_executor.py
Processing file /home/airflow/.local/lib/python3.12/site-packages/airflow/example_dags/example_kubernetes_executor.py for tasks to queue
Filling up the DagBag from /home/airflow/.local/lib/python3.12/site-packages/airflow/example_dags/example_kubernetes_executor.py
DAG(s) 'example_kubernetes_executor' retrieved from /home/airflow/.local/lib/python3.12/site-packages/airflow/example_dags/example_kubernetes_executor.py
Sync 1 DAGs
Setting next_dagrun for example_kubernetes_executor to None, run_after=None
Processing /home/airflow/.local/lib/python3.12/site-packages/airflow/example_dags/example_kubernetes_executor.py took 0.061 seconds
Started process (PID=8714) to work on /home/airflow/.local/lib/python3.12/site-packages/airflow/example_dags/example_kubernetes_executor.py
Processing file /home/airflow/.local/lib/python3.12/site-packages/airflow/example_dags/example_kubernetes_executor.py for tasks to queue
Filling up the DagBag from /home/airflow/.local/lib/python3.12/site-packages/airflow/example_dags/example_kubernetes_executor.py
DAG(s) 'example_kubernetes_executor' retrieved from /home/airflow/.local/lib/python3.12/site-packages/airflow/example_dags/example_kubernetes_executor.py
Sync 1 DAGs
Setting next_dagrun for example_kubernetes_executor to None, run_after=None
Processing /home/airflow/.local/lib/python3.12/site-packages/airflow/example_dags/example_kubernetes_executor.py took 0.063 seconds
Started process (PID=8778) to work on /home/airflow/.local/lib/python3.12/site-packages/airflow/example_dags/example_kubernetes_executor.py
Processing file /home/airflow/.local/lib/python3.12/site-packages/airflow/example_dags/example_kubernetes_executor.py for tasks to queue
Filling up the DagBag from /home/airflow/.local/lib/python3.12/site-packages/airflow/example_dags/example_kubernetes_executor.py
DAG(s) 'example_kubernetes_executor' retrieved from /home/airflow/.local/lib/python3.12/site-packages/airflow/example_dags/example_kubernetes_executor.py
Sync 1 DAGs
Setting next_dagrun for example_kubernetes_executor to None, run_after=None
Processing /home/airflow/.local/lib/python3.12/site-packages/airflow/example_dags/example_kubernetes_executor.py took 0.066 seconds
Started process (PID=8851) to work on /home/airflow/.local/lib/python3.12/site-packages/airflow/example_dags/example_kubernetes_executor.py
Processing file /home/airflow/.local/lib/python3.12/site-packages/airflow/example_dags/example_kubernetes_executor.py for tasks to queue
Filling up the DagBag from /home/airflow/.local/lib/python3.12/site-packages/airflow/example_dags/example_kubernetes_executor.py
DAG(s) 'example_kubernetes_executor' retrieved from /home/airflow/.local/lib/python3.12/site-packages/airflow/example_dags/example_kubernetes_executor.py
Sync 1 DAGs
Setting next_dagrun for example_kubernetes_executor to None, run_after=None
Processing /home/airflow/.local/lib/python3.12/site-packages/airflow/example_dags/example_kubernetes_executor.py took 0.065 seconds
Started process (PID=8917) to work on /home/airflow/.local/lib/python3.12/site-packages/airflow/example_dags/example_kubernetes_executor.py
Processing file /home/airflow/.local/lib/python3.12/site-packages/airflow/example_dags/example_kubernetes_executor.py for tasks to queue
Filling up the DagBag from /home/airflow/.local/lib/python3.12/site-packages/airflow/example_dags/example_kubernetes_executor.py
DAG(s) 'example_kubernetes_executor' retrieved from /home/airflow/.local/lib/python3.12/site-packages/airflow/example_dags/example_kubernetes_executor.py
Sync 1 DAGs
Setting next_dagrun for example_kubernetes_executor to None, run_after=None
Processing /home/airflow/.local/lib/python3.12/site-packages/airflow/example_dags/example_kubernetes_executor.py took 0.065 seconds
Started process (PID=8990) to work on /home/airflow/.local/lib/python3.12/site-packages/airflow/example_dags/example_kubernetes_executor.py
Processing file /home/airflow/.local/lib/python3.12/site-packages/airflow/example_dags/example_kubernetes_executor.py for tasks to queue
Filling up the DagBag from /home/airflow/.local/lib/python3.12/site-packages/airflow/example_dags/example_kubernetes_executor.py
DAG(s) 'example_kubernetes_executor' retrieved from /home/airflow/.local/lib/python3.12/site-packages/airflow/example_dags/example_kubernetes_executor.py
Sync 1 DAGs
Setting next_dagrun for example_kubernetes_executor to None, run_after=None
Processing /home/airflow/.local/lib/python3.12/site-packages/airflow/example_dags/example_kubernetes_executor.py took 0.063 seconds
Started process (PID=9056) to work on /home/airflow/.local/lib/python3.12/site-packages/airflow/example_dags/example_kubernetes_executor.py
Processing file /home/airflow/.local/lib/python3.12/site-packages/airflow/example_dags/example_kubernetes_executor.py for tasks to queue
Filling up the DagBag from /home/airflow/.local/lib/python3.12/site-packages/airflow/example_dags/example_kubernetes_executor.py
DAG(s) 'example_kubernetes_executor' retrieved from /home/airflow/.local/lib/python3.12/site-packages/airflow/example_dags/example_kubernetes_executor.py
Sync 1 DAGs
Setting next_dagrun for example_kubernetes_executor to None, run_after=None
Processing /home/airflow/.local/lib/python3.12/site-packages/airflow/example_dags/example_kubernetes_executor.py took 0.071 seconds
Started process (PID=9129) to work on /home/airflow/.local/lib/python3.12/site-packages/airflow/example_dags/example_kubernetes_executor.py
Processing file /home/airflow/.local/lib/python3.12/site-packages/airflow/example_dags/example_kubernetes_executor.py for tasks to queue
Filling up the DagBag from /home/airflow/.local/lib/python3.12/site-packages/airflow/example_dags/example_kubernetes_executor.py
DAG(s) 'example_kubernetes_executor' retrieved from /home/airflow/.local/lib/python3.12/site-packages/airflow/example_dags/example_kubernetes_executor.py
Sync 1 DAGs
Setting next_dagrun for example_kubernetes_executor to None, run_after=None
Processing /home/airflow/.local/lib/python3.12/site-packages/airflow/example_dags/example_kubernetes_executor.py took 0.068 seconds
Started process (PID=9195) to work on /home/airflow/.local/lib/python3.12/site-packages/airflow/example_dags/example_kubernetes_executor.py
Processing file /home/airflow/.local/lib/python3.12/site-packages/airflow/example_dags/example_kubernetes_executor.py for tasks to queue
Filling up the DagBag from /home/airflow/.local/lib/python3.12/site-packages/airflow/example_dags/example_kubernetes_executor.py
DAG(s) 'example_kubernetes_executor' retrieved from /home/airflow/.local/lib/python3.12/site-packages/airflow/example_dags/example_kubernetes_executor.py
Sync 1 DAGs
Setting next_dagrun for example_kubernetes_executor to None, run_after=None
Processing /home/airflow/.local/lib/python3.12/site-packages/airflow/example_dags/example_kubernetes_executor.py took 0.070 seconds
Started process (PID=9268) to work on /home/airflow/.local/lib/python3.12/site-packages/airflow/example_dags/example_kubernetes_executor.py
Processing file /home/airflow/.local/lib/python3.12/site-packages/airflow/example_dags/example_kubernetes_executor.py for tasks to queue
Filling up the DagBag from /home/airflow/.local/lib/python3.12/site-packages/airflow/example_dags/example_kubernetes_executor.py
DAG(s) 'example_kubernetes_executor' retrieved from /home/airflow/.local/lib/python3.12/site-packages/airflow/example_dags/example_kubernetes_executor.py
Sync 1 DAGs
Setting next_dagrun for example_kubernetes_executor to None, run_after=None
Processing /home/airflow/.local/lib/python3.12/site-packages/airflow/example_dags/example_kubernetes_executor.py took 0.776 seconds
Started process (PID=9341) to work on /home/airflow/.local/lib/python3.12/site-packages/airflow/example_dags/example_kubernetes_executor.py
Processing file /home/airflow/.local/lib/python3.12/site-packages/airflow/example_dags/example_kubernetes_executor.py for tasks to queue
Filling up the DagBag from /home/airflow/.local/lib/python3.12/site-packages/airflow/example_dags/example_kubernetes_executor.py
DAG(s) 'example_kubernetes_executor' retrieved from /home/airflow/.local/lib/python3.12/site-packages/airflow/example_dags/example_kubernetes_executor.py
Sync 1 DAGs
Setting next_dagrun for example_kubernetes_executor to None, run_after=None
Processing /home/airflow/.local/lib/python3.12/site-packages/airflow/example_dags/example_kubernetes_executor.py took 1.535 seconds
Started process (PID=9407) to work on /home/airflow/.local/lib/python3.12/site-packages/airflow/example_dags/example_kubernetes_executor.py
Processing file /home/airflow/.local/lib/python3.12/site-packages/airflow/example_dags/example_kubernetes_executor.py for tasks to queue
Filling up the DagBag from /home/airflow/.local/lib/python3.12/site-packages/airflow/example_dags/example_kubernetes_executor.py
DAG(s) 'example_kubernetes_executor' retrieved from /home/airflow/.local/lib/python3.12/site-packages/airflow/example_dags/example_kubernetes_executor.py
Sync 1 DAGs
Setting next_dagrun for example_kubernetes_executor to None, run_after=None
Processing /home/airflow/.local/lib/python3.12/site-packages/airflow/example_dags/example_kubernetes_executor.py took 1.576 seconds
Started process (PID=9480) to work on /home/airflow/.local/lib/python3.12/site-packages/airflow/example_dags/example_kubernetes_executor.py
Processing file /home/airflow/.local/lib/python3.12/site-packages/airflow/example_dags/example_kubernetes_executor.py for tasks to queue
Filling up the DagBag from /home/airflow/.local/lib/python3.12/site-packages/airflow/example_dags/example_kubernetes_executor.py
DAG(s) 'example_kubernetes_executor' retrieved from /home/airflow/.local/lib/python3.12/site-packages/airflow/example_dags/example_kubernetes_executor.py
Sync 1 DAGs
Setting next_dagrun for example_kubernetes_executor to None, run_after=None
Processing /home/airflow/.local/lib/python3.12/site-packages/airflow/example_dags/example_kubernetes_executor.py took 1.641 seconds
Started process (PID=9553) to work on /home/airflow/.local/lib/python3.12/site-packages/airflow/example_dags/example_kubernetes_executor.py
Processing file /home/airflow/.local/lib/python3.12/site-packages/airflow/example_dags/example_kubernetes_executor.py for tasks to queue
Filling up the DagBag from /home/airflow/.local/lib/python3.12/site-packages/airflow/example_dags/example_kubernetes_executor.py
DAG(s) 'example_kubernetes_executor' retrieved from /home/airflow/.local/lib/python3.12/site-packages/airflow/example_dags/example_kubernetes_executor.py
Sync 1 DAGs
Setting next_dagrun for example_kubernetes_executor to None, run_after=None
Processing /home/airflow/.local/lib/python3.12/site-packages/airflow/example_dags/example_kubernetes_executor.py took 1.704 seconds
Started process (PID=9618) to work on /home/airflow/.local/lib/python3.12/site-packages/airflow/example_dags/example_kubernetes_executor.py
Processing file /home/airflow/.local/lib/python3.12/site-packages/airflow/example_dags/example_kubernetes_executor.py for tasks to queue
Filling up the DagBag from /home/airflow/.local/lib/python3.12/site-packages/airflow/example_dags/example_kubernetes_executor.py
DAG(s) 'example_kubernetes_executor' retrieved from /home/airflow/.local/lib/python3.12/site-packages/airflow/example_dags/example_kubernetes_executor.py
Sync 1 DAGs
Setting next_dagrun for example_kubernetes_executor to None, run_after=None
Processing /home/airflow/.local/lib/python3.12/site-packages/airflow/example_dags/example_kubernetes_executor.py took 0.823 seconds
Started process (PID=9692) to work on /home/airflow/.local/lib/python3.12/site-packages/airflow/example_dags/example_kubernetes_executor.py
Processing file /home/airflow/.local/lib/python3.12/site-packages/airflow/example_dags/example_kubernetes_executor.py for tasks to queue
Filling up the DagBag from /home/airflow/.local/lib/python3.12/site-packages/airflow/example_dags/example_kubernetes_executor.py
DAG(s) 'example_kubernetes_executor' retrieved from /home/airflow/.local/lib/python3.12/site-packages/airflow/example_dags/example_kubernetes_executor.py
Sync 1 DAGs
Setting next_dagrun for example_kubernetes_executor to None, run_after=None
Processing /home/airflow/.local/lib/python3.12/site-packages/airflow/example_dags/example_kubernetes_executor.py took 0.607 seconds
Started process (PID=9761) to work on /home/airflow/.local/lib/python3.12/site-packages/airflow/example_dags/example_kubernetes_executor.py
Processing file /home/airflow/.local/lib/python3.12/site-packages/airflow/example_dags/example_kubernetes_executor.py for tasks to queue
Filling up the DagBag from /home/airflow/.local/lib/python3.12/site-packages/airflow/example_dags/example_kubernetes_executor.py
DAG(s) 'example_kubernetes_executor' retrieved from /home/airflow/.local/lib/python3.12/site-packages/airflow/example_dags/example_kubernetes_executor.py
Sync 1 DAGs
Setting next_dagrun for example_kubernetes_executor to None, run_after=None
Processing /home/airflow/.local/lib/python3.12/site-packages/airflow/example_dags/example_kubernetes_executor.py took 0.061 seconds
Started process (PID=9834) to work on /home/airflow/.local/lib/python3.12/site-packages/airflow/example_dags/example_kubernetes_executor.py
Processing file /home/airflow/.local/lib/python3.12/site-packages/airflow/example_dags/example_kubernetes_executor.py for tasks to queue
Filling up the DagBag from /home/airflow/.local/lib/python3.12/site-packages/airflow/example_dags/example_kubernetes_executor.py
DAG(s) 'example_kubernetes_executor' retrieved from /home/airflow/.local/lib/python3.12/site-packages/airflow/example_dags/example_kubernetes_executor.py
Sync 1 DAGs
Setting next_dagrun for example_kubernetes_executor to None, run_after=None
Processing /home/airflow/.local/lib/python3.12/site-packages/airflow/example_dags/example_kubernetes_executor.py took 0.156 seconds
Started process (PID=9900) to work on /home/airflow/.local/lib/python3.12/site-packages/airflow/example_dags/example_kubernetes_executor.py
Processing file /home/airflow/.local/lib/python3.12/site-packages/airflow/example_dags/example_kubernetes_executor.py for tasks to queue
Filling up the DagBag from /home/airflow/.local/lib/python3.12/site-packages/airflow/example_dags/example_kubernetes_executor.py
DAG(s) 'example_kubernetes_executor' retrieved from /home/airflow/.local/lib/python3.12/site-packages/airflow/example_dags/example_kubernetes_executor.py
Sync 1 DAGs
Setting next_dagrun for example_kubernetes_executor to None, run_after=None
Processing /home/airflow/.local/lib/python3.12/site-packages/airflow/example_dags/example_kubernetes_executor.py took 0.063 seconds
Started process (PID=9973) to work on /home/airflow/.local/lib/python3.12/site-packages/airflow/example_dags/example_kubernetes_executor.py
Processing file /home/airflow/.local/lib/python3.12/site-packages/airflow/example_dags/example_kubernetes_executor.py for tasks to queue
Filling up the DagBag from /home/airflow/.local/lib/python3.12/site-packages/airflow/example_dags/example_kubernetes_executor.py
DAG(s) 'example_kubernetes_executor' retrieved from /home/airflow/.local/lib/python3.12/site-packages/airflow/example_dags/example_kubernetes_executor.py
Sync 1 DAGs
Setting next_dagrun for example_kubernetes_executor to None, run_after=None
Processing /home/airflow/.local/lib/python3.12/site-packages/airflow/example_dags/example_kubernetes_executor.py took 0.063 seconds
Started process (PID=10039) to work on /home/airflow/.local/lib/python3.12/site-packages/airflow/example_dags/example_kubernetes_executor.py
Processing file /home/airflow/.local/lib/python3.12/site-packages/airflow/example_dags/example_kubernetes_executor.py for tasks to queue
Filling up the DagBag from /home/airflow/.local/lib/python3.12/site-packages/airflow/example_dags/example_kubernetes_executor.py
DAG(s) 'example_kubernetes_executor' retrieved from /home/airflow/.local/lib/python3.12/site-packages/airflow/example_dags/example_kubernetes_executor.py
Sync 1 DAGs
Setting next_dagrun for example_kubernetes_executor to None, run_after=None
Processing /home/airflow/.local/lib/python3.12/site-packages/airflow/example_dags/example_kubernetes_executor.py took 0.062 seconds
Started process (PID=10112) to work on /home/airflow/.local/lib/python3.12/site-packages/airflow/example_dags/example_kubernetes_executor.py
Processing file /home/airflow/.local/lib/python3.12/site-packages/airflow/example_dags/example_kubernetes_executor.py for tasks to queue
Filling up the DagBag from /home/airflow/.local/lib/python3.12/site-packages/airflow/example_dags/example_kubernetes_executor.py
DAG(s) 'example_kubernetes_executor' retrieved from /home/airflow/.local/lib/python3.12/site-packages/airflow/example_dags/example_kubernetes_executor.py
Sync 1 DAGs
Setting next_dagrun for example_kubernetes_executor to None, run_after=None
Processing /home/airflow/.local/lib/python3.12/site-packages/airflow/example_dags/example_kubernetes_executor.py took 0.065 seconds
Started process (PID=10178) to work on /home/airflow/.local/lib/python3.12/site-packages/airflow/example_dags/example_kubernetes_executor.py
Processing file /home/airflow/.local/lib/python3.12/site-packages/airflow/example_dags/example_kubernetes_executor.py for tasks to queue
Filling up the DagBag from /home/airflow/.local/lib/python3.12/site-packages/airflow/example_dags/example_kubernetes_executor.py
DAG(s) 'example_kubernetes_executor' retrieved from /home/airflow/.local/lib/python3.12/site-packages/airflow/example_dags/example_kubernetes_executor.py
Sync 1 DAGs
Setting next_dagrun for example_kubernetes_executor to None, run_after=None
Processing /home/airflow/.local/lib/python3.12/site-packages/airflow/example_dags/example_kubernetes_executor.py took 0.063 seconds
Started process (PID=10251) to work on /home/airflow/.local/lib/python3.12/site-packages/airflow/example_dags/example_kubernetes_executor.py
Processing file /home/airflow/.local/lib/python3.12/site-packages/airflow/example_dags/example_kubernetes_executor.py for tasks to queue
Filling up the DagBag from /home/airflow/.local/lib/python3.12/site-packages/airflow/example_dags/example_kubernetes_executor.py
DAG(s) 'example_kubernetes_executor' retrieved from /home/airflow/.local/lib/python3.12/site-packages/airflow/example_dags/example_kubernetes_executor.py
Sync 1 DAGs
Setting next_dagrun for example_kubernetes_executor to None, run_after=None
Processing /home/airflow/.local/lib/python3.12/site-packages/airflow/example_dags/example_kubernetes_executor.py took 0.070 seconds
Started process (PID=10317) to work on /home/airflow/.local/lib/python3.12/site-packages/airflow/example_dags/example_kubernetes_executor.py
Processing file /home/airflow/.local/lib/python3.12/site-packages/airflow/example_dags/example_kubernetes_executor.py for tasks to queue
Filling up the DagBag from /home/airflow/.local/lib/python3.12/site-packages/airflow/example_dags/example_kubernetes_executor.py
DAG(s) 'example_kubernetes_executor' retrieved from /home/airflow/.local/lib/python3.12/site-packages/airflow/example_dags/example_kubernetes_executor.py
Sync 1 DAGs
Setting next_dagrun for example_kubernetes_executor to None, run_after=None
Processing /home/airflow/.local/lib/python3.12/site-packages/airflow/example_dags/example_kubernetes_executor.py took 0.066 seconds
Started process (PID=10390) to work on /home/airflow/.local/lib/python3.12/site-packages/airflow/example_dags/example_kubernetes_executor.py
Processing file /home/airflow/.local/lib/python3.12/site-packages/airflow/example_dags/example_kubernetes_executor.py for tasks to queue
Filling up the DagBag from /home/airflow/.local/lib/python3.12/site-packages/airflow/example_dags/example_kubernetes_executor.py
DAG(s) 'example_kubernetes_executor' retrieved from /home/airflow/.local/lib/python3.12/site-packages/airflow/example_dags/example_kubernetes_executor.py
Sync 1 DAGs
Setting next_dagrun for example_kubernetes_executor to None, run_after=None
Processing /home/airflow/.local/lib/python3.12/site-packages/airflow/example_dags/example_kubernetes_executor.py took 0.070 seconds
Started process (PID=10456) to work on /home/airflow/.local/lib/python3.12/site-packages/airflow/example_dags/example_kubernetes_executor.py
Processing file /home/airflow/.local/lib/python3.12/site-packages/airflow/example_dags/example_kubernetes_executor.py for tasks to queue
Filling up the DagBag from /home/airflow/.local/lib/python3.12/site-packages/airflow/example_dags/example_kubernetes_executor.py
DAG(s) 'example_kubernetes_executor' retrieved from /home/airflow/.local/lib/python3.12/site-packages/airflow/example_dags/example_kubernetes_executor.py
Sync 1 DAGs
Setting next_dagrun for example_kubernetes_executor to None, run_after=None
Processing /home/airflow/.local/lib/python3.12/site-packages/airflow/example_dags/example_kubernetes_executor.py took 0.068 seconds
Started process (PID=10529) to work on /home/airflow/.local/lib/python3.12/site-packages/airflow/example_dags/example_kubernetes_executor.py
Processing file /home/airflow/.local/lib/python3.12/site-packages/airflow/example_dags/example_kubernetes_executor.py for tasks to queue
Filling up the DagBag from /home/airflow/.local/lib/python3.12/site-packages/airflow/example_dags/example_kubernetes_executor.py
DAG(s) 'example_kubernetes_executor' retrieved from /home/airflow/.local/lib/python3.12/site-packages/airflow/example_dags/example_kubernetes_executor.py
Sync 1 DAGs
Setting next_dagrun for example_kubernetes_executor to None, run_after=None
Processing /home/airflow/.local/lib/python3.12/site-packages/airflow/example_dags/example_kubernetes_executor.py took 0.063 seconds
Started process (PID=10602) to work on /home/airflow/.local/lib/python3.12/site-packages/airflow/example_dags/example_kubernetes_executor.py
Processing file /home/airflow/.local/lib/python3.12/site-packages/airflow/example_dags/example_kubernetes_executor.py for tasks to queue
Filling up the DagBag from /home/airflow/.local/lib/python3.12/site-packages/airflow/example_dags/example_kubernetes_executor.py
DAG(s) 'example_kubernetes_executor' retrieved from /home/airflow/.local/lib/python3.12/site-packages/airflow/example_dags/example_kubernetes_executor.py
Sync 1 DAGs
Setting next_dagrun for example_kubernetes_executor to None, run_after=None
Processing /home/airflow/.local/lib/python3.12/site-packages/airflow/example_dags/example_kubernetes_executor.py took 0.080 seconds
Started process (PID=10668) to work on /home/airflow/.local/lib/python3.12/site-packages/airflow/example_dags/example_kubernetes_executor.py
Processing file /home/airflow/.local/lib/python3.12/site-packages/airflow/example_dags/example_kubernetes_executor.py for tasks to queue
Filling up the DagBag from /home/airflow/.local/lib/python3.12/site-packages/airflow/example_dags/example_kubernetes_executor.py
DAG(s) 'example_kubernetes_executor' retrieved from /home/airflow/.local/lib/python3.12/site-packages/airflow/example_dags/example_kubernetes_executor.py
Sync 1 DAGs
Setting next_dagrun for example_kubernetes_executor to None, run_after=None
Processing /home/airflow/.local/lib/python3.12/site-packages/airflow/example_dags/example_kubernetes_executor.py took 0.070 seconds
Started process (PID=10734) to work on /home/airflow/.local/lib/python3.12/site-packages/airflow/example_dags/example_kubernetes_executor.py
Processing file /home/airflow/.local/lib/python3.12/site-packages/airflow/example_dags/example_kubernetes_executor.py for tasks to queue
Filling up the DagBag from /home/airflow/.local/lib/python3.12/site-packages/airflow/example_dags/example_kubernetes_executor.py
DAG(s) 'example_kubernetes_executor' retrieved from /home/airflow/.local/lib/python3.12/site-packages/airflow/example_dags/example_kubernetes_executor.py
Sync 1 DAGs
Setting next_dagrun for example_kubernetes_executor to None, run_after=None
Processing /home/airflow/.local/lib/python3.12/site-packages/airflow/example_dags/example_kubernetes_executor.py took 0.066 seconds
Started process (PID=10807) to work on /home/airflow/.local/lib/python3.12/site-packages/airflow/example_dags/example_kubernetes_executor.py
Processing file /home/airflow/.local/lib/python3.12/site-packages/airflow/example_dags/example_kubernetes_executor.py for tasks to queue
Filling up the DagBag from /home/airflow/.local/lib/python3.12/site-packages/airflow/example_dags/example_kubernetes_executor.py
DAG(s) 'example_kubernetes_executor' retrieved from /home/airflow/.local/lib/python3.12/site-packages/airflow/example_dags/example_kubernetes_executor.py
Sync 1 DAGs
Setting next_dagrun for example_kubernetes_executor to None, run_after=None
Processing /home/airflow/.local/lib/python3.12/site-packages/airflow/example_dags/example_kubernetes_executor.py took 0.064 seconds
Started process (PID=10873) to work on /home/airflow/.local/lib/python3.12/site-packages/airflow/example_dags/example_kubernetes_executor.py
Processing file /home/airflow/.local/lib/python3.12/site-packages/airflow/example_dags/example_kubernetes_executor.py for tasks to queue
Filling up the DagBag from /home/airflow/.local/lib/python3.12/site-packages/airflow/example_dags/example_kubernetes_executor.py
DAG(s) 'example_kubernetes_executor' retrieved from /home/airflow/.local/lib/python3.12/site-packages/airflow/example_dags/example_kubernetes_executor.py
Sync 1 DAGs
Setting next_dagrun for example_kubernetes_executor to None, run_after=None
Processing /home/airflow/.local/lib/python3.12/site-packages/airflow/example_dags/example_kubernetes_executor.py took 0.065 seconds
Started process (PID=10946) to work on /home/airflow/.local/lib/python3.12/site-packages/airflow/example_dags/example_kubernetes_executor.py
Processing file /home/airflow/.local/lib/python3.12/site-packages/airflow/example_dags/example_kubernetes_executor.py for tasks to queue
Filling up the DagBag from /home/airflow/.local/lib/python3.12/site-packages/airflow/example_dags/example_kubernetes_executor.py
DAG(s) 'example_kubernetes_executor' retrieved from /home/airflow/.local/lib/python3.12/site-packages/airflow/example_dags/example_kubernetes_executor.py
Sync 1 DAGs
Setting next_dagrun for example_kubernetes_executor to None, run_after=None
Processing /home/airflow/.local/lib/python3.12/site-packages/airflow/example_dags/example_kubernetes_executor.py took 0.063 seconds
Started process (PID=11012) to work on /home/airflow/.local/lib/python3.12/site-packages/airflow/example_dags/example_kubernetes_executor.py
Processing file /home/airflow/.local/lib/python3.12/site-packages/airflow/example_dags/example_kubernetes_executor.py for tasks to queue
Filling up the DagBag from /home/airflow/.local/lib/python3.12/site-packages/airflow/example_dags/example_kubernetes_executor.py
DAG(s) 'example_kubernetes_executor' retrieved from /home/airflow/.local/lib/python3.12/site-packages/airflow/example_dags/example_kubernetes_executor.py
Sync 1 DAGs
Setting next_dagrun for example_kubernetes_executor to None, run_after=None
Processing /home/airflow/.local/lib/python3.12/site-packages/airflow/example_dags/example_kubernetes_executor.py took 0.064 seconds
Started process (PID=11085) to work on /home/airflow/.local/lib/python3.12/site-packages/airflow/example_dags/example_kubernetes_executor.py
Processing file /home/airflow/.local/lib/python3.12/site-packages/airflow/example_dags/example_kubernetes_executor.py for tasks to queue
Filling up the DagBag from /home/airflow/.local/lib/python3.12/site-packages/airflow/example_dags/example_kubernetes_executor.py
DAG(s) 'example_kubernetes_executor' retrieved from /home/airflow/.local/lib/python3.12/site-packages/airflow/example_dags/example_kubernetes_executor.py
Sync 1 DAGs
Setting next_dagrun for example_kubernetes_executor to None, run_after=None
Processing /home/airflow/.local/lib/python3.12/site-packages/airflow/example_dags/example_kubernetes_executor.py took 0.065 seconds
Started process (PID=11151) to work on /home/airflow/.local/lib/python3.12/site-packages/airflow/example_dags/example_kubernetes_executor.py
Processing file /home/airflow/.local/lib/python3.12/site-packages/airflow/example_dags/example_kubernetes_executor.py for tasks to queue
Filling up the DagBag from /home/airflow/.local/lib/python3.12/site-packages/airflow/example_dags/example_kubernetes_executor.py
DAG(s) 'example_kubernetes_executor' retrieved from /home/airflow/.local/lib/python3.12/site-packages/airflow/example_dags/example_kubernetes_executor.py
Sync 1 DAGs
Setting next_dagrun for example_kubernetes_executor to None, run_after=None
Processing /home/airflow/.local/lib/python3.12/site-packages/airflow/example_dags/example_kubernetes_executor.py took 0.066 seconds
Started process (PID=11224) to work on /home/airflow/.local/lib/python3.12/site-packages/airflow/example_dags/example_kubernetes_executor.py
Processing file /home/airflow/.local/lib/python3.12/site-packages/airflow/example_dags/example_kubernetes_executor.py for tasks to queue
Filling up the DagBag from /home/airflow/.local/lib/python3.12/site-packages/airflow/example_dags/example_kubernetes_executor.py
DAG(s) 'example_kubernetes_executor' retrieved from /home/airflow/.local/lib/python3.12/site-packages/airflow/example_dags/example_kubernetes_executor.py
Sync 1 DAGs
Setting next_dagrun for example_kubernetes_executor to None, run_after=None
Processing /home/airflow/.local/lib/python3.12/site-packages/airflow/example_dags/example_kubernetes_executor.py took 0.061 seconds
Started process (PID=11290) to work on /home/airflow/.local/lib/python3.12/site-packages/airflow/example_dags/example_kubernetes_executor.py
Processing file /home/airflow/.local/lib/python3.12/site-packages/airflow/example_dags/example_kubernetes_executor.py for tasks to queue
Filling up the DagBag from /home/airflow/.local/lib/python3.12/site-packages/airflow/example_dags/example_kubernetes_executor.py
DAG(s) 'example_kubernetes_executor' retrieved from /home/airflow/.local/lib/python3.12/site-packages/airflow/example_dags/example_kubernetes_executor.py
Sync 1 DAGs
Setting next_dagrun for example_kubernetes_executor to None, run_after=None
Processing /home/airflow/.local/lib/python3.12/site-packages/airflow/example_dags/example_kubernetes_executor.py took 0.063 seconds
Started process (PID=11363) to work on /home/airflow/.local/lib/python3.12/site-packages/airflow/example_dags/example_kubernetes_executor.py
Processing file /home/airflow/.local/lib/python3.12/site-packages/airflow/example_dags/example_kubernetes_executor.py for tasks to queue
Filling up the DagBag from /home/airflow/.local/lib/python3.12/site-packages/airflow/example_dags/example_kubernetes_executor.py
DAG(s) 'example_kubernetes_executor' retrieved from /home/airflow/.local/lib/python3.12/site-packages/airflow/example_dags/example_kubernetes_executor.py
Sync 1 DAGs
Setting next_dagrun for example_kubernetes_executor to None, run_after=None
Processing /home/airflow/.local/lib/python3.12/site-packages/airflow/example_dags/example_kubernetes_executor.py took 0.066 seconds
Started process (PID=11430) to work on /home/airflow/.local/lib/python3.12/site-packages/airflow/example_dags/example_kubernetes_executor.py
Processing file /home/airflow/.local/lib/python3.12/site-packages/airflow/example_dags/example_kubernetes_executor.py for tasks to queue
Filling up the DagBag from /home/airflow/.local/lib/python3.12/site-packages/airflow/example_dags/example_kubernetes_executor.py
DAG(s) 'example_kubernetes_executor' retrieved from /home/airflow/.local/lib/python3.12/site-packages/airflow/example_dags/example_kubernetes_executor.py
Sync 1 DAGs
Setting next_dagrun for example_kubernetes_executor to None, run_after=None
Processing /home/airflow/.local/lib/python3.12/site-packages/airflow/example_dags/example_kubernetes_executor.py took 0.062 seconds
Started process (PID=11504) to work on /home/airflow/.local/lib/python3.12/site-packages/airflow/example_dags/example_kubernetes_executor.py
Processing file /home/airflow/.local/lib/python3.12/site-packages/airflow/example_dags/example_kubernetes_executor.py for tasks to queue
Filling up the DagBag from /home/airflow/.local/lib/python3.12/site-packages/airflow/example_dags/example_kubernetes_executor.py
DAG(s) 'example_kubernetes_executor' retrieved from /home/airflow/.local/lib/python3.12/site-packages/airflow/example_dags/example_kubernetes_executor.py
Sync 1 DAGs
Setting next_dagrun for example_kubernetes_executor to None, run_after=None
Processing /home/airflow/.local/lib/python3.12/site-packages/airflow/example_dags/example_kubernetes_executor.py took 0.061 seconds
Started process (PID=11570) to work on /home/airflow/.local/lib/python3.12/site-packages/airflow/example_dags/example_kubernetes_executor.py
Processing file /home/airflow/.local/lib/python3.12/site-packages/airflow/example_dags/example_kubernetes_executor.py for tasks to queue
Filling up the DagBag from /home/airflow/.local/lib/python3.12/site-packages/airflow/example_dags/example_kubernetes_executor.py
DAG(s) 'example_kubernetes_executor' retrieved from /home/airflow/.local/lib/python3.12/site-packages/airflow/example_dags/example_kubernetes_executor.py
Sync 1 DAGs
Setting next_dagrun for example_kubernetes_executor to None, run_after=None
Processing /home/airflow/.local/lib/python3.12/site-packages/airflow/example_dags/example_kubernetes_executor.py took 0.065 seconds
Started process (PID=11643) to work on /home/airflow/.local/lib/python3.12/site-packages/airflow/example_dags/example_kubernetes_executor.py
Processing file /home/airflow/.local/lib/python3.12/site-packages/airflow/example_dags/example_kubernetes_executor.py for tasks to queue
Filling up the DagBag from /home/airflow/.local/lib/python3.12/site-packages/airflow/example_dags/example_kubernetes_executor.py
DAG(s) 'example_kubernetes_executor' retrieved from /home/airflow/.local/lib/python3.12/site-packages/airflow/example_dags/example_kubernetes_executor.py
Sync 1 DAGs
Setting next_dagrun for example_kubernetes_executor to None, run_after=None
Processing /home/airflow/.local/lib/python3.12/site-packages/airflow/example_dags/example_kubernetes_executor.py took 0.062 seconds
Started process (PID=11709) to work on /home/airflow/.local/lib/python3.12/site-packages/airflow/example_dags/example_kubernetes_executor.py
Processing file /home/airflow/.local/lib/python3.12/site-packages/airflow/example_dags/example_kubernetes_executor.py for tasks to queue
Filling up the DagBag from /home/airflow/.local/lib/python3.12/site-packages/airflow/example_dags/example_kubernetes_executor.py
DAG(s) 'example_kubernetes_executor' retrieved from /home/airflow/.local/lib/python3.12/site-packages/airflow/example_dags/example_kubernetes_executor.py
Sync 1 DAGs
Setting next_dagrun for example_kubernetes_executor to None, run_after=None
Processing /home/airflow/.local/lib/python3.12/site-packages/airflow/example_dags/example_kubernetes_executor.py took 0.062 seconds
Started process (PID=11782) to work on /home/airflow/.local/lib/python3.12/site-packages/airflow/example_dags/example_kubernetes_executor.py
Processing file /home/airflow/.local/lib/python3.12/site-packages/airflow/example_dags/example_kubernetes_executor.py for tasks to queue
Filling up the DagBag from /home/airflow/.local/lib/python3.12/site-packages/airflow/example_dags/example_kubernetes_executor.py
DAG(s) 'example_kubernetes_executor' retrieved from /home/airflow/.local/lib/python3.12/site-packages/airflow/example_dags/example_kubernetes_executor.py
Sync 1 DAGs
Setting next_dagrun for example_kubernetes_executor to None, run_after=None
Processing /home/airflow/.local/lib/python3.12/site-packages/airflow/example_dags/example_kubernetes_executor.py took 0.062 seconds
Started process (PID=11847) to work on /home/airflow/.local/lib/python3.12/site-packages/airflow/example_dags/example_kubernetes_executor.py
Processing file /home/airflow/.local/lib/python3.12/site-packages/airflow/example_dags/example_kubernetes_executor.py for tasks to queue
Filling up the DagBag from /home/airflow/.local/lib/python3.12/site-packages/airflow/example_dags/example_kubernetes_executor.py
DAG(s) 'example_kubernetes_executor' retrieved from /home/airflow/.local/lib/python3.12/site-packages/airflow/example_dags/example_kubernetes_executor.py
Sync 1 DAGs
Setting next_dagrun for example_kubernetes_executor to None, run_after=None
Processing /home/airflow/.local/lib/python3.12/site-packages/airflow/example_dags/example_kubernetes_executor.py took 0.065 seconds
Started process (PID=11920) to work on /home/airflow/.local/lib/python3.12/site-packages/airflow/example_dags/example_kubernetes_executor.py
Processing file /home/airflow/.local/lib/python3.12/site-packages/airflow/example_dags/example_kubernetes_executor.py for tasks to queue
Filling up the DagBag from /home/airflow/.local/lib/python3.12/site-packages/airflow/example_dags/example_kubernetes_executor.py
DAG(s) 'example_kubernetes_executor' retrieved from /home/airflow/.local/lib/python3.12/site-packages/airflow/example_dags/example_kubernetes_executor.py
Sync 1 DAGs
Setting next_dagrun for example_kubernetes_executor to None, run_after=None
Processing /home/airflow/.local/lib/python3.12/site-packages/airflow/example_dags/example_kubernetes_executor.py took 0.061 seconds
Started process (PID=11986) to work on /home/airflow/.local/lib/python3.12/site-packages/airflow/example_dags/example_kubernetes_executor.py
Processing file /home/airflow/.local/lib/python3.12/site-packages/airflow/example_dags/example_kubernetes_executor.py for tasks to queue
Filling up the DagBag from /home/airflow/.local/lib/python3.12/site-packages/airflow/example_dags/example_kubernetes_executor.py
DAG(s) 'example_kubernetes_executor' retrieved from /home/airflow/.local/lib/python3.12/site-packages/airflow/example_dags/example_kubernetes_executor.py
Sync 1 DAGs
Setting next_dagrun for example_kubernetes_executor to None, run_after=None
Processing /home/airflow/.local/lib/python3.12/site-packages/airflow/example_dags/example_kubernetes_executor.py took 0.062 seconds
Started process (PID=12059) to work on /home/airflow/.local/lib/python3.12/site-packages/airflow/example_dags/example_kubernetes_executor.py
Processing file /home/airflow/.local/lib/python3.12/site-packages/airflow/example_dags/example_kubernetes_executor.py for tasks to queue
Filling up the DagBag from /home/airflow/.local/lib/python3.12/site-packages/airflow/example_dags/example_kubernetes_executor.py
DAG(s) 'example_kubernetes_executor' retrieved from /home/airflow/.local/lib/python3.12/site-packages/airflow/example_dags/example_kubernetes_executor.py
Sync 1 DAGs
Setting next_dagrun for example_kubernetes_executor to None, run_after=None
Processing /home/airflow/.local/lib/python3.12/site-packages/airflow/example_dags/example_kubernetes_executor.py took 0.063 seconds
Started process (PID=62) to work on /home/airflow/.local/lib/python3.12/site-packages/airflow/example_dags/example_kubernetes_executor.py
Processing file /home/airflow/.local/lib/python3.12/site-packages/airflow/example_dags/example_kubernetes_executor.py for tasks to queue
Filling up the DagBag from /home/airflow/.local/lib/python3.12/site-packages/airflow/example_dags/example_kubernetes_executor.py
DAG(s) 'example_kubernetes_executor' retrieved from /home/airflow/.local/lib/python3.12/site-packages/airflow/example_dags/example_kubernetes_executor.py
Sync 1 DAGs
Setting next_dagrun for example_kubernetes_executor to None, run_after=None
Processing /home/airflow/.local/lib/python3.12/site-packages/airflow/example_dags/example_kubernetes_executor.py took 0.171 seconds
Started process (PID=128) to work on /home/airflow/.local/lib/python3.12/site-packages/airflow/example_dags/example_kubernetes_executor.py
Processing file /home/airflow/.local/lib/python3.12/site-packages/airflow/example_dags/example_kubernetes_executor.py for tasks to queue
Filling up the DagBag from /home/airflow/.local/lib/python3.12/site-packages/airflow/example_dags/example_kubernetes_executor.py
DAG(s) 'example_kubernetes_executor' retrieved from /home/airflow/.local/lib/python3.12/site-packages/airflow/example_dags/example_kubernetes_executor.py
Sync 1 DAGs
Setting next_dagrun for example_kubernetes_executor to None, run_after=None
Processing /home/airflow/.local/lib/python3.12/site-packages/airflow/example_dags/example_kubernetes_executor.py took 0.063 seconds
Started process (PID=201) to work on /home/airflow/.local/lib/python3.12/site-packages/airflow/example_dags/example_kubernetes_executor.py
Processing file /home/airflow/.local/lib/python3.12/site-packages/airflow/example_dags/example_kubernetes_executor.py for tasks to queue
Filling up the DagBag from /home/airflow/.local/lib/python3.12/site-packages/airflow/example_dags/example_kubernetes_executor.py
DAG(s) 'example_kubernetes_executor' retrieved from /home/airflow/.local/lib/python3.12/site-packages/airflow/example_dags/example_kubernetes_executor.py
Sync 1 DAGs
Setting next_dagrun for example_kubernetes_executor to None, run_after=None
Processing /home/airflow/.local/lib/python3.12/site-packages/airflow/example_dags/example_kubernetes_executor.py took 0.102 seconds
Started process (PID=275) to work on /home/airflow/.local/lib/python3.12/site-packages/airflow/example_dags/example_kubernetes_executor.py
Processing file /home/airflow/.local/lib/python3.12/site-packages/airflow/example_dags/example_kubernetes_executor.py for tasks to queue
Filling up the DagBag from /home/airflow/.local/lib/python3.12/site-packages/airflow/example_dags/example_kubernetes_executor.py
DAG(s) 'example_kubernetes_executor' retrieved from /home/airflow/.local/lib/python3.12/site-packages/airflow/example_dags/example_kubernetes_executor.py
Sync 1 DAGs
Setting next_dagrun for example_kubernetes_executor to None, run_after=None
Processing /home/airflow/.local/lib/python3.12/site-packages/airflow/example_dags/example_kubernetes_executor.py took 0.060 seconds
Started process (PID=341) to work on /home/airflow/.local/lib/python3.12/site-packages/airflow/example_dags/example_kubernetes_executor.py
Processing file /home/airflow/.local/lib/python3.12/site-packages/airflow/example_dags/example_kubernetes_executor.py for tasks to queue
Filling up the DagBag from /home/airflow/.local/lib/python3.12/site-packages/airflow/example_dags/example_kubernetes_executor.py
DAG(s) 'example_kubernetes_executor' retrieved from /home/airflow/.local/lib/python3.12/site-packages/airflow/example_dags/example_kubernetes_executor.py
Sync 1 DAGs
Setting next_dagrun for example_kubernetes_executor to None, run_after=None
Processing /home/airflow/.local/lib/python3.12/site-packages/airflow/example_dags/example_kubernetes_executor.py took 0.060 seconds
Started process (PID=70) to work on /home/airflow/.local/lib/python3.12/site-packages/airflow/example_dags/example_kubernetes_executor.py
Processing file /home/airflow/.local/lib/python3.12/site-packages/airflow/example_dags/example_kubernetes_executor.py for tasks to queue
Filling up the DagBag from /home/airflow/.local/lib/python3.12/site-packages/airflow/example_dags/example_kubernetes_executor.py
DAG(s) 'example_kubernetes_executor' retrieved from /home/airflow/.local/lib/python3.12/site-packages/airflow/example_dags/example_kubernetes_executor.py
Sync 1 DAGs
Setting next_dagrun for example_kubernetes_executor to None, run_after=None
Processing /home/airflow/.local/lib/python3.12/site-packages/airflow/example_dags/example_kubernetes_executor.py took 0.222 seconds
Started process (PID=136) to work on /home/airflow/.local/lib/python3.12/site-packages/airflow/example_dags/example_kubernetes_executor.py
Processing file /home/airflow/.local/lib/python3.12/site-packages/airflow/example_dags/example_kubernetes_executor.py for tasks to queue
Filling up the DagBag from /home/airflow/.local/lib/python3.12/site-packages/airflow/example_dags/example_kubernetes_executor.py
DAG(s) 'example_kubernetes_executor' retrieved from /home/airflow/.local/lib/python3.12/site-packages/airflow/example_dags/example_kubernetes_executor.py
Sync 1 DAGs
Setting next_dagrun for example_kubernetes_executor to None, run_after=None
Processing /home/airflow/.local/lib/python3.12/site-packages/airflow/example_dags/example_kubernetes_executor.py took 0.066 seconds
Started process (PID=209) to work on /home/airflow/.local/lib/python3.12/site-packages/airflow/example_dags/example_kubernetes_executor.py
Processing file /home/airflow/.local/lib/python3.12/site-packages/airflow/example_dags/example_kubernetes_executor.py for tasks to queue
Filling up the DagBag from /home/airflow/.local/lib/python3.12/site-packages/airflow/example_dags/example_kubernetes_executor.py
DAG(s) 'example_kubernetes_executor' retrieved from /home/airflow/.local/lib/python3.12/site-packages/airflow/example_dags/example_kubernetes_executor.py
Sync 1 DAGs
Setting next_dagrun for example_kubernetes_executor to None, run_after=None
Processing /home/airflow/.local/lib/python3.12/site-packages/airflow/example_dags/example_kubernetes_executor.py took 0.078 seconds
Started process (PID=276) to work on /home/airflow/.local/lib/python3.12/site-packages/airflow/example_dags/example_kubernetes_executor.py
Processing file /home/airflow/.local/lib/python3.12/site-packages/airflow/example_dags/example_kubernetes_executor.py for tasks to queue
Filling up the DagBag from /home/airflow/.local/lib/python3.12/site-packages/airflow/example_dags/example_kubernetes_executor.py
DAG(s) 'example_kubernetes_executor' retrieved from /home/airflow/.local/lib/python3.12/site-packages/airflow/example_dags/example_kubernetes_executor.py
Sync 1 DAGs
Setting next_dagrun for example_kubernetes_executor to None, run_after=None
Processing /home/airflow/.local/lib/python3.12/site-packages/airflow/example_dags/example_kubernetes_executor.py took 0.066 seconds
Started process (PID=349) to work on /home/airflow/.local/lib/python3.12/site-packages/airflow/example_dags/example_kubernetes_executor.py
Processing file /home/airflow/.local/lib/python3.12/site-packages/airflow/example_dags/example_kubernetes_executor.py for tasks to queue
Filling up the DagBag from /home/airflow/.local/lib/python3.12/site-packages/airflow/example_dags/example_kubernetes_executor.py
DAG(s) 'example_kubernetes_executor' retrieved from /home/airflow/.local/lib/python3.12/site-packages/airflow/example_dags/example_kubernetes_executor.py
Sync 1 DAGs
Setting next_dagrun for example_kubernetes_executor to None, run_after=None
Processing /home/airflow/.local/lib/python3.12/site-packages/airflow/example_dags/example_kubernetes_executor.py took 0.096 seconds
Started process (PID=415) to work on /home/airflow/.local/lib/python3.12/site-packages/airflow/example_dags/example_kubernetes_executor.py
Processing file /home/airflow/.local/lib/python3.12/site-packages/airflow/example_dags/example_kubernetes_executor.py for tasks to queue
Filling up the DagBag from /home/airflow/.local/lib/python3.12/site-packages/airflow/example_dags/example_kubernetes_executor.py
DAG(s) 'example_kubernetes_executor' retrieved from /home/airflow/.local/lib/python3.12/site-packages/airflow/example_dags/example_kubernetes_executor.py
Sync 1 DAGs
Setting next_dagrun for example_kubernetes_executor to None, run_after=None
Processing /home/airflow/.local/lib/python3.12/site-packages/airflow/example_dags/example_kubernetes_executor.py took 0.066 seconds
Started process (PID=488) to work on /home/airflow/.local/lib/python3.12/site-packages/airflow/example_dags/example_kubernetes_executor.py
Processing file /home/airflow/.local/lib/python3.12/site-packages/airflow/example_dags/example_kubernetes_executor.py for tasks to queue
Filling up the DagBag from /home/airflow/.local/lib/python3.12/site-packages/airflow/example_dags/example_kubernetes_executor.py
DAG(s) 'example_kubernetes_executor' retrieved from /home/airflow/.local/lib/python3.12/site-packages/airflow/example_dags/example_kubernetes_executor.py
Sync 1 DAGs
Setting next_dagrun for example_kubernetes_executor to None, run_after=None
Processing /home/airflow/.local/lib/python3.12/site-packages/airflow/example_dags/example_kubernetes_executor.py took 0.074 seconds
Started process (PID=554) to work on /home/airflow/.local/lib/python3.12/site-packages/airflow/example_dags/example_kubernetes_executor.py
Processing file /home/airflow/.local/lib/python3.12/site-packages/airflow/example_dags/example_kubernetes_executor.py for tasks to queue
Filling up the DagBag from /home/airflow/.local/lib/python3.12/site-packages/airflow/example_dags/example_kubernetes_executor.py
DAG(s) 'example_kubernetes_executor' retrieved from /home/airflow/.local/lib/python3.12/site-packages/airflow/example_dags/example_kubernetes_executor.py
Sync 1 DAGs
Setting next_dagrun for example_kubernetes_executor to None, run_after=None
Processing /home/airflow/.local/lib/python3.12/site-packages/airflow/example_dags/example_kubernetes_executor.py took 0.066 seconds
Started process (PID=621) to work on /home/airflow/.local/lib/python3.12/site-packages/airflow/example_dags/example_kubernetes_executor.py
Processing file /home/airflow/.local/lib/python3.12/site-packages/airflow/example_dags/example_kubernetes_executor.py for tasks to queue
Filling up the DagBag from /home/airflow/.local/lib/python3.12/site-packages/airflow/example_dags/example_kubernetes_executor.py
DAG(s) 'example_kubernetes_executor' retrieved from /home/airflow/.local/lib/python3.12/site-packages/airflow/example_dags/example_kubernetes_executor.py
Sync 1 DAGs
Setting next_dagrun for example_kubernetes_executor to None, run_after=None
Processing /home/airflow/.local/lib/python3.12/site-packages/airflow/example_dags/example_kubernetes_executor.py took 0.067 seconds
Started process (PID=694) to work on /home/airflow/.local/lib/python3.12/site-packages/airflow/example_dags/example_kubernetes_executor.py
Processing file /home/airflow/.local/lib/python3.12/site-packages/airflow/example_dags/example_kubernetes_executor.py for tasks to queue
Filling up the DagBag from /home/airflow/.local/lib/python3.12/site-packages/airflow/example_dags/example_kubernetes_executor.py
DAG(s) 'example_kubernetes_executor' retrieved from /home/airflow/.local/lib/python3.12/site-packages/airflow/example_dags/example_kubernetes_executor.py
Sync 1 DAGs
Setting next_dagrun for example_kubernetes_executor to None, run_after=None
Processing /home/airflow/.local/lib/python3.12/site-packages/airflow/example_dags/example_kubernetes_executor.py took 0.067 seconds
Started process (PID=760) to work on /home/airflow/.local/lib/python3.12/site-packages/airflow/example_dags/example_kubernetes_executor.py
Processing file /home/airflow/.local/lib/python3.12/site-packages/airflow/example_dags/example_kubernetes_executor.py for tasks to queue
Filling up the DagBag from /home/airflow/.local/lib/python3.12/site-packages/airflow/example_dags/example_kubernetes_executor.py
DAG(s) 'example_kubernetes_executor' retrieved from /home/airflow/.local/lib/python3.12/site-packages/airflow/example_dags/example_kubernetes_executor.py
Sync 1 DAGs
Setting next_dagrun for example_kubernetes_executor to None, run_after=None
Processing /home/airflow/.local/lib/python3.12/site-packages/airflow/example_dags/example_kubernetes_executor.py took 0.066 seconds
Started process (PID=834) to work on /home/airflow/.local/lib/python3.12/site-packages/airflow/example_dags/example_kubernetes_executor.py
Processing file /home/airflow/.local/lib/python3.12/site-packages/airflow/example_dags/example_kubernetes_executor.py for tasks to queue
Filling up the DagBag from /home/airflow/.local/lib/python3.12/site-packages/airflow/example_dags/example_kubernetes_executor.py
DAG(s) 'example_kubernetes_executor' retrieved from /home/airflow/.local/lib/python3.12/site-packages/airflow/example_dags/example_kubernetes_executor.py
Sync 1 DAGs
Setting next_dagrun for example_kubernetes_executor to None, run_after=None
Processing /home/airflow/.local/lib/python3.12/site-packages/airflow/example_dags/example_kubernetes_executor.py took 0.065 seconds
Started process (PID=900) to work on /home/airflow/.local/lib/python3.12/site-packages/airflow/example_dags/example_kubernetes_executor.py
Processing file /home/airflow/.local/lib/python3.12/site-packages/airflow/example_dags/example_kubernetes_executor.py for tasks to queue
Filling up the DagBag from /home/airflow/.local/lib/python3.12/site-packages/airflow/example_dags/example_kubernetes_executor.py
DAG(s) 'example_kubernetes_executor' retrieved from /home/airflow/.local/lib/python3.12/site-packages/airflow/example_dags/example_kubernetes_executor.py
Sync 1 DAGs
Setting next_dagrun for example_kubernetes_executor to None, run_after=None
Processing /home/airflow/.local/lib/python3.12/site-packages/airflow/example_dags/example_kubernetes_executor.py took 0.067 seconds
Started process (PID=973) to work on /home/airflow/.local/lib/python3.12/site-packages/airflow/example_dags/example_kubernetes_executor.py
Processing file /home/airflow/.local/lib/python3.12/site-packages/airflow/example_dags/example_kubernetes_executor.py for tasks to queue
Filling up the DagBag from /home/airflow/.local/lib/python3.12/site-packages/airflow/example_dags/example_kubernetes_executor.py
DAG(s) 'example_kubernetes_executor' retrieved from /home/airflow/.local/lib/python3.12/site-packages/airflow/example_dags/example_kubernetes_executor.py
Sync 1 DAGs
Setting next_dagrun for example_kubernetes_executor to None, run_after=None
Processing /home/airflow/.local/lib/python3.12/site-packages/airflow/example_dags/example_kubernetes_executor.py took 0.065 seconds
Started process (PID=1039) to work on /home/airflow/.local/lib/python3.12/site-packages/airflow/example_dags/example_kubernetes_executor.py
Processing file /home/airflow/.local/lib/python3.12/site-packages/airflow/example_dags/example_kubernetes_executor.py for tasks to queue
Filling up the DagBag from /home/airflow/.local/lib/python3.12/site-packages/airflow/example_dags/example_kubernetes_executor.py
DAG(s) 'example_kubernetes_executor' retrieved from /home/airflow/.local/lib/python3.12/site-packages/airflow/example_dags/example_kubernetes_executor.py
Sync 1 DAGs
Setting next_dagrun for example_kubernetes_executor to None, run_after=None
Processing /home/airflow/.local/lib/python3.12/site-packages/airflow/example_dags/example_kubernetes_executor.py took 0.066 seconds
Started process (PID=1112) to work on /home/airflow/.local/lib/python3.12/site-packages/airflow/example_dags/example_kubernetes_executor.py
Processing file /home/airflow/.local/lib/python3.12/site-packages/airflow/example_dags/example_kubernetes_executor.py for tasks to queue
Filling up the DagBag from /home/airflow/.local/lib/python3.12/site-packages/airflow/example_dags/example_kubernetes_executor.py
DAG(s) 'example_kubernetes_executor' retrieved from /home/airflow/.local/lib/python3.12/site-packages/airflow/example_dags/example_kubernetes_executor.py
Sync 1 DAGs
Setting next_dagrun for example_kubernetes_executor to None, run_after=None
Processing /home/airflow/.local/lib/python3.12/site-packages/airflow/example_dags/example_kubernetes_executor.py took 0.067 seconds
Started process (PID=1178) to work on /home/airflow/.local/lib/python3.12/site-packages/airflow/example_dags/example_kubernetes_executor.py
Processing file /home/airflow/.local/lib/python3.12/site-packages/airflow/example_dags/example_kubernetes_executor.py for tasks to queue
Filling up the DagBag from /home/airflow/.local/lib/python3.12/site-packages/airflow/example_dags/example_kubernetes_executor.py
DAG(s) 'example_kubernetes_executor' retrieved from /home/airflow/.local/lib/python3.12/site-packages/airflow/example_dags/example_kubernetes_executor.py
Sync 1 DAGs
Setting next_dagrun for example_kubernetes_executor to None, run_after=None
Processing /home/airflow/.local/lib/python3.12/site-packages/airflow/example_dags/example_kubernetes_executor.py took 0.067 seconds
Started process (PID=1251) to work on /home/airflow/.local/lib/python3.12/site-packages/airflow/example_dags/example_kubernetes_executor.py
Processing file /home/airflow/.local/lib/python3.12/site-packages/airflow/example_dags/example_kubernetes_executor.py for tasks to queue
Filling up the DagBag from /home/airflow/.local/lib/python3.12/site-packages/airflow/example_dags/example_kubernetes_executor.py
DAG(s) 'example_kubernetes_executor' retrieved from /home/airflow/.local/lib/python3.12/site-packages/airflow/example_dags/example_kubernetes_executor.py
Sync 1 DAGs
Setting next_dagrun for example_kubernetes_executor to None, run_after=None
Processing /home/airflow/.local/lib/python3.12/site-packages/airflow/example_dags/example_kubernetes_executor.py took 0.073 seconds
Started process (PID=1317) to work on /home/airflow/.local/lib/python3.12/site-packages/airflow/example_dags/example_kubernetes_executor.py
Processing file /home/airflow/.local/lib/python3.12/site-packages/airflow/example_dags/example_kubernetes_executor.py for tasks to queue
Filling up the DagBag from /home/airflow/.local/lib/python3.12/site-packages/airflow/example_dags/example_kubernetes_executor.py
DAG(s) 'example_kubernetes_executor' retrieved from /home/airflow/.local/lib/python3.12/site-packages/airflow/example_dags/example_kubernetes_executor.py
Sync 1 DAGs
Setting next_dagrun for example_kubernetes_executor to None, run_after=None
Processing /home/airflow/.local/lib/python3.12/site-packages/airflow/example_dags/example_kubernetes_executor.py took 0.066 seconds
Started process (PID=1390) to work on /home/airflow/.local/lib/python3.12/site-packages/airflow/example_dags/example_kubernetes_executor.py
Processing file /home/airflow/.local/lib/python3.12/site-packages/airflow/example_dags/example_kubernetes_executor.py for tasks to queue
Filling up the DagBag from /home/airflow/.local/lib/python3.12/site-packages/airflow/example_dags/example_kubernetes_executor.py
DAG(s) 'example_kubernetes_executor' retrieved from /home/airflow/.local/lib/python3.12/site-packages/airflow/example_dags/example_kubernetes_executor.py
Sync 1 DAGs
Setting next_dagrun for example_kubernetes_executor to None, run_after=None
Processing /home/airflow/.local/lib/python3.12/site-packages/airflow/example_dags/example_kubernetes_executor.py took 0.070 seconds
Started process (PID=1456) to work on /home/airflow/.local/lib/python3.12/site-packages/airflow/example_dags/example_kubernetes_executor.py
Processing file /home/airflow/.local/lib/python3.12/site-packages/airflow/example_dags/example_kubernetes_executor.py for tasks to queue
Filling up the DagBag from /home/airflow/.local/lib/python3.12/site-packages/airflow/example_dags/example_kubernetes_executor.py
DAG(s) 'example_kubernetes_executor' retrieved from /home/airflow/.local/lib/python3.12/site-packages/airflow/example_dags/example_kubernetes_executor.py
Sync 1 DAGs
Setting next_dagrun for example_kubernetes_executor to None, run_after=None
Processing /home/airflow/.local/lib/python3.12/site-packages/airflow/example_dags/example_kubernetes_executor.py took 0.109 seconds
Started process (PID=1529) to work on /home/airflow/.local/lib/python3.12/site-packages/airflow/example_dags/example_kubernetes_executor.py
Processing file /home/airflow/.local/lib/python3.12/site-packages/airflow/example_dags/example_kubernetes_executor.py for tasks to queue
Filling up the DagBag from /home/airflow/.local/lib/python3.12/site-packages/airflow/example_dags/example_kubernetes_executor.py
DAG(s) 'example_kubernetes_executor' retrieved from /home/airflow/.local/lib/python3.12/site-packages/airflow/example_dags/example_kubernetes_executor.py
Sync 1 DAGs
Setting next_dagrun for example_kubernetes_executor to None, run_after=None
Processing /home/airflow/.local/lib/python3.12/site-packages/airflow/example_dags/example_kubernetes_executor.py took 0.073 seconds
Started process (PID=1595) to work on /home/airflow/.local/lib/python3.12/site-packages/airflow/example_dags/example_kubernetes_executor.py
Processing file /home/airflow/.local/lib/python3.12/site-packages/airflow/example_dags/example_kubernetes_executor.py for tasks to queue
Filling up the DagBag from /home/airflow/.local/lib/python3.12/site-packages/airflow/example_dags/example_kubernetes_executor.py
DAG(s) 'example_kubernetes_executor' retrieved from /home/airflow/.local/lib/python3.12/site-packages/airflow/example_dags/example_kubernetes_executor.py
Sync 1 DAGs
Setting next_dagrun for example_kubernetes_executor to None, run_after=None
Processing /home/airflow/.local/lib/python3.12/site-packages/airflow/example_dags/example_kubernetes_executor.py took 0.067 seconds
Started process (PID=1667) to work on /home/airflow/.local/lib/python3.12/site-packages/airflow/example_dags/example_kubernetes_executor.py
Processing file /home/airflow/.local/lib/python3.12/site-packages/airflow/example_dags/example_kubernetes_executor.py for tasks to queue
Filling up the DagBag from /home/airflow/.local/lib/python3.12/site-packages/airflow/example_dags/example_kubernetes_executor.py
DAG(s) 'example_kubernetes_executor' retrieved from /home/airflow/.local/lib/python3.12/site-packages/airflow/example_dags/example_kubernetes_executor.py
Sync 1 DAGs
Setting next_dagrun for example_kubernetes_executor to None, run_after=None
Processing /home/airflow/.local/lib/python3.12/site-packages/airflow/example_dags/example_kubernetes_executor.py took 0.066 seconds
Started process (PID=1733) to work on /home/airflow/.local/lib/python3.12/site-packages/airflow/example_dags/example_kubernetes_executor.py
Processing file /home/airflow/.local/lib/python3.12/site-packages/airflow/example_dags/example_kubernetes_executor.py for tasks to queue
Filling up the DagBag from /home/airflow/.local/lib/python3.12/site-packages/airflow/example_dags/example_kubernetes_executor.py
DAG(s) 'example_kubernetes_executor' retrieved from /home/airflow/.local/lib/python3.12/site-packages/airflow/example_dags/example_kubernetes_executor.py
Sync 1 DAGs
Setting next_dagrun for example_kubernetes_executor to None, run_after=None
Processing /home/airflow/.local/lib/python3.12/site-packages/airflow/example_dags/example_kubernetes_executor.py took 0.069 seconds
Started process (PID=1806) to work on /home/airflow/.local/lib/python3.12/site-packages/airflow/example_dags/example_kubernetes_executor.py
Processing file /home/airflow/.local/lib/python3.12/site-packages/airflow/example_dags/example_kubernetes_executor.py for tasks to queue
Filling up the DagBag from /home/airflow/.local/lib/python3.12/site-packages/airflow/example_dags/example_kubernetes_executor.py
DAG(s) 'example_kubernetes_executor' retrieved from /home/airflow/.local/lib/python3.12/site-packages/airflow/example_dags/example_kubernetes_executor.py
Sync 1 DAGs
Setting next_dagrun for example_kubernetes_executor to None, run_after=None
Processing /home/airflow/.local/lib/python3.12/site-packages/airflow/example_dags/example_kubernetes_executor.py took 0.068 seconds
Started process (PID=1872) to work on /home/airflow/.local/lib/python3.12/site-packages/airflow/example_dags/example_kubernetes_executor.py
Processing file /home/airflow/.local/lib/python3.12/site-packages/airflow/example_dags/example_kubernetes_executor.py for tasks to queue
Filling up the DagBag from /home/airflow/.local/lib/python3.12/site-packages/airflow/example_dags/example_kubernetes_executor.py
DAG(s) 'example_kubernetes_executor' retrieved from /home/airflow/.local/lib/python3.12/site-packages/airflow/example_dags/example_kubernetes_executor.py
Sync 1 DAGs
Setting next_dagrun for example_kubernetes_executor to None, run_after=None
Processing /home/airflow/.local/lib/python3.12/site-packages/airflow/example_dags/example_kubernetes_executor.py took 0.069 seconds
Started process (PID=1945) to work on /home/airflow/.local/lib/python3.12/site-packages/airflow/example_dags/example_kubernetes_executor.py
Processing file /home/airflow/.local/lib/python3.12/site-packages/airflow/example_dags/example_kubernetes_executor.py for tasks to queue
Filling up the DagBag from /home/airflow/.local/lib/python3.12/site-packages/airflow/example_dags/example_kubernetes_executor.py
DAG(s) 'example_kubernetes_executor' retrieved from /home/airflow/.local/lib/python3.12/site-packages/airflow/example_dags/example_kubernetes_executor.py
Sync 1 DAGs
Setting next_dagrun for example_kubernetes_executor to None, run_after=None
Processing /home/airflow/.local/lib/python3.12/site-packages/airflow/example_dags/example_kubernetes_executor.py took 0.079 seconds
Started process (PID=2011) to work on /home/airflow/.local/lib/python3.12/site-packages/airflow/example_dags/example_kubernetes_executor.py
Processing file /home/airflow/.local/lib/python3.12/site-packages/airflow/example_dags/example_kubernetes_executor.py for tasks to queue
Filling up the DagBag from /home/airflow/.local/lib/python3.12/site-packages/airflow/example_dags/example_kubernetes_executor.py
DAG(s) 'example_kubernetes_executor' retrieved from /home/airflow/.local/lib/python3.12/site-packages/airflow/example_dags/example_kubernetes_executor.py
Sync 1 DAGs
Setting next_dagrun for example_kubernetes_executor to None, run_after=None
Processing /home/airflow/.local/lib/python3.12/site-packages/airflow/example_dags/example_kubernetes_executor.py took 0.068 seconds
Started process (PID=2084) to work on /home/airflow/.local/lib/python3.12/site-packages/airflow/example_dags/example_kubernetes_executor.py
Processing file /home/airflow/.local/lib/python3.12/site-packages/airflow/example_dags/example_kubernetes_executor.py for tasks to queue
Filling up the DagBag from /home/airflow/.local/lib/python3.12/site-packages/airflow/example_dags/example_kubernetes_executor.py
DAG(s) 'example_kubernetes_executor' retrieved from /home/airflow/.local/lib/python3.12/site-packages/airflow/example_dags/example_kubernetes_executor.py
Sync 1 DAGs
Setting next_dagrun for example_kubernetes_executor to None, run_after=None
Processing /home/airflow/.local/lib/python3.12/site-packages/airflow/example_dags/example_kubernetes_executor.py took 0.080 seconds
Started process (PID=2150) to work on /home/airflow/.local/lib/python3.12/site-packages/airflow/example_dags/example_kubernetes_executor.py
Processing file /home/airflow/.local/lib/python3.12/site-packages/airflow/example_dags/example_kubernetes_executor.py for tasks to queue
Filling up the DagBag from /home/airflow/.local/lib/python3.12/site-packages/airflow/example_dags/example_kubernetes_executor.py
DAG(s) 'example_kubernetes_executor' retrieved from /home/airflow/.local/lib/python3.12/site-packages/airflow/example_dags/example_kubernetes_executor.py
Sync 1 DAGs
Setting next_dagrun for example_kubernetes_executor to None, run_after=None
Processing /home/airflow/.local/lib/python3.12/site-packages/airflow/example_dags/example_kubernetes_executor.py took 0.065 seconds
Started process (PID=2223) to work on /home/airflow/.local/lib/python3.12/site-packages/airflow/example_dags/example_kubernetes_executor.py
Processing file /home/airflow/.local/lib/python3.12/site-packages/airflow/example_dags/example_kubernetes_executor.py for tasks to queue
Filling up the DagBag from /home/airflow/.local/lib/python3.12/site-packages/airflow/example_dags/example_kubernetes_executor.py
DAG(s) 'example_kubernetes_executor' retrieved from /home/airflow/.local/lib/python3.12/site-packages/airflow/example_dags/example_kubernetes_executor.py
Sync 1 DAGs
Setting next_dagrun for example_kubernetes_executor to None, run_after=None
Processing /home/airflow/.local/lib/python3.12/site-packages/airflow/example_dags/example_kubernetes_executor.py took 0.070 seconds
Started process (PID=2289) to work on /home/airflow/.local/lib/python3.12/site-packages/airflow/example_dags/example_kubernetes_executor.py
Processing file /home/airflow/.local/lib/python3.12/site-packages/airflow/example_dags/example_kubernetes_executor.py for tasks to queue
Filling up the DagBag from /home/airflow/.local/lib/python3.12/site-packages/airflow/example_dags/example_kubernetes_executor.py
DAG(s) 'example_kubernetes_executor' retrieved from /home/airflow/.local/lib/python3.12/site-packages/airflow/example_dags/example_kubernetes_executor.py
Sync 1 DAGs
Setting next_dagrun for example_kubernetes_executor to None, run_after=None
Processing /home/airflow/.local/lib/python3.12/site-packages/airflow/example_dags/example_kubernetes_executor.py took 0.066 seconds
Started process (PID=2362) to work on /home/airflow/.local/lib/python3.12/site-packages/airflow/example_dags/example_kubernetes_executor.py
Processing file /home/airflow/.local/lib/python3.12/site-packages/airflow/example_dags/example_kubernetes_executor.py for tasks to queue
Filling up the DagBag from /home/airflow/.local/lib/python3.12/site-packages/airflow/example_dags/example_kubernetes_executor.py
DAG(s) 'example_kubernetes_executor' retrieved from /home/airflow/.local/lib/python3.12/site-packages/airflow/example_dags/example_kubernetes_executor.py
Sync 1 DAGs
Setting next_dagrun for example_kubernetes_executor to None, run_after=None
Processing /home/airflow/.local/lib/python3.12/site-packages/airflow/example_dags/example_kubernetes_executor.py took 0.073 seconds
Started process (PID=2428) to work on /home/airflow/.local/lib/python3.12/site-packages/airflow/example_dags/example_kubernetes_executor.py
Processing file /home/airflow/.local/lib/python3.12/site-packages/airflow/example_dags/example_kubernetes_executor.py for tasks to queue
Filling up the DagBag from /home/airflow/.local/lib/python3.12/site-packages/airflow/example_dags/example_kubernetes_executor.py
DAG(s) 'example_kubernetes_executor' retrieved from /home/airflow/.local/lib/python3.12/site-packages/airflow/example_dags/example_kubernetes_executor.py
Sync 1 DAGs
Setting next_dagrun for example_kubernetes_executor to None, run_after=None
Processing /home/airflow/.local/lib/python3.12/site-packages/airflow/example_dags/example_kubernetes_executor.py took 0.065 seconds
Started process (PID=2501) to work on /home/airflow/.local/lib/python3.12/site-packages/airflow/example_dags/example_kubernetes_executor.py
Processing file /home/airflow/.local/lib/python3.12/site-packages/airflow/example_dags/example_kubernetes_executor.py for tasks to queue
Filling up the DagBag from /home/airflow/.local/lib/python3.12/site-packages/airflow/example_dags/example_kubernetes_executor.py
DAG(s) 'example_kubernetes_executor' retrieved from /home/airflow/.local/lib/python3.12/site-packages/airflow/example_dags/example_kubernetes_executor.py
Sync 1 DAGs
Setting next_dagrun for example_kubernetes_executor to None, run_after=None
Processing /home/airflow/.local/lib/python3.12/site-packages/airflow/example_dags/example_kubernetes_executor.py took 0.073 seconds
Started process (PID=2567) to work on /home/airflow/.local/lib/python3.12/site-packages/airflow/example_dags/example_kubernetes_executor.py
Processing file /home/airflow/.local/lib/python3.12/site-packages/airflow/example_dags/example_kubernetes_executor.py for tasks to queue
Filling up the DagBag from /home/airflow/.local/lib/python3.12/site-packages/airflow/example_dags/example_kubernetes_executor.py
DAG(s) 'example_kubernetes_executor' retrieved from /home/airflow/.local/lib/python3.12/site-packages/airflow/example_dags/example_kubernetes_executor.py
Sync 1 DAGs
Setting next_dagrun for example_kubernetes_executor to None, run_after=None
Processing /home/airflow/.local/lib/python3.12/site-packages/airflow/example_dags/example_kubernetes_executor.py took 0.065 seconds
Started process (PID=2641) to work on /home/airflow/.local/lib/python3.12/site-packages/airflow/example_dags/example_kubernetes_executor.py
Processing file /home/airflow/.local/lib/python3.12/site-packages/airflow/example_dags/example_kubernetes_executor.py for tasks to queue
Filling up the DagBag from /home/airflow/.local/lib/python3.12/site-packages/airflow/example_dags/example_kubernetes_executor.py
DAG(s) 'example_kubernetes_executor' retrieved from /home/airflow/.local/lib/python3.12/site-packages/airflow/example_dags/example_kubernetes_executor.py
Sync 1 DAGs
Setting next_dagrun for example_kubernetes_executor to None, run_after=None
Processing /home/airflow/.local/lib/python3.12/site-packages/airflow/example_dags/example_kubernetes_executor.py took 0.077 seconds
Started process (PID=2707) to work on /home/airflow/.local/lib/python3.12/site-packages/airflow/example_dags/example_kubernetes_executor.py
Processing file /home/airflow/.local/lib/python3.12/site-packages/airflow/example_dags/example_kubernetes_executor.py for tasks to queue
Filling up the DagBag from /home/airflow/.local/lib/python3.12/site-packages/airflow/example_dags/example_kubernetes_executor.py
DAG(s) 'example_kubernetes_executor' retrieved from /home/airflow/.local/lib/python3.12/site-packages/airflow/example_dags/example_kubernetes_executor.py
Sync 1 DAGs
Setting next_dagrun for example_kubernetes_executor to None, run_after=None
Processing /home/airflow/.local/lib/python3.12/site-packages/airflow/example_dags/example_kubernetes_executor.py took 0.069 seconds
Started process (PID=2780) to work on /home/airflow/.local/lib/python3.12/site-packages/airflow/example_dags/example_kubernetes_executor.py
Processing file /home/airflow/.local/lib/python3.12/site-packages/airflow/example_dags/example_kubernetes_executor.py for tasks to queue
Filling up the DagBag from /home/airflow/.local/lib/python3.12/site-packages/airflow/example_dags/example_kubernetes_executor.py
DAG(s) 'example_kubernetes_executor' retrieved from /home/airflow/.local/lib/python3.12/site-packages/airflow/example_dags/example_kubernetes_executor.py
Sync 1 DAGs
Setting next_dagrun for example_kubernetes_executor to None, run_after=None
Processing /home/airflow/.local/lib/python3.12/site-packages/airflow/example_dags/example_kubernetes_executor.py took 0.064 seconds
Started process (PID=2847) to work on /home/airflow/.local/lib/python3.12/site-packages/airflow/example_dags/example_kubernetes_executor.py
Processing file /home/airflow/.local/lib/python3.12/site-packages/airflow/example_dags/example_kubernetes_executor.py for tasks to queue
Filling up the DagBag from /home/airflow/.local/lib/python3.12/site-packages/airflow/example_dags/example_kubernetes_executor.py
DAG(s) 'example_kubernetes_executor' retrieved from /home/airflow/.local/lib/python3.12/site-packages/airflow/example_dags/example_kubernetes_executor.py
Sync 1 DAGs
Setting next_dagrun for example_kubernetes_executor to None, run_after=None
Processing /home/airflow/.local/lib/python3.12/site-packages/airflow/example_dags/example_kubernetes_executor.py took 0.064 seconds
Started process (PID=2920) to work on /home/airflow/.local/lib/python3.12/site-packages/airflow/example_dags/example_kubernetes_executor.py
Processing file /home/airflow/.local/lib/python3.12/site-packages/airflow/example_dags/example_kubernetes_executor.py for tasks to queue
Filling up the DagBag from /home/airflow/.local/lib/python3.12/site-packages/airflow/example_dags/example_kubernetes_executor.py
DAG(s) 'example_kubernetes_executor' retrieved from /home/airflow/.local/lib/python3.12/site-packages/airflow/example_dags/example_kubernetes_executor.py
Sync 1 DAGs
Setting next_dagrun for example_kubernetes_executor to None, run_after=None
Processing /home/airflow/.local/lib/python3.12/site-packages/airflow/example_dags/example_kubernetes_executor.py took 0.072 seconds
Started process (PID=2986) to work on /home/airflow/.local/lib/python3.12/site-packages/airflow/example_dags/example_kubernetes_executor.py
Processing file /home/airflow/.local/lib/python3.12/site-packages/airflow/example_dags/example_kubernetes_executor.py for tasks to queue
Filling up the DagBag from /home/airflow/.local/lib/python3.12/site-packages/airflow/example_dags/example_kubernetes_executor.py
DAG(s) 'example_kubernetes_executor' retrieved from /home/airflow/.local/lib/python3.12/site-packages/airflow/example_dags/example_kubernetes_executor.py
Sync 1 DAGs
Setting next_dagrun for example_kubernetes_executor to None, run_after=None
Processing /home/airflow/.local/lib/python3.12/site-packages/airflow/example_dags/example_kubernetes_executor.py took 0.067 seconds
Started process (PID=3060) to work on /home/airflow/.local/lib/python3.12/site-packages/airflow/example_dags/example_kubernetes_executor.py
Processing file /home/airflow/.local/lib/python3.12/site-packages/airflow/example_dags/example_kubernetes_executor.py for tasks to queue
Filling up the DagBag from /home/airflow/.local/lib/python3.12/site-packages/airflow/example_dags/example_kubernetes_executor.py
DAG(s) 'example_kubernetes_executor' retrieved from /home/airflow/.local/lib/python3.12/site-packages/airflow/example_dags/example_kubernetes_executor.py
Sync 1 DAGs
Setting next_dagrun for example_kubernetes_executor to None, run_after=None
Processing /home/airflow/.local/lib/python3.12/site-packages/airflow/example_dags/example_kubernetes_executor.py took 0.067 seconds
Started process (PID=3126) to work on /home/airflow/.local/lib/python3.12/site-packages/airflow/example_dags/example_kubernetes_executor.py
Processing file /home/airflow/.local/lib/python3.12/site-packages/airflow/example_dags/example_kubernetes_executor.py for tasks to queue
Filling up the DagBag from /home/airflow/.local/lib/python3.12/site-packages/airflow/example_dags/example_kubernetes_executor.py
DAG(s) 'example_kubernetes_executor' retrieved from /home/airflow/.local/lib/python3.12/site-packages/airflow/example_dags/example_kubernetes_executor.py
Sync 1 DAGs
Setting next_dagrun for example_kubernetes_executor to None, run_after=None
Processing /home/airflow/.local/lib/python3.12/site-packages/airflow/example_dags/example_kubernetes_executor.py took 0.069 seconds
Started process (PID=3199) to work on /home/airflow/.local/lib/python3.12/site-packages/airflow/example_dags/example_kubernetes_executor.py
Processing file /home/airflow/.local/lib/python3.12/site-packages/airflow/example_dags/example_kubernetes_executor.py for tasks to queue
Filling up the DagBag from /home/airflow/.local/lib/python3.12/site-packages/airflow/example_dags/example_kubernetes_executor.py
DAG(s) 'example_kubernetes_executor' retrieved from /home/airflow/.local/lib/python3.12/site-packages/airflow/example_dags/example_kubernetes_executor.py
Sync 1 DAGs
Setting next_dagrun for example_kubernetes_executor to None, run_after=None
Processing /home/airflow/.local/lib/python3.12/site-packages/airflow/example_dags/example_kubernetes_executor.py took 0.069 seconds
Started process (PID=3263) to work on /home/airflow/.local/lib/python3.12/site-packages/airflow/example_dags/example_kubernetes_executor.py
Processing file /home/airflow/.local/lib/python3.12/site-packages/airflow/example_dags/example_kubernetes_executor.py for tasks to queue
Filling up the DagBag from /home/airflow/.local/lib/python3.12/site-packages/airflow/example_dags/example_kubernetes_executor.py
DAG(s) 'example_kubernetes_executor' retrieved from /home/airflow/.local/lib/python3.12/site-packages/airflow/example_dags/example_kubernetes_executor.py
Sync 1 DAGs
Setting next_dagrun for example_kubernetes_executor to None, run_after=None
Processing /home/airflow/.local/lib/python3.12/site-packages/airflow/example_dags/example_kubernetes_executor.py took 0.073 seconds
Started process (PID=3336) to work on /home/airflow/.local/lib/python3.12/site-packages/airflow/example_dags/example_kubernetes_executor.py
Processing file /home/airflow/.local/lib/python3.12/site-packages/airflow/example_dags/example_kubernetes_executor.py for tasks to queue
Filling up the DagBag from /home/airflow/.local/lib/python3.12/site-packages/airflow/example_dags/example_kubernetes_executor.py
DAG(s) 'example_kubernetes_executor' retrieved from /home/airflow/.local/lib/python3.12/site-packages/airflow/example_dags/example_kubernetes_executor.py
Sync 1 DAGs
Setting next_dagrun for example_kubernetes_executor to None, run_after=None
Processing /home/airflow/.local/lib/python3.12/site-packages/airflow/example_dags/example_kubernetes_executor.py took 0.067 seconds
Started process (PID=3402) to work on /home/airflow/.local/lib/python3.12/site-packages/airflow/example_dags/example_kubernetes_executor.py
Processing file /home/airflow/.local/lib/python3.12/site-packages/airflow/example_dags/example_kubernetes_executor.py for tasks to queue
Filling up the DagBag from /home/airflow/.local/lib/python3.12/site-packages/airflow/example_dags/example_kubernetes_executor.py
DAG(s) 'example_kubernetes_executor' retrieved from /home/airflow/.local/lib/python3.12/site-packages/airflow/example_dags/example_kubernetes_executor.py
Sync 1 DAGs
Setting next_dagrun for example_kubernetes_executor to None, run_after=None
Processing /home/airflow/.local/lib/python3.12/site-packages/airflow/example_dags/example_kubernetes_executor.py took 0.065 seconds
Started process (PID=3475) to work on /home/airflow/.local/lib/python3.12/site-packages/airflow/example_dags/example_kubernetes_executor.py
Processing file /home/airflow/.local/lib/python3.12/site-packages/airflow/example_dags/example_kubernetes_executor.py for tasks to queue
Filling up the DagBag from /home/airflow/.local/lib/python3.12/site-packages/airflow/example_dags/example_kubernetes_executor.py
DAG(s) 'example_kubernetes_executor' retrieved from /home/airflow/.local/lib/python3.12/site-packages/airflow/example_dags/example_kubernetes_executor.py
Sync 1 DAGs
Setting next_dagrun for example_kubernetes_executor to None, run_after=None
Processing /home/airflow/.local/lib/python3.12/site-packages/airflow/example_dags/example_kubernetes_executor.py took 0.069 seconds
Started process (PID=3541) to work on /home/airflow/.local/lib/python3.12/site-packages/airflow/example_dags/example_kubernetes_executor.py
Processing file /home/airflow/.local/lib/python3.12/site-packages/airflow/example_dags/example_kubernetes_executor.py for tasks to queue
Filling up the DagBag from /home/airflow/.local/lib/python3.12/site-packages/airflow/example_dags/example_kubernetes_executor.py
DAG(s) 'example_kubernetes_executor' retrieved from /home/airflow/.local/lib/python3.12/site-packages/airflow/example_dags/example_kubernetes_executor.py
Sync 1 DAGs
Setting next_dagrun for example_kubernetes_executor to None, run_after=None
Processing /home/airflow/.local/lib/python3.12/site-packages/airflow/example_dags/example_kubernetes_executor.py took 0.191 seconds
Started process (PID=3615) to work on /home/airflow/.local/lib/python3.12/site-packages/airflow/example_dags/example_kubernetes_executor.py
Processing file /home/airflow/.local/lib/python3.12/site-packages/airflow/example_dags/example_kubernetes_executor.py for tasks to queue
Filling up the DagBag from /home/airflow/.local/lib/python3.12/site-packages/airflow/example_dags/example_kubernetes_executor.py
DAG(s) 'example_kubernetes_executor' retrieved from /home/airflow/.local/lib/python3.12/site-packages/airflow/example_dags/example_kubernetes_executor.py
Sync 1 DAGs
Setting next_dagrun for example_kubernetes_executor to None, run_after=None
Processing /home/airflow/.local/lib/python3.12/site-packages/airflow/example_dags/example_kubernetes_executor.py took 0.067 seconds
Started process (PID=3680) to work on /home/airflow/.local/lib/python3.12/site-packages/airflow/example_dags/example_kubernetes_executor.py
Processing file /home/airflow/.local/lib/python3.12/site-packages/airflow/example_dags/example_kubernetes_executor.py for tasks to queue
Filling up the DagBag from /home/airflow/.local/lib/python3.12/site-packages/airflow/example_dags/example_kubernetes_executor.py
DAG(s) 'example_kubernetes_executor' retrieved from /home/airflow/.local/lib/python3.12/site-packages/airflow/example_dags/example_kubernetes_executor.py
Sync 1 DAGs
Setting next_dagrun for example_kubernetes_executor to None, run_after=None
Processing /home/airflow/.local/lib/python3.12/site-packages/airflow/example_dags/example_kubernetes_executor.py took 0.071 seconds
Started process (PID=3753) to work on /home/airflow/.local/lib/python3.12/site-packages/airflow/example_dags/example_kubernetes_executor.py
Processing file /home/airflow/.local/lib/python3.12/site-packages/airflow/example_dags/example_kubernetes_executor.py for tasks to queue
Filling up the DagBag from /home/airflow/.local/lib/python3.12/site-packages/airflow/example_dags/example_kubernetes_executor.py
DAG(s) 'example_kubernetes_executor' retrieved from /home/airflow/.local/lib/python3.12/site-packages/airflow/example_dags/example_kubernetes_executor.py
Sync 1 DAGs
Setting next_dagrun for example_kubernetes_executor to None, run_after=None
Processing /home/airflow/.local/lib/python3.12/site-packages/airflow/example_dags/example_kubernetes_executor.py took 0.069 seconds
Started process (PID=3819) to work on /home/airflow/.local/lib/python3.12/site-packages/airflow/example_dags/example_kubernetes_executor.py
Processing file /home/airflow/.local/lib/python3.12/site-packages/airflow/example_dags/example_kubernetes_executor.py for tasks to queue
Filling up the DagBag from /home/airflow/.local/lib/python3.12/site-packages/airflow/example_dags/example_kubernetes_executor.py
DAG(s) 'example_kubernetes_executor' retrieved from /home/airflow/.local/lib/python3.12/site-packages/airflow/example_dags/example_kubernetes_executor.py
Sync 1 DAGs
Setting next_dagrun for example_kubernetes_executor to None, run_after=None
Processing /home/airflow/.local/lib/python3.12/site-packages/airflow/example_dags/example_kubernetes_executor.py took 0.171 seconds
Started process (PID=3892) to work on /home/airflow/.local/lib/python3.12/site-packages/airflow/example_dags/example_kubernetes_executor.py
Processing file /home/airflow/.local/lib/python3.12/site-packages/airflow/example_dags/example_kubernetes_executor.py for tasks to queue
Filling up the DagBag from /home/airflow/.local/lib/python3.12/site-packages/airflow/example_dags/example_kubernetes_executor.py
DAG(s) 'example_kubernetes_executor' retrieved from /home/airflow/.local/lib/python3.12/site-packages/airflow/example_dags/example_kubernetes_executor.py
Sync 1 DAGs
Setting next_dagrun for example_kubernetes_executor to None, run_after=None
Processing /home/airflow/.local/lib/python3.12/site-packages/airflow/example_dags/example_kubernetes_executor.py took 0.066 seconds
Started process (PID=3958) to work on /home/airflow/.local/lib/python3.12/site-packages/airflow/example_dags/example_kubernetes_executor.py
Processing file /home/airflow/.local/lib/python3.12/site-packages/airflow/example_dags/example_kubernetes_executor.py for tasks to queue
Filling up the DagBag from /home/airflow/.local/lib/python3.12/site-packages/airflow/example_dags/example_kubernetes_executor.py
DAG(s) 'example_kubernetes_executor' retrieved from /home/airflow/.local/lib/python3.12/site-packages/airflow/example_dags/example_kubernetes_executor.py
Sync 1 DAGs
Setting next_dagrun for example_kubernetes_executor to None, run_after=None
Processing /home/airflow/.local/lib/python3.12/site-packages/airflow/example_dags/example_kubernetes_executor.py took 0.067 seconds
Started process (PID=4031) to work on /home/airflow/.local/lib/python3.12/site-packages/airflow/example_dags/example_kubernetes_executor.py
Processing file /home/airflow/.local/lib/python3.12/site-packages/airflow/example_dags/example_kubernetes_executor.py for tasks to queue
Filling up the DagBag from /home/airflow/.local/lib/python3.12/site-packages/airflow/example_dags/example_kubernetes_executor.py
DAG(s) 'example_kubernetes_executor' retrieved from /home/airflow/.local/lib/python3.12/site-packages/airflow/example_dags/example_kubernetes_executor.py
Sync 1 DAGs
Setting next_dagrun for example_kubernetes_executor to None, run_after=None
Processing /home/airflow/.local/lib/python3.12/site-packages/airflow/example_dags/example_kubernetes_executor.py took 0.068 seconds
Started process (PID=4097) to work on /home/airflow/.local/lib/python3.12/site-packages/airflow/example_dags/example_kubernetes_executor.py
Processing file /home/airflow/.local/lib/python3.12/site-packages/airflow/example_dags/example_kubernetes_executor.py for tasks to queue
Filling up the DagBag from /home/airflow/.local/lib/python3.12/site-packages/airflow/example_dags/example_kubernetes_executor.py
DAG(s) 'example_kubernetes_executor' retrieved from /home/airflow/.local/lib/python3.12/site-packages/airflow/example_dags/example_kubernetes_executor.py
Sync 1 DAGs
Setting next_dagrun for example_kubernetes_executor to None, run_after=None
Processing /home/airflow/.local/lib/python3.12/site-packages/airflow/example_dags/example_kubernetes_executor.py took 0.066 seconds
Started process (PID=4170) to work on /home/airflow/.local/lib/python3.12/site-packages/airflow/example_dags/example_kubernetes_executor.py
Processing file /home/airflow/.local/lib/python3.12/site-packages/airflow/example_dags/example_kubernetes_executor.py for tasks to queue
Filling up the DagBag from /home/airflow/.local/lib/python3.12/site-packages/airflow/example_dags/example_kubernetes_executor.py
DAG(s) 'example_kubernetes_executor' retrieved from /home/airflow/.local/lib/python3.12/site-packages/airflow/example_dags/example_kubernetes_executor.py
Sync 1 DAGs
Setting next_dagrun for example_kubernetes_executor to None, run_after=None
Processing /home/airflow/.local/lib/python3.12/site-packages/airflow/example_dags/example_kubernetes_executor.py took 0.078 seconds
Started process (PID=4236) to work on /home/airflow/.local/lib/python3.12/site-packages/airflow/example_dags/example_kubernetes_executor.py
Processing file /home/airflow/.local/lib/python3.12/site-packages/airflow/example_dags/example_kubernetes_executor.py for tasks to queue
Filling up the DagBag from /home/airflow/.local/lib/python3.12/site-packages/airflow/example_dags/example_kubernetes_executor.py
DAG(s) 'example_kubernetes_executor' retrieved from /home/airflow/.local/lib/python3.12/site-packages/airflow/example_dags/example_kubernetes_executor.py
Sync 1 DAGs
Setting next_dagrun for example_kubernetes_executor to None, run_after=None
Processing /home/airflow/.local/lib/python3.12/site-packages/airflow/example_dags/example_kubernetes_executor.py took 0.064 seconds
Started process (PID=4309) to work on /home/airflow/.local/lib/python3.12/site-packages/airflow/example_dags/example_kubernetes_executor.py
Processing file /home/airflow/.local/lib/python3.12/site-packages/airflow/example_dags/example_kubernetes_executor.py for tasks to queue
Filling up the DagBag from /home/airflow/.local/lib/python3.12/site-packages/airflow/example_dags/example_kubernetes_executor.py
DAG(s) 'example_kubernetes_executor' retrieved from /home/airflow/.local/lib/python3.12/site-packages/airflow/example_dags/example_kubernetes_executor.py
Sync 1 DAGs
Setting next_dagrun for example_kubernetes_executor to None, run_after=None
Processing /home/airflow/.local/lib/python3.12/site-packages/airflow/example_dags/example_kubernetes_executor.py took 0.066 seconds
Started process (PID=4375) to work on /home/airflow/.local/lib/python3.12/site-packages/airflow/example_dags/example_kubernetes_executor.py
Processing file /home/airflow/.local/lib/python3.12/site-packages/airflow/example_dags/example_kubernetes_executor.py for tasks to queue
Filling up the DagBag from /home/airflow/.local/lib/python3.12/site-packages/airflow/example_dags/example_kubernetes_executor.py
DAG(s) 'example_kubernetes_executor' retrieved from /home/airflow/.local/lib/python3.12/site-packages/airflow/example_dags/example_kubernetes_executor.py
Sync 1 DAGs
Setting next_dagrun for example_kubernetes_executor to None, run_after=None
Processing /home/airflow/.local/lib/python3.12/site-packages/airflow/example_dags/example_kubernetes_executor.py took 0.066 seconds
Started process (PID=4448) to work on /home/airflow/.local/lib/python3.12/site-packages/airflow/example_dags/example_kubernetes_executor.py
Processing file /home/airflow/.local/lib/python3.12/site-packages/airflow/example_dags/example_kubernetes_executor.py for tasks to queue
Filling up the DagBag from /home/airflow/.local/lib/python3.12/site-packages/airflow/example_dags/example_kubernetes_executor.py
DAG(s) 'example_kubernetes_executor' retrieved from /home/airflow/.local/lib/python3.12/site-packages/airflow/example_dags/example_kubernetes_executor.py
Sync 1 DAGs
Setting next_dagrun for example_kubernetes_executor to None, run_after=None
Processing /home/airflow/.local/lib/python3.12/site-packages/airflow/example_dags/example_kubernetes_executor.py took 0.068 seconds
Started process (PID=4514) to work on /home/airflow/.local/lib/python3.12/site-packages/airflow/example_dags/example_kubernetes_executor.py
Processing file /home/airflow/.local/lib/python3.12/site-packages/airflow/example_dags/example_kubernetes_executor.py for tasks to queue
Filling up the DagBag from /home/airflow/.local/lib/python3.12/site-packages/airflow/example_dags/example_kubernetes_executor.py
DAG(s) 'example_kubernetes_executor' retrieved from /home/airflow/.local/lib/python3.12/site-packages/airflow/example_dags/example_kubernetes_executor.py
Sync 1 DAGs
Setting next_dagrun for example_kubernetes_executor to None, run_after=None
Processing /home/airflow/.local/lib/python3.12/site-packages/airflow/example_dags/example_kubernetes_executor.py took 0.068 seconds
Started process (PID=4587) to work on /home/airflow/.local/lib/python3.12/site-packages/airflow/example_dags/example_kubernetes_executor.py
Processing file /home/airflow/.local/lib/python3.12/site-packages/airflow/example_dags/example_kubernetes_executor.py for tasks to queue
Filling up the DagBag from /home/airflow/.local/lib/python3.12/site-packages/airflow/example_dags/example_kubernetes_executor.py
DAG(s) 'example_kubernetes_executor' retrieved from /home/airflow/.local/lib/python3.12/site-packages/airflow/example_dags/example_kubernetes_executor.py
Sync 1 DAGs
Setting next_dagrun for example_kubernetes_executor to None, run_after=None
Processing /home/airflow/.local/lib/python3.12/site-packages/airflow/example_dags/example_kubernetes_executor.py took 0.081 seconds
Started process (PID=4653) to work on /home/airflow/.local/lib/python3.12/site-packages/airflow/example_dags/example_kubernetes_executor.py
Processing file /home/airflow/.local/lib/python3.12/site-packages/airflow/example_dags/example_kubernetes_executor.py for tasks to queue
Filling up the DagBag from /home/airflow/.local/lib/python3.12/site-packages/airflow/example_dags/example_kubernetes_executor.py
DAG(s) 'example_kubernetes_executor' retrieved from /home/airflow/.local/lib/python3.12/site-packages/airflow/example_dags/example_kubernetes_executor.py
Sync 1 DAGs
Setting next_dagrun for example_kubernetes_executor to None, run_after=None
Processing /home/airflow/.local/lib/python3.12/site-packages/airflow/example_dags/example_kubernetes_executor.py took 0.070 seconds
Started process (PID=4726) to work on /home/airflow/.local/lib/python3.12/site-packages/airflow/example_dags/example_kubernetes_executor.py
Processing file /home/airflow/.local/lib/python3.12/site-packages/airflow/example_dags/example_kubernetes_executor.py for tasks to queue
Filling up the DagBag from /home/airflow/.local/lib/python3.12/site-packages/airflow/example_dags/example_kubernetes_executor.py
DAG(s) 'example_kubernetes_executor' retrieved from /home/airflow/.local/lib/python3.12/site-packages/airflow/example_dags/example_kubernetes_executor.py
Sync 1 DAGs
Setting next_dagrun for example_kubernetes_executor to None, run_after=None
Processing /home/airflow/.local/lib/python3.12/site-packages/airflow/example_dags/example_kubernetes_executor.py took 0.073 seconds
Started process (PID=4792) to work on /home/airflow/.local/lib/python3.12/site-packages/airflow/example_dags/example_kubernetes_executor.py
Processing file /home/airflow/.local/lib/python3.12/site-packages/airflow/example_dags/example_kubernetes_executor.py for tasks to queue
Filling up the DagBag from /home/airflow/.local/lib/python3.12/site-packages/airflow/example_dags/example_kubernetes_executor.py
DAG(s) 'example_kubernetes_executor' retrieved from /home/airflow/.local/lib/python3.12/site-packages/airflow/example_dags/example_kubernetes_executor.py
Sync 1 DAGs
Setting next_dagrun for example_kubernetes_executor to None, run_after=None
Processing /home/airflow/.local/lib/python3.12/site-packages/airflow/example_dags/example_kubernetes_executor.py took 0.074 seconds
Started process (PID=4865) to work on /home/airflow/.local/lib/python3.12/site-packages/airflow/example_dags/example_kubernetes_executor.py
Processing file /home/airflow/.local/lib/python3.12/site-packages/airflow/example_dags/example_kubernetes_executor.py for tasks to queue
Filling up the DagBag from /home/airflow/.local/lib/python3.12/site-packages/airflow/example_dags/example_kubernetes_executor.py
DAG(s) 'example_kubernetes_executor' retrieved from /home/airflow/.local/lib/python3.12/site-packages/airflow/example_dags/example_kubernetes_executor.py
Sync 1 DAGs
Setting next_dagrun for example_kubernetes_executor to None, run_after=None
Processing /home/airflow/.local/lib/python3.12/site-packages/airflow/example_dags/example_kubernetes_executor.py took 0.066 seconds
Started process (PID=4931) to work on /home/airflow/.local/lib/python3.12/site-packages/airflow/example_dags/example_kubernetes_executor.py
Processing file /home/airflow/.local/lib/python3.12/site-packages/airflow/example_dags/example_kubernetes_executor.py for tasks to queue
Filling up the DagBag from /home/airflow/.local/lib/python3.12/site-packages/airflow/example_dags/example_kubernetes_executor.py
DAG(s) 'example_kubernetes_executor' retrieved from /home/airflow/.local/lib/python3.12/site-packages/airflow/example_dags/example_kubernetes_executor.py
Sync 1 DAGs
Setting next_dagrun for example_kubernetes_executor to None, run_after=None
Processing /home/airflow/.local/lib/python3.12/site-packages/airflow/example_dags/example_kubernetes_executor.py took 0.069 seconds
Started process (PID=5004) to work on /home/airflow/.local/lib/python3.12/site-packages/airflow/example_dags/example_kubernetes_executor.py
Processing file /home/airflow/.local/lib/python3.12/site-packages/airflow/example_dags/example_kubernetes_executor.py for tasks to queue
Filling up the DagBag from /home/airflow/.local/lib/python3.12/site-packages/airflow/example_dags/example_kubernetes_executor.py
DAG(s) 'example_kubernetes_executor' retrieved from /home/airflow/.local/lib/python3.12/site-packages/airflow/example_dags/example_kubernetes_executor.py
Sync 1 DAGs
Setting next_dagrun for example_kubernetes_executor to None, run_after=None
Processing /home/airflow/.local/lib/python3.12/site-packages/airflow/example_dags/example_kubernetes_executor.py took 0.066 seconds
Started process (PID=5070) to work on /home/airflow/.local/lib/python3.12/site-packages/airflow/example_dags/example_kubernetes_executor.py
Processing file /home/airflow/.local/lib/python3.12/site-packages/airflow/example_dags/example_kubernetes_executor.py for tasks to queue
Filling up the DagBag from /home/airflow/.local/lib/python3.12/site-packages/airflow/example_dags/example_kubernetes_executor.py
DAG(s) 'example_kubernetes_executor' retrieved from /home/airflow/.local/lib/python3.12/site-packages/airflow/example_dags/example_kubernetes_executor.py
Sync 1 DAGs
Setting next_dagrun for example_kubernetes_executor to None, run_after=None
Processing /home/airflow/.local/lib/python3.12/site-packages/airflow/example_dags/example_kubernetes_executor.py took 0.069 seconds
Started process (PID=5143) to work on /home/airflow/.local/lib/python3.12/site-packages/airflow/example_dags/example_kubernetes_executor.py
Processing file /home/airflow/.local/lib/python3.12/site-packages/airflow/example_dags/example_kubernetes_executor.py for tasks to queue
Filling up the DagBag from /home/airflow/.local/lib/python3.12/site-packages/airflow/example_dags/example_kubernetes_executor.py
DAG(s) 'example_kubernetes_executor' retrieved from /home/airflow/.local/lib/python3.12/site-packages/airflow/example_dags/example_kubernetes_executor.py
Sync 1 DAGs
Setting next_dagrun for example_kubernetes_executor to None, run_after=None
Processing /home/airflow/.local/lib/python3.12/site-packages/airflow/example_dags/example_kubernetes_executor.py took 0.071 seconds
Started process (PID=5209) to work on /home/airflow/.local/lib/python3.12/site-packages/airflow/example_dags/example_kubernetes_executor.py
Processing file /home/airflow/.local/lib/python3.12/site-packages/airflow/example_dags/example_kubernetes_executor.py for tasks to queue
Filling up the DagBag from /home/airflow/.local/lib/python3.12/site-packages/airflow/example_dags/example_kubernetes_executor.py
DAG(s) 'example_kubernetes_executor' retrieved from /home/airflow/.local/lib/python3.12/site-packages/airflow/example_dags/example_kubernetes_executor.py
Sync 1 DAGs
Setting next_dagrun for example_kubernetes_executor to None, run_after=None
Processing /home/airflow/.local/lib/python3.12/site-packages/airflow/example_dags/example_kubernetes_executor.py took 0.072 seconds
Started process (PID=5282) to work on /home/airflow/.local/lib/python3.12/site-packages/airflow/example_dags/example_kubernetes_executor.py
Processing file /home/airflow/.local/lib/python3.12/site-packages/airflow/example_dags/example_kubernetes_executor.py for tasks to queue
Filling up the DagBag from /home/airflow/.local/lib/python3.12/site-packages/airflow/example_dags/example_kubernetes_executor.py
DAG(s) 'example_kubernetes_executor' retrieved from /home/airflow/.local/lib/python3.12/site-packages/airflow/example_dags/example_kubernetes_executor.py
Sync 1 DAGs
Setting next_dagrun for example_kubernetes_executor to None, run_after=None
Processing /home/airflow/.local/lib/python3.12/site-packages/airflow/example_dags/example_kubernetes_executor.py took 0.068 seconds
Started process (PID=5348) to work on /home/airflow/.local/lib/python3.12/site-packages/airflow/example_dags/example_kubernetes_executor.py
Processing file /home/airflow/.local/lib/python3.12/site-packages/airflow/example_dags/example_kubernetes_executor.py for tasks to queue
Filling up the DagBag from /home/airflow/.local/lib/python3.12/site-packages/airflow/example_dags/example_kubernetes_executor.py
DAG(s) 'example_kubernetes_executor' retrieved from /home/airflow/.local/lib/python3.12/site-packages/airflow/example_dags/example_kubernetes_executor.py
Sync 1 DAGs
Setting next_dagrun for example_kubernetes_executor to None, run_after=None
Processing /home/airflow/.local/lib/python3.12/site-packages/airflow/example_dags/example_kubernetes_executor.py took 0.089 seconds
Started process (PID=5421) to work on /home/airflow/.local/lib/python3.12/site-packages/airflow/example_dags/example_kubernetes_executor.py
Processing file /home/airflow/.local/lib/python3.12/site-packages/airflow/example_dags/example_kubernetes_executor.py for tasks to queue
Filling up the DagBag from /home/airflow/.local/lib/python3.12/site-packages/airflow/example_dags/example_kubernetes_executor.py
DAG(s) 'example_kubernetes_executor' retrieved from /home/airflow/.local/lib/python3.12/site-packages/airflow/example_dags/example_kubernetes_executor.py
Sync 1 DAGs
Setting next_dagrun for example_kubernetes_executor to None, run_after=None
Processing /home/airflow/.local/lib/python3.12/site-packages/airflow/example_dags/example_kubernetes_executor.py took 0.075 seconds
Started process (PID=5487) to work on /home/airflow/.local/lib/python3.12/site-packages/airflow/example_dags/example_kubernetes_executor.py
Processing file /home/airflow/.local/lib/python3.12/site-packages/airflow/example_dags/example_kubernetes_executor.py for tasks to queue
Filling up the DagBag from /home/airflow/.local/lib/python3.12/site-packages/airflow/example_dags/example_kubernetes_executor.py
DAG(s) 'example_kubernetes_executor' retrieved from /home/airflow/.local/lib/python3.12/site-packages/airflow/example_dags/example_kubernetes_executor.py
Sync 1 DAGs
Setting next_dagrun for example_kubernetes_executor to None, run_after=None
Processing /home/airflow/.local/lib/python3.12/site-packages/airflow/example_dags/example_kubernetes_executor.py took 0.065 seconds
Started process (PID=5560) to work on /home/airflow/.local/lib/python3.12/site-packages/airflow/example_dags/example_kubernetes_executor.py
Processing file /home/airflow/.local/lib/python3.12/site-packages/airflow/example_dags/example_kubernetes_executor.py for tasks to queue
Filling up the DagBag from /home/airflow/.local/lib/python3.12/site-packages/airflow/example_dags/example_kubernetes_executor.py
DAG(s) 'example_kubernetes_executor' retrieved from /home/airflow/.local/lib/python3.12/site-packages/airflow/example_dags/example_kubernetes_executor.py
Sync 1 DAGs
Setting next_dagrun for example_kubernetes_executor to None, run_after=None
Processing /home/airflow/.local/lib/python3.12/site-packages/airflow/example_dags/example_kubernetes_executor.py took 0.086 seconds
Started process (PID=5633) to work on /home/airflow/.local/lib/python3.12/site-packages/airflow/example_dags/example_kubernetes_executor.py
Processing file /home/airflow/.local/lib/python3.12/site-packages/airflow/example_dags/example_kubernetes_executor.py for tasks to queue
Filling up the DagBag from /home/airflow/.local/lib/python3.12/site-packages/airflow/example_dags/example_kubernetes_executor.py
DAG(s) 'example_kubernetes_executor' retrieved from /home/airflow/.local/lib/python3.12/site-packages/airflow/example_dags/example_kubernetes_executor.py
Sync 1 DAGs
Setting next_dagrun for example_kubernetes_executor to None, run_after=None
Processing /home/airflow/.local/lib/python3.12/site-packages/airflow/example_dags/example_kubernetes_executor.py took 0.096 seconds
Started process (PID=5699) to work on /home/airflow/.local/lib/python3.12/site-packages/airflow/example_dags/example_kubernetes_executor.py
Processing file /home/airflow/.local/lib/python3.12/site-packages/airflow/example_dags/example_kubernetes_executor.py for tasks to queue
Filling up the DagBag from /home/airflow/.local/lib/python3.12/site-packages/airflow/example_dags/example_kubernetes_executor.py
DAG(s) 'example_kubernetes_executor' retrieved from /home/airflow/.local/lib/python3.12/site-packages/airflow/example_dags/example_kubernetes_executor.py
Sync 1 DAGs
Setting next_dagrun for example_kubernetes_executor to None, run_after=None
Processing /home/airflow/.local/lib/python3.12/site-packages/airflow/example_dags/example_kubernetes_executor.py took 0.065 seconds
Started process (PID=5772) to work on /home/airflow/.local/lib/python3.12/site-packages/airflow/example_dags/example_kubernetes_executor.py
Processing file /home/airflow/.local/lib/python3.12/site-packages/airflow/example_dags/example_kubernetes_executor.py for tasks to queue
Filling up the DagBag from /home/airflow/.local/lib/python3.12/site-packages/airflow/example_dags/example_kubernetes_executor.py
DAG(s) 'example_kubernetes_executor' retrieved from /home/airflow/.local/lib/python3.12/site-packages/airflow/example_dags/example_kubernetes_executor.py
Sync 1 DAGs
Setting next_dagrun for example_kubernetes_executor to None, run_after=None
Processing /home/airflow/.local/lib/python3.12/site-packages/airflow/example_dags/example_kubernetes_executor.py took 0.068 seconds
Started process (PID=5838) to work on /home/airflow/.local/lib/python3.12/site-packages/airflow/example_dags/example_kubernetes_executor.py
Processing file /home/airflow/.local/lib/python3.12/site-packages/airflow/example_dags/example_kubernetes_executor.py for tasks to queue
Filling up the DagBag from /home/airflow/.local/lib/python3.12/site-packages/airflow/example_dags/example_kubernetes_executor.py
DAG(s) 'example_kubernetes_executor' retrieved from /home/airflow/.local/lib/python3.12/site-packages/airflow/example_dags/example_kubernetes_executor.py
Sync 1 DAGs
Setting next_dagrun for example_kubernetes_executor to None, run_after=None
Processing /home/airflow/.local/lib/python3.12/site-packages/airflow/example_dags/example_kubernetes_executor.py took 0.066 seconds
Started process (PID=5911) to work on /home/airflow/.local/lib/python3.12/site-packages/airflow/example_dags/example_kubernetes_executor.py
Processing file /home/airflow/.local/lib/python3.12/site-packages/airflow/example_dags/example_kubernetes_executor.py for tasks to queue
Filling up the DagBag from /home/airflow/.local/lib/python3.12/site-packages/airflow/example_dags/example_kubernetes_executor.py
DAG(s) 'example_kubernetes_executor' retrieved from /home/airflow/.local/lib/python3.12/site-packages/airflow/example_dags/example_kubernetes_executor.py
Sync 1 DAGs
Setting next_dagrun for example_kubernetes_executor to None, run_after=None
Processing /home/airflow/.local/lib/python3.12/site-packages/airflow/example_dags/example_kubernetes_executor.py took 0.069 seconds
Started process (PID=5977) to work on /home/airflow/.local/lib/python3.12/site-packages/airflow/example_dags/example_kubernetes_executor.py
Processing file /home/airflow/.local/lib/python3.12/site-packages/airflow/example_dags/example_kubernetes_executor.py for tasks to queue
Filling up the DagBag from /home/airflow/.local/lib/python3.12/site-packages/airflow/example_dags/example_kubernetes_executor.py
DAG(s) 'example_kubernetes_executor' retrieved from /home/airflow/.local/lib/python3.12/site-packages/airflow/example_dags/example_kubernetes_executor.py
Sync 1 DAGs
Setting next_dagrun for example_kubernetes_executor to None, run_after=None
Processing /home/airflow/.local/lib/python3.12/site-packages/airflow/example_dags/example_kubernetes_executor.py took 0.067 seconds
Started process (PID=6050) to work on /home/airflow/.local/lib/python3.12/site-packages/airflow/example_dags/example_kubernetes_executor.py
Processing file /home/airflow/.local/lib/python3.12/site-packages/airflow/example_dags/example_kubernetes_executor.py for tasks to queue
Filling up the DagBag from /home/airflow/.local/lib/python3.12/site-packages/airflow/example_dags/example_kubernetes_executor.py
DAG(s) 'example_kubernetes_executor' retrieved from /home/airflow/.local/lib/python3.12/site-packages/airflow/example_dags/example_kubernetes_executor.py
Sync 1 DAGs
Setting next_dagrun for example_kubernetes_executor to None, run_after=None
Processing /home/airflow/.local/lib/python3.12/site-packages/airflow/example_dags/example_kubernetes_executor.py took 0.076 seconds
Started process (PID=6116) to work on /home/airflow/.local/lib/python3.12/site-packages/airflow/example_dags/example_kubernetes_executor.py
Processing file /home/airflow/.local/lib/python3.12/site-packages/airflow/example_dags/example_kubernetes_executor.py for tasks to queue
Filling up the DagBag from /home/airflow/.local/lib/python3.12/site-packages/airflow/example_dags/example_kubernetes_executor.py
DAG(s) 'example_kubernetes_executor' retrieved from /home/airflow/.local/lib/python3.12/site-packages/airflow/example_dags/example_kubernetes_executor.py
Sync 1 DAGs
Setting next_dagrun for example_kubernetes_executor to None, run_after=None
Processing /home/airflow/.local/lib/python3.12/site-packages/airflow/example_dags/example_kubernetes_executor.py took 0.065 seconds
Started process (PID=6189) to work on /home/airflow/.local/lib/python3.12/site-packages/airflow/example_dags/example_kubernetes_executor.py
Processing file /home/airflow/.local/lib/python3.12/site-packages/airflow/example_dags/example_kubernetes_executor.py for tasks to queue
Filling up the DagBag from /home/airflow/.local/lib/python3.12/site-packages/airflow/example_dags/example_kubernetes_executor.py
DAG(s) 'example_kubernetes_executor' retrieved from /home/airflow/.local/lib/python3.12/site-packages/airflow/example_dags/example_kubernetes_executor.py
Sync 1 DAGs
Setting next_dagrun for example_kubernetes_executor to None, run_after=None
Processing /home/airflow/.local/lib/python3.12/site-packages/airflow/example_dags/example_kubernetes_executor.py took 0.067 seconds
Started process (PID=6255) to work on /home/airflow/.local/lib/python3.12/site-packages/airflow/example_dags/example_kubernetes_executor.py
Processing file /home/airflow/.local/lib/python3.12/site-packages/airflow/example_dags/example_kubernetes_executor.py for tasks to queue
Filling up the DagBag from /home/airflow/.local/lib/python3.12/site-packages/airflow/example_dags/example_kubernetes_executor.py
DAG(s) 'example_kubernetes_executor' retrieved from /home/airflow/.local/lib/python3.12/site-packages/airflow/example_dags/example_kubernetes_executor.py
Sync 1 DAGs
Setting next_dagrun for example_kubernetes_executor to None, run_after=None
Processing /home/airflow/.local/lib/python3.12/site-packages/airflow/example_dags/example_kubernetes_executor.py took 0.076 seconds
Started process (PID=6328) to work on /home/airflow/.local/lib/python3.12/site-packages/airflow/example_dags/example_kubernetes_executor.py
Processing file /home/airflow/.local/lib/python3.12/site-packages/airflow/example_dags/example_kubernetes_executor.py for tasks to queue
Filling up the DagBag from /home/airflow/.local/lib/python3.12/site-packages/airflow/example_dags/example_kubernetes_executor.py
DAG(s) 'example_kubernetes_executor' retrieved from /home/airflow/.local/lib/python3.12/site-packages/airflow/example_dags/example_kubernetes_executor.py
Sync 1 DAGs
Setting next_dagrun for example_kubernetes_executor to None, run_after=None
Processing /home/airflow/.local/lib/python3.12/site-packages/airflow/example_dags/example_kubernetes_executor.py took 0.081 seconds
Started process (PID=6394) to work on /home/airflow/.local/lib/python3.12/site-packages/airflow/example_dags/example_kubernetes_executor.py
Processing file /home/airflow/.local/lib/python3.12/site-packages/airflow/example_dags/example_kubernetes_executor.py for tasks to queue
Filling up the DagBag from /home/airflow/.local/lib/python3.12/site-packages/airflow/example_dags/example_kubernetes_executor.py
DAG(s) 'example_kubernetes_executor' retrieved from /home/airflow/.local/lib/python3.12/site-packages/airflow/example_dags/example_kubernetes_executor.py
Sync 1 DAGs
Setting next_dagrun for example_kubernetes_executor to None, run_after=None
Processing /home/airflow/.local/lib/python3.12/site-packages/airflow/example_dags/example_kubernetes_executor.py took 0.071 seconds
Started process (PID=6467) to work on /home/airflow/.local/lib/python3.12/site-packages/airflow/example_dags/example_kubernetes_executor.py
Processing file /home/airflow/.local/lib/python3.12/site-packages/airflow/example_dags/example_kubernetes_executor.py for tasks to queue
Filling up the DagBag from /home/airflow/.local/lib/python3.12/site-packages/airflow/example_dags/example_kubernetes_executor.py
DAG(s) 'example_kubernetes_executor' retrieved from /home/airflow/.local/lib/python3.12/site-packages/airflow/example_dags/example_kubernetes_executor.py
Sync 1 DAGs
Setting next_dagrun for example_kubernetes_executor to None, run_after=None
Processing /home/airflow/.local/lib/python3.12/site-packages/airflow/example_dags/example_kubernetes_executor.py took 0.066 seconds
Started process (PID=6540) to work on /home/airflow/.local/lib/python3.12/site-packages/airflow/example_dags/example_kubernetes_executor.py
Processing file /home/airflow/.local/lib/python3.12/site-packages/airflow/example_dags/example_kubernetes_executor.py for tasks to queue
Filling up the DagBag from /home/airflow/.local/lib/python3.12/site-packages/airflow/example_dags/example_kubernetes_executor.py
DAG(s) 'example_kubernetes_executor' retrieved from /home/airflow/.local/lib/python3.12/site-packages/airflow/example_dags/example_kubernetes_executor.py
Sync 1 DAGs
Setting next_dagrun for example_kubernetes_executor to None, run_after=None
Processing /home/airflow/.local/lib/python3.12/site-packages/airflow/example_dags/example_kubernetes_executor.py took 0.732 seconds
Started process (PID=6606) to work on /home/airflow/.local/lib/python3.12/site-packages/airflow/example_dags/example_kubernetes_executor.py
Processing file /home/airflow/.local/lib/python3.12/site-packages/airflow/example_dags/example_kubernetes_executor.py for tasks to queue
Filling up the DagBag from /home/airflow/.local/lib/python3.12/site-packages/airflow/example_dags/example_kubernetes_executor.py
DAG(s) 'example_kubernetes_executor' retrieved from /home/airflow/.local/lib/python3.12/site-packages/airflow/example_dags/example_kubernetes_executor.py
Sync 1 DAGs
Setting next_dagrun for example_kubernetes_executor to None, run_after=None
Processing /home/airflow/.local/lib/python3.12/site-packages/airflow/example_dags/example_kubernetes_executor.py took 0.077 seconds
Started process (PID=6679) to work on /home/airflow/.local/lib/python3.12/site-packages/airflow/example_dags/example_kubernetes_executor.py
Processing file /home/airflow/.local/lib/python3.12/site-packages/airflow/example_dags/example_kubernetes_executor.py for tasks to queue
Filling up the DagBag from /home/airflow/.local/lib/python3.12/site-packages/airflow/example_dags/example_kubernetes_executor.py
DAG(s) 'example_kubernetes_executor' retrieved from /home/airflow/.local/lib/python3.12/site-packages/airflow/example_dags/example_kubernetes_executor.py
Sync 1 DAGs
Setting next_dagrun for example_kubernetes_executor to None, run_after=None
Processing /home/airflow/.local/lib/python3.12/site-packages/airflow/example_dags/example_kubernetes_executor.py took 0.069 seconds
Started process (PID=6745) to work on /home/airflow/.local/lib/python3.12/site-packages/airflow/example_dags/example_kubernetes_executor.py
Processing file /home/airflow/.local/lib/python3.12/site-packages/airflow/example_dags/example_kubernetes_executor.py for tasks to queue
Filling up the DagBag from /home/airflow/.local/lib/python3.12/site-packages/airflow/example_dags/example_kubernetes_executor.py
DAG(s) 'example_kubernetes_executor' retrieved from /home/airflow/.local/lib/python3.12/site-packages/airflow/example_dags/example_kubernetes_executor.py
Sync 1 DAGs
Setting next_dagrun for example_kubernetes_executor to None, run_after=None
Processing /home/airflow/.local/lib/python3.12/site-packages/airflow/example_dags/example_kubernetes_executor.py took 0.299 seconds
Started process (PID=6818) to work on /home/airflow/.local/lib/python3.12/site-packages/airflow/example_dags/example_kubernetes_executor.py
Processing file /home/airflow/.local/lib/python3.12/site-packages/airflow/example_dags/example_kubernetes_executor.py for tasks to queue
Filling up the DagBag from /home/airflow/.local/lib/python3.12/site-packages/airflow/example_dags/example_kubernetes_executor.py
DAG(s) 'example_kubernetes_executor' retrieved from /home/airflow/.local/lib/python3.12/site-packages/airflow/example_dags/example_kubernetes_executor.py
Sync 1 DAGs
Setting next_dagrun for example_kubernetes_executor to None, run_after=None
Processing /home/airflow/.local/lib/python3.12/site-packages/airflow/example_dags/example_kubernetes_executor.py took 0.070 seconds
Started process (PID=6884) to work on /home/airflow/.local/lib/python3.12/site-packages/airflow/example_dags/example_kubernetes_executor.py
Processing file /home/airflow/.local/lib/python3.12/site-packages/airflow/example_dags/example_kubernetes_executor.py for tasks to queue
Filling up the DagBag from /home/airflow/.local/lib/python3.12/site-packages/airflow/example_dags/example_kubernetes_executor.py
DAG(s) 'example_kubernetes_executor' retrieved from /home/airflow/.local/lib/python3.12/site-packages/airflow/example_dags/example_kubernetes_executor.py
Sync 1 DAGs
Setting next_dagrun for example_kubernetes_executor to None, run_after=None
Processing /home/airflow/.local/lib/python3.12/site-packages/airflow/example_dags/example_kubernetes_executor.py took 0.838 seconds
Started process (PID=6957) to work on /home/airflow/.local/lib/python3.12/site-packages/airflow/example_dags/example_kubernetes_executor.py
Processing file /home/airflow/.local/lib/python3.12/site-packages/airflow/example_dags/example_kubernetes_executor.py for tasks to queue
Filling up the DagBag from /home/airflow/.local/lib/python3.12/site-packages/airflow/example_dags/example_kubernetes_executor.py
DAG(s) 'example_kubernetes_executor' retrieved from /home/airflow/.local/lib/python3.12/site-packages/airflow/example_dags/example_kubernetes_executor.py
Sync 1 DAGs
Setting next_dagrun for example_kubernetes_executor to None, run_after=None
Processing /home/airflow/.local/lib/python3.12/site-packages/airflow/example_dags/example_kubernetes_executor.py took 0.066 seconds
Started process (PID=7023) to work on /home/airflow/.local/lib/python3.12/site-packages/airflow/example_dags/example_kubernetes_executor.py
Processing file /home/airflow/.local/lib/python3.12/site-packages/airflow/example_dags/example_kubernetes_executor.py for tasks to queue
Filling up the DagBag from /home/airflow/.local/lib/python3.12/site-packages/airflow/example_dags/example_kubernetes_executor.py
DAG(s) 'example_kubernetes_executor' retrieved from /home/airflow/.local/lib/python3.12/site-packages/airflow/example_dags/example_kubernetes_executor.py
Sync 1 DAGs
Setting next_dagrun for example_kubernetes_executor to None, run_after=None
Processing /home/airflow/.local/lib/python3.12/site-packages/airflow/example_dags/example_kubernetes_executor.py took 0.068 seconds
Started process (PID=7096) to work on /home/airflow/.local/lib/python3.12/site-packages/airflow/example_dags/example_kubernetes_executor.py
Processing file /home/airflow/.local/lib/python3.12/site-packages/airflow/example_dags/example_kubernetes_executor.py for tasks to queue
Filling up the DagBag from /home/airflow/.local/lib/python3.12/site-packages/airflow/example_dags/example_kubernetes_executor.py
DAG(s) 'example_kubernetes_executor' retrieved from /home/airflow/.local/lib/python3.12/site-packages/airflow/example_dags/example_kubernetes_executor.py
Sync 1 DAGs
Setting next_dagrun for example_kubernetes_executor to None, run_after=None
Processing /home/airflow/.local/lib/python3.12/site-packages/airflow/example_dags/example_kubernetes_executor.py took 0.069 seconds
Started process (PID=7162) to work on /home/airflow/.local/lib/python3.12/site-packages/airflow/example_dags/example_kubernetes_executor.py
Processing file /home/airflow/.local/lib/python3.12/site-packages/airflow/example_dags/example_kubernetes_executor.py for tasks to queue
Filling up the DagBag from /home/airflow/.local/lib/python3.12/site-packages/airflow/example_dags/example_kubernetes_executor.py
DAG(s) 'example_kubernetes_executor' retrieved from /home/airflow/.local/lib/python3.12/site-packages/airflow/example_dags/example_kubernetes_executor.py
Sync 1 DAGs
Setting next_dagrun for example_kubernetes_executor to None, run_after=None
Processing /home/airflow/.local/lib/python3.12/site-packages/airflow/example_dags/example_kubernetes_executor.py took 0.063 seconds
Started process (PID=7235) to work on /home/airflow/.local/lib/python3.12/site-packages/airflow/example_dags/example_kubernetes_executor.py
Processing file /home/airflow/.local/lib/python3.12/site-packages/airflow/example_dags/example_kubernetes_executor.py for tasks to queue
Filling up the DagBag from /home/airflow/.local/lib/python3.12/site-packages/airflow/example_dags/example_kubernetes_executor.py
DAG(s) 'example_kubernetes_executor' retrieved from /home/airflow/.local/lib/python3.12/site-packages/airflow/example_dags/example_kubernetes_executor.py
Sync 1 DAGs
Setting next_dagrun for example_kubernetes_executor to None, run_after=None
Processing /home/airflow/.local/lib/python3.12/site-packages/airflow/example_dags/example_kubernetes_executor.py took 0.062 seconds
Started process (PID=7301) to work on /home/airflow/.local/lib/python3.12/site-packages/airflow/example_dags/example_kubernetes_executor.py
Processing file /home/airflow/.local/lib/python3.12/site-packages/airflow/example_dags/example_kubernetes_executor.py for tasks to queue
Filling up the DagBag from /home/airflow/.local/lib/python3.12/site-packages/airflow/example_dags/example_kubernetes_executor.py
DAG(s) 'example_kubernetes_executor' retrieved from /home/airflow/.local/lib/python3.12/site-packages/airflow/example_dags/example_kubernetes_executor.py
Sync 1 DAGs
Setting next_dagrun for example_kubernetes_executor to None, run_after=None
Processing /home/airflow/.local/lib/python3.12/site-packages/airflow/example_dags/example_kubernetes_executor.py took 0.070 seconds
Started process (PID=7374) to work on /home/airflow/.local/lib/python3.12/site-packages/airflow/example_dags/example_kubernetes_executor.py
Processing file /home/airflow/.local/lib/python3.12/site-packages/airflow/example_dags/example_kubernetes_executor.py for tasks to queue
Filling up the DagBag from /home/airflow/.local/lib/python3.12/site-packages/airflow/example_dags/example_kubernetes_executor.py
DAG(s) 'example_kubernetes_executor' retrieved from /home/airflow/.local/lib/python3.12/site-packages/airflow/example_dags/example_kubernetes_executor.py
Sync 1 DAGs
Setting next_dagrun for example_kubernetes_executor to None, run_after=None
Processing /home/airflow/.local/lib/python3.12/site-packages/airflow/example_dags/example_kubernetes_executor.py took 0.064 seconds
Started process (PID=7440) to work on /home/airflow/.local/lib/python3.12/site-packages/airflow/example_dags/example_kubernetes_executor.py
Processing file /home/airflow/.local/lib/python3.12/site-packages/airflow/example_dags/example_kubernetes_executor.py for tasks to queue
Filling up the DagBag from /home/airflow/.local/lib/python3.12/site-packages/airflow/example_dags/example_kubernetes_executor.py
DAG(s) 'example_kubernetes_executor' retrieved from /home/airflow/.local/lib/python3.12/site-packages/airflow/example_dags/example_kubernetes_executor.py
Sync 1 DAGs
Setting next_dagrun for example_kubernetes_executor to None, run_after=None
Processing /home/airflow/.local/lib/python3.12/site-packages/airflow/example_dags/example_kubernetes_executor.py took 0.062 seconds
Started process (PID=7513) to work on /home/airflow/.local/lib/python3.12/site-packages/airflow/example_dags/example_kubernetes_executor.py
Processing file /home/airflow/.local/lib/python3.12/site-packages/airflow/example_dags/example_kubernetes_executor.py for tasks to queue
Filling up the DagBag from /home/airflow/.local/lib/python3.12/site-packages/airflow/example_dags/example_kubernetes_executor.py
DAG(s) 'example_kubernetes_executor' retrieved from /home/airflow/.local/lib/python3.12/site-packages/airflow/example_dags/example_kubernetes_executor.py
Sync 1 DAGs
Setting next_dagrun for example_kubernetes_executor to None, run_after=None
Processing /home/airflow/.local/lib/python3.12/site-packages/airflow/example_dags/example_kubernetes_executor.py took 0.063 seconds
Started process (PID=7579) to work on /home/airflow/.local/lib/python3.12/site-packages/airflow/example_dags/example_kubernetes_executor.py
Processing file /home/airflow/.local/lib/python3.12/site-packages/airflow/example_dags/example_kubernetes_executor.py for tasks to queue
Filling up the DagBag from /home/airflow/.local/lib/python3.12/site-packages/airflow/example_dags/example_kubernetes_executor.py
DAG(s) 'example_kubernetes_executor' retrieved from /home/airflow/.local/lib/python3.12/site-packages/airflow/example_dags/example_kubernetes_executor.py
Sync 1 DAGs
Setting next_dagrun for example_kubernetes_executor to None, run_after=None
Processing /home/airflow/.local/lib/python3.12/site-packages/airflow/example_dags/example_kubernetes_executor.py took 0.067 seconds
Started process (PID=7652) to work on /home/airflow/.local/lib/python3.12/site-packages/airflow/example_dags/example_kubernetes_executor.py
Processing file /home/airflow/.local/lib/python3.12/site-packages/airflow/example_dags/example_kubernetes_executor.py for tasks to queue
Filling up the DagBag from /home/airflow/.local/lib/python3.12/site-packages/airflow/example_dags/example_kubernetes_executor.py
DAG(s) 'example_kubernetes_executor' retrieved from /home/airflow/.local/lib/python3.12/site-packages/airflow/example_dags/example_kubernetes_executor.py
Sync 1 DAGs
Setting next_dagrun for example_kubernetes_executor to None, run_after=None
Processing /home/airflow/.local/lib/python3.12/site-packages/airflow/example_dags/example_kubernetes_executor.py took 0.065 seconds
Started process (PID=7718) to work on /home/airflow/.local/lib/python3.12/site-packages/airflow/example_dags/example_kubernetes_executor.py
Processing file /home/airflow/.local/lib/python3.12/site-packages/airflow/example_dags/example_kubernetes_executor.py for tasks to queue
Filling up the DagBag from /home/airflow/.local/lib/python3.12/site-packages/airflow/example_dags/example_kubernetes_executor.py
DAG(s) 'example_kubernetes_executor' retrieved from /home/airflow/.local/lib/python3.12/site-packages/airflow/example_dags/example_kubernetes_executor.py
Sync 1 DAGs
Setting next_dagrun for example_kubernetes_executor to None, run_after=None
Processing /home/airflow/.local/lib/python3.12/site-packages/airflow/example_dags/example_kubernetes_executor.py took 0.069 seconds
Started process (PID=7791) to work on /home/airflow/.local/lib/python3.12/site-packages/airflow/example_dags/example_kubernetes_executor.py
Processing file /home/airflow/.local/lib/python3.12/site-packages/airflow/example_dags/example_kubernetes_executor.py for tasks to queue
Filling up the DagBag from /home/airflow/.local/lib/python3.12/site-packages/airflow/example_dags/example_kubernetes_executor.py
DAG(s) 'example_kubernetes_executor' retrieved from /home/airflow/.local/lib/python3.12/site-packages/airflow/example_dags/example_kubernetes_executor.py
Sync 1 DAGs
Setting next_dagrun for example_kubernetes_executor to None, run_after=None
Processing /home/airflow/.local/lib/python3.12/site-packages/airflow/example_dags/example_kubernetes_executor.py took 0.065 seconds
Started process (PID=7857) to work on /home/airflow/.local/lib/python3.12/site-packages/airflow/example_dags/example_kubernetes_executor.py
Processing file /home/airflow/.local/lib/python3.12/site-packages/airflow/example_dags/example_kubernetes_executor.py for tasks to queue
Filling up the DagBag from /home/airflow/.local/lib/python3.12/site-packages/airflow/example_dags/example_kubernetes_executor.py
DAG(s) 'example_kubernetes_executor' retrieved from /home/airflow/.local/lib/python3.12/site-packages/airflow/example_dags/example_kubernetes_executor.py
Sync 1 DAGs
Setting next_dagrun for example_kubernetes_executor to None, run_after=None
Processing /home/airflow/.local/lib/python3.12/site-packages/airflow/example_dags/example_kubernetes_executor.py took 0.068 seconds
Started process (PID=7930) to work on /home/airflow/.local/lib/python3.12/site-packages/airflow/example_dags/example_kubernetes_executor.py
Processing file /home/airflow/.local/lib/python3.12/site-packages/airflow/example_dags/example_kubernetes_executor.py for tasks to queue
Filling up the DagBag from /home/airflow/.local/lib/python3.12/site-packages/airflow/example_dags/example_kubernetes_executor.py
DAG(s) 'example_kubernetes_executor' retrieved from /home/airflow/.local/lib/python3.12/site-packages/airflow/example_dags/example_kubernetes_executor.py
Sync 1 DAGs
Setting next_dagrun for example_kubernetes_executor to None, run_after=None
Processing /home/airflow/.local/lib/python3.12/site-packages/airflow/example_dags/example_kubernetes_executor.py took 0.071 seconds
Started process (PID=7996) to work on /home/airflow/.local/lib/python3.12/site-packages/airflow/example_dags/example_kubernetes_executor.py
Processing file /home/airflow/.local/lib/python3.12/site-packages/airflow/example_dags/example_kubernetes_executor.py for tasks to queue
Filling up the DagBag from /home/airflow/.local/lib/python3.12/site-packages/airflow/example_dags/example_kubernetes_executor.py
DAG(s) 'example_kubernetes_executor' retrieved from /home/airflow/.local/lib/python3.12/site-packages/airflow/example_dags/example_kubernetes_executor.py
Sync 1 DAGs
Setting next_dagrun for example_kubernetes_executor to None, run_after=None
Processing /home/airflow/.local/lib/python3.12/site-packages/airflow/example_dags/example_kubernetes_executor.py took 0.067 seconds
Started process (PID=8069) to work on /home/airflow/.local/lib/python3.12/site-packages/airflow/example_dags/example_kubernetes_executor.py
Processing file /home/airflow/.local/lib/python3.12/site-packages/airflow/example_dags/example_kubernetes_executor.py for tasks to queue
Filling up the DagBag from /home/airflow/.local/lib/python3.12/site-packages/airflow/example_dags/example_kubernetes_executor.py
DAG(s) 'example_kubernetes_executor' retrieved from /home/airflow/.local/lib/python3.12/site-packages/airflow/example_dags/example_kubernetes_executor.py
Sync 1 DAGs
Setting next_dagrun for example_kubernetes_executor to None, run_after=None
Processing /home/airflow/.local/lib/python3.12/site-packages/airflow/example_dags/example_kubernetes_executor.py took 0.067 seconds
Started process (PID=8135) to work on /home/airflow/.local/lib/python3.12/site-packages/airflow/example_dags/example_kubernetes_executor.py
Processing file /home/airflow/.local/lib/python3.12/site-packages/airflow/example_dags/example_kubernetes_executor.py for tasks to queue
Filling up the DagBag from /home/airflow/.local/lib/python3.12/site-packages/airflow/example_dags/example_kubernetes_executor.py
DAG(s) 'example_kubernetes_executor' retrieved from /home/airflow/.local/lib/python3.12/site-packages/airflow/example_dags/example_kubernetes_executor.py
Sync 1 DAGs
Setting next_dagrun for example_kubernetes_executor to None, run_after=None
Processing /home/airflow/.local/lib/python3.12/site-packages/airflow/example_dags/example_kubernetes_executor.py took 0.068 seconds
Started process (PID=8208) to work on /home/airflow/.local/lib/python3.12/site-packages/airflow/example_dags/example_kubernetes_executor.py
Processing file /home/airflow/.local/lib/python3.12/site-packages/airflow/example_dags/example_kubernetes_executor.py for tasks to queue
Filling up the DagBag from /home/airflow/.local/lib/python3.12/site-packages/airflow/example_dags/example_kubernetes_executor.py
DAG(s) 'example_kubernetes_executor' retrieved from /home/airflow/.local/lib/python3.12/site-packages/airflow/example_dags/example_kubernetes_executor.py
Sync 1 DAGs
Setting next_dagrun for example_kubernetes_executor to None, run_after=None
Processing /home/airflow/.local/lib/python3.12/site-packages/airflow/example_dags/example_kubernetes_executor.py took 0.066 seconds
Started process (PID=8274) to work on /home/airflow/.local/lib/python3.12/site-packages/airflow/example_dags/example_kubernetes_executor.py
Processing file /home/airflow/.local/lib/python3.12/site-packages/airflow/example_dags/example_kubernetes_executor.py for tasks to queue
Filling up the DagBag from /home/airflow/.local/lib/python3.12/site-packages/airflow/example_dags/example_kubernetes_executor.py
DAG(s) 'example_kubernetes_executor' retrieved from /home/airflow/.local/lib/python3.12/site-packages/airflow/example_dags/example_kubernetes_executor.py
Sync 1 DAGs
Setting next_dagrun for example_kubernetes_executor to None, run_after=None
Processing /home/airflow/.local/lib/python3.12/site-packages/airflow/example_dags/example_kubernetes_executor.py took 0.068 seconds
Started process (PID=8347) to work on /home/airflow/.local/lib/python3.12/site-packages/airflow/example_dags/example_kubernetes_executor.py
Processing file /home/airflow/.local/lib/python3.12/site-packages/airflow/example_dags/example_kubernetes_executor.py for tasks to queue
Filling up the DagBag from /home/airflow/.local/lib/python3.12/site-packages/airflow/example_dags/example_kubernetes_executor.py
DAG(s) 'example_kubernetes_executor' retrieved from /home/airflow/.local/lib/python3.12/site-packages/airflow/example_dags/example_kubernetes_executor.py
Sync 1 DAGs
Setting next_dagrun for example_kubernetes_executor to None, run_after=None
Processing /home/airflow/.local/lib/python3.12/site-packages/airflow/example_dags/example_kubernetes_executor.py took 0.065 seconds
Started process (PID=8413) to work on /home/airflow/.local/lib/python3.12/site-packages/airflow/example_dags/example_kubernetes_executor.py
Processing file /home/airflow/.local/lib/python3.12/site-packages/airflow/example_dags/example_kubernetes_executor.py for tasks to queue
Filling up the DagBag from /home/airflow/.local/lib/python3.12/site-packages/airflow/example_dags/example_kubernetes_executor.py
DAG(s) 'example_kubernetes_executor' retrieved from /home/airflow/.local/lib/python3.12/site-packages/airflow/example_dags/example_kubernetes_executor.py
Sync 1 DAGs
Setting next_dagrun for example_kubernetes_executor to None, run_after=None
Processing /home/airflow/.local/lib/python3.12/site-packages/airflow/example_dags/example_kubernetes_executor.py took 0.066 seconds
Started process (PID=8486) to work on /home/airflow/.local/lib/python3.12/site-packages/airflow/example_dags/example_kubernetes_executor.py
Processing file /home/airflow/.local/lib/python3.12/site-packages/airflow/example_dags/example_kubernetes_executor.py for tasks to queue
Filling up the DagBag from /home/airflow/.local/lib/python3.12/site-packages/airflow/example_dags/example_kubernetes_executor.py
DAG(s) 'example_kubernetes_executor' retrieved from /home/airflow/.local/lib/python3.12/site-packages/airflow/example_dags/example_kubernetes_executor.py
Sync 1 DAGs
Setting next_dagrun for example_kubernetes_executor to None, run_after=None
Processing /home/airflow/.local/lib/python3.12/site-packages/airflow/example_dags/example_kubernetes_executor.py took 0.069 seconds
Started process (PID=8552) to work on /home/airflow/.local/lib/python3.12/site-packages/airflow/example_dags/example_kubernetes_executor.py
Processing file /home/airflow/.local/lib/python3.12/site-packages/airflow/example_dags/example_kubernetes_executor.py for tasks to queue
Filling up the DagBag from /home/airflow/.local/lib/python3.12/site-packages/airflow/example_dags/example_kubernetes_executor.py
DAG(s) 'example_kubernetes_executor' retrieved from /home/airflow/.local/lib/python3.12/site-packages/airflow/example_dags/example_kubernetes_executor.py
Sync 1 DAGs
Setting next_dagrun for example_kubernetes_executor to None, run_after=None
Processing /home/airflow/.local/lib/python3.12/site-packages/airflow/example_dags/example_kubernetes_executor.py took 0.109 seconds
Started process (PID=8625) to work on /home/airflow/.local/lib/python3.12/site-packages/airflow/example_dags/example_kubernetes_executor.py
Processing file /home/airflow/.local/lib/python3.12/site-packages/airflow/example_dags/example_kubernetes_executor.py for tasks to queue
Filling up the DagBag from /home/airflow/.local/lib/python3.12/site-packages/airflow/example_dags/example_kubernetes_executor.py
DAG(s) 'example_kubernetes_executor' retrieved from /home/airflow/.local/lib/python3.12/site-packages/airflow/example_dags/example_kubernetes_executor.py
Sync 1 DAGs
Setting next_dagrun for example_kubernetes_executor to None, run_after=None
Processing /home/airflow/.local/lib/python3.12/site-packages/airflow/example_dags/example_kubernetes_executor.py took 0.071 seconds
Started process (PID=8691) to work on /home/airflow/.local/lib/python3.12/site-packages/airflow/example_dags/example_kubernetes_executor.py
Processing file /home/airflow/.local/lib/python3.12/site-packages/airflow/example_dags/example_kubernetes_executor.py for tasks to queue
Filling up the DagBag from /home/airflow/.local/lib/python3.12/site-packages/airflow/example_dags/example_kubernetes_executor.py
DAG(s) 'example_kubernetes_executor' retrieved from /home/airflow/.local/lib/python3.12/site-packages/airflow/example_dags/example_kubernetes_executor.py
Sync 1 DAGs
Setting next_dagrun for example_kubernetes_executor to None, run_after=None
Processing /home/airflow/.local/lib/python3.12/site-packages/airflow/example_dags/example_kubernetes_executor.py took 0.068 seconds
Started process (PID=8764) to work on /home/airflow/.local/lib/python3.12/site-packages/airflow/example_dags/example_kubernetes_executor.py
Processing file /home/airflow/.local/lib/python3.12/site-packages/airflow/example_dags/example_kubernetes_executor.py for tasks to queue
Filling up the DagBag from /home/airflow/.local/lib/python3.12/site-packages/airflow/example_dags/example_kubernetes_executor.py
DAG(s) 'example_kubernetes_executor' retrieved from /home/airflow/.local/lib/python3.12/site-packages/airflow/example_dags/example_kubernetes_executor.py
Sync 1 DAGs
Setting next_dagrun for example_kubernetes_executor to None, run_after=None
Processing /home/airflow/.local/lib/python3.12/site-packages/airflow/example_dags/example_kubernetes_executor.py took 0.086 seconds
Started process (PID=8830) to work on /home/airflow/.local/lib/python3.12/site-packages/airflow/example_dags/example_kubernetes_executor.py
Processing file /home/airflow/.local/lib/python3.12/site-packages/airflow/example_dags/example_kubernetes_executor.py for tasks to queue
Filling up the DagBag from /home/airflow/.local/lib/python3.12/site-packages/airflow/example_dags/example_kubernetes_executor.py
DAG(s) 'example_kubernetes_executor' retrieved from /home/airflow/.local/lib/python3.12/site-packages/airflow/example_dags/example_kubernetes_executor.py
Sync 1 DAGs
Setting next_dagrun for example_kubernetes_executor to None, run_after=None
Processing /home/airflow/.local/lib/python3.12/site-packages/airflow/example_dags/example_kubernetes_executor.py took 0.064 seconds
Started process (PID=8903) to work on /home/airflow/.local/lib/python3.12/site-packages/airflow/example_dags/example_kubernetes_executor.py
Processing file /home/airflow/.local/lib/python3.12/site-packages/airflow/example_dags/example_kubernetes_executor.py for tasks to queue
Filling up the DagBag from /home/airflow/.local/lib/python3.12/site-packages/airflow/example_dags/example_kubernetes_executor.py
DAG(s) 'example_kubernetes_executor' retrieved from /home/airflow/.local/lib/python3.12/site-packages/airflow/example_dags/example_kubernetes_executor.py
Sync 1 DAGs
Setting next_dagrun for example_kubernetes_executor to None, run_after=None
Processing /home/airflow/.local/lib/python3.12/site-packages/airflow/example_dags/example_kubernetes_executor.py took 0.071 seconds
Started process (PID=8969) to work on /home/airflow/.local/lib/python3.12/site-packages/airflow/example_dags/example_kubernetes_executor.py
Processing file /home/airflow/.local/lib/python3.12/site-packages/airflow/example_dags/example_kubernetes_executor.py for tasks to queue
Filling up the DagBag from /home/airflow/.local/lib/python3.12/site-packages/airflow/example_dags/example_kubernetes_executor.py
DAG(s) 'example_kubernetes_executor' retrieved from /home/airflow/.local/lib/python3.12/site-packages/airflow/example_dags/example_kubernetes_executor.py
Sync 1 DAGs
Setting next_dagrun for example_kubernetes_executor to None, run_after=None
Processing /home/airflow/.local/lib/python3.12/site-packages/airflow/example_dags/example_kubernetes_executor.py took 0.065 seconds
Started process (PID=9043) to work on /home/airflow/.local/lib/python3.12/site-packages/airflow/example_dags/example_kubernetes_executor.py
Processing file /home/airflow/.local/lib/python3.12/site-packages/airflow/example_dags/example_kubernetes_executor.py for tasks to queue
Filling up the DagBag from /home/airflow/.local/lib/python3.12/site-packages/airflow/example_dags/example_kubernetes_executor.py
DAG(s) 'example_kubernetes_executor' retrieved from /home/airflow/.local/lib/python3.12/site-packages/airflow/example_dags/example_kubernetes_executor.py
Sync 1 DAGs
Setting next_dagrun for example_kubernetes_executor to None, run_after=None
Processing /home/airflow/.local/lib/python3.12/site-packages/airflow/example_dags/example_kubernetes_executor.py took 0.072 seconds
Started process (PID=9109) to work on /home/airflow/.local/lib/python3.12/site-packages/airflow/example_dags/example_kubernetes_executor.py
Processing file /home/airflow/.local/lib/python3.12/site-packages/airflow/example_dags/example_kubernetes_executor.py for tasks to queue
Filling up the DagBag from /home/airflow/.local/lib/python3.12/site-packages/airflow/example_dags/example_kubernetes_executor.py
DAG(s) 'example_kubernetes_executor' retrieved from /home/airflow/.local/lib/python3.12/site-packages/airflow/example_dags/example_kubernetes_executor.py
Sync 1 DAGs
Setting next_dagrun for example_kubernetes_executor to None, run_after=None
Processing /home/airflow/.local/lib/python3.12/site-packages/airflow/example_dags/example_kubernetes_executor.py took 0.064 seconds
Started process (PID=9183) to work on /home/airflow/.local/lib/python3.12/site-packages/airflow/example_dags/example_kubernetes_executor.py
Processing file /home/airflow/.local/lib/python3.12/site-packages/airflow/example_dags/example_kubernetes_executor.py for tasks to queue
Filling up the DagBag from /home/airflow/.local/lib/python3.12/site-packages/airflow/example_dags/example_kubernetes_executor.py
DAG(s) 'example_kubernetes_executor' retrieved from /home/airflow/.local/lib/python3.12/site-packages/airflow/example_dags/example_kubernetes_executor.py
Sync 1 DAGs
Setting next_dagrun for example_kubernetes_executor to None, run_after=None
Processing /home/airflow/.local/lib/python3.12/site-packages/airflow/example_dags/example_kubernetes_executor.py took 0.065 seconds
Started process (PID=9249) to work on /home/airflow/.local/lib/python3.12/site-packages/airflow/example_dags/example_kubernetes_executor.py
Processing file /home/airflow/.local/lib/python3.12/site-packages/airflow/example_dags/example_kubernetes_executor.py for tasks to queue
Filling up the DagBag from /home/airflow/.local/lib/python3.12/site-packages/airflow/example_dags/example_kubernetes_executor.py
DAG(s) 'example_kubernetes_executor' retrieved from /home/airflow/.local/lib/python3.12/site-packages/airflow/example_dags/example_kubernetes_executor.py
Sync 1 DAGs
Setting next_dagrun for example_kubernetes_executor to None, run_after=None
Processing /home/airflow/.local/lib/python3.12/site-packages/airflow/example_dags/example_kubernetes_executor.py took 0.064 seconds
Started process (PID=9323) to work on /home/airflow/.local/lib/python3.12/site-packages/airflow/example_dags/example_kubernetes_executor.py
Processing file /home/airflow/.local/lib/python3.12/site-packages/airflow/example_dags/example_kubernetes_executor.py for tasks to queue
Filling up the DagBag from /home/airflow/.local/lib/python3.12/site-packages/airflow/example_dags/example_kubernetes_executor.py
DAG(s) 'example_kubernetes_executor' retrieved from /home/airflow/.local/lib/python3.12/site-packages/airflow/example_dags/example_kubernetes_executor.py
Sync 1 DAGs
Setting next_dagrun for example_kubernetes_executor to None, run_after=None
Processing /home/airflow/.local/lib/python3.12/site-packages/airflow/example_dags/example_kubernetes_executor.py took 0.064 seconds
Started process (PID=9389) to work on /home/airflow/.local/lib/python3.12/site-packages/airflow/example_dags/example_kubernetes_executor.py
Processing file /home/airflow/.local/lib/python3.12/site-packages/airflow/example_dags/example_kubernetes_executor.py for tasks to queue
Filling up the DagBag from /home/airflow/.local/lib/python3.12/site-packages/airflow/example_dags/example_kubernetes_executor.py
DAG(s) 'example_kubernetes_executor' retrieved from /home/airflow/.local/lib/python3.12/site-packages/airflow/example_dags/example_kubernetes_executor.py
Sync 1 DAGs
Setting next_dagrun for example_kubernetes_executor to None, run_after=None
Processing /home/airflow/.local/lib/python3.12/site-packages/airflow/example_dags/example_kubernetes_executor.py took 0.062 seconds
Started process (PID=9462) to work on /home/airflow/.local/lib/python3.12/site-packages/airflow/example_dags/example_kubernetes_executor.py
Processing file /home/airflow/.local/lib/python3.12/site-packages/airflow/example_dags/example_kubernetes_executor.py for tasks to queue
Filling up the DagBag from /home/airflow/.local/lib/python3.12/site-packages/airflow/example_dags/example_kubernetes_executor.py
DAG(s) 'example_kubernetes_executor' retrieved from /home/airflow/.local/lib/python3.12/site-packages/airflow/example_dags/example_kubernetes_executor.py
Sync 1 DAGs
Setting next_dagrun for example_kubernetes_executor to None, run_after=None
Processing /home/airflow/.local/lib/python3.12/site-packages/airflow/example_dags/example_kubernetes_executor.py took 0.064 seconds
Started process (PID=9527) to work on /home/airflow/.local/lib/python3.12/site-packages/airflow/example_dags/example_kubernetes_executor.py
Processing file /home/airflow/.local/lib/python3.12/site-packages/airflow/example_dags/example_kubernetes_executor.py for tasks to queue
Filling up the DagBag from /home/airflow/.local/lib/python3.12/site-packages/airflow/example_dags/example_kubernetes_executor.py
DAG(s) 'example_kubernetes_executor' retrieved from /home/airflow/.local/lib/python3.12/site-packages/airflow/example_dags/example_kubernetes_executor.py
Sync 1 DAGs
Setting next_dagrun for example_kubernetes_executor to None, run_after=None
Processing /home/airflow/.local/lib/python3.12/site-packages/airflow/example_dags/example_kubernetes_executor.py took 0.161 seconds
Started process (PID=9599) to work on /home/airflow/.local/lib/python3.12/site-packages/airflow/example_dags/example_kubernetes_executor.py
Processing file /home/airflow/.local/lib/python3.12/site-packages/airflow/example_dags/example_kubernetes_executor.py for tasks to queue
Filling up the DagBag from /home/airflow/.local/lib/python3.12/site-packages/airflow/example_dags/example_kubernetes_executor.py
DAG(s) 'example_kubernetes_executor' retrieved from /home/airflow/.local/lib/python3.12/site-packages/airflow/example_dags/example_kubernetes_executor.py
Sync 1 DAGs
Setting next_dagrun for example_kubernetes_executor to None, run_after=None
Processing /home/airflow/.local/lib/python3.12/site-packages/airflow/example_dags/example_kubernetes_executor.py took 0.062 seconds
Started process (PID=9665) to work on /home/airflow/.local/lib/python3.12/site-packages/airflow/example_dags/example_kubernetes_executor.py
Processing file /home/airflow/.local/lib/python3.12/site-packages/airflow/example_dags/example_kubernetes_executor.py for tasks to queue
Filling up the DagBag from /home/airflow/.local/lib/python3.12/site-packages/airflow/example_dags/example_kubernetes_executor.py
DAG(s) 'example_kubernetes_executor' retrieved from /home/airflow/.local/lib/python3.12/site-packages/airflow/example_dags/example_kubernetes_executor.py
Sync 1 DAGs
Setting next_dagrun for example_kubernetes_executor to None, run_after=None
Processing /home/airflow/.local/lib/python3.12/site-packages/airflow/example_dags/example_kubernetes_executor.py took 0.158 seconds
Started process (PID=9739) to work on /home/airflow/.local/lib/python3.12/site-packages/airflow/example_dags/example_kubernetes_executor.py
Processing file /home/airflow/.local/lib/python3.12/site-packages/airflow/example_dags/example_kubernetes_executor.py for tasks to queue
Filling up the DagBag from /home/airflow/.local/lib/python3.12/site-packages/airflow/example_dags/example_kubernetes_executor.py
DAG(s) 'example_kubernetes_executor' retrieved from /home/airflow/.local/lib/python3.12/site-packages/airflow/example_dags/example_kubernetes_executor.py
Sync 1 DAGs
Setting next_dagrun for example_kubernetes_executor to None, run_after=None
Processing /home/airflow/.local/lib/python3.12/site-packages/airflow/example_dags/example_kubernetes_executor.py took 0.066 seconds
Started process (PID=9805) to work on /home/airflow/.local/lib/python3.12/site-packages/airflow/example_dags/example_kubernetes_executor.py
Processing file /home/airflow/.local/lib/python3.12/site-packages/airflow/example_dags/example_kubernetes_executor.py for tasks to queue
Filling up the DagBag from /home/airflow/.local/lib/python3.12/site-packages/airflow/example_dags/example_kubernetes_executor.py
DAG(s) 'example_kubernetes_executor' retrieved from /home/airflow/.local/lib/python3.12/site-packages/airflow/example_dags/example_kubernetes_executor.py
Sync 1 DAGs
Setting next_dagrun for example_kubernetes_executor to None, run_after=None
Processing /home/airflow/.local/lib/python3.12/site-packages/airflow/example_dags/example_kubernetes_executor.py took 0.063 seconds
Started process (PID=9878) to work on /home/airflow/.local/lib/python3.12/site-packages/airflow/example_dags/example_kubernetes_executor.py
Processing file /home/airflow/.local/lib/python3.12/site-packages/airflow/example_dags/example_kubernetes_executor.py for tasks to queue
Filling up the DagBag from /home/airflow/.local/lib/python3.12/site-packages/airflow/example_dags/example_kubernetes_executor.py
DAG(s) 'example_kubernetes_executor' retrieved from /home/airflow/.local/lib/python3.12/site-packages/airflow/example_dags/example_kubernetes_executor.py
Sync 1 DAGs
Setting next_dagrun for example_kubernetes_executor to None, run_after=None
Processing /home/airflow/.local/lib/python3.12/site-packages/airflow/example_dags/example_kubernetes_executor.py took 0.072 seconds
Started process (PID=9944) to work on /home/airflow/.local/lib/python3.12/site-packages/airflow/example_dags/example_kubernetes_executor.py
Processing file /home/airflow/.local/lib/python3.12/site-packages/airflow/example_dags/example_kubernetes_executor.py for tasks to queue
Filling up the DagBag from /home/airflow/.local/lib/python3.12/site-packages/airflow/example_dags/example_kubernetes_executor.py
DAG(s) 'example_kubernetes_executor' retrieved from /home/airflow/.local/lib/python3.12/site-packages/airflow/example_dags/example_kubernetes_executor.py
Sync 1 DAGs
Setting next_dagrun for example_kubernetes_executor to None, run_after=None
Processing /home/airflow/.local/lib/python3.12/site-packages/airflow/example_dags/example_kubernetes_executor.py took 0.064 seconds
Started process (PID=10017) to work on /home/airflow/.local/lib/python3.12/site-packages/airflow/example_dags/example_kubernetes_executor.py
Processing file /home/airflow/.local/lib/python3.12/site-packages/airflow/example_dags/example_kubernetes_executor.py for tasks to queue
Filling up the DagBag from /home/airflow/.local/lib/python3.12/site-packages/airflow/example_dags/example_kubernetes_executor.py
DAG(s) 'example_kubernetes_executor' retrieved from /home/airflow/.local/lib/python3.12/site-packages/airflow/example_dags/example_kubernetes_executor.py
Sync 1 DAGs
Setting next_dagrun for example_kubernetes_executor to None, run_after=None
Processing /home/airflow/.local/lib/python3.12/site-packages/airflow/example_dags/example_kubernetes_executor.py took 0.066 seconds
Started process (PID=10083) to work on /home/airflow/.local/lib/python3.12/site-packages/airflow/example_dags/example_kubernetes_executor.py
Processing file /home/airflow/.local/lib/python3.12/site-packages/airflow/example_dags/example_kubernetes_executor.py for tasks to queue
Filling up the DagBag from /home/airflow/.local/lib/python3.12/site-packages/airflow/example_dags/example_kubernetes_executor.py
DAG(s) 'example_kubernetes_executor' retrieved from /home/airflow/.local/lib/python3.12/site-packages/airflow/example_dags/example_kubernetes_executor.py
Sync 1 DAGs
Setting next_dagrun for example_kubernetes_executor to None, run_after=None
Processing /home/airflow/.local/lib/python3.12/site-packages/airflow/example_dags/example_kubernetes_executor.py took 0.068 seconds
Started process (PID=10156) to work on /home/airflow/.local/lib/python3.12/site-packages/airflow/example_dags/example_kubernetes_executor.py
Processing file /home/airflow/.local/lib/python3.12/site-packages/airflow/example_dags/example_kubernetes_executor.py for tasks to queue
Filling up the DagBag from /home/airflow/.local/lib/python3.12/site-packages/airflow/example_dags/example_kubernetes_executor.py
DAG(s) 'example_kubernetes_executor' retrieved from /home/airflow/.local/lib/python3.12/site-packages/airflow/example_dags/example_kubernetes_executor.py
Sync 1 DAGs
Setting next_dagrun for example_kubernetes_executor to None, run_after=None
Processing /home/airflow/.local/lib/python3.12/site-packages/airflow/example_dags/example_kubernetes_executor.py took 0.066 seconds
Started process (PID=10222) to work on /home/airflow/.local/lib/python3.12/site-packages/airflow/example_dags/example_kubernetes_executor.py
Processing file /home/airflow/.local/lib/python3.12/site-packages/airflow/example_dags/example_kubernetes_executor.py for tasks to queue
Filling up the DagBag from /home/airflow/.local/lib/python3.12/site-packages/airflow/example_dags/example_kubernetes_executor.py
DAG(s) 'example_kubernetes_executor' retrieved from /home/airflow/.local/lib/python3.12/site-packages/airflow/example_dags/example_kubernetes_executor.py
Sync 1 DAGs
Setting next_dagrun for example_kubernetes_executor to None, run_after=None
Processing /home/airflow/.local/lib/python3.12/site-packages/airflow/example_dags/example_kubernetes_executor.py took 0.065 seconds
Started process (PID=10295) to work on /home/airflow/.local/lib/python3.12/site-packages/airflow/example_dags/example_kubernetes_executor.py
Processing file /home/airflow/.local/lib/python3.12/site-packages/airflow/example_dags/example_kubernetes_executor.py for tasks to queue
Filling up the DagBag from /home/airflow/.local/lib/python3.12/site-packages/airflow/example_dags/example_kubernetes_executor.py
DAG(s) 'example_kubernetes_executor' retrieved from /home/airflow/.local/lib/python3.12/site-packages/airflow/example_dags/example_kubernetes_executor.py
Sync 1 DAGs
Setting next_dagrun for example_kubernetes_executor to None, run_after=None
Processing /home/airflow/.local/lib/python3.12/site-packages/airflow/example_dags/example_kubernetes_executor.py took 0.063 seconds
Started process (PID=10361) to work on /home/airflow/.local/lib/python3.12/site-packages/airflow/example_dags/example_kubernetes_executor.py
Processing file /home/airflow/.local/lib/python3.12/site-packages/airflow/example_dags/example_kubernetes_executor.py for tasks to queue
Filling up the DagBag from /home/airflow/.local/lib/python3.12/site-packages/airflow/example_dags/example_kubernetes_executor.py
DAG(s) 'example_kubernetes_executor' retrieved from /home/airflow/.local/lib/python3.12/site-packages/airflow/example_dags/example_kubernetes_executor.py
Sync 1 DAGs
Setting next_dagrun for example_kubernetes_executor to None, run_after=None
Processing /home/airflow/.local/lib/python3.12/site-packages/airflow/example_dags/example_kubernetes_executor.py took 0.066 seconds
Started process (PID=10434) to work on /home/airflow/.local/lib/python3.12/site-packages/airflow/example_dags/example_kubernetes_executor.py
Processing file /home/airflow/.local/lib/python3.12/site-packages/airflow/example_dags/example_kubernetes_executor.py for tasks to queue
Filling up the DagBag from /home/airflow/.local/lib/python3.12/site-packages/airflow/example_dags/example_kubernetes_executor.py
DAG(s) 'example_kubernetes_executor' retrieved from /home/airflow/.local/lib/python3.12/site-packages/airflow/example_dags/example_kubernetes_executor.py
Sync 1 DAGs
Setting next_dagrun for example_kubernetes_executor to None, run_after=None
Processing /home/airflow/.local/lib/python3.12/site-packages/airflow/example_dags/example_kubernetes_executor.py took 0.065 seconds
Started process (PID=10500) to work on /home/airflow/.local/lib/python3.12/site-packages/airflow/example_dags/example_kubernetes_executor.py
Processing file /home/airflow/.local/lib/python3.12/site-packages/airflow/example_dags/example_kubernetes_executor.py for tasks to queue
Filling up the DagBag from /home/airflow/.local/lib/python3.12/site-packages/airflow/example_dags/example_kubernetes_executor.py
DAG(s) 'example_kubernetes_executor' retrieved from /home/airflow/.local/lib/python3.12/site-packages/airflow/example_dags/example_kubernetes_executor.py
Sync 1 DAGs
Setting next_dagrun for example_kubernetes_executor to None, run_after=None
Processing /home/airflow/.local/lib/python3.12/site-packages/airflow/example_dags/example_kubernetes_executor.py took 0.089 seconds
Started process (PID=56) to work on /home/airflow/.local/lib/python3.12/site-packages/airflow/example_dags/example_kubernetes_executor.py
Processing file /home/airflow/.local/lib/python3.12/site-packages/airflow/example_dags/example_kubernetes_executor.py for tasks to queue
Filling up the DagBag from /home/airflow/.local/lib/python3.12/site-packages/airflow/example_dags/example_kubernetes_executor.py
DAG(s) 'example_kubernetes_executor' retrieved from /home/airflow/.local/lib/python3.12/site-packages/airflow/example_dags/example_kubernetes_executor.py
Sync 1 DAGs
Setting next_dagrun for example_kubernetes_executor to None, run_after=None
Processing /home/airflow/.local/lib/python3.12/site-packages/airflow/example_dags/example_kubernetes_executor.py took 0.067 seconds
Started process (PID=129) to work on /home/airflow/.local/lib/python3.12/site-packages/airflow/example_dags/example_kubernetes_executor.py
Processing file /home/airflow/.local/lib/python3.12/site-packages/airflow/example_dags/example_kubernetes_executor.py for tasks to queue
Filling up the DagBag from /home/airflow/.local/lib/python3.12/site-packages/airflow/example_dags/example_kubernetes_executor.py
DAG(s) 'example_kubernetes_executor' retrieved from /home/airflow/.local/lib/python3.12/site-packages/airflow/example_dags/example_kubernetes_executor.py
Sync 1 DAGs
Setting next_dagrun for example_kubernetes_executor to None, run_after=None
Processing /home/airflow/.local/lib/python3.12/site-packages/airflow/example_dags/example_kubernetes_executor.py took 0.142 seconds
Started process (PID=195) to work on /home/airflow/.local/lib/python3.12/site-packages/airflow/example_dags/example_kubernetes_executor.py
Processing file /home/airflow/.local/lib/python3.12/site-packages/airflow/example_dags/example_kubernetes_executor.py for tasks to queue
Filling up the DagBag from /home/airflow/.local/lib/python3.12/site-packages/airflow/example_dags/example_kubernetes_executor.py
DAG(s) 'example_kubernetes_executor' retrieved from /home/airflow/.local/lib/python3.12/site-packages/airflow/example_dags/example_kubernetes_executor.py
Sync 1 DAGs
Setting next_dagrun for example_kubernetes_executor to None, run_after=None
Processing /home/airflow/.local/lib/python3.12/site-packages/airflow/example_dags/example_kubernetes_executor.py took 0.072 seconds
Started process (PID=269) to work on /home/airflow/.local/lib/python3.12/site-packages/airflow/example_dags/example_kubernetes_executor.py
Processing file /home/airflow/.local/lib/python3.12/site-packages/airflow/example_dags/example_kubernetes_executor.py for tasks to queue
Filling up the DagBag from /home/airflow/.local/lib/python3.12/site-packages/airflow/example_dags/example_kubernetes_executor.py
DAG(s) 'example_kubernetes_executor' retrieved from /home/airflow/.local/lib/python3.12/site-packages/airflow/example_dags/example_kubernetes_executor.py
Sync 1 DAGs
Setting next_dagrun for example_kubernetes_executor to None, run_after=None
Processing /home/airflow/.local/lib/python3.12/site-packages/airflow/example_dags/example_kubernetes_executor.py took 0.066 seconds
Started process (PID=335) to work on /home/airflow/.local/lib/python3.12/site-packages/airflow/example_dags/example_kubernetes_executor.py
Processing file /home/airflow/.local/lib/python3.12/site-packages/airflow/example_dags/example_kubernetes_executor.py for tasks to queue
Filling up the DagBag from /home/airflow/.local/lib/python3.12/site-packages/airflow/example_dags/example_kubernetes_executor.py
DAG(s) 'example_kubernetes_executor' retrieved from /home/airflow/.local/lib/python3.12/site-packages/airflow/example_dags/example_kubernetes_executor.py
Sync 1 DAGs
Setting next_dagrun for example_kubernetes_executor to None, run_after=None
Processing /home/airflow/.local/lib/python3.12/site-packages/airflow/example_dags/example_kubernetes_executor.py took 0.064 seconds
Started process (PID=408) to work on /home/airflow/.local/lib/python3.12/site-packages/airflow/example_dags/example_kubernetes_executor.py
Processing file /home/airflow/.local/lib/python3.12/site-packages/airflow/example_dags/example_kubernetes_executor.py for tasks to queue
Filling up the DagBag from /home/airflow/.local/lib/python3.12/site-packages/airflow/example_dags/example_kubernetes_executor.py
DAG(s) 'example_kubernetes_executor' retrieved from /home/airflow/.local/lib/python3.12/site-packages/airflow/example_dags/example_kubernetes_executor.py
Sync 1 DAGs
Setting next_dagrun for example_kubernetes_executor to None, run_after=None
Processing /home/airflow/.local/lib/python3.12/site-packages/airflow/example_dags/example_kubernetes_executor.py took 0.066 seconds
Started process (PID=474) to work on /home/airflow/.local/lib/python3.12/site-packages/airflow/example_dags/example_kubernetes_executor.py
Processing file /home/airflow/.local/lib/python3.12/site-packages/airflow/example_dags/example_kubernetes_executor.py for tasks to queue
Filling up the DagBag from /home/airflow/.local/lib/python3.12/site-packages/airflow/example_dags/example_kubernetes_executor.py
DAG(s) 'example_kubernetes_executor' retrieved from /home/airflow/.local/lib/python3.12/site-packages/airflow/example_dags/example_kubernetes_executor.py
Sync 1 DAGs
Setting next_dagrun for example_kubernetes_executor to None, run_after=None
Processing /home/airflow/.local/lib/python3.12/site-packages/airflow/example_dags/example_kubernetes_executor.py took 0.065 seconds
Started process (PID=547) to work on /home/airflow/.local/lib/python3.12/site-packages/airflow/example_dags/example_kubernetes_executor.py
Processing file /home/airflow/.local/lib/python3.12/site-packages/airflow/example_dags/example_kubernetes_executor.py for tasks to queue
Filling up the DagBag from /home/airflow/.local/lib/python3.12/site-packages/airflow/example_dags/example_kubernetes_executor.py
DAG(s) 'example_kubernetes_executor' retrieved from /home/airflow/.local/lib/python3.12/site-packages/airflow/example_dags/example_kubernetes_executor.py
Sync 1 DAGs
Setting next_dagrun for example_kubernetes_executor to None, run_after=None
Processing /home/airflow/.local/lib/python3.12/site-packages/airflow/example_dags/example_kubernetes_executor.py took 0.070 seconds
Started process (PID=613) to work on /home/airflow/.local/lib/python3.12/site-packages/airflow/example_dags/example_kubernetes_executor.py
Processing file /home/airflow/.local/lib/python3.12/site-packages/airflow/example_dags/example_kubernetes_executor.py for tasks to queue
Filling up the DagBag from /home/airflow/.local/lib/python3.12/site-packages/airflow/example_dags/example_kubernetes_executor.py
DAG(s) 'example_kubernetes_executor' retrieved from /home/airflow/.local/lib/python3.12/site-packages/airflow/example_dags/example_kubernetes_executor.py
Sync 1 DAGs
Setting next_dagrun for example_kubernetes_executor to None, run_after=None
Processing /home/airflow/.local/lib/python3.12/site-packages/airflow/example_dags/example_kubernetes_executor.py took 0.067 seconds
Started process (PID=686) to work on /home/airflow/.local/lib/python3.12/site-packages/airflow/example_dags/example_kubernetes_executor.py
Processing file /home/airflow/.local/lib/python3.12/site-packages/airflow/example_dags/example_kubernetes_executor.py for tasks to queue
Filling up the DagBag from /home/airflow/.local/lib/python3.12/site-packages/airflow/example_dags/example_kubernetes_executor.py
DAG(s) 'example_kubernetes_executor' retrieved from /home/airflow/.local/lib/python3.12/site-packages/airflow/example_dags/example_kubernetes_executor.py
Sync 1 DAGs
Setting next_dagrun for example_kubernetes_executor to None, run_after=None
Processing /home/airflow/.local/lib/python3.12/site-packages/airflow/example_dags/example_kubernetes_executor.py took 0.100 seconds
Started process (PID=752) to work on /home/airflow/.local/lib/python3.12/site-packages/airflow/example_dags/example_kubernetes_executor.py
Processing file /home/airflow/.local/lib/python3.12/site-packages/airflow/example_dags/example_kubernetes_executor.py for tasks to queue
Filling up the DagBag from /home/airflow/.local/lib/python3.12/site-packages/airflow/example_dags/example_kubernetes_executor.py
DAG(s) 'example_kubernetes_executor' retrieved from /home/airflow/.local/lib/python3.12/site-packages/airflow/example_dags/example_kubernetes_executor.py
Sync 1 DAGs
Setting next_dagrun for example_kubernetes_executor to None, run_after=None
Processing /home/airflow/.local/lib/python3.12/site-packages/airflow/example_dags/example_kubernetes_executor.py took 0.063 seconds
Started process (PID=825) to work on /home/airflow/.local/lib/python3.12/site-packages/airflow/example_dags/example_kubernetes_executor.py
Processing file /home/airflow/.local/lib/python3.12/site-packages/airflow/example_dags/example_kubernetes_executor.py for tasks to queue
Filling up the DagBag from /home/airflow/.local/lib/python3.12/site-packages/airflow/example_dags/example_kubernetes_executor.py
DAG(s) 'example_kubernetes_executor' retrieved from /home/airflow/.local/lib/python3.12/site-packages/airflow/example_dags/example_kubernetes_executor.py
Sync 1 DAGs
Setting next_dagrun for example_kubernetes_executor to None, run_after=None
Processing /home/airflow/.local/lib/python3.12/site-packages/airflow/example_dags/example_kubernetes_executor.py took 0.064 seconds
Started process (PID=891) to work on /home/airflow/.local/lib/python3.12/site-packages/airflow/example_dags/example_kubernetes_executor.py
Processing file /home/airflow/.local/lib/python3.12/site-packages/airflow/example_dags/example_kubernetes_executor.py for tasks to queue
Filling up the DagBag from /home/airflow/.local/lib/python3.12/site-packages/airflow/example_dags/example_kubernetes_executor.py
DAG(s) 'example_kubernetes_executor' retrieved from /home/airflow/.local/lib/python3.12/site-packages/airflow/example_dags/example_kubernetes_executor.py
Sync 1 DAGs
Setting next_dagrun for example_kubernetes_executor to None, run_after=None
Processing /home/airflow/.local/lib/python3.12/site-packages/airflow/example_dags/example_kubernetes_executor.py took 0.069 seconds
Started process (PID=964) to work on /home/airflow/.local/lib/python3.12/site-packages/airflow/example_dags/example_kubernetes_executor.py
Processing file /home/airflow/.local/lib/python3.12/site-packages/airflow/example_dags/example_kubernetes_executor.py for tasks to queue
Filling up the DagBag from /home/airflow/.local/lib/python3.12/site-packages/airflow/example_dags/example_kubernetes_executor.py
DAG(s) 'example_kubernetes_executor' retrieved from /home/airflow/.local/lib/python3.12/site-packages/airflow/example_dags/example_kubernetes_executor.py
Sync 1 DAGs
Setting next_dagrun for example_kubernetes_executor to None, run_after=None
Processing /home/airflow/.local/lib/python3.12/site-packages/airflow/example_dags/example_kubernetes_executor.py took 0.067 seconds
Started process (PID=1030) to work on /home/airflow/.local/lib/python3.12/site-packages/airflow/example_dags/example_kubernetes_executor.py
Processing file /home/airflow/.local/lib/python3.12/site-packages/airflow/example_dags/example_kubernetes_executor.py for tasks to queue
Filling up the DagBag from /home/airflow/.local/lib/python3.12/site-packages/airflow/example_dags/example_kubernetes_executor.py
DAG(s) 'example_kubernetes_executor' retrieved from /home/airflow/.local/lib/python3.12/site-packages/airflow/example_dags/example_kubernetes_executor.py
Sync 1 DAGs
Setting next_dagrun for example_kubernetes_executor to None, run_after=None
Processing /home/airflow/.local/lib/python3.12/site-packages/airflow/example_dags/example_kubernetes_executor.py took 0.064 seconds
Started process (PID=1096) to work on /home/airflow/.local/lib/python3.12/site-packages/airflow/example_dags/example_kubernetes_executor.py
Processing file /home/airflow/.local/lib/python3.12/site-packages/airflow/example_dags/example_kubernetes_executor.py for tasks to queue
Filling up the DagBag from /home/airflow/.local/lib/python3.12/site-packages/airflow/example_dags/example_kubernetes_executor.py
DAG(s) 'example_kubernetes_executor' retrieved from /home/airflow/.local/lib/python3.12/site-packages/airflow/example_dags/example_kubernetes_executor.py
Sync 1 DAGs
Setting next_dagrun for example_kubernetes_executor to None, run_after=None
Processing /home/airflow/.local/lib/python3.12/site-packages/airflow/example_dags/example_kubernetes_executor.py took 0.066 seconds
Started process (PID=1169) to work on /home/airflow/.local/lib/python3.12/site-packages/airflow/example_dags/example_kubernetes_executor.py
Processing file /home/airflow/.local/lib/python3.12/site-packages/airflow/example_dags/example_kubernetes_executor.py for tasks to queue
Filling up the DagBag from /home/airflow/.local/lib/python3.12/site-packages/airflow/example_dags/example_kubernetes_executor.py
DAG(s) 'example_kubernetes_executor' retrieved from /home/airflow/.local/lib/python3.12/site-packages/airflow/example_dags/example_kubernetes_executor.py
Sync 1 DAGs
Setting next_dagrun for example_kubernetes_executor to None, run_after=None
Processing /home/airflow/.local/lib/python3.12/site-packages/airflow/example_dags/example_kubernetes_executor.py took 0.065 seconds
Started process (PID=1236) to work on /home/airflow/.local/lib/python3.12/site-packages/airflow/example_dags/example_kubernetes_executor.py
Processing file /home/airflow/.local/lib/python3.12/site-packages/airflow/example_dags/example_kubernetes_executor.py for tasks to queue
Filling up the DagBag from /home/airflow/.local/lib/python3.12/site-packages/airflow/example_dags/example_kubernetes_executor.py
DAG(s) 'example_kubernetes_executor' retrieved from /home/airflow/.local/lib/python3.12/site-packages/airflow/example_dags/example_kubernetes_executor.py
Sync 1 DAGs
Setting next_dagrun for example_kubernetes_executor to None, run_after=None
Processing /home/airflow/.local/lib/python3.12/site-packages/airflow/example_dags/example_kubernetes_executor.py took 0.064 seconds
Started process (PID=1308) to work on /home/airflow/.local/lib/python3.12/site-packages/airflow/example_dags/example_kubernetes_executor.py
Processing file /home/airflow/.local/lib/python3.12/site-packages/airflow/example_dags/example_kubernetes_executor.py for tasks to queue
Filling up the DagBag from /home/airflow/.local/lib/python3.12/site-packages/airflow/example_dags/example_kubernetes_executor.py
DAG(s) 'example_kubernetes_executor' retrieved from /home/airflow/.local/lib/python3.12/site-packages/airflow/example_dags/example_kubernetes_executor.py
Sync 1 DAGs
Setting next_dagrun for example_kubernetes_executor to None, run_after=None
Processing /home/airflow/.local/lib/python3.12/site-packages/airflow/example_dags/example_kubernetes_executor.py took 0.070 seconds
Started process (PID=1381) to work on /home/airflow/.local/lib/python3.12/site-packages/airflow/example_dags/example_kubernetes_executor.py
Processing file /home/airflow/.local/lib/python3.12/site-packages/airflow/example_dags/example_kubernetes_executor.py for tasks to queue
Filling up the DagBag from /home/airflow/.local/lib/python3.12/site-packages/airflow/example_dags/example_kubernetes_executor.py
DAG(s) 'example_kubernetes_executor' retrieved from /home/airflow/.local/lib/python3.12/site-packages/airflow/example_dags/example_kubernetes_executor.py
Sync 1 DAGs
Setting next_dagrun for example_kubernetes_executor to None, run_after=None
Processing /home/airflow/.local/lib/python3.12/site-packages/airflow/example_dags/example_kubernetes_executor.py took 0.072 seconds
Started process (PID=1447) to work on /home/airflow/.local/lib/python3.12/site-packages/airflow/example_dags/example_kubernetes_executor.py
Processing file /home/airflow/.local/lib/python3.12/site-packages/airflow/example_dags/example_kubernetes_executor.py for tasks to queue
Filling up the DagBag from /home/airflow/.local/lib/python3.12/site-packages/airflow/example_dags/example_kubernetes_executor.py
DAG(s) 'example_kubernetes_executor' retrieved from /home/airflow/.local/lib/python3.12/site-packages/airflow/example_dags/example_kubernetes_executor.py
Sync 1 DAGs
Setting next_dagrun for example_kubernetes_executor to None, run_after=None
Processing /home/airflow/.local/lib/python3.12/site-packages/airflow/example_dags/example_kubernetes_executor.py took 0.067 seconds
Started process (PID=1520) to work on /home/airflow/.local/lib/python3.12/site-packages/airflow/example_dags/example_kubernetes_executor.py
Processing file /home/airflow/.local/lib/python3.12/site-packages/airflow/example_dags/example_kubernetes_executor.py for tasks to queue
Filling up the DagBag from /home/airflow/.local/lib/python3.12/site-packages/airflow/example_dags/example_kubernetes_executor.py
DAG(s) 'example_kubernetes_executor' retrieved from /home/airflow/.local/lib/python3.12/site-packages/airflow/example_dags/example_kubernetes_executor.py
Sync 1 DAGs
Setting next_dagrun for example_kubernetes_executor to None, run_after=None
Processing /home/airflow/.local/lib/python3.12/site-packages/airflow/example_dags/example_kubernetes_executor.py took 1.672 seconds
Started process (PID=1586) to work on /home/airflow/.local/lib/python3.12/site-packages/airflow/example_dags/example_kubernetes_executor.py
Processing file /home/airflow/.local/lib/python3.12/site-packages/airflow/example_dags/example_kubernetes_executor.py for tasks to queue
Filling up the DagBag from /home/airflow/.local/lib/python3.12/site-packages/airflow/example_dags/example_kubernetes_executor.py
DAG(s) 'example_kubernetes_executor' retrieved from /home/airflow/.local/lib/python3.12/site-packages/airflow/example_dags/example_kubernetes_executor.py
Sync 1 DAGs
Setting next_dagrun for example_kubernetes_executor to None, run_after=None
Processing /home/airflow/.local/lib/python3.12/site-packages/airflow/example_dags/example_kubernetes_executor.py took 0.065 seconds
Started process (PID=1659) to work on /home/airflow/.local/lib/python3.12/site-packages/airflow/example_dags/example_kubernetes_executor.py
Processing file /home/airflow/.local/lib/python3.12/site-packages/airflow/example_dags/example_kubernetes_executor.py for tasks to queue
Filling up the DagBag from /home/airflow/.local/lib/python3.12/site-packages/airflow/example_dags/example_kubernetes_executor.py
DAG(s) 'example_kubernetes_executor' retrieved from /home/airflow/.local/lib/python3.12/site-packages/airflow/example_dags/example_kubernetes_executor.py
Sync 1 DAGs
Setting next_dagrun for example_kubernetes_executor to None, run_after=None
Processing /home/airflow/.local/lib/python3.12/site-packages/airflow/example_dags/example_kubernetes_executor.py took 0.066 seconds
Started process (PID=1725) to work on /home/airflow/.local/lib/python3.12/site-packages/airflow/example_dags/example_kubernetes_executor.py
Processing file /home/airflow/.local/lib/python3.12/site-packages/airflow/example_dags/example_kubernetes_executor.py for tasks to queue
Filling up the DagBag from /home/airflow/.local/lib/python3.12/site-packages/airflow/example_dags/example_kubernetes_executor.py
DAG(s) 'example_kubernetes_executor' retrieved from /home/airflow/.local/lib/python3.12/site-packages/airflow/example_dags/example_kubernetes_executor.py
Sync 1 DAGs
Setting next_dagrun for example_kubernetes_executor to None, run_after=None
Processing /home/airflow/.local/lib/python3.12/site-packages/airflow/example_dags/example_kubernetes_executor.py took 0.063 seconds
Started process (PID=1798) to work on /home/airflow/.local/lib/python3.12/site-packages/airflow/example_dags/example_kubernetes_executor.py
Processing file /home/airflow/.local/lib/python3.12/site-packages/airflow/example_dags/example_kubernetes_executor.py for tasks to queue
Filling up the DagBag from /home/airflow/.local/lib/python3.12/site-packages/airflow/example_dags/example_kubernetes_executor.py
DAG(s) 'example_kubernetes_executor' retrieved from /home/airflow/.local/lib/python3.12/site-packages/airflow/example_dags/example_kubernetes_executor.py
Sync 1 DAGs
Setting next_dagrun for example_kubernetes_executor to None, run_after=None
Processing /home/airflow/.local/lib/python3.12/site-packages/airflow/example_dags/example_kubernetes_executor.py took 0.063 seconds
Started process (PID=1864) to work on /home/airflow/.local/lib/python3.12/site-packages/airflow/example_dags/example_kubernetes_executor.py
Processing file /home/airflow/.local/lib/python3.12/site-packages/airflow/example_dags/example_kubernetes_executor.py for tasks to queue
Filling up the DagBag from /home/airflow/.local/lib/python3.12/site-packages/airflow/example_dags/example_kubernetes_executor.py
DAG(s) 'example_kubernetes_executor' retrieved from /home/airflow/.local/lib/python3.12/site-packages/airflow/example_dags/example_kubernetes_executor.py
Sync 1 DAGs
Setting next_dagrun for example_kubernetes_executor to None, run_after=None
Processing /home/airflow/.local/lib/python3.12/site-packages/airflow/example_dags/example_kubernetes_executor.py took 0.066 seconds
Started process (PID=1937) to work on /home/airflow/.local/lib/python3.12/site-packages/airflow/example_dags/example_kubernetes_executor.py
Processing file /home/airflow/.local/lib/python3.12/site-packages/airflow/example_dags/example_kubernetes_executor.py for tasks to queue
Filling up the DagBag from /home/airflow/.local/lib/python3.12/site-packages/airflow/example_dags/example_kubernetes_executor.py
DAG(s) 'example_kubernetes_executor' retrieved from /home/airflow/.local/lib/python3.12/site-packages/airflow/example_dags/example_kubernetes_executor.py
Sync 1 DAGs
Setting next_dagrun for example_kubernetes_executor to None, run_after=None
Processing /home/airflow/.local/lib/python3.12/site-packages/airflow/example_dags/example_kubernetes_executor.py took 0.504 seconds
Started process (PID=2010) to work on /home/airflow/.local/lib/python3.12/site-packages/airflow/example_dags/example_kubernetes_executor.py
Processing file /home/airflow/.local/lib/python3.12/site-packages/airflow/example_dags/example_kubernetes_executor.py for tasks to queue
Filling up the DagBag from /home/airflow/.local/lib/python3.12/site-packages/airflow/example_dags/example_kubernetes_executor.py
DAG(s) 'example_kubernetes_executor' retrieved from /home/airflow/.local/lib/python3.12/site-packages/airflow/example_dags/example_kubernetes_executor.py
Sync 1 DAGs
Setting next_dagrun for example_kubernetes_executor to None, run_after=None
Processing /home/airflow/.local/lib/python3.12/site-packages/airflow/example_dags/example_kubernetes_executor.py took 0.069 seconds
Started process (PID=63) to work on /home/airflow/.local/lib/python3.12/site-packages/airflow/example_dags/example_kubernetes_executor.py
Processing file /home/airflow/.local/lib/python3.12/site-packages/airflow/example_dags/example_kubernetes_executor.py for tasks to queue
Filling up the DagBag from /home/airflow/.local/lib/python3.12/site-packages/airflow/example_dags/example_kubernetes_executor.py
DAG(s) 'example_kubernetes_executor' retrieved from /home/airflow/.local/lib/python3.12/site-packages/airflow/example_dags/example_kubernetes_executor.py
Sync 1 DAGs
Setting next_dagrun for example_kubernetes_executor to None, run_after=None
Processing /home/airflow/.local/lib/python3.12/site-packages/airflow/example_dags/example_kubernetes_executor.py took 0.067 seconds
Started process (PID=129) to work on /home/airflow/.local/lib/python3.12/site-packages/airflow/example_dags/example_kubernetes_executor.py
Processing file /home/airflow/.local/lib/python3.12/site-packages/airflow/example_dags/example_kubernetes_executor.py for tasks to queue
Filling up the DagBag from /home/airflow/.local/lib/python3.12/site-packages/airflow/example_dags/example_kubernetes_executor.py
DAG(s) 'example_kubernetes_executor' retrieved from /home/airflow/.local/lib/python3.12/site-packages/airflow/example_dags/example_kubernetes_executor.py
Sync 1 DAGs
Setting next_dagrun for example_kubernetes_executor to None, run_after=None
Processing /home/airflow/.local/lib/python3.12/site-packages/airflow/example_dags/example_kubernetes_executor.py took 4.452 seconds
Started process (PID=188) to work on /home/airflow/.local/lib/python3.12/site-packages/airflow/example_dags/example_kubernetes_executor.py
Processing file /home/airflow/.local/lib/python3.12/site-packages/airflow/example_dags/example_kubernetes_executor.py for tasks to queue
Filling up the DagBag from /home/airflow/.local/lib/python3.12/site-packages/airflow/example_dags/example_kubernetes_executor.py
DAG(s) 'example_kubernetes_executor' retrieved from /home/airflow/.local/lib/python3.12/site-packages/airflow/example_dags/example_kubernetes_executor.py
Sync 1 DAGs
Setting next_dagrun for example_kubernetes_executor to None, run_after=None
Processing /home/airflow/.local/lib/python3.12/site-packages/airflow/example_dags/example_kubernetes_executor.py took 0.069 seconds
Started process (PID=254) to work on /home/airflow/.local/lib/python3.12/site-packages/airflow/example_dags/example_kubernetes_executor.py
Processing file /home/airflow/.local/lib/python3.12/site-packages/airflow/example_dags/example_kubernetes_executor.py for tasks to queue
Filling up the DagBag from /home/airflow/.local/lib/python3.12/site-packages/airflow/example_dags/example_kubernetes_executor.py
DAG(s) 'example_kubernetes_executor' retrieved from /home/airflow/.local/lib/python3.12/site-packages/airflow/example_dags/example_kubernetes_executor.py
Sync 1 DAGs
Setting next_dagrun for example_kubernetes_executor to None, run_after=None
Processing /home/airflow/.local/lib/python3.12/site-packages/airflow/example_dags/example_kubernetes_executor.py took 0.082 seconds
Started process (PID=327) to work on /home/airflow/.local/lib/python3.12/site-packages/airflow/example_dags/example_kubernetes_executor.py
Processing file /home/airflow/.local/lib/python3.12/site-packages/airflow/example_dags/example_kubernetes_executor.py for tasks to queue
Filling up the DagBag from /home/airflow/.local/lib/python3.12/site-packages/airflow/example_dags/example_kubernetes_executor.py
DAG(s) 'example_kubernetes_executor' retrieved from /home/airflow/.local/lib/python3.12/site-packages/airflow/example_dags/example_kubernetes_executor.py
Sync 1 DAGs
Setting next_dagrun for example_kubernetes_executor to None, run_after=None
Processing /home/airflow/.local/lib/python3.12/site-packages/airflow/example_dags/example_kubernetes_executor.py took 0.077 seconds
Started process (PID=393) to work on /home/airflow/.local/lib/python3.12/site-packages/airflow/example_dags/example_kubernetes_executor.py
Processing file /home/airflow/.local/lib/python3.12/site-packages/airflow/example_dags/example_kubernetes_executor.py for tasks to queue
Filling up the DagBag from /home/airflow/.local/lib/python3.12/site-packages/airflow/example_dags/example_kubernetes_executor.py
DAG(s) 'example_kubernetes_executor' retrieved from /home/airflow/.local/lib/python3.12/site-packages/airflow/example_dags/example_kubernetes_executor.py
Sync 1 DAGs
Setting next_dagrun for example_kubernetes_executor to None, run_after=None
Processing /home/airflow/.local/lib/python3.12/site-packages/airflow/example_dags/example_kubernetes_executor.py took 0.066 seconds
Started process (PID=466) to work on /home/airflow/.local/lib/python3.12/site-packages/airflow/example_dags/example_kubernetes_executor.py
Processing file /home/airflow/.local/lib/python3.12/site-packages/airflow/example_dags/example_kubernetes_executor.py for tasks to queue
Filling up the DagBag from /home/airflow/.local/lib/python3.12/site-packages/airflow/example_dags/example_kubernetes_executor.py
DAG(s) 'example_kubernetes_executor' retrieved from /home/airflow/.local/lib/python3.12/site-packages/airflow/example_dags/example_kubernetes_executor.py
Sync 1 DAGs
Setting next_dagrun for example_kubernetes_executor to None, run_after=None
Processing /home/airflow/.local/lib/python3.12/site-packages/airflow/example_dags/example_kubernetes_executor.py took 1.743 seconds
Started process (PID=532) to work on /home/airflow/.local/lib/python3.12/site-packages/airflow/example_dags/example_kubernetes_executor.py
Processing file /home/airflow/.local/lib/python3.12/site-packages/airflow/example_dags/example_kubernetes_executor.py for tasks to queue
Filling up the DagBag from /home/airflow/.local/lib/python3.12/site-packages/airflow/example_dags/example_kubernetes_executor.py
DAG(s) 'example_kubernetes_executor' retrieved from /home/airflow/.local/lib/python3.12/site-packages/airflow/example_dags/example_kubernetes_executor.py
Sync 1 DAGs
Setting next_dagrun for example_kubernetes_executor to None, run_after=None
Processing /home/airflow/.local/lib/python3.12/site-packages/airflow/example_dags/example_kubernetes_executor.py took 0.066 seconds
Started process (PID=605) to work on /home/airflow/.local/lib/python3.12/site-packages/airflow/example_dags/example_kubernetes_executor.py
Processing file /home/airflow/.local/lib/python3.12/site-packages/airflow/example_dags/example_kubernetes_executor.py for tasks to queue
Filling up the DagBag from /home/airflow/.local/lib/python3.12/site-packages/airflow/example_dags/example_kubernetes_executor.py
DAG(s) 'example_kubernetes_executor' retrieved from /home/airflow/.local/lib/python3.12/site-packages/airflow/example_dags/example_kubernetes_executor.py
Sync 1 DAGs
Setting next_dagrun for example_kubernetes_executor to None, run_after=None
Processing /home/airflow/.local/lib/python3.12/site-packages/airflow/example_dags/example_kubernetes_executor.py took 0.063 seconds
Started process (PID=670) to work on /home/airflow/.local/lib/python3.12/site-packages/airflow/example_dags/example_kubernetes_executor.py
Processing file /home/airflow/.local/lib/python3.12/site-packages/airflow/example_dags/example_kubernetes_executor.py for tasks to queue
Filling up the DagBag from /home/airflow/.local/lib/python3.12/site-packages/airflow/example_dags/example_kubernetes_executor.py
DAG(s) 'example_kubernetes_executor' retrieved from /home/airflow/.local/lib/python3.12/site-packages/airflow/example_dags/example_kubernetes_executor.py
Sync 1 DAGs
Setting next_dagrun for example_kubernetes_executor to None, run_after=None
Processing /home/airflow/.local/lib/python3.12/site-packages/airflow/example_dags/example_kubernetes_executor.py took 0.063 seconds
Started process (PID=743) to work on /home/airflow/.local/lib/python3.12/site-packages/airflow/example_dags/example_kubernetes_executor.py
Processing file /home/airflow/.local/lib/python3.12/site-packages/airflow/example_dags/example_kubernetes_executor.py for tasks to queue
Filling up the DagBag from /home/airflow/.local/lib/python3.12/site-packages/airflow/example_dags/example_kubernetes_executor.py
DAG(s) 'example_kubernetes_executor' retrieved from /home/airflow/.local/lib/python3.12/site-packages/airflow/example_dags/example_kubernetes_executor.py
Sync 1 DAGs
Setting next_dagrun for example_kubernetes_executor to None, run_after=None
Processing /home/airflow/.local/lib/python3.12/site-packages/airflow/example_dags/example_kubernetes_executor.py took 0.066 seconds
Started process (PID=810) to work on /home/airflow/.local/lib/python3.12/site-packages/airflow/example_dags/example_kubernetes_executor.py
Processing file /home/airflow/.local/lib/python3.12/site-packages/airflow/example_dags/example_kubernetes_executor.py for tasks to queue
Filling up the DagBag from /home/airflow/.local/lib/python3.12/site-packages/airflow/example_dags/example_kubernetes_executor.py
DAG(s) 'example_kubernetes_executor' retrieved from /home/airflow/.local/lib/python3.12/site-packages/airflow/example_dags/example_kubernetes_executor.py
Sync 1 DAGs
Setting next_dagrun for example_kubernetes_executor to None, run_after=None
Processing /home/airflow/.local/lib/python3.12/site-packages/airflow/example_dags/example_kubernetes_executor.py took 0.064 seconds
Started process (PID=882) to work on /home/airflow/.local/lib/python3.12/site-packages/airflow/example_dags/example_kubernetes_executor.py
Processing file /home/airflow/.local/lib/python3.12/site-packages/airflow/example_dags/example_kubernetes_executor.py for tasks to queue
Filling up the DagBag from /home/airflow/.local/lib/python3.12/site-packages/airflow/example_dags/example_kubernetes_executor.py
DAG(s) 'example_kubernetes_executor' retrieved from /home/airflow/.local/lib/python3.12/site-packages/airflow/example_dags/example_kubernetes_executor.py
Sync 1 DAGs
Setting next_dagrun for example_kubernetes_executor to None, run_after=None
Processing /home/airflow/.local/lib/python3.12/site-packages/airflow/example_dags/example_kubernetes_executor.py took 0.064 seconds
Started process (PID=948) to work on /home/airflow/.local/lib/python3.12/site-packages/airflow/example_dags/example_kubernetes_executor.py
Processing file /home/airflow/.local/lib/python3.12/site-packages/airflow/example_dags/example_kubernetes_executor.py for tasks to queue
Filling up the DagBag from /home/airflow/.local/lib/python3.12/site-packages/airflow/example_dags/example_kubernetes_executor.py
DAG(s) 'example_kubernetes_executor' retrieved from /home/airflow/.local/lib/python3.12/site-packages/airflow/example_dags/example_kubernetes_executor.py
Sync 1 DAGs
Setting next_dagrun for example_kubernetes_executor to None, run_after=None
Processing /home/airflow/.local/lib/python3.12/site-packages/airflow/example_dags/example_kubernetes_executor.py took 0.064 seconds
Started process (PID=1021) to work on /home/airflow/.local/lib/python3.12/site-packages/airflow/example_dags/example_kubernetes_executor.py
Processing file /home/airflow/.local/lib/python3.12/site-packages/airflow/example_dags/example_kubernetes_executor.py for tasks to queue
Filling up the DagBag from /home/airflow/.local/lib/python3.12/site-packages/airflow/example_dags/example_kubernetes_executor.py
DAG(s) 'example_kubernetes_executor' retrieved from /home/airflow/.local/lib/python3.12/site-packages/airflow/example_dags/example_kubernetes_executor.py
Sync 1 DAGs
Setting next_dagrun for example_kubernetes_executor to None, run_after=None
Processing /home/airflow/.local/lib/python3.12/site-packages/airflow/example_dags/example_kubernetes_executor.py took 0.064 seconds
Started process (PID=1087) to work on /home/airflow/.local/lib/python3.12/site-packages/airflow/example_dags/example_kubernetes_executor.py
Processing file /home/airflow/.local/lib/python3.12/site-packages/airflow/example_dags/example_kubernetes_executor.py for tasks to queue
Filling up the DagBag from /home/airflow/.local/lib/python3.12/site-packages/airflow/example_dags/example_kubernetes_executor.py
DAG(s) 'example_kubernetes_executor' retrieved from /home/airflow/.local/lib/python3.12/site-packages/airflow/example_dags/example_kubernetes_executor.py
Sync 1 DAGs
Setting next_dagrun for example_kubernetes_executor to None, run_after=None
Processing /home/airflow/.local/lib/python3.12/site-packages/airflow/example_dags/example_kubernetes_executor.py took 0.066 seconds
Started process (PID=1160) to work on /home/airflow/.local/lib/python3.12/site-packages/airflow/example_dags/example_kubernetes_executor.py
Processing file /home/airflow/.local/lib/python3.12/site-packages/airflow/example_dags/example_kubernetes_executor.py for tasks to queue
Filling up the DagBag from /home/airflow/.local/lib/python3.12/site-packages/airflow/example_dags/example_kubernetes_executor.py
DAG(s) 'example_kubernetes_executor' retrieved from /home/airflow/.local/lib/python3.12/site-packages/airflow/example_dags/example_kubernetes_executor.py
Sync 1 DAGs
Setting next_dagrun for example_kubernetes_executor to None, run_after=None
Processing /home/airflow/.local/lib/python3.12/site-packages/airflow/example_dags/example_kubernetes_executor.py took 0.064 seconds
Started process (PID=1226) to work on /home/airflow/.local/lib/python3.12/site-packages/airflow/example_dags/example_kubernetes_executor.py
Processing file /home/airflow/.local/lib/python3.12/site-packages/airflow/example_dags/example_kubernetes_executor.py for tasks to queue
Filling up the DagBag from /home/airflow/.local/lib/python3.12/site-packages/airflow/example_dags/example_kubernetes_executor.py
DAG(s) 'example_kubernetes_executor' retrieved from /home/airflow/.local/lib/python3.12/site-packages/airflow/example_dags/example_kubernetes_executor.py
Sync 1 DAGs
Setting next_dagrun for example_kubernetes_executor to None, run_after=None
Processing /home/airflow/.local/lib/python3.12/site-packages/airflow/example_dags/example_kubernetes_executor.py took 0.063 seconds
Started process (PID=1299) to work on /home/airflow/.local/lib/python3.12/site-packages/airflow/example_dags/example_kubernetes_executor.py
Processing file /home/airflow/.local/lib/python3.12/site-packages/airflow/example_dags/example_kubernetes_executor.py for tasks to queue
Filling up the DagBag from /home/airflow/.local/lib/python3.12/site-packages/airflow/example_dags/example_kubernetes_executor.py
DAG(s) 'example_kubernetes_executor' retrieved from /home/airflow/.local/lib/python3.12/site-packages/airflow/example_dags/example_kubernetes_executor.py
Sync 1 DAGs
Setting next_dagrun for example_kubernetes_executor to None, run_after=None
Processing /home/airflow/.local/lib/python3.12/site-packages/airflow/example_dags/example_kubernetes_executor.py took 0.065 seconds
Started process (PID=1365) to work on /home/airflow/.local/lib/python3.12/site-packages/airflow/example_dags/example_kubernetes_executor.py
Processing file /home/airflow/.local/lib/python3.12/site-packages/airflow/example_dags/example_kubernetes_executor.py for tasks to queue
Filling up the DagBag from /home/airflow/.local/lib/python3.12/site-packages/airflow/example_dags/example_kubernetes_executor.py
DAG(s) 'example_kubernetes_executor' retrieved from /home/airflow/.local/lib/python3.12/site-packages/airflow/example_dags/example_kubernetes_executor.py
Sync 1 DAGs
Setting next_dagrun for example_kubernetes_executor to None, run_after=None
Processing /home/airflow/.local/lib/python3.12/site-packages/airflow/example_dags/example_kubernetes_executor.py took 0.065 seconds
Started process (PID=1438) to work on /home/airflow/.local/lib/python3.12/site-packages/airflow/example_dags/example_kubernetes_executor.py
Processing file /home/airflow/.local/lib/python3.12/site-packages/airflow/example_dags/example_kubernetes_executor.py for tasks to queue
Filling up the DagBag from /home/airflow/.local/lib/python3.12/site-packages/airflow/example_dags/example_kubernetes_executor.py
DAG(s) 'example_kubernetes_executor' retrieved from /home/airflow/.local/lib/python3.12/site-packages/airflow/example_dags/example_kubernetes_executor.py
Sync 1 DAGs
Setting next_dagrun for example_kubernetes_executor to None, run_after=None
Processing /home/airflow/.local/lib/python3.12/site-packages/airflow/example_dags/example_kubernetes_executor.py took 0.063 seconds
Started process (PID=1504) to work on /home/airflow/.local/lib/python3.12/site-packages/airflow/example_dags/example_kubernetes_executor.py
Processing file /home/airflow/.local/lib/python3.12/site-packages/airflow/example_dags/example_kubernetes_executor.py for tasks to queue
Filling up the DagBag from /home/airflow/.local/lib/python3.12/site-packages/airflow/example_dags/example_kubernetes_executor.py
DAG(s) 'example_kubernetes_executor' retrieved from /home/airflow/.local/lib/python3.12/site-packages/airflow/example_dags/example_kubernetes_executor.py
Sync 1 DAGs
Setting next_dagrun for example_kubernetes_executor to None, run_after=None
Processing /home/airflow/.local/lib/python3.12/site-packages/airflow/example_dags/example_kubernetes_executor.py took 0.064 seconds
Started process (PID=1577) to work on /home/airflow/.local/lib/python3.12/site-packages/airflow/example_dags/example_kubernetes_executor.py
Processing file /home/airflow/.local/lib/python3.12/site-packages/airflow/example_dags/example_kubernetes_executor.py for tasks to queue
Filling up the DagBag from /home/airflow/.local/lib/python3.12/site-packages/airflow/example_dags/example_kubernetes_executor.py
DAG(s) 'example_kubernetes_executor' retrieved from /home/airflow/.local/lib/python3.12/site-packages/airflow/example_dags/example_kubernetes_executor.py
Sync 1 DAGs
Setting next_dagrun for example_kubernetes_executor to None, run_after=None
Processing /home/airflow/.local/lib/python3.12/site-packages/airflow/example_dags/example_kubernetes_executor.py took 0.063 seconds
Started process (PID=1643) to work on /home/airflow/.local/lib/python3.12/site-packages/airflow/example_dags/example_kubernetes_executor.py
Processing file /home/airflow/.local/lib/python3.12/site-packages/airflow/example_dags/example_kubernetes_executor.py for tasks to queue
Filling up the DagBag from /home/airflow/.local/lib/python3.12/site-packages/airflow/example_dags/example_kubernetes_executor.py
DAG(s) 'example_kubernetes_executor' retrieved from /home/airflow/.local/lib/python3.12/site-packages/airflow/example_dags/example_kubernetes_executor.py
Sync 1 DAGs
Setting next_dagrun for example_kubernetes_executor to None, run_after=None
Processing /home/airflow/.local/lib/python3.12/site-packages/airflow/example_dags/example_kubernetes_executor.py took 0.068 seconds
Started process (PID=1716) to work on /home/airflow/.local/lib/python3.12/site-packages/airflow/example_dags/example_kubernetes_executor.py
Processing file /home/airflow/.local/lib/python3.12/site-packages/airflow/example_dags/example_kubernetes_executor.py for tasks to queue
Filling up the DagBag from /home/airflow/.local/lib/python3.12/site-packages/airflow/example_dags/example_kubernetes_executor.py
DAG(s) 'example_kubernetes_executor' retrieved from /home/airflow/.local/lib/python3.12/site-packages/airflow/example_dags/example_kubernetes_executor.py
Sync 1 DAGs
Setting next_dagrun for example_kubernetes_executor to None, run_after=None
Processing /home/airflow/.local/lib/python3.12/site-packages/airflow/example_dags/example_kubernetes_executor.py took 0.068 seconds
Started process (PID=1782) to work on /home/airflow/.local/lib/python3.12/site-packages/airflow/example_dags/example_kubernetes_executor.py
Processing file /home/airflow/.local/lib/python3.12/site-packages/airflow/example_dags/example_kubernetes_executor.py for tasks to queue
Filling up the DagBag from /home/airflow/.local/lib/python3.12/site-packages/airflow/example_dags/example_kubernetes_executor.py
DAG(s) 'example_kubernetes_executor' retrieved from /home/airflow/.local/lib/python3.12/site-packages/airflow/example_dags/example_kubernetes_executor.py
Sync 1 DAGs
Setting next_dagrun for example_kubernetes_executor to None, run_after=None
Processing /home/airflow/.local/lib/python3.12/site-packages/airflow/example_dags/example_kubernetes_executor.py took 0.064 seconds
Started process (PID=1855) to work on /home/airflow/.local/lib/python3.12/site-packages/airflow/example_dags/example_kubernetes_executor.py
Processing file /home/airflow/.local/lib/python3.12/site-packages/airflow/example_dags/example_kubernetes_executor.py for tasks to queue
Filling up the DagBag from /home/airflow/.local/lib/python3.12/site-packages/airflow/example_dags/example_kubernetes_executor.py
DAG(s) 'example_kubernetes_executor' retrieved from /home/airflow/.local/lib/python3.12/site-packages/airflow/example_dags/example_kubernetes_executor.py
Sync 1 DAGs
Setting next_dagrun for example_kubernetes_executor to None, run_after=None
Processing /home/airflow/.local/lib/python3.12/site-packages/airflow/example_dags/example_kubernetes_executor.py took 0.066 seconds
Started process (PID=1921) to work on /home/airflow/.local/lib/python3.12/site-packages/airflow/example_dags/example_kubernetes_executor.py
Processing file /home/airflow/.local/lib/python3.12/site-packages/airflow/example_dags/example_kubernetes_executor.py for tasks to queue
Filling up the DagBag from /home/airflow/.local/lib/python3.12/site-packages/airflow/example_dags/example_kubernetes_executor.py
DAG(s) 'example_kubernetes_executor' retrieved from /home/airflow/.local/lib/python3.12/site-packages/airflow/example_dags/example_kubernetes_executor.py
Sync 1 DAGs
Setting next_dagrun for example_kubernetes_executor to None, run_after=None
Processing /home/airflow/.local/lib/python3.12/site-packages/airflow/example_dags/example_kubernetes_executor.py took 0.064 seconds
Started process (PID=1994) to work on /home/airflow/.local/lib/python3.12/site-packages/airflow/example_dags/example_kubernetes_executor.py
Processing file /home/airflow/.local/lib/python3.12/site-packages/airflow/example_dags/example_kubernetes_executor.py for tasks to queue
Filling up the DagBag from /home/airflow/.local/lib/python3.12/site-packages/airflow/example_dags/example_kubernetes_executor.py
DAG(s) 'example_kubernetes_executor' retrieved from /home/airflow/.local/lib/python3.12/site-packages/airflow/example_dags/example_kubernetes_executor.py
Sync 1 DAGs
Setting next_dagrun for example_kubernetes_executor to None, run_after=None
Processing /home/airflow/.local/lib/python3.12/site-packages/airflow/example_dags/example_kubernetes_executor.py took 0.062 seconds
Started process (PID=2060) to work on /home/airflow/.local/lib/python3.12/site-packages/airflow/example_dags/example_kubernetes_executor.py
Processing file /home/airflow/.local/lib/python3.12/site-packages/airflow/example_dags/example_kubernetes_executor.py for tasks to queue
Filling up the DagBag from /home/airflow/.local/lib/python3.12/site-packages/airflow/example_dags/example_kubernetes_executor.py
DAG(s) 'example_kubernetes_executor' retrieved from /home/airflow/.local/lib/python3.12/site-packages/airflow/example_dags/example_kubernetes_executor.py
Sync 1 DAGs
Setting next_dagrun for example_kubernetes_executor to None, run_after=None
Processing /home/airflow/.local/lib/python3.12/site-packages/airflow/example_dags/example_kubernetes_executor.py took 0.062 seconds
Started process (PID=2133) to work on /home/airflow/.local/lib/python3.12/site-packages/airflow/example_dags/example_kubernetes_executor.py
Processing file /home/airflow/.local/lib/python3.12/site-packages/airflow/example_dags/example_kubernetes_executor.py for tasks to queue
Filling up the DagBag from /home/airflow/.local/lib/python3.12/site-packages/airflow/example_dags/example_kubernetes_executor.py
DAG(s) 'example_kubernetes_executor' retrieved from /home/airflow/.local/lib/python3.12/site-packages/airflow/example_dags/example_kubernetes_executor.py
Sync 1 DAGs
Setting next_dagrun for example_kubernetes_executor to None, run_after=None
Processing /home/airflow/.local/lib/python3.12/site-packages/airflow/example_dags/example_kubernetes_executor.py took 0.076 seconds
Started process (PID=2199) to work on /home/airflow/.local/lib/python3.12/site-packages/airflow/example_dags/example_kubernetes_executor.py
Processing file /home/airflow/.local/lib/python3.12/site-packages/airflow/example_dags/example_kubernetes_executor.py for tasks to queue
Filling up the DagBag from /home/airflow/.local/lib/python3.12/site-packages/airflow/example_dags/example_kubernetes_executor.py
DAG(s) 'example_kubernetes_executor' retrieved from /home/airflow/.local/lib/python3.12/site-packages/airflow/example_dags/example_kubernetes_executor.py
Sync 1 DAGs
Setting next_dagrun for example_kubernetes_executor to None, run_after=None
Processing /home/airflow/.local/lib/python3.12/site-packages/airflow/example_dags/example_kubernetes_executor.py took 0.063 seconds
Started process (PID=2272) to work on /home/airflow/.local/lib/python3.12/site-packages/airflow/example_dags/example_kubernetes_executor.py
Processing file /home/airflow/.local/lib/python3.12/site-packages/airflow/example_dags/example_kubernetes_executor.py for tasks to queue
Filling up the DagBag from /home/airflow/.local/lib/python3.12/site-packages/airflow/example_dags/example_kubernetes_executor.py
DAG(s) 'example_kubernetes_executor' retrieved from /home/airflow/.local/lib/python3.12/site-packages/airflow/example_dags/example_kubernetes_executor.py
Sync 1 DAGs
Setting next_dagrun for example_kubernetes_executor to None, run_after=None
Processing /home/airflow/.local/lib/python3.12/site-packages/airflow/example_dags/example_kubernetes_executor.py took 0.063 seconds
Started process (PID=2338) to work on /home/airflow/.local/lib/python3.12/site-packages/airflow/example_dags/example_kubernetes_executor.py
Processing file /home/airflow/.local/lib/python3.12/site-packages/airflow/example_dags/example_kubernetes_executor.py for tasks to queue
Filling up the DagBag from /home/airflow/.local/lib/python3.12/site-packages/airflow/example_dags/example_kubernetes_executor.py
DAG(s) 'example_kubernetes_executor' retrieved from /home/airflow/.local/lib/python3.12/site-packages/airflow/example_dags/example_kubernetes_executor.py
Sync 1 DAGs
Setting next_dagrun for example_kubernetes_executor to None, run_after=None
Processing /home/airflow/.local/lib/python3.12/site-packages/airflow/example_dags/example_kubernetes_executor.py took 0.063 seconds
Started process (PID=2411) to work on /home/airflow/.local/lib/python3.12/site-packages/airflow/example_dags/example_kubernetes_executor.py
Processing file /home/airflow/.local/lib/python3.12/site-packages/airflow/example_dags/example_kubernetes_executor.py for tasks to queue
Filling up the DagBag from /home/airflow/.local/lib/python3.12/site-packages/airflow/example_dags/example_kubernetes_executor.py
DAG(s) 'example_kubernetes_executor' retrieved from /home/airflow/.local/lib/python3.12/site-packages/airflow/example_dags/example_kubernetes_executor.py
Sync 1 DAGs
Setting next_dagrun for example_kubernetes_executor to None, run_after=None
Processing /home/airflow/.local/lib/python3.12/site-packages/airflow/example_dags/example_kubernetes_executor.py took 0.065 seconds
Started process (PID=2478) to work on /home/airflow/.local/lib/python3.12/site-packages/airflow/example_dags/example_kubernetes_executor.py
Processing file /home/airflow/.local/lib/python3.12/site-packages/airflow/example_dags/example_kubernetes_executor.py for tasks to queue
Filling up the DagBag from /home/airflow/.local/lib/python3.12/site-packages/airflow/example_dags/example_kubernetes_executor.py
DAG(s) 'example_kubernetes_executor' retrieved from /home/airflow/.local/lib/python3.12/site-packages/airflow/example_dags/example_kubernetes_executor.py
Sync 1 DAGs
Setting next_dagrun for example_kubernetes_executor to None, run_after=None
Processing /home/airflow/.local/lib/python3.12/site-packages/airflow/example_dags/example_kubernetes_executor.py took 0.064 seconds
Started process (PID=2551) to work on /home/airflow/.local/lib/python3.12/site-packages/airflow/example_dags/example_kubernetes_executor.py
Processing file /home/airflow/.local/lib/python3.12/site-packages/airflow/example_dags/example_kubernetes_executor.py for tasks to queue
Filling up the DagBag from /home/airflow/.local/lib/python3.12/site-packages/airflow/example_dags/example_kubernetes_executor.py
DAG(s) 'example_kubernetes_executor' retrieved from /home/airflow/.local/lib/python3.12/site-packages/airflow/example_dags/example_kubernetes_executor.py
Sync 1 DAGs
Setting next_dagrun for example_kubernetes_executor to None, run_after=None
Processing /home/airflow/.local/lib/python3.12/site-packages/airflow/example_dags/example_kubernetes_executor.py took 0.063 seconds
Started process (PID=2617) to work on /home/airflow/.local/lib/python3.12/site-packages/airflow/example_dags/example_kubernetes_executor.py
Processing file /home/airflow/.local/lib/python3.12/site-packages/airflow/example_dags/example_kubernetes_executor.py for tasks to queue
Filling up the DagBag from /home/airflow/.local/lib/python3.12/site-packages/airflow/example_dags/example_kubernetes_executor.py
DAG(s) 'example_kubernetes_executor' retrieved from /home/airflow/.local/lib/python3.12/site-packages/airflow/example_dags/example_kubernetes_executor.py
Sync 1 DAGs
Setting next_dagrun for example_kubernetes_executor to None, run_after=None
Processing /home/airflow/.local/lib/python3.12/site-packages/airflow/example_dags/example_kubernetes_executor.py took 0.062 seconds
Started process (PID=2691) to work on /home/airflow/.local/lib/python3.12/site-packages/airflow/example_dags/example_kubernetes_executor.py
Processing file /home/airflow/.local/lib/python3.12/site-packages/airflow/example_dags/example_kubernetes_executor.py for tasks to queue
Filling up the DagBag from /home/airflow/.local/lib/python3.12/site-packages/airflow/example_dags/example_kubernetes_executor.py
DAG(s) 'example_kubernetes_executor' retrieved from /home/airflow/.local/lib/python3.12/site-packages/airflow/example_dags/example_kubernetes_executor.py
Sync 1 DAGs
Setting next_dagrun for example_kubernetes_executor to None, run_after=None
Processing /home/airflow/.local/lib/python3.12/site-packages/airflow/example_dags/example_kubernetes_executor.py took 0.063 seconds
Started process (PID=2757) to work on /home/airflow/.local/lib/python3.12/site-packages/airflow/example_dags/example_kubernetes_executor.py
Processing file /home/airflow/.local/lib/python3.12/site-packages/airflow/example_dags/example_kubernetes_executor.py for tasks to queue
Filling up the DagBag from /home/airflow/.local/lib/python3.12/site-packages/airflow/example_dags/example_kubernetes_executor.py
DAG(s) 'example_kubernetes_executor' retrieved from /home/airflow/.local/lib/python3.12/site-packages/airflow/example_dags/example_kubernetes_executor.py
Sync 1 DAGs
Setting next_dagrun for example_kubernetes_executor to None, run_after=None
Processing /home/airflow/.local/lib/python3.12/site-packages/airflow/example_dags/example_kubernetes_executor.py took 0.060 seconds
Started process (PID=2828) to work on /home/airflow/.local/lib/python3.12/site-packages/airflow/example_dags/example_kubernetes_executor.py
Processing file /home/airflow/.local/lib/python3.12/site-packages/airflow/example_dags/example_kubernetes_executor.py for tasks to queue
Filling up the DagBag from /home/airflow/.local/lib/python3.12/site-packages/airflow/example_dags/example_kubernetes_executor.py
DAG(s) 'example_kubernetes_executor' retrieved from /home/airflow/.local/lib/python3.12/site-packages/airflow/example_dags/example_kubernetes_executor.py
Sync 1 DAGs
Setting next_dagrun for example_kubernetes_executor to None, run_after=None
Processing /home/airflow/.local/lib/python3.12/site-packages/airflow/example_dags/example_kubernetes_executor.py took 0.062 seconds
Started process (PID=2894) to work on /home/airflow/.local/lib/python3.12/site-packages/airflow/example_dags/example_kubernetes_executor.py
Processing file /home/airflow/.local/lib/python3.12/site-packages/airflow/example_dags/example_kubernetes_executor.py for tasks to queue
Filling up the DagBag from /home/airflow/.local/lib/python3.12/site-packages/airflow/example_dags/example_kubernetes_executor.py
DAG(s) 'example_kubernetes_executor' retrieved from /home/airflow/.local/lib/python3.12/site-packages/airflow/example_dags/example_kubernetes_executor.py
Sync 1 DAGs
Setting next_dagrun for example_kubernetes_executor to None, run_after=None
Processing /home/airflow/.local/lib/python3.12/site-packages/airflow/example_dags/example_kubernetes_executor.py took 0.064 seconds
Started process (PID=2967) to work on /home/airflow/.local/lib/python3.12/site-packages/airflow/example_dags/example_kubernetes_executor.py
Processing file /home/airflow/.local/lib/python3.12/site-packages/airflow/example_dags/example_kubernetes_executor.py for tasks to queue
Filling up the DagBag from /home/airflow/.local/lib/python3.12/site-packages/airflow/example_dags/example_kubernetes_executor.py
DAG(s) 'example_kubernetes_executor' retrieved from /home/airflow/.local/lib/python3.12/site-packages/airflow/example_dags/example_kubernetes_executor.py
Sync 1 DAGs
Setting next_dagrun for example_kubernetes_executor to None, run_after=None
Processing /home/airflow/.local/lib/python3.12/site-packages/airflow/example_dags/example_kubernetes_executor.py took 0.063 seconds
Started process (PID=3033) to work on /home/airflow/.local/lib/python3.12/site-packages/airflow/example_dags/example_kubernetes_executor.py
Processing file /home/airflow/.local/lib/python3.12/site-packages/airflow/example_dags/example_kubernetes_executor.py for tasks to queue
Filling up the DagBag from /home/airflow/.local/lib/python3.12/site-packages/airflow/example_dags/example_kubernetes_executor.py
DAG(s) 'example_kubernetes_executor' retrieved from /home/airflow/.local/lib/python3.12/site-packages/airflow/example_dags/example_kubernetes_executor.py
Sync 1 DAGs
Setting next_dagrun for example_kubernetes_executor to None, run_after=None
Processing /home/airflow/.local/lib/python3.12/site-packages/airflow/example_dags/example_kubernetes_executor.py took 0.064 seconds
Started process (PID=3106) to work on /home/airflow/.local/lib/python3.12/site-packages/airflow/example_dags/example_kubernetes_executor.py
Processing file /home/airflow/.local/lib/python3.12/site-packages/airflow/example_dags/example_kubernetes_executor.py for tasks to queue
Filling up the DagBag from /home/airflow/.local/lib/python3.12/site-packages/airflow/example_dags/example_kubernetes_executor.py
DAG(s) 'example_kubernetes_executor' retrieved from /home/airflow/.local/lib/python3.12/site-packages/airflow/example_dags/example_kubernetes_executor.py
Sync 1 DAGs
Setting next_dagrun for example_kubernetes_executor to None, run_after=None
Processing /home/airflow/.local/lib/python3.12/site-packages/airflow/example_dags/example_kubernetes_executor.py took 0.066 seconds
Started process (PID=3171) to work on /home/airflow/.local/lib/python3.12/site-packages/airflow/example_dags/example_kubernetes_executor.py
Processing file /home/airflow/.local/lib/python3.12/site-packages/airflow/example_dags/example_kubernetes_executor.py for tasks to queue
Filling up the DagBag from /home/airflow/.local/lib/python3.12/site-packages/airflow/example_dags/example_kubernetes_executor.py
DAG(s) 'example_kubernetes_executor' retrieved from /home/airflow/.local/lib/python3.12/site-packages/airflow/example_dags/example_kubernetes_executor.py
Sync 1 DAGs
Setting next_dagrun for example_kubernetes_executor to None, run_after=None
Processing /home/airflow/.local/lib/python3.12/site-packages/airflow/example_dags/example_kubernetes_executor.py took 0.065 seconds
Started process (PID=3244) to work on /home/airflow/.local/lib/python3.12/site-packages/airflow/example_dags/example_kubernetes_executor.py
Processing file /home/airflow/.local/lib/python3.12/site-packages/airflow/example_dags/example_kubernetes_executor.py for tasks to queue
Filling up the DagBag from /home/airflow/.local/lib/python3.12/site-packages/airflow/example_dags/example_kubernetes_executor.py
DAG(s) 'example_kubernetes_executor' retrieved from /home/airflow/.local/lib/python3.12/site-packages/airflow/example_dags/example_kubernetes_executor.py
Sync 1 DAGs
Setting next_dagrun for example_kubernetes_executor to None, run_after=None
Processing /home/airflow/.local/lib/python3.12/site-packages/airflow/example_dags/example_kubernetes_executor.py took 0.065 seconds
Started process (PID=3310) to work on /home/airflow/.local/lib/python3.12/site-packages/airflow/example_dags/example_kubernetes_executor.py
Processing file /home/airflow/.local/lib/python3.12/site-packages/airflow/example_dags/example_kubernetes_executor.py for tasks to queue
Filling up the DagBag from /home/airflow/.local/lib/python3.12/site-packages/airflow/example_dags/example_kubernetes_executor.py
DAG(s) 'example_kubernetes_executor' retrieved from /home/airflow/.local/lib/python3.12/site-packages/airflow/example_dags/example_kubernetes_executor.py
Sync 1 DAGs
Setting next_dagrun for example_kubernetes_executor to None, run_after=None
Processing /home/airflow/.local/lib/python3.12/site-packages/airflow/example_dags/example_kubernetes_executor.py took 0.064 seconds
Started process (PID=3383) to work on /home/airflow/.local/lib/python3.12/site-packages/airflow/example_dags/example_kubernetes_executor.py
Processing file /home/airflow/.local/lib/python3.12/site-packages/airflow/example_dags/example_kubernetes_executor.py for tasks to queue
Filling up the DagBag from /home/airflow/.local/lib/python3.12/site-packages/airflow/example_dags/example_kubernetes_executor.py
DAG(s) 'example_kubernetes_executor' retrieved from /home/airflow/.local/lib/python3.12/site-packages/airflow/example_dags/example_kubernetes_executor.py
Sync 1 DAGs
Setting next_dagrun for example_kubernetes_executor to None, run_after=None
Processing /home/airflow/.local/lib/python3.12/site-packages/airflow/example_dags/example_kubernetes_executor.py took 0.063 seconds
Started process (PID=3450) to work on /home/airflow/.local/lib/python3.12/site-packages/airflow/example_dags/example_kubernetes_executor.py
Processing file /home/airflow/.local/lib/python3.12/site-packages/airflow/example_dags/example_kubernetes_executor.py for tasks to queue
Filling up the DagBag from /home/airflow/.local/lib/python3.12/site-packages/airflow/example_dags/example_kubernetes_executor.py
DAG(s) 'example_kubernetes_executor' retrieved from /home/airflow/.local/lib/python3.12/site-packages/airflow/example_dags/example_kubernetes_executor.py
Sync 1 DAGs
Setting next_dagrun for example_kubernetes_executor to None, run_after=None
Processing /home/airflow/.local/lib/python3.12/site-packages/airflow/example_dags/example_kubernetes_executor.py took 0.174 seconds
Started process (PID=3522) to work on /home/airflow/.local/lib/python3.12/site-packages/airflow/example_dags/example_kubernetes_executor.py
Processing file /home/airflow/.local/lib/python3.12/site-packages/airflow/example_dags/example_kubernetes_executor.py for tasks to queue
Filling up the DagBag from /home/airflow/.local/lib/python3.12/site-packages/airflow/example_dags/example_kubernetes_executor.py
DAG(s) 'example_kubernetes_executor' retrieved from /home/airflow/.local/lib/python3.12/site-packages/airflow/example_dags/example_kubernetes_executor.py
Sync 1 DAGs
Setting next_dagrun for example_kubernetes_executor to None, run_after=None
Processing /home/airflow/.local/lib/python3.12/site-packages/airflow/example_dags/example_kubernetes_executor.py took 0.180 seconds
Started process (PID=3588) to work on /home/airflow/.local/lib/python3.12/site-packages/airflow/example_dags/example_kubernetes_executor.py
Processing file /home/airflow/.local/lib/python3.12/site-packages/airflow/example_dags/example_kubernetes_executor.py for tasks to queue
Filling up the DagBag from /home/airflow/.local/lib/python3.12/site-packages/airflow/example_dags/example_kubernetes_executor.py
DAG(s) 'example_kubernetes_executor' retrieved from /home/airflow/.local/lib/python3.12/site-packages/airflow/example_dags/example_kubernetes_executor.py
Sync 1 DAGs
Setting next_dagrun for example_kubernetes_executor to None, run_after=None
Processing /home/airflow/.local/lib/python3.12/site-packages/airflow/example_dags/example_kubernetes_executor.py took 0.062 seconds
Started process (PID=3661) to work on /home/airflow/.local/lib/python3.12/site-packages/airflow/example_dags/example_kubernetes_executor.py
Processing file /home/airflow/.local/lib/python3.12/site-packages/airflow/example_dags/example_kubernetes_executor.py for tasks to queue
Filling up the DagBag from /home/airflow/.local/lib/python3.12/site-packages/airflow/example_dags/example_kubernetes_executor.py
DAG(s) 'example_kubernetes_executor' retrieved from /home/airflow/.local/lib/python3.12/site-packages/airflow/example_dags/example_kubernetes_executor.py
Sync 1 DAGs
Setting next_dagrun for example_kubernetes_executor to None, run_after=None
Processing /home/airflow/.local/lib/python3.12/site-packages/airflow/example_dags/example_kubernetes_executor.py took 0.066 seconds
Started process (PID=3727) to work on /home/airflow/.local/lib/python3.12/site-packages/airflow/example_dags/example_kubernetes_executor.py
Processing file /home/airflow/.local/lib/python3.12/site-packages/airflow/example_dags/example_kubernetes_executor.py for tasks to queue
Filling up the DagBag from /home/airflow/.local/lib/python3.12/site-packages/airflow/example_dags/example_kubernetes_executor.py
DAG(s) 'example_kubernetes_executor' retrieved from /home/airflow/.local/lib/python3.12/site-packages/airflow/example_dags/example_kubernetes_executor.py
Sync 1 DAGs
Setting next_dagrun for example_kubernetes_executor to None, run_after=None
Processing /home/airflow/.local/lib/python3.12/site-packages/airflow/example_dags/example_kubernetes_executor.py took 0.072 seconds
Started process (PID=3800) to work on /home/airflow/.local/lib/python3.12/site-packages/airflow/example_dags/example_kubernetes_executor.py
Processing file /home/airflow/.local/lib/python3.12/site-packages/airflow/example_dags/example_kubernetes_executor.py for tasks to queue
Filling up the DagBag from /home/airflow/.local/lib/python3.12/site-packages/airflow/example_dags/example_kubernetes_executor.py
DAG(s) 'example_kubernetes_executor' retrieved from /home/airflow/.local/lib/python3.12/site-packages/airflow/example_dags/example_kubernetes_executor.py
Sync 1 DAGs
Setting next_dagrun for example_kubernetes_executor to None, run_after=None
Processing /home/airflow/.local/lib/python3.12/site-packages/airflow/example_dags/example_kubernetes_executor.py took 0.068 seconds
Started process (PID=3866) to work on /home/airflow/.local/lib/python3.12/site-packages/airflow/example_dags/example_kubernetes_executor.py
Processing file /home/airflow/.local/lib/python3.12/site-packages/airflow/example_dags/example_kubernetes_executor.py for tasks to queue
Filling up the DagBag from /home/airflow/.local/lib/python3.12/site-packages/airflow/example_dags/example_kubernetes_executor.py
DAG(s) 'example_kubernetes_executor' retrieved from /home/airflow/.local/lib/python3.12/site-packages/airflow/example_dags/example_kubernetes_executor.py
Sync 1 DAGs
Setting next_dagrun for example_kubernetes_executor to None, run_after=None
Processing /home/airflow/.local/lib/python3.12/site-packages/airflow/example_dags/example_kubernetes_executor.py took 0.063 seconds
Started process (PID=3939) to work on /home/airflow/.local/lib/python3.12/site-packages/airflow/example_dags/example_kubernetes_executor.py
Processing file /home/airflow/.local/lib/python3.12/site-packages/airflow/example_dags/example_kubernetes_executor.py for tasks to queue
Filling up the DagBag from /home/airflow/.local/lib/python3.12/site-packages/airflow/example_dags/example_kubernetes_executor.py
DAG(s) 'example_kubernetes_executor' retrieved from /home/airflow/.local/lib/python3.12/site-packages/airflow/example_dags/example_kubernetes_executor.py
Sync 1 DAGs
Setting next_dagrun for example_kubernetes_executor to None, run_after=None
Processing /home/airflow/.local/lib/python3.12/site-packages/airflow/example_dags/example_kubernetes_executor.py took 0.068 seconds
Started process (PID=4005) to work on /home/airflow/.local/lib/python3.12/site-packages/airflow/example_dags/example_kubernetes_executor.py
Processing file /home/airflow/.local/lib/python3.12/site-packages/airflow/example_dags/example_kubernetes_executor.py for tasks to queue
Filling up the DagBag from /home/airflow/.local/lib/python3.12/site-packages/airflow/example_dags/example_kubernetes_executor.py
DAG(s) 'example_kubernetes_executor' retrieved from /home/airflow/.local/lib/python3.12/site-packages/airflow/example_dags/example_kubernetes_executor.py
Sync 1 DAGs
Setting next_dagrun for example_kubernetes_executor to None, run_after=None
Processing /home/airflow/.local/lib/python3.12/site-packages/airflow/example_dags/example_kubernetes_executor.py took 0.068 seconds
